acc,clade,organism,raw_len,has_cds,codon_start,recovered,cds_len,naive_mod3,naive_stops,cds_mod3,cds_stops,naive_ok,cds_ok
PX743744,ANA-grade,"UNVERIFIED: Illicium macranthum voucher CPG24322 rbcL gene, partial sequence; chloroplast",1449,False,0,True,1449,0,0,0,0,True,True
PX743743,ANA-grade,"UNVERIFIED: Schisandra sphaerandra voucher CPG14641 rbcL gene, partial sequence; chloroplast",1449,False,0,True,1449,0,0,0,0,True,True
PX743742,ANA-grade,"UNVERIFIED: Schisandra incarnata voucher CPG11127 rbcL gene, partial sequence; chloroplast",1428,False,0,True,1428,0,0,0,0,True,True
AF121367,ANA-grade,"Trimenia moorei ribulose-1,5-bisphosphate carboxylase/oxygenase large subunit (rbcL) gene, partial cds; chloroplast",1401,True,2,False,1398,0,38,0,0,False,True
MH270453,ANA-grade,"Schisandra henryi ribulose-1,5-bisphosphate carboxylase/oxygenase large subunit (rbcL) gene, complete cds; chloroplast",1428,True,1,False,1428,0,0,0,0,True,True
MH270452,ANA-grade,"Schisandra henryi ribulose-1,5-bisphosphate carboxylase/oxygenase large subunit (rbcL) gene, complete cds; chloroplast",1428,True,1,False,1428,0,0,0,0,True,True
DQ182338,ANA-grade,"Nuphar lutea ribulose-1,5-bisphosphate carboxylase large subunit (rbcL) gene, partial cds; chloroplast",1409,True,3,False,1392,2,16,0,0,False,True
DQ182334,ANA-grade,"Illicium floridanum ribulose-1,5-bisphosphate carboxylase large subunit (rbcL) gene, partial cds; chloroplast",1417,True,2,False,1392,1,44,0,0,False,True
DQ069501,ANA-grade,"Nuphar advena ribulose-1,5-bisphosphate carboxylase/oxygenase large subunit (rbcL) gene, partial cds; chloroplast",1425,True,1,False,1425,0,0,0,0,True,True
AY858645,ANA-grade,"Victoria amazonica ribulose-1,5-bisphosphate carboxylase/oxygenase large subunit (rbcL) gene, complete cds; chloroplast",1484,True,1,False,1428,2,2,0,0,False,True
L12665,ANA-grade,"Schisandra sphenanthera ribulose 1,5-bisphosphate carboxylase large subunit (rbcL) gene, partial cds; chloroplast gene f",1400,True,3,False,1398,2,21,0,0,False,True
L12652,ANA-grade,"Illicium parviflorum ribulose 1,5-bisphosphate carboxylase large subunit (rbcL) gene, partial cds; chloroplast gene for ",1400,True,3,False,1398,2,20,0,0,False,True
L12632,ANA-grade,"Austrobaileya scandens ribulose 1,5-bisphosphate carboxylase large subunit (rbcL) gene, partial cds; chloroplast gene fo",1400,True,3,False,1398,2,21,0,0,False,True
L12628,ANA-grade,"Amborella trichopoda ribulose 1,5-bisphosphate carboxylase large subunit (rbcL) gene, partial cds; chloroplast gene for ",1400,True,3,False,1398,2,22,0,0,False,True
AF238061,ANA-grade,"Schisandra chinensis ribulose 1,5-bisphosphate carboxylase large subunit (rbcL) gene, partial cds; chloroplast gene for ",1440,True,2,False,1401,0,44,0,0,False,True
HQ592339,ANA-grade,"Nymphaea rubra isolate NyrC1 ribulose-1,5-bisphosphate carboxylase/oxygenase large subunit (rbcL) gene, partial cds; chl",1401,True,1,False,1401,0,0,0,0,True,True
HQ592338,ANA-grade,"Nymphaea pubescens isolate NypP1 ribulose-1,5-bisphosphate carboxylase/oxygenase large subunit (rbcL) gene, partial cds;",1401,True,1,False,1401,0,0,0,0,True,True
HQ592337,ANA-grade,"Nymphaea alba var. rubra isolate NyaM1 ribulose-1,5-bisphosphate carboxylase/oxygenase large subunit (rbcL) gene, partia",1402,True,2,False,1401,1,43,0,0,False,True
HQ592336,ANA-grade,"Nymphaea alba var. rubra isolate NyaS1 ribulose-1,5-bisphosphate carboxylase/oxygenase large subunit (rbcL) gene, partia",1402,True,2,False,1401,1,43,0,0,False,True
HM543462,ANA-grade,"Nymphaea nouchali isolate NynwP1 ribulose-1,5-bisphosphate carboxylase/oxygenase large subunit (rbcL) gene, partial cds;",1401,True,1,False,1401,0,0,0,0,True,True
GQ468660,ANA-grade,"Nymphaea caerulea isolate NycW1 ribulose-1,5-bisphosphate carboxylase/oxygenase large subunit (rbcL) gene, partial cds; ",1402,True,2,False,1401,1,44,0,0,False,True
GQ358628,ANA-grade,"Nymphaea x marliacea isolate NymM1 ribulose-1,5-bisphosphate carboxylase/oxygenase large subunit (rbcL) gene, partial cd",1401,True,1,False,1401,0,0,0,0,True,True
GQ358627,ANA-grade,"Nymphaea alba var. rubra isolate NyaW1 ribulose-1,5-bisphosphate carboxylase/oxygenase large subunit (rbcL) gene, partia",1401,True,1,False,1401,0,0,0,0,True,True
FJ597750,ANA-grade,"Nymphaea tetragona isolate E1 ribulose-1,5-bisphosphate carboxylase/oxygenase large subunit (rbcL) gene, partial cds; ch",1401,True,1,False,1401,0,0,0,0,True,True
FJ597749,ANA-grade,"Nymphaea rubra isolate D1 ribulose-1,5-bisphosphate carboxylase/oxygenase large subunit (rbcL) gene, partial cds; chloro",1401,True,1,False,1401,0,0,0,0,True,True
FJ597748,ANA-grade,"Nymphaea pubescens isolate H1 ribulose-1,5-bisphosphate carboxylase/oxygenase large subunit (rbcL) gene, partial cds; ch",1401,True,1,False,1401,0,0,0,0,True,True
FJ597747,ANA-grade,"Nymphaea nouchali isolate C1 ribulose-1,5-bisphosphate carboxylase/oxygenase large subunit (rbcL) gene, partial cds; chl",1401,True,1,False,1401,0,0,0,0,True,True
FJ597746,ANA-grade,"Nymphaea nouchali isolate G1 ribulose-1,5-bisphosphate carboxylase/oxygenase large subunit (rbcL) gene, partial cds; chl",1401,True,1,False,1401,0,0,0,0,True,True
LC870529,Brown algae,"Asterocladon interjectum Banda chloroplast rbcL gene for ribulose-1,5-bisphosphate carboxylase/oxygenase large subunit, ",1420,True,2,False,1419,1,43,0,0,False,True
LC870527,Brown algae,"Asterocladon iriomotense Haemita chloroplast rbcL gene for ribulose-1,5-bisphosphate carboxylase/oxygenase large subunit",1467,True,1,False,1467,0,0,0,0,True,True
LC870526,Brown algae,"Asterocladon breviarticulatum Bise chloroplast rbcL gene for ribulose-1,5-bisphosphate carboxylase/oxygenase large subun",1457,True,3,False,1455,2,34,0,0,False,True
LC794351,Brown algae,"Sporochnus radiciformis NSW:482827 chloroplast rbcL gene for ribulose-1,5-bisphosphate carboxylase/oxygenase large subun",1403,True,3,False,1401,2,30,0,0,False,True
LC794350,Brown algae,"Sporochnus moorei NSW:714091 chloroplast rbcL gene for ribulose-1,5-bisphosphate carboxylase/oxygenase large subunit, pa",1406,True,3,False,1404,2,30,0,0,False,True
LC794349,Brown algae,"Sporochnus keyari chloroplast rbcL gene for ribulose-1,5-bisphosphate carboxylase/oxygenase large subunit, partial cds",1402,True,2,False,1401,1,52,0,0,False,True
LC794348,Brown algae,"Sporochnus elsieae NSW:714059 chloroplast rbcL gene for ribulose-1,5-bisphosphate carboxylase/oxygenase large subunit, p",1403,True,3,False,1401,2,31,0,0,False,True
LC794347,Brown algae,"Sporochnus comosus chloroplast rbcL gene for ribulose-1,5-bisphosphate carboxylase/oxygenase large subunit, partial cds",1406,True,3,False,1404,2,31,0,0,False,True
LC794346,Brown algae,"Sporochnus anomalus KU-MACC:KU-1308 chloroplast rbcL gene for ribulose-1,5-bisphosphate carboxylase/oxygenase large subu",1404,True,1,False,1404,0,0,0,0,True,True
LC794345,Brown algae,"Perithalia caudata KU-MACC:KU-1158 chloroplast rbcL gene for ribulose-1,5-bisphosphate carboxylase/oxygenase large subun",1426,True,2,False,1425,1,52,0,0,False,True
LC811795,Brown algae,"Sporochnus keyari KU-d25936 chloroplast rbcL gene for ribulose-1,5-bisphosphate carboxylase/oxygenase large subunit, par",1402,True,2,False,1401,1,52,0,0,False,True
LC811793,Brown algae,"Sporochnus keyari KU-d25934 chloroplast rbcL gene for ribulose-1,5-bisphosphate carboxylase/oxygenase large subunit, par",1402,True,2,False,1401,1,52,0,0,False,True
LC811792,Brown algae,"Sporochnus keyari KU-d25922 chloroplast rbcL gene for ribulose-1,5-bisphosphate carboxylase/oxygenase large subunit, par",1402,True,2,False,1401,1,52,0,0,False,True
LC811791,Brown algae,"Sporochnus keyari KU-d25927 chloroplast rbcL gene for ribulose-1,5-bisphosphate carboxylase/oxygenase large subunit, par",1402,True,2,False,1401,1,52,0,0,False,True
PV575331,Brown algae,"Dictyota coriacea voucher D09 ribulose-1,5-bisphosphate carboxylase/oxygenase large subunit (rbcL) gene, partial cds; ch",1407,True,1,False,1407,0,0,0,0,True,True
PV575330,Brown algae,"Dictyota coriacea voucher KS21 ribulose-1,5-bisphosphate carboxylase/oxygenase large subunit (rbcL) gene, partial cds; c",1407,True,1,False,1407,0,0,0,0,True,True
PV575329,Brown algae,"Dictyota coriacea voucher KS20 ribulose-1,5-bisphosphate carboxylase/oxygenase large subunit (rbcL) gene, partial cds; c",1407,True,1,False,1407,0,0,0,0,True,True
PV575327,Brown algae,"Dictyota coriacea voucher D05 ribulose-1,5-bisphosphate carboxylase/oxygenase large subunit (rbcL) gene, partial cds; ch",1410,True,1,False,1410,0,0,0,0,True,True
PV575326,Brown algae,"Dictyota coriacea voucher D04 ribulose-1,5-bisphosphate carboxylase/oxygenase large subunit (rbcL) gene, partial cds; ch",1410,True,1,False,1410,0,0,0,0,True,True
PV575315,Brown algae,"Dictyota coriacea voucher THIZU06 ribulose-1,5-bisphosphate carboxylase/oxygenase large subunit (rbcL) gene, partial cds",1404,True,1,False,1404,0,0,0,0,True,True
PV575300,Brown algae,"Dictyota spinulosa voucher GIN06 ribulose-1,5-bisphosphate carboxylase/oxygenase large subunit (rbcL) gene, partial cds;",1407,True,1,False,1407,0,0,0,0,True,True
PV575240,Brown algae,"Dictyota spathulata voucher D21 ribulose-1,5-bisphosphate carboxylase/oxygenase large subunit (rbcL) gene, partial cds; ",1407,True,1,False,1407,0,0,0,0,True,True
PV575229,Brown algae,"Rugulopteryx okamurae voucher AWA14 ribulose-1,5-bisphosphate carboxylase/oxygenase large subunit (rbcL) gene, partial c",1407,True,1,False,1407,0,0,0,0,True,True
LC493746,Brown algae,"Ecklonia radicosa KU-d23429 chloroplast rbcL gene for ribulose-1,5-bisphosphate carboxylase/oxygenase large subunit, par",1403,True,3,False,1401,2,31,0,0,False,True
LC493745,Brown algae,"Ecklonia radicosa KU-d23428 chloroplast rbcL gene for ribulose-1,5-bisphosphate carboxylase/oxygenase large subunit, par",1403,True,3,False,1401,2,31,0,0,False,True
LC658364,Brown algae,"Asterocladon rhodochortonoides Oodo2 chloroplast rbcL gene for ribulose-1,5-bisphosphate carboxylase/oxygenase large sub",1450,True,2,False,1449,1,49,0,0,False,True
LC658363,Brown algae,"Asterocladon rhodochortonoides Oodo1 chloroplast rbcL gene for ribulose-1,5-bisphosphate carboxylase/oxygenase large sub",1441,True,2,False,1440,1,49,0,0,False,True
LC658362,Brown algae,"Asterocladon rhodochortonoides Haemita chloroplast rbcL gene for ribulose-1,5-bisphosphate carboxylase/oxygenase large s",1450,True,2,False,969,1,47,0,0,False,True
LC658361,Brown algae,"Asterocladon rhodochortonoides Bise chloroplast rbcL gene for ribulose-1,5-bisphosphate carboxylase/oxygenase large subu",1442,True,3,False,1440,2,40,0,0,False,True
LC658360,Brown algae,"Asterocladon rhodochortonoides Tokashiki2 chloroplast rbcL gene for ribulose-1,5-bisphosphate carboxylase/oxygenase larg",1435,True,2,False,1434,1,49,0,0,False,True
LC658359,Brown algae,"Asterocladon rhodochortonoides Tokashiki1 chloroplast rbcL gene for ribulose-1,5-bisphosphate carboxylase/oxygenase larg",1412,True,3,False,1410,2,38,0,0,False,True
LC600458,Brown algae,"Dictyosiphon sp. NH1 personal: Hiroshi Kawai: KU-d15317 chloroplast rbcL gene for ribulose-1,5-bisphosphate carboxylase/",1401,True,1,False,1401,0,0,0,0,True,True
LC600457,Brown algae,"Dictyosiphon sp. NH1 personal: Hiroshi Kawai: KU-d15158 chloroplast rbcL gene for ribulose-1,5-bisphosphate carboxylase/",1401,True,1,False,1401,0,0,0,0,True,True
LC600456,Brown algae,"Dictyosiphon sparsus personal: Hiroshi Kawai: KU-d12879 chloroplast rbcL gene for ribulose-1,5-bisphosphate carboxylase/",1401,True,1,False,1401,0,0,0,0,True,True
LC600454,Brown algae,"Dictyosiphon hirsutus KU-MACC: KU-2976 chloroplast rbcL gene for ribulose-1,5-bisphosphate carboxylase/oxygenase large s",1404,True,1,False,1404,0,0,0,0,True,True
LC600453,Brown algae,"Dictyosiphon hirsutus KU-MACC: KU-297 chloroplast rbcL gene for ribulose-1,5-bisphosphate carboxylase/oxygenase large su",1404,True,1,False,1404,0,0,0,0,True,True
LC600451,Brown algae,"Dictyosiphon foeniculaceus KU-MACC: KU-2972 chloroplast rbcL gene for ribulose-1,5-bisphosphate carboxylase/oxygenase la",1404,True,1,False,1404,0,0,0,0,True,True
LC600450,Brown algae,"Dictyosiphon foeniculaceus KU-MACC: KU-2966 chloroplast rbcL gene for ribulose-1,5-bisphosphate carboxylase/oxygenase la",1404,True,1,False,1404,0,0,0,0,True,True
LC600449,Brown algae,"Dictyosiphon ekmanii KU-MACC: KU-2979 chloroplast rbcL gene for ribulose-1,5-bisphosphate carboxylase/oxygenase large su",1421,True,3,False,1419,2,35,0,0,False,True
LC600448,Brown algae,"Dictyosiphon chordaria KU-MACC: KU-2978 chloroplast rbcL gene for ribulose-1,5-bisphosphate carboxylase/oxygenase large ",1412,True,3,False,1410,2,35,0,0,False,True
LC600447,Brown algae,"Dictyosiphon asiaticus personal: Hiroshi Kawai: KU-d21759 chloroplast rbcL gene for ribulose-1,5-bisphosphate carboxylas",1403,True,3,False,1401,2,34,0,0,False,True
LC600446,Brown algae,"Dictyosiphon asiaticus personal: Hiroshi Kawai: KU-d12892 chloroplast rbcL gene for ribulose-1,5-bisphosphate carboxylas",1401,True,1,False,1401,0,0,0,0,True,True
LC600445,Brown algae,"Dictyosiphon asiaticus personal: Hiroshi Kawai: KU-d5884 chloroplast rbcL gene for ribulose-1,5-bisphosphate carboxylase",1403,True,3,False,1401,2,34,0,0,False,True
LC719608,Brown algae,"Eudesme sp. 1 chloroplast rbcL gene for ribulose-1,5-bisphosphate carboxylase/oxygenase large subunit, partial cds, spec",1404,True,1,False,1404,0,0,0,0,True,True
LC630912,Brown algae,"Petroderma maculiforme personal: Hiroshi Kawai: KU-d2216 chloroplast rbcL gene for ribulose-1,5-bisphosphate carboxylase",1414,True,2,False,1413,1,45,0,0,False,True
LC630910,Brown algae,"Porterinema fluviatile SAG:2381 chloroplast rbcL gene for ribulose-1,5-bisphosphate carboxylase/oxygenase large subunit,",1406,True,3,False,1404,2,35,0,0,False,True
LC618955,Brown algae,"Punctaria sp. JP3 personal: Hiroshi Kawai: KU-d4429 chloroplast rbcL gene for ribulose-1,5-bisphosphate carboxylase/oxyg",1413,True,1,False,1413,0,0,0,0,True,True
LC618951,Brown algae,"Punctaria occidentalis personal: Hiroshi Kawai: KU-d4752 chloroplast rbcL gene for ribulose-1,5-bisphosphate carboxylase",1411,True,2,False,1410,1,48,0,0,False,True
LC603809,Brown algae,"Striaria attenuata personal:Hiroshi Kawai:KU-d17414 chloroplast rbcL gene for ribulose-1,5-bisphosphate carboxylase/oxyg",1401,True,1,False,1401,0,0,0,0,True,True
LC603808,Brown algae,"Setoutiphycus delamareoides personal:Hiroshi Kawai:KU-d17418 chloroplast rbcL gene for ribulose-1,5-bisphosphate carboxy",1401,True,1,False,1401,0,0,0,0,True,True
LC603807,Brown algae,"Delamarea attenuata personal:Hiroshi Kawai:KU-d5871 chloroplast rbcL gene for ribulose-1,5-bisphosphate carboxylase/oxyg",1401,True,1,False,1401,0,0,0,0,True,True
LC603806,Brown algae,"Asterocladon lobatum KU-MACC KU-1881 chloroplast rbcL gene for ribulose-1,5-bisphosphate carboxylase/oxygenase large sub",1413,True,1,False,1413,0,0,0,0,True,True
LC600589,Brown algae,"Saundersella simplex personal: Hiroshi Kawai: KU-d21758 chloroplast rbcL gene for ribulose-1,5-bisphosphate carboxylase/",1404,True,1,False,1404,0,0,0,0,True,True
LC600588,Brown algae,"Saundersella simplex personal: Hiroshi Kawai: KU-d13230 chloroplast rbcL gene for ribulose-1,5-bisphosphate carboxylase/",1404,True,1,False,1404,0,0,0,0,True,True
LC600587,Brown algae,"Saundersella simplex personal: Hiroshi Kawai: KU-d3080 chloroplast rbcL gene for ribulose-1,5-bisphosphate carboxylase/o",1404,True,1,False,1404,0,0,0,0,True,True
LC600586,Brown algae,"Saundersella simplex personal: Hiroshi Kawai: KU-d3079 chloroplast rbcL gene for ribulose-1,5-bisphosphate carboxylase/o",1404,True,1,False,1404,0,0,0,0,True,True
LC600585,Brown algae,"Saundersella simplex personal: Hiroshi Kawai: KU-d3070 chloroplast rbcL gene for ribulose-1,5-bisphosphate carboxylase/o",1404,True,1,False,1404,0,0,0,0,True,True
LC600584,Brown algae,"Saundersella simplex personal: Hiroshi Kawai: KU-d3069 chloroplast rbcL gene for ribulose-1,5-bisphosphate carboxylase/o",1404,True,1,False,1404,0,0,0,0,True,True
LC600583,Brown algae,"Saundersella simplex personal: Hiroshi Kawai: KU-d3068 chloroplast rbcL gene for ribulose-1,5-bisphosphate carboxylase/o",1404,True,1,False,1404,0,0,0,0,True,True
LC600582,Brown algae,"Saundersella hattoriana personal: Hiroshi Kawai: KU-d12886 chloroplast rbcL gene for ribulose-1,5-bisphosphate carboxyla",1413,True,1,False,1413,0,0,0,0,True,True
LC600581,Brown algae,"Saundersella hattoriana personal: Hiroshi Kawai: KU-d12885 chloroplast rbcL gene for ribulose-1,5-bisphosphate carboxyla",1413,True,1,False,1413,0,0,0,0,True,True
LC600580,Brown algae,"Saundersella crassa personal: Hiroshi Kawai: KU-d12890 chloroplast rbcL gene for ribulose-1,5-bisphosphate carboxylase/o",1404,True,1,False,1404,0,0,0,0,True,True
LC600579,Brown algae,"Saundersella crassa personal: Hiroshi Kawai: KU-d12889 chloroplast rbcL gene for ribulose-1,5-bisphosphate carboxylase/o",1404,True,1,False,1404,0,0,0,0,True,True
LC600578,Brown algae,"Saundersella crassa personal: Hiroshi Kawai: KU-d12878 chloroplast rbcL gene for ribulose-1,5-bisphosphate carboxylase/o",1404,True,1,False,1404,0,0,0,0,True,True
LC493757,Brown algae,"Macrocystis integrifolia KU-MACC:KU-1450 chloroplast rbcL gene for ribulose-1,5-bisphosphate carboxylase/oxygenase large",1406,True,3,False,1404,2,34,0,0,False,True
LC493756,Brown algae,"Eisenia nipponica KU-d23430 chloroplast rbcL gene for ribulose-1,5-bisphosphate carboxylase/oxygenase large subunit, par",1403,True,3,False,1401,2,32,0,0,False,True
LC493755,Brown algae,"Eisenia nipponica KU-d22747 chloroplast rbcL gene for ribulose-1,5-bisphosphate carboxylase/oxygenase large subunit, par",1403,True,3,False,1401,2,32,0,0,False,True
LC493754,Brown algae,"Eisenia nipponica KU-d17533 chloroplast rbcL gene for ribulose-1,5-bisphosphate carboxylase/oxygenase large subunit, par",1403,True,3,False,1401,2,32,0,0,False,True
LC493753,Brown algae,"Eisenia nipponica KU-d17529 chloroplast rbcL gene for ribulose-1,5-bisphosphate carboxylase/oxygenase large subunit, par",1403,True,3,False,1401,2,32,0,0,False,True
LC493750,Brown algae,"Ecklonia arborea KU-d11870 chloroplast rbcL gene for ribulose-1,5-bisphosphate carboxylase/oxygenase large subunit, part",1403,True,3,False,1401,2,30,0,0,False,True
LC493749,Brown algae,"Ecklonia arborea KU-MACC:KU-790 chloroplast rbcL gene for ribulose-1,5-bisphosphate carboxylase/oxygenase large subunit,",1412,True,3,False,1410,2,31,0,0,False,True
LC493748,Brown algae,"Ecklonia cava subsp. stolonifera KU-d22052 chloroplast rbcL gene for ribulose-1,5-bisphosphate carboxylase/oxygenase lar",1403,True,3,False,1401,2,31,0,0,False,True
LC493744,Brown algae,"Ecklonia maxima KU-MACC:KU-1125 chloroplast rbcL gene for ribulose-1,5-bisphosphate carboxylase/oxygenase large subunit,",1412,True,3,False,1410,2,32,0,0,False,True
LC493743,Brown algae,"Ecklonia cava subsp. kurome KU-d21813 chloroplast rbcL gene for ribulose-1,5-bisphosphate carboxylase/oxygenase large su",1403,True,3,False,1401,2,31,0,0,False,True
LC493742,Brown algae,"Ecklonia cava subsp. kurome KU-d19040 chloroplast rbcL gene for ribulose-1,5-bisphosphate carboxylase/oxygenase large su",1403,True,3,False,1401,2,31,0,0,False,True
LC493741,Brown algae,"Ecklonia cava KU-d22395 chloroplast rbcL gene for ribulose-1,5-bisphosphate carboxylase/oxygenase large subunit, partial",1403,True,3,False,1401,2,31,0,0,False,True
LC493740,Brown algae,"Ecklonia cava KU-d19481 chloroplast rbcL gene for ribulose-1,5-bisphosphate carboxylase/oxygenase large subunit, partial",1403,True,3,False,1401,2,31,0,0,False,True
LC483678,Brown algae,"Planosiphon nakamurae personal: Hiroshi Kawai: KU-d22996 chloroplast rbcL gene for ribulose-1,5-bisphosphate carboxylase",1406,True,3,False,1404,2,29,0,0,False,True
LC483677,Brown algae,"Planosiphon nakamurae personal: Hiroshi Kawai: KU-d16935 chloroplast rbcL gene for ribulose-1,5-bisphosphate carboxylase",1401,True,1,False,1401,0,0,0,0,True,True
LC483676,Brown algae,"Planosiphon nakamurae personal: Hiroshi Kawai: KU-d13504 chloroplast rbcL gene for ribulose-1,5-bisphosphate carboxylase",1408,True,2,False,1407,1,52,0,0,False,True
LC472408,Brown algae,"Scytosiphon lomentaria KU-d16391 chloroplast rbcL gene for ribulose-1,5-bisphosphate carboxylase/oxygenase large subunit",1401,True,1,False,1401,0,0,0,0,True,True
LC472407,Brown algae,"Planosiphon zosterifolius KU-d17056 chloroplast rbcL gene for ribulose-1,5-bisphosphate carboxylase/oxygenase large subu",1403,True,3,False,1401,2,30,0,0,False,True
LC472406,Brown algae,"Planosiphon gracilis KU-d16960 chloroplast rbcL gene for ribulose-1,5-bisphosphate carboxylase/oxygenase large subunit, ",1401,True,1,False,1401,0,0,0,0,True,True
LC472405,Brown algae,"Petalonia fascia KU-d20586 chloroplast rbcL gene for ribulose-1,5-bisphosphate carboxylase/oxygenase large subunit, part",1401,True,1,False,1401,0,0,0,0,True,True
LC472404,Brown algae,"Hydroclathrus clathratus KU-d11892 chloroplast rbcL gene for ribulose-1,5-bisphosphate carboxylase/oxygenase large subun",1412,True,3,False,1410,2,32,0,0,False,True
LC472403,Brown algae,"Dactylosiphon bullosus KU-d19722 chloroplast rbcL gene for ribulose-1,5-bisphosphate carboxylase/oxygenase large subunit",1401,True,1,False,1401,0,0,0,0,True,True
LC472402,Brown algae,"Colpomenia claytoniae KU-d11891 chloroplast rbcL gene for ribulose-1,5-bisphosphate carboxylase/oxygenase large subunit,",1411,True,2,False,1410,1,45,0,0,False,True
LC472401,Brown algae,"Melanosiphon intestinalis KU-d12900 chloroplast rbcL gene for ribulose-1,5-bisphosphate carboxylase/oxygenase large subu",1411,True,2,False,1410,1,48,0,0,False,True
LC472400,Brown algae,"Melanosiphon intestinalis KU-d13231 chloroplast rbcL gene for ribulose-1,5-bisphosphate carboxylase/oxygenase large subu",1405,True,2,False,1404,1,48,0,0,False,True
LC472399,Brown algae,"Melanosiphon intestinalis KU-d8800 chloroplast rbcL gene for ribulose-1,5-bisphosphate carboxylase/oxygenase large subun",1411,True,2,False,1410,1,48,0,0,False,True
LC472397,Brown algae,"Myelophycus simplex KU-d14167 chloroplast rbcL gene for ribulose-1,5-bisphosphate carboxylase/oxygenase large subunit, p",1401,True,1,False,1401,0,0,0,0,True,True
LC472396,Brown algae,"Myelophycus simplex KU-d15030 chloroplast rbcL gene for ribulose-1,5-bisphosphate carboxylase/oxygenase large subunit, p",1401,True,1,False,1401,0,0,0,0,True,True
LC472395,Brown algae,"Myelophycus simplex KU-d15007 chloroplast rbcL gene for ribulose-1,5-bisphosphate carboxylase/oxygenase large subunit, p",1401,True,1,False,1401,0,0,0,0,True,True
LC472394,Brown algae,"Myelophycus simplex KU-d14783 chloroplast rbcL gene for ribulose-1,5-bisphosphate carboxylase/oxygenase large subunit, p",1401,True,1,False,1401,0,0,0,0,True,True
LC472393,Brown algae,"Myelophycus simplex KU-d14773 chloroplast rbcL gene for ribulose-1,5-bisphosphate carboxylase/oxygenase large subunit, p",1401,True,1,False,1401,0,0,0,0,True,True
LC472392,Brown algae,"Myelophycus simplex KU-d14787 chloroplast rbcL gene for ribulose-1,5-bisphosphate carboxylase/oxygenase large subunit, p",1401,True,1,False,1401,0,0,0,0,True,True
LC472391,Brown algae,"Myelophycus simplex KU-d14786 chloroplast rbcL gene for ribulose-1,5-bisphosphate carboxylase/oxygenase large subunit, p",1401,True,1,False,1401,0,0,0,0,True,True
LC472390,Brown algae,"Myelophycus simplex KU-d14128 chloroplast rbcL gene for ribulose-1,5-bisphosphate carboxylase/oxygenase large subunit, p",1401,True,1,False,1401,0,0,0,0,True,True
LC472389,Brown algae,"Myelophycus simplex KU-d14804 chloroplast rbcL gene for ribulose-1,5-bisphosphate carboxylase/oxygenase large subunit, p",1401,True,1,False,1401,0,0,0,0,True,True
LC472388,Brown algae,"Myelophycus simplex KU-d13985 chloroplast rbcL gene for ribulose-1,5-bisphosphate carboxylase/oxygenase large subunit, p",1401,True,1,False,1401,0,0,0,0,True,True
LC472387,Brown algae,"Myelophycus simplex KU-d14142 chloroplast rbcL gene for ribulose-1,5-bisphosphate carboxylase/oxygenase large subunit, p",1401,True,1,False,1401,0,0,0,0,True,True
LC472386,Brown algae,"Myelophycus caespitosus KU-d19217 chloroplast rbcL gene for ribulose-1,5-bisphosphate carboxylase/oxygenase large subuni",1400,True,1,False,1398,2,0,0,0,False,True
LC472385,Brown algae,"Myelophycus caespitosus KU-d19216 chloroplast rbcL gene for ribulose-1,5-bisphosphate carboxylase/oxygenase large subuni",1401,True,1,False,1401,0,0,0,0,True,True
LC472384,Brown algae,"Myelophycus caespitosus KU-d11901 chloroplast rbcL gene for ribulose-1,5-bisphosphate carboxylase/oxygenase large subuni",1401,True,1,False,1401,0,0,0,0,True,True
LC472383,Brown algae,"Myelophycus caespitosus KU-d14261 chloroplast rbcL gene for ribulose-1,5-bisphosphate carboxylase/oxygenase large subuni",1401,True,1,False,1401,0,0,0,0,True,True
LC472382,Brown algae,"Myelophycus caespitosus KU-d17902 chloroplast rbcL gene for ribulose-1,5-bisphosphate carboxylase/oxygenase large subuni",1401,True,1,False,1401,0,0,0,0,True,True
LC472381,Brown algae,"Myelophycus caespitosus KU-d14145 chloroplast rbcL gene for ribulose-1,5-bisphosphate carboxylase/oxygenase large subuni",1401,True,1,False,1401,0,0,0,0,True,True
LC472380,Brown algae,"Myelophycus caespitosus KU-d19245 chloroplast rbcL gene for ribulose-1,5-bisphosphate carboxylase/oxygenase large subuni",1401,True,1,False,1401,0,0,0,0,True,True
LC472379,Brown algae,"Myelophycus caespitosus KU-d19244 chloroplast rbcL gene for ribulose-1,5-bisphosphate carboxylase/oxygenase large subuni",1401,True,1,False,1401,0,0,0,0,True,True
LC472378,Brown algae,"Myelophycus caespitosus KU-d5410 chloroplast rbcL gene for ribulose-1,5-bisphosphate carboxylase/oxygenase large subunit",1401,True,1,False,1401,0,0,0,0,True,True
LC472377,Brown algae,"Myelophycus caespitosus KU-d17671 chloroplast rbcL gene for ribulose-1,5-bisphosphate carboxylase/oxygenase large subuni",1401,True,1,False,1401,0,0,0,0,True,True
LC472376,Brown algae,"Myelophycus caespitosus KU-d14157 chloroplast rbcL gene for ribulose-1,5-bisphosphate carboxylase/oxygenase large subuni",1401,True,1,False,1401,0,0,0,0,True,True
LC472375,Brown algae,"Myelophycus caespitosus KU-d15024 chloroplast rbcL gene for ribulose-1,5-bisphosphate carboxylase/oxygenase large subuni",1401,True,1,False,1401,0,0,0,0,True,True
LC472374,Brown algae,"Myelophycus caespitosus KU-d16889 chloroplast rbcL gene for ribulose-1,5-bisphosphate carboxylase/oxygenase large subuni",1401,True,1,False,1401,0,0,0,0,True,True
LC472373,Brown algae,"Myelophycus caespitosus KU-d14138 chloroplast rbcL gene for ribulose-1,5-bisphosphate carboxylase/oxygenase large subuni",1401,True,1,False,1401,0,0,0,0,True,True
LC472372,Brown algae,"Myelophycus cavum KU-d14764 chloroplast rbcL gene for ribulose-1,5-bisphosphate carboxylase/oxygenase large subunit, par",1406,True,3,False,1404,2,33,0,0,False,True
LC472371,Brown algae,"Myelophycus cavum KU-d14794 chloroplast rbcL gene for ribulose-1,5-bisphosphate carboxylase/oxygenase large subunit, par",1406,True,3,False,1404,2,34,0,0,False,True
LC424535,Brown algae,"Eudesme sanrikuensis personal: Hiroshi Kawai: KU-d969 chloroplast rbcL gene for ribulose-1,5-bisphosphate carboxylase/ox",1404,True,1,False,1404,0,0,0,0,True,True
LC424534,Brown algae,"Tinocladia crassa personal: Hiroshi Kawai: KU-d15340 chloroplast rbcL gene for ribulose-1,5-bisphosphate carboxylase/oxy",1404,True,1,False,1404,0,0,0,0,True,True
LC382528,Brown algae,"Nemacystus decipiens KU-d15136 chloroplast rbcL gene for ribulose-1,5-bisphosphate carboxylase/oxygenase large subunit, ",1404,True,1,False,1404,0,0,0,0,True,True
LC382527,Brown algae,"Myriogloea sp. NZ KU-d291 chloroplast rbcL gene for ribulose-1,5-bisphosphate carboxylase/oxygenase large subunit, parti",1404,True,1,False,1404,0,0,0,0,True,True
LC382525,Brown algae,"Mesogloia sp. NOR KU-d15346 chloroplast rbcL gene for ribulose-1,5-bisphosphate carboxylase/oxygenase large subunit, par",1404,True,1,False,1404,0,0,0,0,True,True
LC382524,Brown algae,"Mesogloia japonica KU-d20562 chloroplast rbcL gene for ribulose-1,5-bisphosphate carboxylase/oxygenase large subunit, pa",1401,True,1,False,1401,0,0,0,0,True,True
LC382523,Brown algae,"Mesogloia japonica KU-d15044 chloroplast rbcL gene for ribulose-1,5-bisphosphate carboxylase/oxygenase large subunit, pa",1401,True,1,False,1401,0,0,0,0,True,True
LC382522,Brown algae,"Mesogloia ikomae KU-d15327 chloroplast rbcL gene for ribulose-1,5-bisphosphate carboxylase/oxygenase large subunit, part",1404,True,1,False,1404,0,0,0,0,True,True
LC382521,Brown algae,"Liebmannia leveillei KU-d15327 chloroplast rbcL gene for ribulose-1,5-bisphosphate carboxylase/oxygenase large subunit, ",1404,True,1,False,1404,0,0,0,0,True,True
LC205715,Brown algae,"Punctaria latifolia chloroplast rbcL gene for ribulose-1,5-bisphosphate carboxylase/oxygenase large subunit, partial cds",1427,True,3,False,1425,2,33,0,0,False,True
LC205714,Brown algae,"Dictyosiphon foeniculaceus chloroplast rbcL gene for ribulose-1,5-bisphosphate carboxylase/oxygenase large subunit, part",1403,True,3,False,1401,2,33,0,0,False,True
LC201559,Brown algae,"Stilophora tenella chloroplast rbcL gene for ribulose-1,5-bisphosphate carboxylase/oxygenase large subunit, partial cds,",1404,True,1,False,1404,0,0,0,0,True,True
LC201558,Brown algae,"Eudesme borealis chloroplast rbcL gene for ribulose-1,5-bisphosphate carboxylase/oxygenase large subunit, partial cds, s",1404,True,1,False,1404,0,0,0,0,True,True
LC201557,Brown algae,"Eudesme borealis chloroplast rbcL gene for ribulose-1,5-bisphosphate carboxylase/oxygenase large subunit, partial cds, s",1413,True,1,False,1413,0,0,0,0,True,True
LC201556,Brown algae,"Eudesme borealis chloroplast rbcL gene for ribulose-1,5-bisphosphate carboxylase/oxygenase large subunit, partial cds, c",1404,True,1,False,1404,0,0,0,0,True,True
LC201555,Brown algae,"Eudesme borealis chloroplast rbcL gene for ribulose-1,5-bisphosphate carboxylase/oxygenase large subunit, partial cds, c",1404,True,1,False,1404,0,0,0,0,True,True
LC201554,Brown algae,"Eudesme virescens chloroplast rbcL gene for ribulose-1,5-bisphosphate carboxylase/oxygenase large subunit, partial cds, ",1407,True,1,False,1407,0,0,0,0,True,True
LC361108,Brown algae,"Eudesme shandongensis KU-MACC: KU-3328 chloroplast rbcL gene for ribulose-1,5-bisphosphate carboxylase/oxygenase large s",1402,True,2,False,1401,1,49,0,0,False,True
LC016521,Brown algae,"Trachynema groenlandicum chloroplast rbcL gene for ribulose-1,5-bisphosphate carboxylase/oxygenase large subunit, partia",1414,True,2,False,1413,1,48,0,0,False,True
LC016520,Brown algae,"Mesogloia ikomae chloroplast rbcL gene for ribulose-1,5-bisphosphate carboxylase/oxygenase large subunit, partial cds",1404,True,1,False,1404,0,0,0,0,True,True
LC016519,Brown algae,"Saundersella crassa chloroplast rbcL gene for ribulose-1,5-bisphosphate carboxylase/oxygenase large subunit, partial cds",1408,True,2,False,1407,1,50,0,0,False,True
LC016517,Brown algae,"Gononema sp. KU-1121 chloroplast rbcL gene for ribulose-1,5-bisphosphate carboxylase/oxygenase large subunit, partial cd",1414,True,2,False,1413,1,50,0,0,False,True
LC016516,Brown algae,"Eudesme virescens chloroplast rbcL gene for ribulose-1,5-bisphosphate carboxylase/oxygenase large subunit, partial cds",1404,True,1,False,1404,0,0,0,0,True,True
LC016515,Brown algae,"Eudesme virescens chloroplast rbcL gene for ribulose-1,5-bisphosphate carboxylase/oxygenase large subunit, partial cds",1404,True,1,False,1404,0,0,0,0,True,True
LC016514,Brown algae,"Elachista stellaris chloroplast rbcL gene for ribulose-1,5-bisphosphate carboxylase/oxygenase large subunit, partial cds",1414,True,2,False,1413,1,51,0,0,False,True
LC016513,Brown algae,"Dictyosiphon foeniculaceus chloroplast rbcL gene for ribulose-1,5-bisphosphate carboxylase/oxygenase large subunit, part",1404,True,1,False,1404,0,0,0,0,True,True
LC016512,Brown algae,"Cladothele decaisnei chloroplast rbcL gene for ribulose-1,5-bisphosphate carboxylase/oxygenase large subunit, partial cd",1414,True,2,False,1413,1,47,0,0,False,True
LC016511,Brown algae,"Cladosiphon umezakii chloroplast rbcL gene for ribulose-1,5-bisphosphate carboxylase/oxygenase large subunit, partial cd",1427,True,3,False,1425,2,35,0,0,False,True
LC016510,Brown algae,"Cladosiphon takenoensis chloroplast rbcL gene for ribulose-1,5-bisphosphate carboxylase/oxygenase large subunit, partial",1427,True,3,False,1425,2,35,0,0,False,True
LC016661,Brown algae,"Zeacarpa leiomorpha chloroplast rbcL gene for ribulose-1,5-bisphosphate carboxylase/oxygenase large subunit, partial cds",1407,True,1,False,1407,0,0,0,0,True,True
LC016647,Brown algae,"Nemoderma tingitanum chloroplast rbcL gene for ribulose-1,5-bisphosphate carboxylase/oxygenase large subunit, partial cd",1407,True,1,False,1407,0,0,0,0,True,True
LC016640,Brown algae,"Nemoderma tingitanum chloroplast rbcL gene for ribulose-1,5-bisphosphate carboxylase/oxygenase large subunit, partial cd",1407,True,1,False,1407,0,0,0,0,True,True
LC149896,Brown algae,"Agarum clathratum chloroplast rbcL gene for ribulose-1,5-bisphosphate carboxylase/oxygenase large subunit, complete cds,",1467,True,1,False,1467,0,0,0,0,True,True
MN793054,Charophytes,"Chara contraria isolate 63 ribulose-1,5-bisphosphate carboxylase/oxygenase large subunit (rbcL) gene, complete cds; chlo",1428,True,1,False,1428,0,0,0,0,True,True
MN793053,Charophytes,"Chara gymnophylla isolate 66 ribulose-1,5-bisphosphate carboxylase/oxygenase large subunit (rbcL) gene, complete cds; ch",1428,True,1,False,1428,0,0,0,0,True,True
MN793052,Charophytes,"Chara gymnophylla isolate 74 ribulose-1,5-bisphosphate carboxylase/oxygenase large subunit (rbcL) gene, complete cds; ch",1428,True,1,False,1428,0,0,0,0,True,True
MN817125,Charophytes,"Chara globata isolate 116 ribulose-1,5-bisphosphate carboxylase/oxygenase large subunit (rbcL) gene, complete cds; chlor",1428,True,1,False,1428,0,0,0,0,True,True
MN817124,Charophytes,"Chara globata isolate 110 ribulose-1,5-bisphosphate carboxylase/oxygenase large subunit (rbcL) gene, complete cds; chlor",1428,True,1,False,1428,0,0,0,0,True,True
MN817123,Charophytes,"Chara globata isolate 105 ribulose-1,5-bisphosphate carboxylase/oxygenase large subunit (rbcL) gene, complete cds; chlor",1428,True,1,False,1428,0,0,0,0,True,True
MN273738,Charophytes,"Chara globata isolate 101 ribulose-1,5-bisphosphate carboxylase/oxygenase large subunit (rbcL) gene, complete cds; chlor",1428,True,1,False,1428,0,0,0,0,True,True
L13477,Charophytes,"Coleochaete orbicularis chloroplast ribulosebisphosphate carboxylase (rbcL) gene, complete cds",1428,True,1,False,1428,0,0,0,0,True,True
EU269033,Conifers,"Pinus parviflora voucher RBG Kew 1969.10767 ribulose-1,5-bisphosphate carboxylase/oxygenase large subunit (rbcL) gene, p",1433,True,2,False,1383,2,42,0,0,False,True
EU269032,Conifers,"Pinus mugo voucher A. Liston 08 ribulose-1,5-bisphosphate carboxylase/oxygenase large subunit (rbcL) gene, partial cds; ",1464,True,2,False,1383,0,44,0,0,False,True
EU269031,Conifers,"Keteleeria davidiana voucher DSG695 ribulose-1,5-bisphosphate carboxylase/oxygenase large subunit (rbcL) gene, partial c",1442,True,2,False,1398,2,47,0,0,False,True
EU269030,Conifers,"Picea chihuahuana voucher R. Bye 34761 ribulose-1,5-bisphosphate carboxylase/oxygenase large subunit (rbcL) gene, partia",1491,True,2,False,1398,0,43,0,0,False,True
EU269028,Conifers,"Abies hidalgensis voucher DSG624 ribulose-1,5-bisphosphate carboxylase/oxygenase large subunit (rbcL) gene, partial cds;",1442,True,2,False,1398,2,41,0,0,False,True
AF145463,Conifers,"Tsuga mertensiana ribulose 1,5-bisphosphate carboxylase large subunit (rbcL) gene, partial cds; chloroplast gene for chl",1401,True,1,False,1401,0,0,0,0,True,True
AF145458,Conifers,"Picea smithiana ribulose 1,5-bisphosphate carboxylase large subunit (rbcL) gene, partial cds; chloroplast gene for chlor",1401,True,1,False,1401,0,0,0,0,True,True
AF145457,Conifers,"Cedrus atlantica ribulose 1,5-bisphosphate carboxylase large subunit (rbcL) gene, partial cds; chloroplast gene for chlo",1401,True,1,False,1401,0,0,0,0,True,True
DQ353733,Conifers,"Pinus nigra ribulose-1,5-bisphosphate carboxylase/oxygenase large subunit (rbcL) gene, partial cds; chloroplast",1436,True,2,False,1401,2,45,0,0,False,True
DQ353732,Conifers,"Pinus massoniana ribulose-1,5-bisphosphate carboxylase/oxygenase large subunit (rbcL) gene, partial cds; chloroplast",1436,True,2,False,1401,2,45,0,0,False,True
DQ353731,Conifers,"Pinus densiflora ribulose-1,5-bisphosphate carboxylase/oxygenase large subunit (rbcL) gene, partial cds; chloroplast",1436,True,2,False,1401,2,45,0,0,False,True
DQ353730,Conifers,"Pinus heldreichii ribulose-1,5-bisphosphate carboxylase/oxygenase large subunit (rbcL) gene, partial cds; chloroplast",1436,True,2,False,1401,2,45,0,0,False,True
DQ353729,Conifers,"Pinus pinea ribulose-1,5-bisphosphate carboxylase/oxygenase large subunit (rbcL) gene, partial cds; chloroplast",1436,True,2,False,1401,2,45,0,0,False,True
DQ353728,Conifers,"Pinus glabra ribulose-1,5-bisphosphate carboxylase/oxygenase large subunit (rbcL) gene, partial cds; chloroplast",1436,True,2,False,1401,2,44,0,0,False,True
DQ353727,Conifers,"Pinus praetermissa ribulose-1,5-bisphosphate carboxylase/oxygenase large subunit (rbcL) gene, partial cds; chloroplast",1436,True,2,False,1401,2,44,0,0,False,True
DQ353726,Conifers,"Pinus oocarpa ribulose-1,5-bisphosphate carboxylase/oxygenase large subunit (rbcL) gene, partial cds; chloroplast",1436,True,2,False,1401,2,44,0,0,False,True
DQ353725,Conifers,"Pinus muricata ribulose-1,5-bisphosphate carboxylase/oxygenase large subunit (rbcL) gene, partial cds; chloroplast",1436,True,2,False,1401,2,44,0,0,False,True
DQ353724,Conifers,"Pinus attenuata ribulose-1,5-bisphosphate carboxylase/oxygenase large subunit (rbcL) gene, partial cds; chloroplast",1436,True,2,False,1401,2,44,0,0,False,True
DQ353723,Conifers,"Pinus cooperi ribulose-1,5-bisphosphate carboxylase/oxygenase large subunit (rbcL) gene, partial cds; chloroplast",1436,True,2,False,1401,2,43,0,0,False,True
DQ353722,Conifers,"Pinus engelmannii ribulose-1,5-bisphosphate carboxylase/oxygenase large subunit (rbcL) gene, partial cds; chloroplast",1436,True,2,False,1401,2,43,0,0,False,True
DQ353721,Conifers,"Pinus washoensis ribulose-1,5-bisphosphate carboxylase/oxygenase large subunit (rbcL) gene, partial cds; chloroplast",1436,True,2,False,1401,2,43,0,0,False,True
DQ353720,Conifers,"Pinus cembra ribulose-1,5-bisphosphate carboxylase/oxygenase large subunit (rbcL) gene, partial cds; chloroplast",1436,True,2,False,1401,2,43,0,0,False,True
DQ353719,Conifers,"Pinus bhutanica ribulose-1,5-bisphosphate carboxylase/oxygenase large subunit (rbcL) gene, partial cds; chloroplast",1436,True,2,False,1401,2,43,0,0,False,True
DQ353718,Conifers,"Pinus krempfii ribulose-1,5-bisphosphate carboxylase/oxygenase large subunit (rbcL) gene, partial cds; chloroplast",1436,True,2,False,1401,2,43,0,0,False,True
AY734483,Conifers,"Pinus wallichiana voucher Kew 1997.4901 ribulose-1,5-bisphosphate carboxylase/oxygenase (rbcL) gene, partial cds; chloro",1474,True,1,False,1407,1,1,0,0,False,True
AY724761,Conifers,"Pinus serotina ribulose-1,5-bisphosphate carboxylase/oxygenase large subunit (rbcL) gene, partial cds; chloroplast",1469,True,1,False,1407,2,1,0,0,False,True
AY724760,Conifers,"Pinus roxburghii ribulose-1,5-bisphosphate carboxylase/oxygenase large subunit (rbcL) gene, partial cds; chloroplast",1479,True,1,False,1407,0,1,0,0,False,True
AY724759,Conifers,"Pinus coulteri ribulose-1,5-bisphosphate carboxylase/oxygenase large subunit (rbcL) gene, partial cds; chloroplast",1436,True,1,False,1389,2,1,0,0,False,True
AY724758,Conifers,"Pinus taeda ribulose-1,5-bisphosphate carboxylase/oxygenase large subunit (rbcL) gene, partial cds; chloroplast",1449,True,1,False,1407,0,1,0,0,False,True
AY724757,Conifers,"Pinus rigida ribulose-1,5-bisphosphate carboxylase/oxygenase large subunit (rbcL) gene, partial cds; chloroplast",1446,True,1,False,1407,0,1,0,0,False,True
AY724756,Conifers,"Pinus palustris ribulose-1,5-bisphosphate carboxylase/oxygenase large subunit (rbcL) gene, partial cds; chloroplast",1468,True,1,False,1407,1,1,0,0,False,True
AY724755,Conifers,"Pinus elliottii ribulose-1,5-bisphosphate carboxylase/oxygenase large subunit (rbcL) gene, partial cds; chloroplast",1465,True,1,False,1407,1,1,0,0,False,True
AY724754,Conifers,"Pinus echinata ribulose-1,5-bisphosphate carboxylase/oxygenase large subunit (rbcL) gene, partial cds; chloroplast",1475,True,1,False,1407,2,1,0,0,False,True
AY497253,Conifers,"Pinus kesiya ribulose-1,5-bisphosphate carboxylase/oxygenase large subunit (rbcL) gene, partial cds; chloroplast",1442,True,1,False,1407,2,1,0,0,False,True
AY497252,Conifers,"Pinus resinosa ribulose-1,5-bisphosphate carboxylase/oxygenase large subunit (rbcL) gene, partial cds; chloroplast",1439,True,1,False,1407,2,1,0,0,False,True
AY497251,Conifers,"Pinus merkusii ribulose-1,5-bisphosphate carboxylase/oxygenase large subunit (rbcL) gene, partial cds; chloroplast",1442,True,1,False,1407,2,1,0,0,False,True
AY497250,Conifers,"Pinus radiata ribulose-1,5-bisphosphate carboxylase/oxygenase large subunit (rbcL) gene, partial cds; chloroplast",1442,True,1,False,1407,2,1,0,0,False,True
AY497249,Conifers,"Pinus teocote ribulose-1,5-bisphosphate carboxylase/oxygenase large subunit (rbcL) gene, partial cds; chloroplast",1442,True,1,False,1407,2,1,0,0,False,True
AY497248,Conifers,"Pinus patula ribulose-1,5-bisphosphate carboxylase/oxygenase large subunit (rbcL) gene, partial cds; chloroplast",1442,True,1,False,1407,2,1,0,0,False,True
AY497247,Conifers,"Pinus pringlei ribulose-1,5-bisphosphate carboxylase/oxygenase large subunit (rbcL) gene, partial cds; chloroplast",1442,True,1,False,1407,2,1,0,0,False,True
AY497246,Conifers,"Pinus greggii ribulose-1,5-bisphosphate carboxylase/oxygenase large subunit (rbcL) gene, partial cds; chloroplast",1442,True,1,False,1407,2,1,0,0,False,True
AY497245,Conifers,"Pinus occidentalis ribulose-1,5-bisphosphate carboxylase/oxygenase large subunit (rbcL) gene, partial cds; chloroplast",1442,True,1,False,1407,2,1,0,0,False,True
AY497244,Conifers,"Pinus caribaea ribulose-1,5-bisphosphate carboxylase/oxygenase large subunit (rbcL) gene, partial cds; chloroplast",1442,True,1,False,1407,2,1,0,0,False,True
AY497243,Conifers,"Pinus leiophylla ribulose-1,5-bisphosphate carboxylase/oxygenase large subunit (rbcL) gene, partial cds; chloroplast",1442,True,1,False,1407,2,1,0,0,False,True
AY497242,Conifers,"Pinus lumholtzii ribulose-1,5-bisphosphate carboxylase/oxygenase large subunit (rbcL) gene, partial cds; chloroplast",1442,True,1,False,1407,2,1,0,0,False,True
AY497241,Conifers,"Pinus devoniana ribulose-1,5-bisphosphate carboxylase/oxygenase large subunit (rbcL) gene, partial cds; chloroplast",1442,True,1,False,1407,2,1,0,0,False,True
AY497240,Conifers,"Pinus durangensis ribulose-1,5-bisphosphate carboxylase/oxygenase large subunit (rbcL) gene, partial cds; chloroplast",1442,True,1,False,1407,2,1,0,0,False,True
AY497239,Conifers,"Pinus engelmannii ribulose-1,5-bisphosphate carboxylase/oxygenase large subunit (rbcL) gene, partial cds; chloroplast",1442,True,1,False,1407,2,1,0,0,False,True
AY497238,Conifers,"Pinus douglasiana ribulose-1,5-bisphosphate carboxylase/oxygenase large subunit (rbcL) gene, partial cds; chloroplast",1442,True,1,False,1407,2,1,0,0,False,True
AY497237,Conifers,"Pinus torreyana ribulose-1,5-bisphosphate carboxylase/oxygenase large subunit (rbcL) gene, partial cds; chloroplast",1442,True,1,False,1407,2,1,0,0,False,True
AY497236,Conifers,"Pinus sabiniana ribulose-1,5-bisphosphate carboxylase/oxygenase large subunit (rbcL) gene, partial cds; chloroplast",1442,True,1,False,1407,2,1,0,0,False,True
AY497235,Conifers,"Pinus jeffreyi ribulose-1,5-bisphosphate carboxylase/oxygenase large subunit (rbcL) gene, partial cds; chloroplast",1442,True,1,False,1407,2,1,0,0,False,True
AY497234,Conifers,"Pinus ponderosa ribulose-1,5-bisphosphate carboxylase/oxygenase large subunit (rbcL) gene, partial cds; chloroplast",1442,True,1,False,1407,2,1,0,0,False,True
AY497233,Conifers,"Pinus montezumae ribulose-1,5-bisphosphate carboxylase/oxygenase large subunit (rbcL) gene, partial cds; chloroplast",1442,True,1,False,1407,2,1,0,0,False,True
AY497232,Conifers,"Pinus pseudostrobus ribulose-1,5-bisphosphate carboxylase/oxygenase large subunit (rbcL) gene, partial cds; chloroplast",1442,True,1,False,1407,2,1,0,0,False,True
AY497231,Conifers,"Pinus hartwegii ribulose-1,5-bisphosphate carboxylase/oxygenase large subunit (rbcL) gene, partial cds; chloroplast",1442,True,1,False,1407,2,1,0,0,False,True
AY497230,Conifers,"Pinus contorta ribulose-1,5-bisphosphate carboxylase/oxygenase large subunit (rbcL) gene, partial cds; chloroplast",1442,True,1,False,1407,2,1,0,0,False,True
AY497229,Conifers,"Pinus clausa ribulose-1,5-bisphosphate carboxylase/oxygenase large subunit (rbcL) gene, partial cds; chloroplast",1442,True,1,False,1407,2,1,0,0,False,True
AY497228,Conifers,"Pinus sibirica ribulose-1,5-bisphosphate carboxylase/oxygenase large subunit (rbcL) gene, partial cds; chloroplast",1442,True,1,False,1407,2,1,0,0,False,True
AY497227,Conifers,"Pinus morrisonicola ribulose-1,5-bisphosphate carboxylase/oxygenase large subunit (rbcL) gene, partial cds; chloroplast",1442,True,1,False,1407,2,1,0,0,False,True
AY497226,Conifers,"Pinus bhutanica ribulose-1,5-bisphosphate carboxylase/oxygenase large subunit (rbcL) gene, partial cds; chloroplast",1442,True,1,False,0,2,1,-1,-1,False,False
AY497225,Conifers,"Pinus albicaulis ribulose-1,5-bisphosphate carboxylase/oxygenase large subunit (rbcL) gene, partial cds; chloroplast",1442,True,1,False,1407,2,1,0,0,False,True
AY497224,Conifers,"Pinus lambertiana ribulose-1,5-bisphosphate carboxylase/oxygenase large subunit (rbcL) gene, partial cds; chloroplast",1442,True,1,False,1407,2,1,0,0,False,True
AY497223,Conifers,"Pinus monticola ribulose-1,5-bisphosphate carboxylase/oxygenase large subunit (rbcL) gene, partial cds; chloroplast",1442,True,1,False,1407,2,1,0,0,False,True
AY497222,Conifers,"Pinus flexilis ribulose-1,5-bisphosphate carboxylase/oxygenase large subunit (rbcL) gene, partial cds; chloroplast",1442,True,1,False,1407,2,1,0,0,False,True
AY497221,Conifers,"Pinus ayacahuite ribulose-1,5-bisphosphate carboxylase/oxygenase large subunit (rbcL) gene, partial cds; chloroplast",1442,True,1,False,1407,2,1,0,0,False,True
AY497220,Conifers,"Pinus chiapensis ribulose-1,5-bisphosphate carboxylase/oxygenase large subunit (rbcL) gene, partial cds; chloroplast",1433,True,1,False,1407,2,1,0,0,False,True
AY497219,Conifers,"Pinus strobus ribulose-1,5-bisphosphate carboxylase/oxygenase large subunit (rbcL) gene, partial cds; chloroplast",1442,True,1,False,1407,2,1,0,0,False,True
AY497218,Conifers,"Pinus peuce ribulose-1,5-bisphosphate carboxylase/oxygenase large subunit (rbcL) gene, partial cds; chloroplast",1442,True,1,False,1407,2,1,0,0,False,True
AY140260,Conifers,"Cunninghamia lanceolata ribulose 1,5-bisphosphate carboxylase large subunit (rbcL) gene, complete cds; chloroplast gene ",1496,True,1,False,1428,2,1,0,0,False,True
AF456382,Conifers,"Picea pungens ribulose-1,5-bisphosphate carboxylase/oxygenase large subunit (rbcL) gene, partial cds; chloroplast gene f",1409,True,1,False,1407,2,0,0,0,False,True
AF456381,Conifers,"Cedrus deodara ribulose-1,5-bisphosphate carboxylase/oxygenase large subunit (rbcL) gene, complete cds; chloroplast gene",1428,True,1,False,1428,0,0,0,0,True,True
AY056581,Conifers,"Tsuga canadensis ribulose 1,5-bisphosphate carboxylase large subunit (rbcL) gene, partial cds; chloroplast gene for chlo",1428,True,1,False,1428,0,0,0,0,True,True
L12538,Conifers,"Widdringtonia cedarbergensis ribulose 1,5-bisphosphate carboxylase (rbcL) gene, partial cds; chloroplast gene for chloro",1410,True,1,False,1410,0,0,0,0,True,True
L12577,Conifers,"Thujopsis dolabrata ribulose 1,5-bisphosphate carboxylase (rbcL) gene, partial cds; chloroplast gene for chloroplast pro",1410,True,1,False,1410,0,0,0,0,True,True
L12576,Conifers,"Tetraclinis articulata ribulose 1,5-bisphosphate carboxylase (rbcL) gene, partial cds; chloroplast gene for chloroplast ",1410,True,1,False,1410,0,0,0,0,True,True
L13172,Conifers,"Platycladus orientalis flagelliformis ribulose 1,5-bisphosphate carboxylase (rbcL) gene, partial cds; chloroplast gene f",1410,True,1,False,1410,0,0,0,0,True,True
L12575,Conifers,"Microbiota decussata ribulose 1,5-bisphosphate carboxylase (rbcL) gene, partial cds; chloroplast gene for chloroplast pr",1410,True,1,False,1410,0,0,0,0,True,True
L12574,Conifers,"Libocedrus plumosa ribulose 1,5-bisphosphate carboxylase (rbcL) gene, partial cds; chloroplast gene for chloroplast prod",1410,True,1,False,1410,0,0,0,0,True,True
L12573,Conifers,"Juniperus conferta ribulose 1,5-bisphosphate carboxylase (rbcL) gene, partial cds; chloroplast gene for chloroplast prod",1410,True,1,False,1410,0,0,0,0,True,True
L12569,Conifers,"Calocedrus decurrens ribulose 1,5-bisphosphate carboxylase (rbcL) gene, partial cds; chloroplast gene for chloroplast pr",1410,True,1,False,1410,0,0,0,0,True,True
L12537,Conifers,"Callitris rhomboidea chloroplast ribulosebiphosphate carboxylase (rbcL) gene, complete cds",1410,True,1,False,1410,0,0,0,0,True,True
L12570,Conifers,"Chamaecyparis obtusa ribulose 1,5-bisphosphate carboxylase (rbcL) gene, partial cds; chloroplast gene for chloroplast pr",1410,True,1,False,1410,0,0,0,0,True,True
L12580,Conifers,"Amentotaxus argotaenia chloroplast ribulosebisphosphate carboxylase (rbcL) gene, complete cds",1410,True,1,False,1410,0,0,0,0,True,True
AF119185,Conifers,"Taxodium distichum ribulose-1,5-bisphosphate carboxylase/oxygenase, large subunit (rbcL) gene, complete cds; chloroplast",1493,True,1,False,1428,2,1,0,0,False,True
AF119182,Conifers,"Juniperus virginiana ribulose-1,5-bisphosphate carboxylase/oxygenase, large subunit (rbcL) gene, complete cds; chloropla",1493,True,1,False,1428,2,2,0,0,False,True
AF119177,Conifers,"Pinus taeda ribulose-1,5-bisphosphate carboxylase/oxygenase, large subunit (rbcL) gene, complete cds; chloroplast gene f",1480,True,1,False,1428,1,1,0,0,False,True
AF127427,Conifers,"Taxodium distichum ribulose-1,5-bisphosphate carboxylase large subunit (rbcL) gene, chloroplast gene encoding chloroplas",1410,True,1,False,0,0,0,-1,-1,True,False
AF015786,Conifers,"Cathaya argyrophylla ribulose-1,5-bisphosphate carboxylase large subunit (rbcL) gene, chloroplast gene encoding chloropl",1408,True,1,False,1404,1,1,0,0,False,True
U87757,Conifers,"Wollemia nobilis ribulose bisphosphate carboxylase (rbcL) gene, chloroplast gene encoding chloroplast protein, partial c",1452,True,2,False,1410,0,47,0,0,False,True
U87754,Conifers,"Agathis ovata ribulose bisphosphate carboxylase (rbcL) gene, chloroplast gene encoding chloroplast protein, partial cds",1452,True,2,False,1410,0,47,0,0,False,True
U87756,Conifers,"Agathis macrophylla ribulose bisphosphate carboxylase (rbcL) gene, chloroplast gene encoding chloroplast protein, partia",1452,True,2,False,1410,0,44,0,0,False,True
U87753,Conifers,"Araucaria meulleri ribulose bisphosphate carboxylase (rbcL) gene, chloroplast gene encoding chloroplast protein, partial",1452,True,2,False,1410,0,43,0,0,False,True
U87755,Conifers,"Agathis moorei ribulose bisphosphate carboxylase (rbcL) gene, chloroplast gene encoding chloroplast protein, partial cds",1452,True,2,False,1410,0,47,0,0,False,True
U87749,Conifers,"Araucaria hunsteinii ribulose bisphosphate carboxylase (rbcL) gene, chloroplast gene encoding chloroplast protein, parti",1452,True,2,False,1410,0,43,0,0,False,True
U87751,Conifers,"Araucaria bidwillii ribulose bisphosphate carboxylase (rbcL) gene, chloroplast gene encoding chloroplast protein, partia",1452,True,2,False,1410,0,44,0,0,False,True
U87750,Conifers,"Araucaria angustifolia ribulose bisphosphate carboxylase (rbcL) gene, chloroplast gene encoding chloroplast protein, par",1452,True,2,False,1410,0,45,0,0,False,True
AY115764,Conifers,"Pinus krempfii ribulose 1,5-bisphosphate carboxylase large subunit (rbcL) gene, partial cds; chloroplast gene for chloro",1418,True,1,False,1398,2,1,0,0,False,True
AY115763,Conifers,"Pinus squamata ribulose 1,5-bisphosphate carboxylase large subunit (rbcL) gene, partial cds; chloroplast gene for chloro",1418,True,1,False,1398,2,1,0,0,False,True
AY115762,Conifers,"Pinus gerardiana ribulose 1,5-bisphosphate carboxylase large subunit (rbcL) gene, partial cds; chloroplast gene for chlo",1413,True,1,False,1398,0,1,0,0,False,True
AY115761,Conifers,"Pinus bungeana ribulose 1,5-bisphosphate carboxylase large subunit (rbcL) gene, partial cds; chloroplast gene for chloro",1413,True,1,False,1398,0,1,0,0,False,True
AY115760,Conifers,"Pinus balfouriana ribulose 1,5-bisphosphate carboxylase large subunit (rbcL) gene, partial cds; chloroplast gene for chl",1418,True,1,False,1398,2,1,0,0,False,True
AY115759,Conifers,"Pinus longaeva ribulose 1,5-bisphosphate carboxylase large subunit (rbcL) gene, partial cds; chloroplast gene for chloro",1418,True,1,False,1398,2,1,0,0,False,True
AY115758,Conifers,"Pinus aristata ribulose 1,5-bisphosphate carboxylase large subunit (rbcL) gene, partial cds; chloroplast gene for chloro",1418,True,1,False,1398,2,1,0,0,False,True
AY115757,Conifers,"Pinus nelsonii ribulose 1,5-bisphosphate carboxylase large subunit (rbcL) gene, partial cds; chloroplast gene for chloro",1418,True,1,False,1398,2,1,0,0,False,True
AY115756,Conifers,"Pinus rzedowskii ribulose 1,5-bisphosphate carboxylase large subunit (rbcL) gene, partial cds; chloroplast gene for chlo",1418,True,1,False,1398,2,1,0,0,False,True
AY115755,Conifers,"Pinus maximartinezii ribulose 1,5-bisphosphate carboxylase large subunit (rbcL) gene, partial cds; chloroplast gene for ",1418,True,1,False,1398,2,1,0,0,False,True
AY115754,Conifers,"Pinus pinceana ribulose 1,5-bisphosphate carboxylase large subunit (rbcL) gene, partial cds; chloroplast gene for chloro",1418,True,1,False,1398,2,1,0,0,False,True
AY115753,Conifers,"Pinus cembroides subsp. orizabensis ribulose 1,5-bisphosphate carboxylase large subunit (rbcL) gene, partial cds; chloro",1418,True,1,False,1398,2,1,0,0,False,True
AY115752,Conifers,"Pinus cembroides subsp. lagunae ribulose 1,5-bisphosphate carboxylase large subunit (rbcL) gene, partial cds; chloroplas",1418,True,1,False,1398,2,1,0,0,False,True
AY115751,Conifers,"Pinus cembroides ribulose 1,5-bisphosphate carboxylase large subunit (rbcL) gene, partial cds; chloroplast gene for chlo",1418,True,1,False,1398,2,1,0,0,False,True
AY115750,Conifers,"Pinus remota ribulose 1,5-bisphosphate carboxylase large subunit (rbcL) gene, partial cds; chloroplast gene for chloropl",1418,True,1,False,1398,2,1,0,0,False,True
AY115749,Conifers,"Pinus catarinae ribulose 1,5-bisphosphate carboxylase large subunit (rbcL) gene, partial cds; chloroplast gene for chlor",1418,True,1,False,1398,2,1,0,0,False,True
AY115748,Conifers,"Pinus culminicola ribulose 1,5-bisphosphate carboxylase large subunit (rbcL) gene, partial cds; chloroplast gene for chl",1418,True,1,False,1398,2,1,0,0,False,True
AY115747,Conifers,"Pinus johannis specimen-voucher DSG2001 San Luis Potosi ribulose 1,5-bisphosphate carboxylase large subunit (rbcL) gene,",1418,True,1,False,1398,2,1,0,0,False,True
AY115746,Conifers,"Pinus johannis specimen-voucher DSG8199 Zacatecas ribulose 1,5-bisphosphate carboxylase large subunit (rbcL) gene, parti",1418,True,1,False,1398,2,1,0,0,False,True
AY115745,Conifers,"Pinus discolor ribulose 1,5-bisphosphate carboxylase large subunit (rbcL) gene, partial cds; chloroplast gene for chloro",1418,True,1,False,1398,2,1,0,0,False,True
AY115744,Conifers,"Pinus quadrifolia ribulose 1,5-bisphosphate carboxylase large subunit (rbcL) gene, partial cds; chloroplast gene for chl",1418,True,1,False,1398,2,1,0,0,False,True
AY115743,Conifers,"Pinus juarezensis specimen-voucher DSG1499 Baja California Norte ribulose 1,5-bisphosphate carboxylase large subunit (rb",1418,True,1,False,1398,2,1,0,0,False,True
AY115742,Conifers,"Pinus juarezensis specimen-voucher DSG1099 Baja California Norte ribulose 1,5-bisphosphate carboxylase large subunit (rb",1418,True,1,False,1398,2,1,0,0,False,True
AY115741,Conifers,"Pinus monophylla specimen-voucher Kew1986.5767 California ribulose 1,5-bisphosphate carboxylase large subunit (rbcL) gen",1418,True,1,False,1398,2,1,0,0,False,True
AY115740,Conifers,"Pinus monophylla specimen-voucher DSG2399 California ribulose 1,5-bisphosphate carboxylase large subunit (rbcL) gene, pa",1418,True,1,False,1398,2,1,0,0,False,True
AY115739,Conifers,"Pinus edulis specimen-voucher Kew1995.3959 Colorado ribulose 1,5-bisphosphate carboxylase large subunit (rbcL) gene, par",1418,True,1,False,1398,2,1,0,0,False,True
AY115738,Conifers,"Pinus edulis specimen-voucher DSG3399 Colorado ribulose 1,5-bisphosphate carboxylase large subunit (rbcL) gene, partial ",1418,True,1,False,1398,2,1,0,0,False,True
AF030419,Conifers,"Wollemia nobilis ribulose bisphosphate carboxylase (rbcl) gene, chloroplast gene encoding chloroplast protein, partial c",1452,True,2,False,1410,0,47,0,0,False,True
AF249665,Conifers,"Agathis robusta ribulose-1,5-bisphosphate carboxylase large subunit (rbcL) gene, partial cds; chloroplast",1400,True,3,False,1398,2,19,0,0,False,True
AF249609,Conifers,"Podocarpus hallii ribulose-1,5-bisphosphate carboxylase large subunit (rbcL) gene, partial cds; chloroplast",1408,True,2,False,1407,1,42,0,0,False,True
AF307931,Conifers,"Podocarpus totara ribulose-1,5-bisphosphate carboxylase/oxygenase large subunit (rbcL) gene, partial cds; chloroplast",1422,True,1,False,1422,0,0,0,0,True,True
AB715255,Conifers,"Calocedrus formosana chloroplast rbcL gene for ribulose-1,5-bisphosphate carboxylase/oxygenase large subunit, complete c",1428,True,1,False,1428,0,0,0,0,True,True
AB645804,Conifers,"Sciadopitys verticillata chloroplast rbcL gene for ribulose 1,5-bisphosphate carboxylase/oxygenase large chain, complete",1428,True,1,False,1428,0,0,0,0,True,True
AB644468,Conifers,"Nageia nagi chloroplast rbcL gene for ribulose 1,5-bisphosphate carboxylase/oxygenase large chain, complete cds",1428,True,1,False,1428,0,0,0,0,True,True
AB650572,Conifers,"Agathis dammara chloroplast rbcL gene for ribulose 1,5-bisphosphate carboxylase/oxygenase large chain, complete cds",1428,True,1,False,1428,0,0,0,0,True,True
JQ512629,Conifers,"Tsuga sieboldii isolate PDBK2009-0061 ribulose-1,5-bisphosphate carboxylase/oxygenase large subunit (rbcL) gene, complet",1428,True,1,False,1428,0,0,0,0,True,True
JQ512628,Conifers,"Tsuga sieboldii isolate PDBK2009-0052 ribulose-1,5-bisphosphate carboxylase/oxygenase large subunit (rbcL) gene, complet",1428,True,1,False,1428,0,0,0,0,True,True
JQ512627,Conifers,"Tsuga sieboldii isolate PDBK2005-0693 ribulose-1,5-bisphosphate carboxylase/oxygenase large subunit (rbcL) gene, complet",1428,True,1,False,1428,0,0,0,0,True,True
JQ512626,Conifers,"Tsuga canadensis isolate PDBK2009-0129 ribulose-1,5-bisphosphate carboxylase/oxygenase large subunit (rbcL) gene, comple",1428,True,1,False,1428,0,0,0,0,True,True
JQ512625,Conifers,"Tsuga canadensis isolate PDBK2009-0058 ribulose-1,5-bisphosphate carboxylase/oxygenase large subunit (rbcL) gene, comple",1428,True,1,False,1428,0,0,0,0,True,True
JQ512624,Conifers,"Torreya nucifera isolate PDBK2009-0141 ribulose-1,5-bisphosphate carboxylase/oxygenase large subunit (rbcL) gene, comple",1452,True,1,False,1452,0,0,0,0,True,True
JQ512623,Conifers,"Torreya nucifera isolate PDBK2008-0482 ribulose-1,5-bisphosphate carboxylase/oxygenase large subunit (rbcL) gene, comple",1452,True,1,False,1452,0,0,0,0,True,True
JQ512622,Conifers,"Torreya nucifera isolate PDBK2006-0841 ribulose-1,5-bisphosphate carboxylase/oxygenase large subunit (rbcL) gene, comple",1452,True,1,False,1452,0,0,0,0,True,True
JQ512621,Conifers,"Thujopsis dolabrata isolate PDBK2009-0142 ribulose-1,5-bisphosphate carboxylase/oxygenase large subunit (rbcL) gene, com",1428,True,1,False,1428,0,0,0,0,True,True
JQ512620,Conifers,"Thuja occidentalis isolate PDBK2009-0719 ribulose-1,5-bisphosphate carboxylase/oxygenase large subunit (rbcL) gene, comp",1428,True,1,False,1428,0,0,0,0,True,True
JQ512619,Conifers,"Thuja occidentalis isolate PDBK2009-0406 ribulose-1,5-bisphosphate carboxylase/oxygenase large subunit (rbcL) gene, comp",1428,True,1,False,1428,0,0,0,0,True,True
JQ512618,Conifers,"Thuja occidentalis isolate PDBK2009-0055 ribulose-1,5-bisphosphate carboxylase/oxygenase large subunit (rbcL) gene, comp",1428,True,1,False,1428,0,0,0,0,True,True
JQ512617,Conifers,"Thuja koraiensis isolate PDBK2010-1013 ribulose-1,5-bisphosphate carboxylase/oxygenase large subunit (rbcL) gene, comple",1428,True,1,False,1428,0,0,0,0,True,True
JQ512616,Conifers,"Taxus cuspidata var. cuspidata isolate PDBK2008-1147 ribulose-1,5-bisphosphate carboxylase/oxygenase large subunit (rbcL",1428,True,1,False,1428,0,0,0,0,True,True
JQ512615,Conifers,"Taxus cuspidata var. cuspidata isolate PDBK2005-1030 ribulose-1,5-bisphosphate carboxylase/oxygenase large subunit (rbcL",1428,True,1,False,1428,0,0,0,0,True,True
JQ512614,Conifers,"Taxus cuspidata var. cuspidata isolate PDBK2000-0105 ribulose-1,5-bisphosphate carboxylase/oxygenase large subunit (rbcL",1428,True,1,False,1428,0,0,0,0,True,True
JQ512613,Conifers,"Taxus cuspidata var. nana isolate PDBK2009-0084 ribulose-1,5-bisphosphate carboxylase/oxygenase large subunit (rbcL) gen",1428,True,1,False,1428,0,0,0,0,True,True
JQ512612,Conifers,"Taxus cuspidata var. nana isolate PDBK2009-0066 ribulose-1,5-bisphosphate carboxylase/oxygenase large subunit (rbcL) gen",1428,True,1,False,1428,0,0,0,0,True,True
EU016864,Cycads,"Cycas micronesica ribulose 1,5-bisphosphate carboxylase/oxygenase large subunit (rbcL) gene, partial cds; chloroplast",1425,True,1,False,1425,0,0,0,0,True,True
AY056556,Cycads,"Cycas revoluta ribulose 1,5-bisphosphate carboxylase large subunit (rbcL) gene, partial cds; chloroplast gene for chloro",1402,True,2,False,1401,1,41,0,0,False,True
AF202959,Cycads,"Zamia furfuracea ribulose 1,5-bisphosphate carboxylase large subunit (rbcL) gene, partial cds; chloroplast gene for chlo",1402,True,2,False,1401,1,46,0,0,False,True
L12683,Cycads,"Zamia inermis chloroplast ribulosebisphosphate carboxlase large subunit (rbcL) gene, 3' end",1428,True,1,False,0,0,0,-1,-1,True,False
L12676,Cycads,"Encephalartos arenarius chloroplast ribulosebisphosphate carboxylase large subunit (rbcL) gene, 3' end",1428,True,1,False,0,0,0,-1,-1,True,False
L12674,Cycads,"Cycas circinalis chloroplast ribulosebisphosphate carboxylase large subunit (rbcL) gene, 3' end",1428,True,1,False,0,0,0,-1,-1,True,False
L12671,Cycads,"Bowenia serrulata chloroplast ribulosebisphosphate carboxylase large subunit (rbcL) gene, 3' end",1428,True,1,False,0,0,0,-1,-1,True,False
AB645707,Cycads,"Bowenia serrulata chloroplast rbcL gene for ribulose 1,5-bisphosphate carboxylase/oxygenase large chain, complete cds",1428,True,1,False,1428,0,0,0,0,True,True
JQ770263,Cycads,"Zamia furfuracea Ribulose-1,5-bisphosphate carboxylase/oxygenase large subunit (rbcL) gene, complete cds; chloroplast",1428,True,1,False,1428,0,0,0,0,True,True
JQ770262,Cycads,"Ceratozamia hildae Ribulose-1,5-bisphosphate carboxylase/oxygenase large subunit (rbcL) gene, complete cds; chloroplast",1428,True,1,False,1428,0,0,0,0,True,True
JQ512537,Cycads,"Cycas revoluta isolate PDBK2009-0152 ribulose-1,5-bisphosphate carboxylase/oxygenase large subunit (rbcL) gene, complete",1428,True,1,False,1428,0,0,0,0,True,True
JQ512536,Cycads,"Cycas revoluta isolate PDBK2009-0083 ribulose-1,5-bisphosphate carboxylase/oxygenase large subunit (rbcL) gene, complete",1428,True,1,False,1428,0,0,0,0,True,True
JQ512535,Cycads,"Cycas media isolate PDBK2009-0088 ribulose-1,5-bisphosphate carboxylase/oxygenase large subunit (rbcL) gene, complete cd",1428,True,1,False,1428,0,0,0,0,True,True
PZ367540,Diatoms,"Halamphora venetoides isolate CMCC024 ribulose-1,5-bisphosphate carboxylase/oxygenase large subunit (rbcL) gene, partial",1414,True,1,False,1413,1,0,0,0,False,True
PZ367539,Diatoms,"Halamphora stoermeri isolate CMCC019 ribulose-1,5-bisphosphate carboxylase/oxygenase large subunit (rbcL) gene, partial ",1431,True,1,False,1431,0,0,0,0,True,True
PZ367537,Diatoms,"Halamphora coloradiana isolate CMCC025 ribulose-1,5-bisphosphate carboxylase/oxygenase large subunit (rbcL) gene, partia",1407,True,1,False,1407,0,0,0,0,True,True
PZ367536,Diatoms,"Halamphora sp. T79700-1 isolate CMCC017 ribulose-1,5-bisphosphate carboxylase/oxygenase large subunit (rbcL) gene, parti",1431,True,1,False,1431,0,0,0,0,True,True
PZ367535,Diatoms,"Halamphora americana isolate CMCC016 ribulose-1,5-bisphosphate carboxylase/oxygenase large subunit (rbcL) gene, partial ",1431,True,1,False,1431,0,0,0,0,True,True
PZ324964,Diatoms,"Skeletonema grevillei strain CNS00443 ribulose-1,5-bisphosphate carboxylase/oxygenase large subunit (rbcL) gene, complet",1473,True,1,False,1473,0,0,0,0,True,True
PZ246810,Diatoms,"Skeletonema menzelii strain CNS01317 ribulose-1,5-bisphosphate carboxylase/oxygenase large subunit (rbcL) gene, complete",1473,True,1,False,1473,0,0,0,0,True,True
PZ246809,Diatoms,"Skeletonema sp. T81661-1 strain CNS01016 ribulose-1,5-bisphosphate carboxylase/oxygenase large subunit (rbcL) gene, comp",1473,True,1,False,1473,0,0,0,0,True,True
PZ246808,Diatoms,"Skeletonema pseudocostatum strain CNS00448 ribulose-1,5-bisphosphate carboxylase/oxygenase large subunit (rbcL) gene, co",1473,True,1,False,1473,0,0,0,0,True,True
PZ246807,Diatoms,"Skeletonema grevillei strain CNS00438 ribulose-1,5-bisphosphate carboxylase/oxygenase large subunit (rbcL) gene, complet",1473,True,1,False,1473,0,0,0,0,True,True
PZ246806,Diatoms,"Skeletonema marinoi strain CNS00100 ribulose-1,5-bisphosphate carboxylase/oxygenase large subunit (rbcL) gene, complete ",1473,True,1,False,1473,0,0,0,0,True,True
PZ246805,Diatoms,"Skeletonema costatum strain CNS00243 ribulose-1,5-bisphosphate carboxylase/oxygenase large subunit (rbcL) gene, complete",1473,True,1,False,1473,0,0,0,0,True,True
PZ246804,Diatoms,"Skeletonema pseudocostatum strain CNS00342 ribulose-1,5-bisphosphate carboxylase/oxygenase large subunit (rbcL) gene, co",1473,True,1,False,1473,0,0,0,0,True,True
PZ246803,Diatoms,"Skeletonema tropicum strain CNS00166 ribulose-1,5-bisphosphate carboxylase/oxygenase large subunit (rbcL) gene, complete",1473,True,1,False,1473,0,0,0,0,True,True
PZ246802,Diatoms,"Skeletonema sp. T81661-2 strain CNS01018 ribulose-1,5-bisphosphate carboxylase/oxygenase large subunit (rbcL) gene, comp",1473,True,1,False,1473,0,0,0,0,True,True
PZ246801,Diatoms,"Skeletonema sp. T81661-2 strain CNS01017 ribulose-1,5-bisphosphate carboxylase/oxygenase large subunit (rbcL) gene, comp",1473,True,1,False,1473,0,0,0,0,True,True
PZ246800,Diatoms,"Skeletonema sp. T81661-2 strain CNS00929 ribulose-1,5-bisphosphate carboxylase/oxygenase large subunit (rbcL) gene, comp",1473,True,1,False,1473,0,0,0,0,True,True
PZ246799,Diatoms,"Skeletonema sp. T81661-2 strain CNS00928 ribulose-1,5-bisphosphate carboxylase/oxygenase large subunit (rbcL) gene, comp",1473,True,1,False,1473,0,0,0,0,True,True
PZ246798,Diatoms,"Skeletonema sp. T81661-2 strain CNS00847 ribulose-1,5-bisphosphate carboxylase/oxygenase large subunit (rbcL) gene, comp",1473,True,1,False,1473,0,0,0,0,True,True
PZ246797,Diatoms,"Skeletonema sp. T81661-2 strain CNS00188 ribulose-1,5-bisphosphate carboxylase/oxygenase large subunit (rbcL) gene, comp",1473,True,1,False,1473,0,0,0,0,True,True
PZ246796,Diatoms,"Skeletonema sp. T81661-2 strain CNS00165 ribulose-1,5-bisphosphate carboxylase/oxygenase large subunit (rbcL) gene, comp",1473,True,1,False,1473,0,0,0,0,True,True
PZ246795,Diatoms,"Skeletonema sp. T81661-2 strain CNS00164 ribulose-1,5-bisphosphate carboxylase/oxygenase large subunit (rbcL) gene, comp",1473,True,1,False,1473,0,0,0,0,True,True
PZ246794,Diatoms,"Skeletonema sp. T81661-2 strain CNS00163 ribulose-1,5-bisphosphate carboxylase/oxygenase large subunit (rbcL) gene, comp",1473,True,1,False,1473,0,0,0,0,True,True
PZ055818,Diatoms,"Lineaperpetua lacustris strain AJA080-04 ribulose-1,5-bisphosphate carboxylase/oxygenase large subunit (rbcL) mRNA, part",1431,True,1,False,1431,0,0,0,0,True,True
PZ055817,Diatoms,"Thalassiosira livingstoniorum strain AJA302-05 ribulose-1,5-bisphosphate carboxylase/oxygenase large subunit (rbcL) mRNA",1473,True,1,False,1473,0,0,0,0,True,True
PV536184,Diatoms,"Nitzschia traheaformis voucher 23.0801-OM ribulose-1,5-bisphosphate carboxylase/oxygenase large subunit (rbcL) gene, par",1445,True,1,False,1443,2,0,0,0,False,True
PV536183,Diatoms,"Nitzschia traheaformis voucher 23.0320-SC ribulose-1,5-bisphosphate carboxylase/oxygenase large subunit (rbcL) gene, par",1433,True,1,False,1431,2,0,0,0,False,True
PV536182,Diatoms,"Nitzschia traheaformis voucher 23.0715-SK ribulose-1,5-bisphosphate carboxylase/oxygenase large subunit (rbcL) gene, par",1445,True,1,False,1443,2,0,0,0,False,True
PV536180,Diatoms,"Nitzschia traheaformis voucher 23.0715-SP ribulose-1,5-bisphosphate carboxylase/oxygenase large subunit (rbcL) gene, par",1445,True,1,False,1443,2,0,0,0,False,True
PV536177,Diatoms,"Nitzschia traheaformis voucher 23.0824-SM ribulose-1,5-bisphosphate carboxylase/oxygenase large subunit (rbcL) gene, par",1445,True,1,False,1443,2,0,0,0,False,True
PV536175,Diatoms,"Nitzschia traheaformis voucher 24.0408-OL1 ribulose-1,5-bisphosphate carboxylase/oxygenase large subunit (rbcL) gene, pa",1445,True,1,False,1443,2,0,0,0,False,True
PV262182,Diatoms,"Climaconeis scalaris isolate 1916 ribulose-1,5-bisphosphate carboxylase/oxygenase large subunit (rbcL) gene, partial cds",1405,True,1,False,1404,1,0,0,0,False,True
PV262181,Diatoms,"Climaconeis scalaris isolate 1914 ribulose-1,5-bisphosphate carboxylase/oxygenase large subunit (rbcL) gene, partial cds",1429,True,1,False,1428,1,0,0,0,False,True
PV262180,Diatoms,"Climaconeis scalaris isolate 1917 ribulose-1,5-bisphosphate carboxylase/oxygenase large subunit (rbcL) gene, partial cds",1429,True,1,False,1428,1,0,0,0,False,True
PV262179,Diatoms,"Climaconeis scalaris isolate 1913 ribulose-1,5-bisphosphate carboxylase/oxygenase large subunit (rbcL) gene, partial cds",1429,True,1,False,1428,1,0,0,0,False,True
PV262178,Diatoms,"Climaconeis scalaris isolate 1912 ribulose-1,5-bisphosphate carboxylase/oxygenase large subunit (rbcL) gene, partial cds",1429,True,1,False,1428,1,0,0,0,False,True
PV262176,Diatoms,"Climaconeis sp. isolate 1910 ribulose-1,5-bisphosphate carboxylase/oxygenase large subunit (rbcL) gene, partial cds; chl",1429,True,1,False,1428,1,0,0,0,False,True
PV262175,Diatoms,"Climaconeis sp. T79660-1 isolate 1920 ribulose-1,5-bisphosphate carboxylase/oxygenase large subunit (rbcL) gene, partial",1429,True,1,False,1428,1,0,0,0,False,True
PV262173,Diatoms,"Climaconeis sp. T79660-1 isolate 1922 ribulose-1,5-bisphosphate carboxylase/oxygenase large subunit (rbcL) gene, partial",1410,True,1,False,1410,0,0,0,0,True,True
PV262172,Diatoms,"Climaconeis sp. T79660-1 isolate 1919 ribulose-1,5-bisphosphate carboxylase/oxygenase large subunit (rbcL) gene, partial",1429,True,1,False,1428,1,0,0,0,False,True
PX921143,Diatoms,"Nitzschia ventricosa strain SZCZE423 ribulose-1,5-bisphosphate carboxylase/oxygenase large subunit (rbcL) gene, partial ",1405,True,1,False,1404,1,0,0,0,False,True
PV941029,Diatoms,"Fragilaria crotonensis isolate Zug ribulose-1,5-bisphosphate carboxylase/oxygenase large subunit (rbcL) gene, partial cd",1453,True,2,False,1413,1,41,0,0,False,True
PV941028,Diatoms,"Fragilaria crotonensis isolate Zurich ribulose-1,5-bisphosphate carboxylase/oxygenase large subunit (rbcL) gene, partial",1453,True,2,False,1413,1,41,0,0,False,True
PV941027,Diatoms,"Fragilaria crotonensis isolate Walen ribulose-1,5-bisphosphate carboxylase/oxygenase large subunit (rbcL) gene, partial ",1453,True,2,False,1413,1,41,0,0,False,True
PV941026,Diatoms,"Fragilaria crotonensis isolate Lucerne ribulose-1,5-bisphosphate carboxylase/oxygenase large subunit (rbcL) gene, partia",1453,True,2,False,1413,1,43,0,0,False,True
PV941025,Diatoms,"Fragilaria crotonensis isolate Seealp ribulose-1,5-bisphosphate carboxylase/oxygenase large subunit (rbcL) gene, partial",1453,True,2,False,1413,1,41,0,0,False,True
PV941024,Diatoms,"Fragilaria crotonensis isolate Maggiore ribulose-1,5-bisphosphate carboxylase/oxygenase large subunit (rbcL) gene, parti",1453,True,2,False,1413,1,41,0,0,False,True
PV941023,Diatoms,"Fragilaria crotonensis isolate Constance ribulose-1,5-bisphosphate carboxylase/oxygenase large subunit (rbcL) gene, part",1453,True,2,False,1413,1,41,0,0,False,True
PV941022,Diatoms,"Fragilaria crotonensis isolate Aegeri ribulose-1,5-bisphosphate carboxylase/oxygenase large subunit (rbcL) gene, partial",1453,True,2,False,1413,1,41,0,0,False,True
LC877221,Diatoms,"Epithemia fragarioides N-5D chloroplast rbcL gene for ribulose-1,5-bisphosphate carboxylase/oxygenase large subunit, par",1440,True,1,False,1437,0,1,0,0,False,True
PP708880,Diatoms,"Stauroneis edaphica voucher VLA-CA-265 ribulose-1,5-bisphosphate carboxylase/oxygenase large subunit (rbcL) gene, partia",1432,True,3,False,1428,1,42,0,0,False,True
PP708879,Diatoms,"Stauroneis urbani voucher VLA-CA-264 ribulose-1,5-bisphosphate carboxylase/oxygenase large subunit (rbcL) gene, partial ",1472,True,1,False,1470,2,0,0,0,False,True
PX715224,Diatoms,"Thalassiosira profunda isolate RCC5928 ribulose-1,5-bisphosphate carboxylase/oxygenase large subunit (rbcL) gene, comple",1473,True,1,False,1473,0,0,0,0,True,True
PX715223,Diatoms,"Thalassiosira profunda isolate RCC5925 ribulose-1,5-bisphosphate carboxylase/oxygenase large subunit (rbcL) gene, comple",1473,True,1,False,1473,0,0,0,0,True,True
PX715222,Diatoms,"Thalassiosira profunda isolate RCC5885 ribulose-1,5-bisphosphate carboxylase/oxygenase large subunit (rbcL) gene, comple",1473,True,1,False,1473,0,0,0,0,True,True
PX715221,Diatoms,"Thalassiosira profunda isolate RCC5884 ribulose-1,5-bisphosphate carboxylase/oxygenase large subunit (rbcL) gene, comple",1473,True,1,False,1473,0,0,0,0,True,True
PX715220,Diatoms,"Thalassiosira profunda isolate RCC5883 ribulose-1,5-bisphosphate carboxylase/oxygenase large subunit (rbcL) gene, comple",1473,True,1,False,1473,0,0,0,0,True,True
PX715219,Diatoms,"Thalassiosira profunda isolate CCMP3702 ribulose-1,5-bisphosphate carboxylase/oxygenase large subunit (rbcL) gene, compl",1473,True,1,False,1473,0,0,0,0,True,True
PX715218,Diatoms,"Thalassiosira profunda isolate CCMP3701 ribulose-1,5-bisphosphate carboxylase/oxygenase large subunit (rbcL) gene, compl",1473,True,1,False,1473,0,0,0,0,True,True
PX715217,Diatoms,"Thalassiosira profunda isolate CCMP3700 ribulose-1,5-bisphosphate carboxylase/oxygenase large subunit (rbcL) gene, compl",1473,True,1,False,1473,0,0,0,0,True,True
PX715216,Diatoms,"Thalassiosira mediterranea isolate CCMP3683 ribulose-1,5-bisphosphate carboxylase/oxygenase large subunit (rbcL) gene, c",1473,True,1,False,1473,0,0,0,0,True,True
PX115212,Diatoms,"Rhopalodia californica strain 22MatA01 ribulose-1,5-bisphosphate carboxylase/oxygenase large subunit (rbcL) gene, comple",1473,True,1,False,1473,0,0,0,0,True,True
PX115209,Diatoms,"Rhopalodia californica strain 22EEL08 ribulose-1,5-bisphosphate carboxylase/oxygenase large subunit (rbcL) gene, complet",1473,True,1,False,1473,0,0,0,0,True,True
PV765887,Diatoms,"Rhopalodia sterrenburgii strain 24JT4A ribulose-1,5-bisphosphate carboxylase/oxygenase large subunit (rbcL) gene, comple",1473,True,1,False,1473,0,0,0,0,True,True
LC887836,Diatoms,"Nitzschia navis-varingica PNB_19-01 chloroplast rbcL gene for ribulose bisphosphate carboxylase large chain, partial cds",1426,True,2,False,1422,1,42,0,0,False,True
PX055689,Diatoms,"Licmophora paradoxa strain IMB_LP24 ribulose-1,5-bisphosphate carboxylase/oxygenase large subunit (rbcL) gene, complete ",1473,True,1,False,1473,0,0,0,0,True,True
PV796391,Diatoms,"Grunowia sinuata strain CMCC003 ribulose-1,5-bisphosphate carboxylase/oxygenase large subunit (rbcL) gene, partial cds; ",1419,True,1,False,1419,0,0,0,0,True,True
PV796390,Diatoms,"Denticula kuetzingii strain JPK9144-Dent1 ribulose-1,5-bisphosphate carboxylase/oxygenase large subunit (rbcL) gene, par",1422,True,1,False,1422,0,0,0,0,True,True
PV796389,Diatoms,"Denticula kuetzingii strain CMCC021 ribulose-1,5-bisphosphate carboxylase/oxygenase large subunit (rbcL) gene, partial c",1429,True,1,False,1428,1,0,0,0,False,True
PV796387,Diatoms,"Denticula valida strain JPK8535-Dent3208 ribulose-1,5-bisphosphate carboxylase/oxygenase large subunit (rbcL) gene, part",1431,True,1,False,1431,0,0,0,0,True,True
PP316552,Diatoms,"Luticola permuticoides strain VCA-263 ribulose-1,5-bisphosphate carboxylase/oxygenase large subunit (rbcL) gene, partial",1422,True,2,False,1419,0,37,0,0,False,True
PP316551,Diatoms,"Luticola sparsipunctata strain VCA-262 ribulose-1,5-bisphosphate carboxylase/oxygenase large subunit (rbcL) gene, partia",1429,True,2,False,1428,1,38,0,0,False,True
PP316550,Diatoms,"Luticola ectorii strain VCA-261 ribulose-1,5-bisphosphate carboxylase/oxygenase large subunit (rbcL) gene, partial cds; ",1429,True,2,False,1428,1,39,0,0,False,True
PQ541095,Diatoms,"Ulnaria danica strain ChZ519 ribulose-1,5-bisphosphate carboxylase/oxygenase large subunit (rbcL) gene, partial cds; chl",1440,True,1,False,1425,0,2,0,0,False,True
PQ541094,Diatoms,"Ulnaria ulna strain G.21.0309-OE-8 ribulose-1,5-bisphosphate carboxylase/oxygenase large subunit (rbcL) gene, partial cd",1445,True,3,False,1434,2,46,0,0,False,True
PQ541093,Diatoms,"Ulnaria ulna strain R.21.0309-OQ-6 ribulose-1,5-bisphosphate carboxylase/oxygenase large subunit (rbcL) gene, partial cd",1453,True,2,False,1437,1,43,0,0,False,True
PQ541092,Diatoms,"Ulnaria danica strain 5KH561 ribulose-1,5-bisphosphate carboxylase/oxygenase large subunit (rbcL) gene, partial cds; chl",1447,True,3,False,1434,1,46,0,0,False,True
PQ541091,Diatoms,"Ulnaria danica strain BZ261 ribulose-1,5-bisphosphate carboxylase/oxygenase large subunit (rbcL) gene, partial cds; chlo",1453,True,1,False,1434,1,2,0,0,False,True
PQ541090,Diatoms,"Fragilaria radians strain ACH275 ribulose-1,5-bisphosphate carboxylase/oxygenase large subunit (rbcL) gene, partial cds;",1444,True,2,False,1425,1,38,0,0,False,True
PQ541089,Diatoms,"Ulnaria danica strain R.21.0309-OI-9 ribulose-1,5-bisphosphate carboxylase/oxygenase large subunit (rbcL) gene, partial ",1468,True,2,False,1440,1,43,0,0,False,True
PQ541088,Diatoms,"Ulnaria acus strain G.21.0309-OC-3 ribulose-1,5-bisphosphate carboxylase/oxygenase large subunit (rbcL) gene, partial cd",1447,True,3,False,1434,1,46,0,0,False,True
AB430672,Diatoms,"Asteroplanus karianus chloroplast rbcL gene for ribulose 1,5-bisphosphate carboxylase/oxygenase large subunit, partial c",1428,True,1,False,1428,0,0,0,0,True,True
PP861151,Diatoms,"Actinocyclus sp. (in: diatoms) isolate Ak2069 ribulose-1,5-bisphosphate carboxylase/oxygenase large subunit (rbcL) gene,",1444,True,3,False,1434,1,39,0,0,False,True
PP861150,Diatoms,"Actinocyclus sp. (in: diatoms) isolate Ak2071 ribulose-1,5-bisphosphate carboxylase/oxygenase large subunit (rbcL) gene,",1444,True,3,False,1434,1,39,0,0,False,True
PV191312,Diatoms,"Phaeodactylum tricornutum strain 2001 ribulose-1,5-bisphosphate carboxylase/oxygenase large subunit (rbcL) gene, partial",1440,True,2,False,1437,0,44,0,0,False,True
PP240674,Diatoms,"Nitzschia siwaschica voucher 22.0622-OQ ribulose-1,5-bisphosphate carboxylase/oxygenase large subunit (rbcL) gene, parti",1410,True,1,False,1410,0,0,0,0,True,True
PP240673,Diatoms,"Nitzschia siwaschica voucher 22.0622-OP ribulose-1,5-bisphosphate carboxylase/oxygenase large subunit (rbcL) gene, parti",1410,True,1,False,1410,0,0,0,0,True,True
PP240672,Diatoms,"Nitzschia siwaschica voucher 22.0622-OA ribulose-1,5-bisphosphate carboxylase/oxygenase large subunit (rbcL) gene, parti",1410,True,1,False,1410,0,0,0,0,True,True
PP240671,Diatoms,"Nitzschia siwaschica voucher 22.0622-OR ribulose-1,5-bisphosphate carboxylase/oxygenase large subunit (rbcL) gene, parti",1410,True,1,False,1410,0,0,0,0,True,True
OR935818,Diatoms,"Achnanthidium minutissimum strain KH256 ribulose-1,5-bisphosphate carboxylase/oxygenase large subunit (rbcL) gene, parti",1406,True,3,False,1404,2,42,0,0,False,True
OR935816,Diatoms,"Nitzschia graciliformis strain BK576 ribulose-1,5-bisphosphate carboxylase/oxygenase large subunit (rbcL) gene, partial ",1419,True,2,False,1416,0,39,0,0,False,True
OR935814,Diatoms,"Nitzschia sp. (in: diatoms) strain L335 ribulose-1,5-bisphosphate carboxylase/oxygenase large subunit (rbcL) gene, parti",1416,True,1,False,1416,0,0,0,0,True,True
OR935813,Diatoms,"Fragilaria sp. strain CHZ555 ribulose-1,5-bisphosphate carboxylase/oxygenase large subunit (rbcL) gene, partial cds; chl",1436,True,1,False,1434,2,0,0,0,False,True
OR935811,Diatoms,"Achnanthidium sp. strain Ov456 ribulose-1,5-bisphosphate carboxylase/oxygenase large subunit (rbcL) gene, partial cds; c",1409,True,3,False,1407,2,42,0,0,False,True
OR935810,Diatoms,"Asterionella formosa strain 3D621 ribulose-1,5-bisphosphate carboxylase/oxygenase large subunit (rbcL) gene, partial cds",1423,True,1,False,1419,1,1,0,0,False,True
PP002096,Diatoms,"Encyonema simile strain VCA-258 ribulose-1,5-bisphosphate carboxylase/oxygenase large subunit (rbcL) gene, partial cds; ",1436,True,1,False,1434,2,0,0,0,False,True
PP002095,Diatoms,"Sellaphora mongolica strain VCA-257 ribulose-1,5-bisphosphate carboxylase/oxygenase large subunit (rbcL) gene, partial c",1442,True,1,False,1440,2,0,0,0,False,True
OR326855,Diatoms,"Hantzschia calcifuga strain VCA-250 ribulose-1,5-bisphosphate carboxylase/oxygenase large subunit (rbcL) gene, partial c",1439,True,1,False,1437,2,0,0,0,False,True
OR326854,Diatoms,"Sellaphora atomoides strain VCA-249 ribulose-1,5-bisphosphate carboxylase/oxygenase large subunit (rbcL) gene, partial c",1423,True,3,False,1419,1,37,0,0,False,True
LC822801,Diatoms,"Gomphonemopsis novo-zelandicum YS0006 chloroplast rbcL gene for ribulose-1,5-bisphosphate carboxylase/oxygenase large su",1460,True,3,False,1458,2,39,0,0,False,True
LC822800,Diatoms,"Gomphonemopsis novo-zelandicum YS0001 chloroplast rbcL gene for ribulose-1,5-bisphosphate carboxylase/oxygenase large su",1460,True,3,False,1458,2,39,0,0,False,True
LC822799,Diatoms,"Gomphonemopsis sp. YS0028 chloroplast rbcL gene for ribulose-1,5-bisphosphate carboxylase/oxygenase large subunit, parti",1460,True,3,False,1458,2,39,0,0,False,True
LC822798,Diatoms,"Gomphonemopsis sp. YS0027 chloroplast rbcL gene for ribulose-1,5-bisphosphate carboxylase/oxygenase large subunit, parti",1460,True,3,False,1458,2,39,0,0,False,True
LC822797,Diatoms,"Gomphonemopsis sp. YS0025 chloroplast rbcL gene for ribulose-1,5-bisphosphate carboxylase/oxygenase large subunit, parti",1460,True,3,False,1458,2,39,0,0,False,True
LC822796,Diatoms,"Gomphonemopsis sp. YS0022 chloroplast rbcL gene for ribulose-1,5-bisphosphate carboxylase/oxygenase large subunit, parti",1460,True,3,False,1458,2,39,0,0,False,True
LC822795,Diatoms,"Gomphonemopsis sp. YS0017 chloroplast rbcL gene for ribulose-1,5-bisphosphate carboxylase/oxygenase large subunit, parti",1460,True,3,False,1458,2,39,0,0,False,True
LC822794,Diatoms,"Gomphonemopsis sp. YS0012 chloroplast rbcL gene for ribulose-1,5-bisphosphate carboxylase/oxygenase large subunit, parti",1452,True,1,False,1452,0,0,0,0,True,True
OR545511,Diatoms,"Achnanthidium obscurum strain B722 ribulose-1,5-bisphosphate carboxylase/oxygenase large subunit (rbcL) gene, partial cd",1431,True,1,False,1431,0,0,0,0,True,True
OR545509,Diatoms,"Achnanthidium angustum strain B522 ribulose-1,5-bisphosphate carboxylase/oxygenase large subunit (rbcL) gene, partial cd",1428,True,1,False,1428,0,0,0,0,True,True
ON736839,Diatoms,"Halamphora adumbratoides voucher CIBA 160 ribulose-1,5-bisphosphate carboxylase/oxygenase large subunit (rbcL) gene, par",1444,True,3,False,1437,1,40,0,0,False,True
MH670406,Diatoms,"Pinnularia lacustrigibba strain PIN19Cra ribulose-1,5-bisphosphate carboxylase/oxygenase large subunit (rbcL) gene, part",1464,True,1,False,1464,0,0,0,0,True,True
PP724760,Diatoms,"Pseudo-nitzschia galaxiae isolate P2D4 ribulose-1,5-bisphosphate carboxylase/oxygenase large subunit (rbcL) gene, partia",1410,True,2,False,1407,0,40,0,0,False,True
LC753170,Diatoms,"Falcula sp. 1-KS-2020 SK001 chloroplast rbcL gene for ribulose-1,5-bisphosphate carboxylase/oxygenase large subunit, par",1460,True,3,False,1458,2,40,0,0,False,True
LC753169,Diatoms,"Falcula media SC06 chloroplast rbcL gene for ribulose-1,5-bisphosphate carboxylase/oxygenase large subunit, partial cds",1445,True,3,False,1443,2,39,0,0,False,True
MW562873,Diatoms,"Epithemia pelagica strain UHM3204 ribulose-1,5-bisphosphate carboxylase/oxygenase large subunit (rbcL) gene, partial cds",1492,True,3,False,1458,1,42,0,0,False,True
MW562872,Diatoms,"Epithemia pelagica strain UHM3203 ribulose-1,5-bisphosphate carboxylase/oxygenase large subunit (rbcL) gene, partial cds",1492,True,3,False,1458,1,42,0,0,False,True
MW562871,Diatoms,"Epithemia pelagica strain UHM3202 ribulose-1,5-bisphosphate carboxylase/oxygenase large subunit (rbcL) gene, partial cds",1492,True,3,False,1458,1,42,0,0,False,True
MW562870,Diatoms,"Epithemia pelagica strain UHM3201 ribulose-1,5-bisphosphate carboxylase/oxygenase large subunit (rbcL) gene, partial cds",1492,True,3,False,1458,1,42,0,0,False,True
MW562869,Diatoms,"Epithemia pelagica strain UHM3200 ribulose-1,5-bisphosphate carboxylase/oxygenase large subunit (rbcL) gene, partial cds",1492,True,3,False,1458,1,42,0,0,False,True
MW562868,Diatoms,"Epithemia catenata strain UHM3211 ribulose-1,5-bisphosphate carboxylase/oxygenase large subunit (rbcL) gene, partial cds",1491,True,3,False,1458,0,39,0,0,False,True
MW562867,Diatoms,"Epithemia catenata strain UHM3210 ribulose-1,5-bisphosphate carboxylase/oxygenase large subunit (rbcL) gene, partial cds",1491,True,3,False,1458,0,39,0,0,False,True
OP548122,Diatoms,"Germainiella sp. strain BB1-6 C3 ribulose-1,5-bisphosphate carboxylase/oxygenase large subunit (rbcL) gene, partial cds;",1441,True,3,False,1434,1,41,0,0,False,True
OP548121,Diatoms,"Germainiella sp. strain BB1-4 E51 ribulose-1,5-bisphosphate carboxylase/oxygenase large subunit (rbcL) gene, partial cds",1441,True,3,False,1434,1,41,0,0,False,True
OR359397,Diatoms,"Nanofrustulum shiloi ribulose-1,5-bisphosphate carboxylase/oxygenase large subunit (rbcL) gene, partial cds; chloroplast",1419,True,3,False,1416,0,39,0,0,False,True
OQ948421,Diatoms,"Cylindrotheca closterium strain CA1.15 ribulose-1,5-bisphosphate carboxylase/oxygenase large subunit (rbcL) gene, partia",1408,True,1,False,1401,1,2,0,0,False,True
LC726300,Diatoms,"Nagumoea serrata SK053 chloroplast rbcL gene for ribulose-1,5-bisphosphate carboxylase/oxygenase large subunit, partial ",1445,True,3,False,1443,2,43,0,0,False,True
LC726299,Diatoms,"Nagumoea africana SK024 chloroplast rbcL gene for ribulose-1,5-bisphosphate carboxylase/oxygenase large subunit, partial",1460,True,3,False,1458,2,41,0,0,False,True
LC726298,Diatoms,"Nagumoea africana SK002 chloroplast rbcL gene for ribulose-1,5-bisphosphate carboxylase/oxygenase large subunit, partial",1460,True,3,False,1458,2,40,0,0,False,True
LC746289,Diatoms,"Hantzschia sp. IRTACC126 chloroplast rbcL gene for ribulose-1,5-bisphosphate carboxylase/oxygenase large subunit, comple",1473,True,1,False,1473,0,0,0,0,True,True
ON137728,Diatoms,"Halamphora sp. SMAn-2022b isolate HP13005 ribulose-1,5-bisphosphate carboxylase/oxygenase large subunit (rbcL) gene, par",1429,True,3,False,1425,1,41,0,0,False,True
ON137727,Diatoms,"Halamphora sp. SMAn-2022a isolate HP22002 ribulose-1,5-bisphosphate carboxylase/oxygenase large subunit (rbcL) gene, par",1424,True,1,False,1422,2,0,0,0,False,True
OP419762,Diatoms,"Ulnaria acus strain LAB56 ribulose-1,5-bisphosphate carboxylase/oxygenase large subunit (rbcL) gene, partial cds; chloro",1452,True,2,False,1434,0,41,0,0,False,True
OP419760,Diatoms,"Ulnaria acus strain BZ15 ribulose-1,5-bisphosphate carboxylase/oxygenase large subunit (rbcL) gene, partial cds; chlorop",1427,True,1,False,1410,2,2,0,0,False,True
OP169217,Diatoms,"Ulnaria acus strain 0.0319-YB Hybrid ribulose-1,5-bisphosphate carboxylase/oxygenase large subunit (rbcL) gene, partial ",1443,True,3,False,1431,0,47,0,0,False,True
OP169216,Diatoms,"Ulnaria acus strain 0.0228-B Hybrid ribulose-1,5-bisphosphate carboxylase/oxygenase large subunit (rbcL) gene, partial c",1445,True,2,False,1434,2,43,0,0,False,True
OP169215,Diatoms,"Ulnaria acus strain 0.0228-YD Hybrid ribulose-1,5-bisphosphate carboxylase/oxygenase large subunit (rbcL) gene, partial ",1445,True,2,False,1434,2,43,0,0,False,True
OP169214,Diatoms,"Ulnaria acus strain 5.1015-C ribulose-1,5-bisphosphate carboxylase/oxygenase large subunit (rbcL) gene, partial cds; chl",1445,True,2,False,1434,2,43,0,0,False,True
OP169213,Diatoms,"Ulnaria acus strain 5.0903-F ribulose-1,5-bisphosphate carboxylase/oxygenase large subunit (rbcL) gene, partial cds; chl",1443,True,3,False,1431,0,47,0,0,False,True
OP169212,Diatoms,"Ulnaria acus strain 5.0903-A ribulose-1,5-bisphosphate carboxylase/oxygenase large subunit (rbcL) gene, partial cds; chl",1443,True,3,False,1431,0,47,0,0,False,True
OP169211,Diatoms,"Ulnaria acus strain 5.0277-F ribulose-1,5-bisphosphate carboxylase/oxygenase large subunit (rbcL) gene, partial cds; chl",1443,True,3,False,1431,0,47,0,0,False,True
OP169210,Diatoms,"Ulnaria acus strain 5.0227-E ribulose-1,5-bisphosphate carboxylase/oxygenase large subunit (rbcL) gene, partial cds; chl",1443,True,3,False,1431,0,47,0,0,False,True
OP169209,Diatoms,"Ulnaria acus strain Ax280 ribulose-1,5-bisphosphate carboxylase/oxygenase large subunit (rbcL) gene, partial cds; chloro",1445,True,2,False,1434,2,43,0,0,False,True
OP169208,Diatoms,"Ulnaria acus strain AxA6 ribulose-1,5-bisphosphate carboxylase/oxygenase large subunit (rbcL) gene, partial cds; chlorop",1445,True,2,False,1434,2,43,0,0,False,True
OP169207,Diatoms,"Ulnaria danica strain CHZ442 ribulose-1,5-bisphosphate carboxylase/oxygenase large subunit (rbcL) gene, partial cds; chl",1440,True,3,False,1428,0,46,0,0,False,True
OP169206,Diatoms,"Ulnaria acus strain 3B357 ribulose-1,5-bisphosphate carboxylase/oxygenase large subunit (rbcL) gene, partial cds; chloro",1437,True,3,False,1431,0,47,0,0,False,True
OP169205,Diatoms,"Ulnaria acus strain 3B355 ribulose-1,5-bisphosphate carboxylase/oxygenase large subunit (rbcL) gene, partial cds; chloro",1438,True,2,False,1431,1,42,0,0,False,True
OP169204,Diatoms,"Ulnaria acus strain ACH112 ribulose-1,5-bisphosphate carboxylase/oxygenase large subunit (rbcL) gene, partial cds; chlor",1444,True,1,False,1434,1,2,0,0,False,True
OP169203,Diatoms,"Fragilaria radians strain ACH111 ribulose-1,5-bisphosphate carboxylase/oxygenase large subunit (rbcL) gene, partial cds;",1444,True,1,False,1434,1,2,0,0,False,True
OP169202,Diatoms,"Fragilaria radians strain MM246 ribulose-1,5-bisphosphate carboxylase/oxygenase large subunit (rbcL) gene, partial cds; ",1444,True,1,False,1434,1,2,0,0,False,True
OP169201,Diatoms,"Fragilaria radians strain MM245 ribulose-1,5-bisphosphate carboxylase/oxygenase large subunit (rbcL) gene, partial cds; ",1434,True,3,False,1425,0,46,0,0,False,True
LC819392,Dinoflagellates,"Kapelodiniaceae sp. 1-KT-2024 UrKp565 chloroplast rbcL, rbcS genes for ribulose-1,5-bisphosphate carboxylase/oxygenase l",1461,True,1,False,1380,0,4,0,0,False,True
OP237583,Eudicots,"Suaeda paradoxa isolate p5-1 ribulose-1,5-bisphosphate carboxylase/oxygenase large subunit (rbcL) gene, complete cds; ch",1428,True,1,False,1428,0,0,0,0,True,True
OP237582,Eudicots,"Suaeda linifolia isolate p4-1 ribulose-1,5-bisphosphate carboxylase/oxygenase large subunit (rbcL) gene, complete cds; c",1428,True,1,False,1428,0,0,0,0,True,True
OP237581,Eudicots,"Kalidium foliatum isolate p3-1 ribulose-1,5-bisphosphate carboxylase/oxygenase large subunit (rbcL) gene, complete cds; ",1428,True,1,False,1428,0,0,0,0,True,True
OR820761,Eudicots,"Ficus benjamina voucher ABANERJEE79952a ribulose-1,5-bisphosphate carboxylase/oxygenase large subunit (rbcL) gene, parti",1415,True,1,False,1413,2,0,0,0,False,True
OR820760,Eudicots,"Ficus benjamina voucher ABANERJEE79952 ribulose-1,5-bisphosphate carboxylase/oxygenase large subunit (rbcL) gene, partia",1404,True,1,False,1404,0,0,0,0,True,True
OR820758,Eudicots,"Exbucklandia populnea voucher ABANERJEE74954 ribulose-1,5-bisphosphate carboxylase/oxygenase large subunit (rbcL) gene, ",1407,True,1,False,1407,0,0,0,0,True,True
PX744324,Eudicots,"UNVERIFIED: Angelica czernaevia voucher CPG74437 rbcL gene, partial sequence; chloroplast",1428,False,0,True,1428,0,0,0,0,True,True
PX744323,Eudicots,"UNVERIFIED: Stilbanthus scandens voucher CPG43833 rbcL gene, partial sequence; chloroplast",1428,False,0,True,1428,0,0,0,0,True,True
PX744322,Eudicots,"UNVERIFIED: Allmania nodiflora voucher CPG43832 rbcL gene, partial sequence; chloroplast",1428,False,0,True,1428,0,0,0,0,True,True
PX744321,Eudicots,"UNVERIFIED: Searsia paniculata voucher CPG43831 rbcL gene, partial sequence; chloroplast",1428,False,0,True,1428,0,0,0,0,True,True
PX744320,Eudicots,"UNVERIFIED: Latouchea fokienensis voucher CPG43827 rbcL gene, partial sequence; chloroplast",1464,False,0,True,1464,0,0,0,0,True,True
PX744319,Eudicots,"UNVERIFIED: Heteroplexis microcephala voucher CPG43826 rbcL gene, partial sequence; chloroplast",1479,False,0,True,1479,0,0,0,0,True,True
PX744318,Eudicots,"UNVERIFIED: Dicercoclados triplinervis voucher CPG43825 rbcL gene, partial sequence; chloroplast",1479,False,0,True,1479,0,0,0,0,True,True
PX744317,Eudicots,"UNVERIFIED: Dolichopetalum kwangsiense voucher CPG43822 rbcL gene, partial sequence; chloroplast",1428,False,0,True,1428,0,0,0,0,True,True
PX744316,Eudicots,"UNVERIFIED: Paralamium griffithii voucher CPG43820 rbcL gene, partial sequence; chloroplast",1473,False,0,True,1473,0,0,0,0,True,True
PX744315,Eudicots,"UNVERIFIED: Platostoma hispidum voucher CPG43818 rbcL gene, partial sequence; chloroplast",1455,False,0,True,1455,0,0,0,0,True,True
PX744314,Eudicots,"UNVERIFIED: Vincetoxicum auritum voucher CPG43823 rbcL gene, partial sequence; chloroplast",1428,False,0,True,1428,0,0,0,0,True,True
PX744313,Eudicots,"UNVERIFIED: Urariopsis brevissima voucher CPG43821 rbcL gene, partial sequence; chloroplast",1428,False,0,True,1428,0,0,0,0,True,True
PX744311,Eudicots,"UNVERIFIED: Baolia bracteata voucher CPG41494 rbcL gene, partial sequence; chloroplast",1428,False,0,True,1428,0,0,0,0,True,True
PX744310,Eudicots,"UNVERIFIED: Kungia aliciae voucher CPG41473 rbcL gene, partial sequence; chloroplast",1428,False,0,True,1428,0,0,0,0,True,True
PX744309,Eudicots,"UNVERIFIED: Lonicera oblata voucher CPG63213 rbcL gene, partial sequence; chloroplast",1428,False,0,True,1428,0,0,0,0,True,True
PX744308,Eudicots,"UNVERIFIED: Lonicera kawakamii voucher CPG10265 rbcL gene, partial sequence; chloroplast",1428,False,0,True,1428,0,0,0,0,True,True
PX744307,Eudicots,"UNVERIFIED: Dipsacus chinensis voucher CPG01147 rbcL gene, partial sequence; chloroplast",1449,False,0,True,1449,0,0,0,0,True,True
PX744306,Eudicots,"UNVERIFIED: Seselopsis tianschanica voucher CPG73162 rbcL gene, partial sequence; chloroplast",1428,False,0,True,1428,0,0,0,0,True,True
PX744305,Eudicots,"UNVERIFIED: Hyalolaena bupleuroides voucher CPG73145 rbcL gene, partial sequence; chloroplast",1428,False,0,True,1428,0,0,0,0,True,True
PX744304,Eudicots,"UNVERIFIED: Sanicula serrata voucher CPG61839 rbcL gene, partial sequence; chloroplast",1428,False,0,True,1428,0,0,0,0,True,True
PX744303,Eudicots,"UNVERIFIED: Cyclorhiza peucedanifolia voucher CPG24051 rbcL gene, partial sequence; chloroplast",1428,False,0,True,1428,0,0,0,0,True,True
PX744302,Eudicots,"UNVERIFIED: Tongoloa dunnii voucher CPG23286 rbcL gene, partial sequence; chloroplast",1428,False,0,True,1428,0,0,0,0,True,True
PX744301,Eudicots,"UNVERIFIED: Peucedanum henryi voucher CPG23217 rbcL gene, partial sequence; chloroplast",1428,False,0,True,1428,0,0,0,0,True,True
PX744300,Eudicots,"UNVERIFIED: Hymenidium decurrens voucher CPG15944 rbcL gene, partial sequence; chloroplast",1428,False,0,True,1428,0,0,0,0,True,True
PX744299,Eudicots,"UNVERIFIED: Acronema commutatum voucher CPG15922 rbcL gene, partial sequence; chloroplast",1428,False,0,True,1428,0,0,0,0,True,True
PX744298,Eudicots,"UNVERIFIED: Angelica morrisonicola voucher CPG10203 rbcL gene, partial sequence; chloroplast",1428,False,0,True,1428,0,0,0,0,True,True
PX744297,Eudicots,"UNVERIFIED: Aralia yunnanensis voucher CPG14724 rbcL gene, partial sequence; chloroplast",1428,False,0,True,1428,0,0,0,0,True,True
PX744296,Eudicots,"UNVERIFIED: Pittosporum heterophyllum voucher CPG14429 rbcL gene, partial sequence; chloroplast",1428,False,0,True,1428,0,0,0,0,True,True
PX744295,Eudicots,"UNVERIFIED: Pittosporum truncatum voucher CPG04628 rbcL gene, partial sequence; chloroplast",1428,False,0,True,1428,0,0,0,0,True,True
PX744294,Eudicots,"UNVERIFIED: Pittosporum elevaticostatum voucher CPG04434 rbcL gene, partial sequence; chloroplast",1428,False,0,True,1428,0,0,0,0,True,True
PX744293,Eudicots,"UNVERIFIED: Rhinactinidia limoniifolia voucher CPG73042 rbcL gene, partial sequence; chloroplast",1479,False,0,True,1479,0,0,0,0,True,True
PX744292,Eudicots,"UNVERIFIED: Richteria pyrethroides voucher CPG72200 rbcL gene, partial sequence; chloroplast",1479,False,0,True,1479,0,0,0,0,True,True
PX744291,Eudicots,"UNVERIFIED: Epilasia acrolasia voucher CPG72093 rbcL gene, partial sequence; chloroplast",1449,False,0,True,1449,0,0,0,0,True,True
PX744290,Eudicots,"UNVERIFIED: Saussurea veitchiana voucher CPG65756 rbcL gene, partial sequence; chloroplast",1452,False,0,False,0,0,1,-1,-1,False,False
PX744289,Eudicots,"UNVERIFIED: Saussurea tunglingensis voucher CPG65457 rbcL gene, partial sequence; chloroplast",1452,False,0,False,0,0,1,-1,-1,False,False
PX744288,Eudicots,"UNVERIFIED: Cirsium viridifolium voucher CPG65455 rbcL gene, partial sequence; chloroplast",1431,False,0,False,0,0,6,-1,-1,False,False
PX744287,Eudicots,"UNVERIFIED: Echinops pseudosetifer voucher CPG65394 rbcL gene, partial sequence; chloroplast",1449,False,0,True,1449,0,0,0,0,True,True
PX744286,Eudicots,"UNVERIFIED: Saussurea macrota voucher CPG65332 rbcL gene, partial sequence; chloroplast",1452,False,0,False,0,0,1,-1,-1,False,False
PX744285,Eudicots,"UNVERIFIED: Saussurea taipaiensis voucher CPG65294 rbcL gene, partial sequence; chloroplast",1452,False,0,False,0,0,1,-1,-1,False,False
PX744284,Eudicots,"UNVERIFIED: Saussurea sobarocephala voucher CPG65246 rbcL gene, partial sequence; chloroplast",1452,False,0,False,0,0,1,-1,-1,False,False
PX744283,Eudicots,"UNVERIFIED: Saussurea licentiana voucher CPG65236 rbcL gene, partial sequence; chloroplast",1452,False,0,False,0,0,1,-1,-1,False,False
PX744282,Eudicots,"UNVERIFIED: Saussurea pectinata voucher CPG65151 rbcL gene, partial sequence; chloroplast",1452,False,0,False,0,0,1,-1,-1,False,False
PX744281,Eudicots,"UNVERIFIED: Chrysanthemum potentilloides voucher CPG65062 rbcL gene, partial sequence; chloroplast",1425,False,0,True,1425,0,0,0,0,True,True
PX744280,Eudicots,"UNVERIFIED: Senecio liangshanensis voucher CPG64408 rbcL gene, partial sequence; chloroplast",1479,False,0,True,1479,0,0,0,0,True,True
PX744279,Eudicots,"UNVERIFIED: Anaphalis delavayi voucher CPG64340 rbcL gene, partial sequence; chloroplast",1479,False,0,True,1479,0,0,0,0,True,True
PX744278,Eudicots,"UNVERIFIED: Ligularia stenoglossa voucher CPG64307 rbcL gene, partial sequence; chloroplast",1479,False,0,True,1479,0,0,0,0,True,True
PX744277,Eudicots,"UNVERIFIED: Senecio nodiflorus voucher CPG64043 rbcL gene, partial sequence; chloroplast",1479,False,0,True,1479,0,0,0,0,True,True
PX744276,Eudicots,"UNVERIFIED: Ligularia myriocephala voucher CPG63947 rbcL gene, partial sequence; chloroplast",1479,False,0,True,1479,0,0,0,0,True,True
PX744275,Eudicots,"UNVERIFIED: Senecio lingianus voucher CPG63945 rbcL gene, partial sequence; chloroplast",1479,False,0,True,1479,0,0,0,0,True,True
PX744274,Eudicots,"UNVERIFIED: Cremanthodium rhodocephalum voucher CPG63911 rbcL gene, partial sequence; chloroplast",1479,False,0,True,1479,0,0,0,0,True,True
PX744273,Eudicots,"UNVERIFIED: Saussurea sylvatica voucher CPG63671 rbcL gene, partial sequence; chloroplast",1452,False,0,False,0,0,1,-1,-1,False,False
PX744272,Eudicots,"UNVERIFIED: Anaphalis hancockii voucher CPG63637 rbcL gene, partial sequence; chloroplast",1479,False,0,True,1479,0,0,0,0,True,True
PX744271,Eudicots,"UNVERIFIED: Ligularia xanthotricha voucher CPG63578 rbcL gene, partial sequence; chloroplast",1479,False,0,True,1479,0,0,0,0,True,True
PX744270,Eudicots,"UNVERIFIED: Cirsium leo voucher CPG63524 rbcL gene, partial sequence; chloroplast",1446,False,0,False,0,0,4,-1,-1,False,False
PX744269,Eudicots,"UNVERIFIED: Cirsium handelii voucher CPG61890 rbcL gene, partial sequence; chloroplast",1449,False,0,False,0,0,6,-1,-1,False,False
PX744268,Eudicots,"UNVERIFIED: Synotis austroyunnanensis voucher CPG61211 rbcL gene, partial sequence; chloroplast",1479,False,0,True,1479,0,0,0,0,True,True
PX744267,Eudicots,"UNVERIFIED: Leontopodium smithianum voucher CPG25717 rbcL gene, partial sequence; chloroplast",1458,False,0,True,1458,0,0,0,0,True,True
PX744266,Eudicots,"UNVERIFIED: Saussurea iodostegia voucher CPG25708 rbcL gene, partial sequence; chloroplast",1452,False,0,False,0,0,1,-1,-1,False,False
PX744265,Eudicots,"UNVERIFIED: Saussurea chinensis voucher CPG25698 rbcL gene, partial sequence; chloroplast",1452,False,0,False,0,0,1,-1,-1,False,False
PX744264,Eudicots,"UNVERIFIED: Taraxacum platypecidum voucher CPG25612 rbcL gene, partial sequence; chloroplast",1446,False,0,True,1446,0,0,0,0,True,True
PX744263,Eudicots,"UNVERIFIED: Poljakovia kaschgarica voucher CPG23967 rbcL gene, partial sequence; chloroplast",1479,False,0,True,1479,0,0,0,0,True,True
PX744262,Eudicots,"UNVERIFIED: Aster sphaerotus voucher CPG18700 rbcL gene, partial sequence; chloroplast",1479,False,0,True,1479,0,0,0,0,True,True
PX744261,Eudicots,"UNVERIFIED: Aster dolichophyllus voucher CPG18689 rbcL gene, partial sequence; chloroplast",1479,False,0,True,1479,0,0,0,0,True,True
PX744260,Eudicots,"UNVERIFIED: Artemisia anomala voucher CPG18460 rbcL gene, partial sequence; chloroplast",1479,False,0,True,1479,0,0,0,0,True,True
PX744259,Eudicots,"UNVERIFIED: Erigeron patentisquamus voucher CPG14796 rbcL gene, partial sequence; chloroplast",1479,False,0,True,1479,0,0,0,0,True,True
PX744258,Eudicots,"UNVERIFIED: Anaphalis flavescens voucher CPG14063 rbcL gene, partial sequence; chloroplast",1479,False,0,True,1479,0,0,0,0,True,True
PX744257,Eudicots,"UNVERIFIED: Strobocalyx esculenta voucher CPG11246 rbcL gene, partial sequence; chloroplast",1449,False,0,True,1449,0,0,0,0,True,True
PX744256,Eudicots,"UNVERIFIED: Artemisia morrisonensis voucher CPG10271 rbcL gene, partial sequence; chloroplast",1425,False,0,True,1425,0,0,0,0,True,True
PX744255,Eudicots,"UNVERIFIED: Artemisia oligocarpa voucher CPG10256 rbcL gene, partial sequence; chloroplast",1479,False,0,True,1479,0,0,0,0,True,True
PX744254,Eudicots,"UNVERIFIED: Senecio morrisonensis voucher CPG10202 rbcL gene, partial sequence; chloroplast",1479,False,0,True,1479,0,0,0,0,True,True
PX744253,Eudicots,"UNVERIFIED: Aster taiwanensis voucher CPG09980 rbcL gene, partial sequence; chloroplast",1479,False,0,True,1479,0,0,0,0,True,True
PX744252,Eudicots,"UNVERIFIED: Artemisia kawakamii voucher CPG09916 rbcL gene, partial sequence; chloroplast",1425,False,0,True,1425,0,0,0,0,True,True
PX744251,Eudicots,"UNVERIFIED: Myriactis humilis voucher CPG09888 rbcL gene, partial sequence; chloroplast",1479,False,0,True,1479,0,0,0,0,True,True
PX744250,Eudicots,"UNVERIFIED: Erigeron morrisonensis voucher CPG09839 rbcL gene, partial sequence; chloroplast",1479,False,0,True,1479,0,0,0,0,True,True
PX744249,Eudicots,"UNVERIFIED: Pentaphragma spicatum voucher CPG42703 rbcL gene, partial sequence; chloroplast",1428,False,0,True,1428,0,0,0,0,True,True
PX744248,Eudicots,"UNVERIFIED: Adenophora wulingshanica voucher CPG65453 rbcL gene, partial sequence; chloroplast",1428,False,0,True,1428,0,0,0,0,True,True
PX744247,Eudicots,"UNVERIFIED: Asyneuma chinense voucher CPG10469 rbcL gene, partial sequence; chloroplast",1428,False,0,True,1428,0,0,0,0,True,True
PX744246,Eudicots,"UNVERIFIED: Adenophora petiolata voucher CPG08276 rbcL gene, partial sequence; chloroplast",1428,False,0,True,1428,0,0,0,0,True,True
PX744245,Eudicots,"UNVERIFIED: Ilex nuculicava voucher CPG42508 rbcL gene, partial sequence; chloroplast",1428,False,0,True,1428,0,0,0,0,True,True
PX744244,Eudicots,"UNVERIFIED: Ilex tamii voucher CPG42301 rbcL gene, partial sequence; chloroplast",1428,False,0,True,1428,0,0,0,0,True,True
PX744243,Eudicots,"UNVERIFIED: Ilex oligodonta voucher CPG00075 rbcL gene, partial sequence; chloroplast",1428,False,0,True,1428,0,0,0,0,True,True
PX744242,Eudicots,"UNVERIFIED: Leptorhabdos parviflora voucher CPG73142 rbcL gene, partial sequence; chloroplast",1449,False,0,True,1449,0,0,0,0,True,True
PX744241,Eudicots,"UNVERIFIED: Pedicularis stadlmanniana voucher CPG64278 rbcL gene, partial sequence; chloroplast",1449,False,0,False,0,0,1,-1,-1,False,False
PX744240,Eudicots,"UNVERIFIED: Pedicularis ikomai voucher CPG10284 rbcL gene, partial sequence; chloroplast",1455,False,0,True,1455,0,0,0,0,True,True
PX744239,Eudicots,"UNVERIFIED: Euphrasia transmorrisonensis voucher CPG10192 rbcL gene, partial sequence; chloroplast",1452,False,0,True,1452,0,0,0,0,True,True
PX744238,Eudicots,"UNVERIFIED: Gomphostemma microdon voucher CPG66140 rbcL gene, partial sequence; chloroplast",1461,False,0,False,0,0,4,-1,-1,False,False
PX744237,Eudicots,"UNVERIFIED: Nepeta prattii voucher CPG65446 rbcL gene, partial sequence; chloroplast",1455,False,0,True,1455,0,0,0,0,True,True
PX744236,Eudicots,"UNVERIFIED: Scutellaria macrodonta voucher CPG63464 rbcL gene, partial sequence; chloroplast",1455,False,0,False,0,0,1,-1,-1,False,False
PX744235,Eudicots,"UNVERIFIED: Scutellaria hainanensis voucher CPG42773 rbcL gene, partial sequence; chloroplast",1461,False,0,True,1461,0,0,0,0,True,True
PX744234,Eudicots,"UNVERIFIED: Coleus carnosifolius voucher CPG42398 rbcL gene, partial sequence; chloroplast",1455,False,0,True,1455,0,0,0,0,True,True
PX744233,Eudicots,"UNVERIFIED: Leucas chinensis voucher CPG42378 rbcL gene, partial sequence; chloroplast",1467,False,0,True,1467,0,0,0,0,True,True
PX744232,Eudicots,"UNVERIFIED: Gomphostemma arbusculum voucher CPG26313 rbcL gene, partial sequence; chloroplast",1467,False,0,True,1467,0,0,0,0,True,True
PX744231,Eudicots,"UNVERIFIED: Orthosiphon wulfenioides voucher CPG23205 rbcL gene, partial sequence; chloroplast",1449,False,0,True,1449,0,0,0,0,True,True
PX744230,Eudicots,"UNVERIFIED: Teucrium alborubrum voucher CPG23170 rbcL gene, partial sequence; chloroplast",1461,False,0,True,1461,0,0,0,0,True,True
PX744229,Eudicots,"UNVERIFIED: Premna octonervia voucher CPG21984 rbcL gene, partial sequence; chloroplast",1458,False,0,True,1458,0,0,0,0,True,True
PX744228,Eudicots,"UNVERIFIED: Clerodendrum hainanense voucher CPG18426 rbcL gene, partial sequence; chloroplast",1461,False,0,True,1461,0,0,0,0,True,True
PX744227,Eudicots,"UNVERIFIED: Salvia bifidocalyx voucher CPG14727 rbcL gene, partial sequence; chloroplast",1455,False,0,True,1455,0,0,0,0,True,True
PX744226,Eudicots,"UNVERIFIED: Scutellaria forrestii voucher CPG14548 rbcL gene, partial sequence; chloroplast",1461,False,0,True,1461,0,0,0,0,True,True
PX744225,Eudicots,"UNVERIFIED: Isodon rosthornii voucher CPG14547 rbcL gene, partial sequence; chloroplast",1449,False,0,True,1449,0,0,0,0,True,True
PX744224,Eudicots,"UNVERIFIED: Phlomoides tibetica voucher CPG13524 rbcL gene, partial sequence; chloroplast",1467,False,0,True,1467,0,0,0,0,True,True
PX744223,Eudicots,"UNVERIFIED: Scutellaria chungtienensis voucher CPG10502 rbcL gene, partial sequence; chloroplast",1458,False,0,True,1458,0,0,0,0,True,True
PX744222,Eudicots,"UNVERIFIED: Phlomoides szechuanensis voucher CPG06032 rbcL gene, partial sequence; chloroplast",1467,False,0,True,1467,0,0,0,0,True,True
PX744221,Eudicots,"UNVERIFIED: Callicarpa anisophylla voucher CPG01171 rbcL gene, partial sequence; chloroplast",1443,False,0,True,1443,0,0,0,0,True,True
PX744220,Eudicots,"UNVERIFIED: Mackaya neesiana voucher CPG44269 rbcL gene, partial sequence; chloroplast",1440,False,0,False,0,0,3,-1,-1,False,False
PX744219,Eudicots,"UNVERIFIED: Justicia championii voucher CPG42547 rbcL gene, partial sequence; chloroplast",1449,False,0,True,1449,0,0,0,0,True,True
PX744218,Eudicots,"UNVERIFIED: Staurogyne stenophylla voucher CPG42525 rbcL gene, partial sequence; chloroplast",1428,False,0,True,1428,0,0,0,0,True,True
PX744217,Eudicots,"UNVERIFIED: Cosmianthemum viriduliflorum voucher CPG42448 rbcL gene, partial sequence; chloroplast",1452,False,0,True,1452,0,0,0,0,True,True
PX744216,Eudicots,"UNVERIFIED: Staurogyne sinica voucher CPG42331 rbcL gene, partial sequence; chloroplast",1428,False,0,True,1428,0,0,0,0,True,True
PX744215,Eudicots,"UNVERIFIED: Vandellia megaphylla voucher CPG42313 rbcL gene, partial sequence; chloroplast",1455,False,0,True,1455,0,0,0,0,True,True
PX744214,Eudicots,"UNVERIFIED: Lindernia scutellariiformis voucher CPG22052 rbcL gene, partial sequence; chloroplast",1464,False,0,True,1464,0,0,0,0,True,True
PX744213,Eudicots,"UNVERIFIED: Scrophularia modesta voucher CPG63437 rbcL gene, partial sequence; chloroplast",1425,False,0,True,1425,0,0,0,0,True,True
PX744212,Eudicots,"UNVERIFIED: Myoporum bontioides voucher CPG42108 rbcL gene, partial sequence; chloroplast",1455,False,0,True,1455,0,0,0,0,True,True
PX744211,Eudicots,"UNVERIFIED: Scrophularia moellendorffii voucher CPG25700 rbcL gene, partial sequence; chloroplast",1425,False,0,True,1425,0,0,0,0,True,True
PX744210,Eudicots,"UNVERIFIED: Scrophularia mandarinorum voucher CPG14445 rbcL gene, partial sequence; chloroplast",1407,False,0,True,1407,0,0,0,0,True,True
PX744209,Eudicots,"UNVERIFIED: Linaria thibetica voucher CPG64148 rbcL gene, partial sequence; chloroplast",1425,False,0,True,1425,0,0,0,0,True,True
PX744208,Eudicots,"UNVERIFIED: Veronica henryi voucher CPG61833 rbcL gene, partial sequence; chloroplast",1425,False,0,True,1425,0,0,0,0,True,True
PX744207,Eudicots,"UNVERIFIED: Veronicastrum stenostachyum subsp. plukenetii voucher CPG44096 rbcL gene, partial sequence; chloroplast",1431,False,0,True,1431,0,0,0,0,True,True
PX744206,Eudicots,"UNVERIFIED: Veronica piroliformis voucher CPG14798 rbcL gene, partial sequence; chloroplast",1425,False,0,True,1425,0,0,0,0,True,True
PX744205,Eudicots,"UNVERIFIED: Veronica morrisonicola voucher CPG10233 rbcL gene, partial sequence; chloroplast",1425,False,0,True,1425,0,0,0,0,True,True
PX744204,Eudicots,"UNVERIFIED: Veronica oligosperma voucher CPG09829 rbcL gene, partial sequence; chloroplast",1425,False,0,True,1425,0,0,0,0,True,True
PX744203,Eudicots,"UNVERIFIED: Veronicastrum stenostachyum voucher CPG00663 rbcL gene, partial sequence; chloroplast",1425,False,0,True,1425,0,0,0,0,True,True
PX744202,Eudicots,"UNVERIFIED: Ornithoboea calcicola voucher CPG64683 rbcL gene, partial sequence; chloroplast",1452,False,0,True,1452,0,0,0,0,True,True
PX744201,Eudicots,"UNVERIFIED: Oreocharis convexa voucher CPG64349 rbcL gene, partial sequence; chloroplast",1458,False,0,True,1458,0,0,0,0,True,True
PX744200,Eudicots,"UNVERIFIED: Oreocharis flavida voucher CPG42796 rbcL gene, partial sequence; chloroplast",1458,False,0,True,1458,0,0,0,0,True,True
PX744199,Eudicots,"UNVERIFIED: Oreocharis dasyantha voucher CPG42494 rbcL gene, partial sequence; chloroplast",1449,False,0,True,1449,0,0,0,0,True,True
PX744198,Eudicots,"UNVERIFIED: Middletonia changjiangensis voucher CPG42293 rbcL gene, partial sequence; chloroplast",1440,False,0,False,0,0,5,-1,-1,False,False
PX744197,Eudicots,"UNVERIFIED: Middletonia hainanensis voucher CPG42254 rbcL gene, partial sequence; chloroplast",1458,False,0,True,1458,0,0,0,0,True,True
PX744196,Eudicots,"UNVERIFIED: Metapetrocosmea peltata voucher CPG42059 rbcL gene, partial sequence; chloroplast",1452,False,0,True,1452,0,0,0,0,True,True
PX744195,Eudicots,"UNVERIFIED: Cathayanthe biflora voucher CPG41926 rbcL gene, partial sequence; chloroplast",1455,False,0,True,1455,0,0,0,0,True,True
PX744194,Eudicots,"UNVERIFIED: Glabrella mihieri voucher CPG24287 rbcL gene, partial sequence; chloroplast",1458,False,0,True,1458,0,0,0,0,True,True
PX744193,Eudicots,"UNVERIFIED: Petrocodon tiandengensis voucher CPG24089 rbcL gene, partial sequence; chloroplast",1458,False,0,True,1458,0,0,0,0,True,True
PX744192,Eudicots,"UNVERIFIED: Oreocharis auricula voucher CPG18505 rbcL gene, partial sequence; chloroplast",1458,False,0,True,1458,0,0,0,0,True,True
PX744191,Eudicots,"UNVERIFIED: Oreocharis obliqua voucher CPG11277 rbcL gene, partial sequence; chloroplast",1458,False,0,True,1458,0,0,0,0,True,True
PX744190,Eudicots,"UNVERIFIED: Oreocharis maximowiczii voucher CPG05450 rbcL gene, partial sequence; chloroplast",1458,False,0,True,1458,0,0,0,0,True,True
PX744189,Eudicots,"UNVERIFIED: Jasminum duclouxii voucher CPG62012 rbcL gene, partial sequence; chloroplast",1401,False,0,False,0,0,5,-1,-1,False,False
PX744187,Eudicots,"UNVERIFIED: Jasminum rehderianum voucher CPG42473 rbcL gene, partial sequence; chloroplast",1449,False,0,True,1449,0,0,0,0,True,True
PX744186,Eudicots,"UNVERIFIED: Jasminum sinense voucher CPG18679 rbcL gene, partial sequence; chloroplast",1449,False,0,True,1449,0,0,0,0,True,True
PX744185,Eudicots,"UNVERIFIED: Ligustrum morrisonense voucher CPG09936 rbcL gene, partial sequence; chloroplast",1449,False,0,True,1449,0,0,0,0,True,True
PX744184,Eudicots,"UNVERIFIED: Rindera tetraspis voucher CPG72660 rbcL gene, partial sequence; chloroplast",1449,False,0,True,1449,0,0,0,0,True,True
PX744183,Eudicots,"UNVERIFIED: Pseudoheterocaryum rigidum voucher CPG72227 rbcL gene, partial sequence; chloroplast",1449,False,0,True,1449,0,0,0,0,True,True
PX744182,Eudicots,"UNVERIFIED: Eritrichium borealisinense voucher CPG63472 rbcL gene, partial sequence; chloroplast",1434,False,0,True,1434,0,0,0,0,True,True
PX744181,Eudicots,"UNVERIFIED: Bothriospermum secundum voucher CPG63263 rbcL gene, partial sequence; chloroplast",1446,False,0,True,1446,0,0,0,0,True,True
PX744180,Eudicots,"UNVERIFIED: Bothriospermum kusnezowii voucher CPG60045 rbcL gene, partial sequence; chloroplast",1434,False,0,True,1434,0,0,0,0,True,True
PX744179,Eudicots,"UNVERIFIED: Ehretia hainanensis voucher CPG42395 rbcL gene, partial sequence; chloroplast",1464,False,0,True,1464,0,0,0,0,True,True
OQ868457,Ferns,"UNVERIFIED: Pteris pseudowulaiensis voucher J. M. Wang 20150517012 (IBSC) ribulose-1,5-bisphosphate carboxylase/oxygenas",1423,False,0,True,1422,1,27,0,0,False,True
OQ868456,Ferns,"UNVERIFIED: Pteris pseudowulaiensis voucher J. M. Wang 20150517011 (IBSC) ribulose-1,5-bisphosphate carboxylase/oxygenas",1428,False,0,True,1428,0,0,0,0,True,True
OQ868455,Ferns,"UNVERIFIED: Pteris pseudowulaiensis voucher J. M. Wang 20150517003 (IBSC) ribulose-1,5-bisphosphate carboxylase/oxygenas",1428,False,0,True,1428,0,0,0,0,True,True
OQ868454,Ferns,"UNVERIFIED: Pteris pseudowulaiensis voucher J. M. Wang 20150516003 (IBSC) ribulose-1,5-bisphosphate carboxylase/oxygenas",1428,False,0,True,1428,0,0,0,0,True,True
OQ868453,Ferns,"UNVERIFIED: Pteris oshimensis var. paraemeiensis voucher J. M. Wang 20150506008-1 (IBSC) ribulose-1,5-bisphosphate carbo",1428,False,0,True,1428,0,0,0,0,True,True
OQ868452,Ferns,"UNVERIFIED: Pteris oshimensis var. paraemeiensis voucher J. M. Wang 20150506002 (IBSC) ribulose-1,5-bisphosphate carboxy",1428,False,0,True,1428,0,0,0,0,True,True
OQ868451,Ferns,"UNVERIFIED: Pteris oshimensis var. oshimensis voucher J. M. Wang 20150516009 (IBSC) ribulose-1,5-bisphosphate carboxylas",1428,False,0,True,1428,0,0,0,0,True,True
OQ868450,Ferns,"UNVERIFIED: Pteris oshimensis var. oshimensis voucher J. M. Wang 20150516001 (IBSC) ribulose-1,5-bisphosphate carboxylas",1428,False,0,True,1428,0,0,0,0,True,True
OQ868449,Ferns,"UNVERIFIED: Pteris minor voucher L. Chen 20220815-2 (IBSC) ribulose-1,5-bisphosphate carboxylase/oxygenase large subunit",1428,False,0,True,1428,0,0,0,0,True,True
OQ868448,Ferns,"UNVERIFIED: Pteris minor voucher L. Chen 20220815-1 (IBSC) ribulose-1,5-bisphosphate carboxylase/oxygenase large subunit",1428,False,0,True,1428,0,0,0,0,True,True
OQ868447,Ferns,"UNVERIFIED: Pteris kiuschiuensis voucher D. M. Yang 201972 (IBSC) ribulose-1,5-bisphosphate carboxylase/oxygenase large ",1430,False,0,True,1428,2,23,0,0,False,True
OQ868446,Ferns,"UNVERIFIED: Pteris latipinna voucher J. M. Wang 20150129-3 (IBSC) ribulose-1,5-bisphosphate carboxylase/oxygenase large ",1424,False,0,True,1422,2,23,0,0,False,True
OQ868445,Ferns,"UNVERIFIED: Pteris fauriei voucher D. M. Yang 201912 (IBSC) ribulose-1,5-bisphosphate carboxylase/oxygenase large subuni",1421,False,0,True,1419,2,23,0,0,False,True
OQ868444,Ferns,"UNVERIFIED: Pteris fauriei voucher J. M. Wang 20150514013 (IBSC) ribulose-1,5-bisphosphate carboxylase/oxygenase large s",1428,False,0,True,1425,0,28,0,0,False,True
OQ868443,Ferns,"UNVERIFIED: Pteris angustipinnula voucher J. M. Wang 20150516008 (IBSC) ribulose-1,5-bisphosphate carboxylase/oxygenase ",1428,False,0,True,1428,0,0,0,0,True,True
OQ868442,Ferns,"UNVERIFIED: Pteris angustipinnula voucher J. M. Wang 20150514008 (IBSC) ribulose-1,5-bisphosphate carboxylase/oxygenase ",1427,False,0,True,1425,2,23,0,0,False,True
OQ868441,Ferns,"UNVERIFIED: Pteris angustipinnula voucher J. M. Wang 20150511003 (IBSC) ribulose-1,5-bisphosphate carboxylase/oxygenase ",1428,False,0,True,1428,0,0,0,0,True,True
OQ708617,Ferns,"Oreogrammitis tenuisecta ribulose-1,5-bisphosphate carboxylase/oxygenase large subunit (rbcL) gene, partial cds; chlorop",1425,True,1,False,1425,0,0,0,0,True,True
OQ708616,Ferns,"Grammitis marginella ribulose-1,5-bisphosphate carboxylase/oxygenase large subunit (rbcL) gene, partial cds; chloroplast",1425,True,1,False,1425,0,0,0,0,True,True
OQ708615,Ferns,"Calymmodon cf. cucullatus JJY-2023 ribulose-1,5-bisphosphate carboxylase/oxygenase large subunit (rbcL) gene, partial cd",1425,True,1,False,1425,0,0,0,0,True,True
OQ708614,Ferns,"Calymmodon cf. cucullatus JJY-2023 ribulose-1,5-bisphosphate carboxylase/oxygenase large subunit (rbcL) gene, partial cd",1425,True,1,False,1425,0,0,0,0,True,True
OQ996394,Ferns,"Hymenophyllum secundum isolate CL59 ribulose-1,5-bisphosphate carboxylase/oxygenase large subunit (rbcL) gene, partial c",1440,True,1,False,150,0,18,0,0,False,True
OQ996393,Ferns,"Hymenophyllum secundum isolate CL22 ribulose-1,5-bisphosphate carboxylase/oxygenase large subunit (rbcL) gene, partial c",1440,True,1,False,150,0,18,0,0,False,True
OQ996392,Ferns,"Hymenophyllum peltatum isolate CL11 ribulose-1,5-bisphosphate carboxylase/oxygenase large subunit (rbcL) gene, partial c",1428,True,1,False,150,0,13,0,0,False,True
OQ996391,Ferns,"Hymenophyllum peltatum isolate CL10 ribulose-1,5-bisphosphate carboxylase/oxygenase large subunit (rbcL) gene, partial c",1437,True,1,False,150,0,14,0,0,False,True
OQ996390,Ferns,"Hymenophyllum falklandicum isolate CL27 ribulose-1,5-bisphosphate carboxylase/oxygenase large subunit (rbcL) gene, parti",1437,True,1,False,150,0,13,0,0,False,True
OQ996389,Ferns,"Hymenophyllum falklandicum isolate CL1 ribulose-1,5-bisphosphate carboxylase/oxygenase large subunit (rbcL) gene, partia",1437,True,1,False,150,0,13,0,0,False,True
OP850703,Ferns,"Gymnosphaera sp. SHL-2023b voucher Wu et al. WP1319 ribulose-1,5-bisphosphate carboxylase/oxygenase large subunit (rbcL)",1405,True,2,False,111,1,38,0,0,False,True
OP850702,Ferns,"Gymnosphaera sp. SHL-2023b voucher Chen et al. Wade 5786 ribulose-1,5-bisphosphate carboxylase/oxygenase large subunit (",1405,True,2,False,111,1,37,0,0,False,True
OP850701,Ferns,"Gymnosphaera sp. SHL-2023a voucher Chen et al. Wade 5193 ribulose-1,5-bisphosphate carboxylase/oxygenase large subunit (",1409,True,2,False,111,2,38,0,0,False,True
OP850700,Ferns,"Alsophila khasyana voucher Dong 5454 ribulose-1,5-bisphosphate carboxylase/oxygenase large subunit (rbcL) gene, partial ",1405,True,2,False,111,1,37,0,0,False,True
OP850699,Ferns,"Alsophila khasyana voucher Dong 5405 ribulose-1,5-bisphosphate carboxylase/oxygenase large subunit (rbcL) gene, partial ",1404,True,2,False,111,0,20,0,0,False,True
OP530242,Ferns,"Tectaria cadieri voucher Wu et al. WP-889 ribulose-1,5-bisphosphate carboxylase/oxygenase large subunit (rbcL) gene, par",1428,True,1,False,1428,0,0,0,0,True,True
OM397931,Ferns,"Pteris pseudoamoena voucher J.M. Wang 20150131-4 A8 ribulose-1,5-bisphosphate carboxylase/oxygenase large subunit (rbcL)",1428,True,1,False,1428,0,0,0,0,True,True
OM397930,Ferns,"Pteris pseudoamoena voucher J.M. Wang 20150131-4 A7 ribulose-1,5-bisphosphate carboxylase/oxygenase large subunit (rbcL)",1428,True,1,False,1428,0,0,0,0,True,True
OM397929,Ferns,"Pteris pseudoamoena voucher J.M. Wang 20150130-4 ribulose-1,5-bisphosphate carboxylase/oxygenase large subunit (rbcL) ge",1428,True,1,False,1428,0,0,0,0,True,True
OM397928,Ferns,"Pteris pseudoamoena voucher J.M. Wang 20150130-2 ribulose-1,5-bisphosphate carboxylase/oxygenase large subunit (rbcL) ge",1428,True,1,False,1428,0,0,0,0,True,True
OM397927,Ferns,"Pteris majestica voucher J.M. Wang 0925012 ribulose-1,5-bisphosphate carboxylase/oxygenase large subunit (rbcL) gene, co",1428,True,1,False,1428,0,0,0,0,True,True
OM397926,Ferns,"Pteris angustipinnula voucher J.M. Wang 20150517008 ribulose-1,5-bisphosphate carboxylase/oxygenase large subunit (rbcL)",1430,True,1,False,1425,2,23,0,0,False,True
OM397925,Ferns,"Pteris fauriei voucher J.M. Wang 20150517007 ribulose-1,5-bisphosphate carboxylase/oxygenase large subunit (rbcL) gene, ",1428,True,1,False,1428,0,0,0,0,True,True
OM397924,Ferns,"Pteris splendida voucher J.M. Wang 20150514015 ribulose-1,5-bisphosphate carboxylase/oxygenase large subunit (rbcL) gene",1428,True,1,False,1428,0,0,0,0,True,True
OM397923,Ferns,"Pteris splendida var. longlinensis voucher J.M. Wang 20150510011 ribulose-1,5-bisphosphate carboxylase/oxygenase large s",1428,True,1,False,1428,0,0,0,0,True,True
OM397922,Ferns,"Pteris latipinna voucher J.M. Wang 20150129 ribulose-1,5-bisphosphate carboxylase/oxygenase large subunit (rbcL) gene, c",1428,True,1,False,1428,0,0,0,0,True,True
OP330066,Ferns,"Asplenium tripteropus voucher CBU<SKOR>:2020-0196-A ribulose-1,5-bisphosphate carboxylase/oxygenase large subunit (rbcL)",1428,True,1,False,1428,0,0,0,0,True,True
OP330065,Ferns,"Asplenium normale voucher CBU<SKOR>:2020-0206-A ribulose-1,5-bisphosphate carboxylase/oxygenase large subunit (rbcL) gen",1428,True,1,False,1428,0,0,0,0,True,True
OP330064,Ferns,"Asplenium boreale voucher CBU<SKOR>:2020-0075-A ribulose-1,5-bisphosphate carboxylase/oxygenase large subunit (rbcL) gen",1428,True,1,False,1428,0,0,0,0,True,True
OP330063,Ferns,"Asplenium oligophlebium voucher CBU<SKOR>:2020-0084-A ribulose-1,5-bisphosphate carboxylase/oxygenase large subunit (rbc",1428,True,1,False,1428,0,0,0,0,True,True
MZ416969,Ferns,"Adiantum japonicum voucher N. Nakato 2162 ribulose-1,5-bisphosphate carboxylase/oxygenase large subunit (rbcL) gene, par",1414,True,1,False,1377,1,2,0,0,False,True
MZ416968,Ferns,"Adiantum pedatum voucher N. Nakato 1787 ribulose-1,5-bisphosphate carboxylase/oxygenase large subunit (rbcL) gene, parti",1414,True,1,False,1377,1,2,0,0,False,True
MZ416967,Ferns,"Adiantum pedatum voucher N. Nakato 1688 ribulose-1,5-bisphosphate carboxylase/oxygenase large subunit (rbcL) gene, parti",1414,True,1,False,1377,1,2,0,0,False,True
MZ416966,Ferns,"Adiantum pedatum voucher N. Nakato 2166 ribulose-1,5-bisphosphate carboxylase/oxygenase large subunit (rbcL) gene, parti",1414,True,1,False,1377,1,2,0,0,False,True
MZ416965,Ferns,"Adiantum pedatum voucher N. Nakato 2155 ribulose-1,5-bisphosphate carboxylase/oxygenase large subunit (rbcL) gene, parti",1414,True,1,False,1377,1,2,0,0,False,True
MZ416964,Ferns,"Adiantum pedatum voucher N. Nakato 1492 ribulose-1,5-bisphosphate carboxylase/oxygenase large subunit (rbcL) gene, parti",1414,True,1,False,1377,1,2,0,0,False,True
ON368155,Ferns,"Schizaea biroi voucher Hsu8292 ribulose-1,5-bisphosphate carboxylase/oxygenase (rbcL) gene, partial cds; chloroplast",1425,True,1,False,1425,0,0,0,0,True,True
AY775453,Ferns,"Cephalomanes javanicum voucher S. Hennequin 2001-7, cult ribulose-1,5-bisphosphate carboxylase/oxygenase large subunit (",1414,True,1,False,102,1,13,0,0,False,True
AY775449,Ferns,"Hymenophyllum fucoides voucher J.-Y. Dubuisson HV-1997-9 ribulose-1,5-bisphosphate carboxylase/oxygenase large subunit (",1411,True,1,False,150,1,12,0,0,False,True
OL420749,Ferns,"Lomariopsis longini voucher WQ243 ribulose-1,5-bisphosphate carboxylase/oxygenase large subunit (rbcL) gene, complete cd",1428,True,1,False,1428,0,0,0,0,True,True
OL420745,Ferns,"Lomariopsis leptocarpa voucher Masuda6919 ribulose-1,5-bisphosphate carboxylase/oxygenase large subunit (rbcL) gene, com",1428,True,1,False,1428,0,0,0,0,True,True
KY858797,Ferns,"Sphaeropteris glauca voucher Dong4256 ribulose-1,5-bisphosphate carboxylase/oxygenase large subunit (rbcL) gene, partial",1462,True,1,False,93,1,31,0,0,False,True
KY858796,Ferns,"Sphaeropteris moluccana voucher Dong4262 ribulose-1,5-bisphosphate carboxylase/oxygenase large subunit (rbcL) gene, part",1462,True,1,False,93,1,28,0,0,False,True
KY858795,Ferns,"Sphaeropteris lepifera voucher Zuo048 ribulose-1,5-bisphosphate carboxylase/oxygenase large subunit (rbcL) gene, partial",1469,True,1,False,93,2,9,0,0,False,True
KY858794,Ferns,"Sphaeropteris lepifera voucher Zuo027 ribulose-1,5-bisphosphate carboxylase/oxygenase large subunit (rbcL) gene, partial",1469,True,1,False,93,2,34,0,0,False,True
KY858793,Ferns,"Sphaeropteris brunoniana voucher Dong4415 ribulose-1,5-bisphosphate carboxylase/oxygenase large subunit (rbcL) gene, par",1469,True,1,False,93,2,9,0,0,False,True
KY858792,Ferns,"Sphaeropteris brunoniana voucher Dong4289 ribulose-1,5-bisphosphate carboxylase/oxygenase large subunit (rbcL) gene, par",1469,True,1,False,93,2,12,0,0,False,True
KY858791,Ferns,"Alsophila sp. Zuo 081 voucher Zuo081 ribulose-1,5-bisphosphate carboxylase/oxygenase large subunit (rbcL) gene, partial ",1458,True,1,False,93,0,34,0,0,False,True
KY858790,Ferns,"Gymnosphaera podophylla voucher Dong4416 ribulose-1,5-bisphosphate carboxylase/oxygenase large subunit (rbcL) gene, part",1429,True,1,False,93,1,11,0,0,False,True
KY858789,Ferns,"Gymnosphaera podophylla voucher Dong4287 ribulose-1,5-bisphosphate carboxylase/oxygenase large subunit (rbcL) gene, part",1424,True,1,False,93,2,30,0,0,False,True
KY858788,Ferns,"Gymnosphaera podophylla voucher Dong4231 ribulose-1,5-bisphosphate carboxylase/oxygenase large subunit (rbcL) gene, part",1426,True,1,False,93,1,11,0,0,False,True
KY858786,Ferns,"Alsophila metteniana voucher Zuo046 ribulose-1,5-bisphosphate carboxylase/oxygenase large subunit (rbcL) gene, partial c",1458,True,1,False,93,0,34,0,0,False,True
KY858785,Ferns,"Alsophila metteniana voucher Zuo045 ribulose-1,5-bisphosphate carboxylase/oxygenase large subunit (rbcL) gene, partial c",1457,True,1,False,93,2,14,0,0,False,True
KY858783,Ferns,"Alsophila metteniana voucher Zuo009 ribulose-1,5-bisphosphate carboxylase/oxygenase large subunit (rbcL) gene, partial c",1458,True,1,False,93,0,34,0,0,False,True
KY858782,Ferns,"Alsophila metteniana voucher emei3 ribulose-1,5-bisphosphate carboxylase/oxygenase large subunit (rbcL) gene, partial cd",1435,True,1,False,93,1,32,0,0,False,True
KY858781,Ferns,"Alsophila metteniana voucher emei2 ribulose-1,5-bisphosphate carboxylase/oxygenase large subunit (rbcL) gene, partial cd",1457,True,1,False,93,2,14,0,0,False,True
KY858780,Ferns,"Alsophila metteniana voucher emei1 ribulose-1,5-bisphosphate carboxylase/oxygenase large subunit (rbcL) gene, partial cd",1458,True,1,False,93,0,18,0,0,False,True
KY858779,Ferns,"Alsophila metteniana voucher Zuo047 ribulose-1,5-bisphosphate carboxylase/oxygenase large subunit (rbcL) gene, partial c",1457,True,1,False,93,2,14,0,0,False,True
KY858778,Ferns,"Alsophila metteniana voucher Zuo029 ribulose-1,5-bisphosphate carboxylase/oxygenase large subunit (rbcL) gene, partial c",1413,True,1,False,93,0,13,0,0,False,True
KY858777,Ferns,"Gymnosphaera khasyana voucher Dong4403 ribulose-1,5-bisphosphate carboxylase/oxygenase large subunit (rbcL) gene, partia",1453,True,1,False,93,1,26,0,0,False,True
KY858775,Ferns,"Alsophila gigantea voucher Dong4408 ribulose-1,5-bisphosphate carboxylase/oxygenase large subunit (rbcL) gene, partial c",1458,True,1,False,93,0,33,0,0,False,True
KY858774,Ferns,"Alsophila gigantea voucher Dong4293 ribulose-1,5-bisphosphate carboxylase/oxygenase large subunit (rbcL) gene, partial c",1458,True,1,False,93,0,34,0,0,False,True
KY858773,Ferns,"Alsophila gigantea voucher Dong4277 ribulose-1,5-bisphosphate carboxylase/oxygenase large subunit (rbcL) gene, partial c",1459,True,1,False,93,1,32,0,0,False,True
KY858772,Ferns,"Alsophila gigantea voucher Dong4267 ribulose-1,5-bisphosphate carboxylase/oxygenase large subunit (rbcL) gene, partial c",1448,True,1,False,93,2,33,0,0,False,True
KY858771,Ferns,"Alsophila gigantea voucher Zuo026 ribulose-1,5-bisphosphate carboxylase/oxygenase large subunit (rbcL) gene, partial cds",1432,True,1,False,93,1,32,0,0,False,True
KY858770,Ferns,"Gymnosphaera denticulata voucher Dong4244 ribulose-1,5-bisphosphate carboxylase/oxygenase large subunit (rbcL) gene, par",1434,True,1,False,93,0,12,0,0,False,True
KY858769,Ferns,"Gymnosphaera denticulata voucher Zuo002 ribulose-1,5-bisphosphate carboxylase/oxygenase large subunit (rbcL) gene, parti",1412,True,1,False,93,2,31,0,0,False,True
KY858768,Ferns,"Alsophila austroyunnanensis voucher Dong4600 ribulose-1,5-bisphosphate carboxylase/oxygenase large subunit (rbcL) gene, ",1467,True,1,False,93,0,35,0,0,False,True
KY858767,Ferns,"Alsophila austroyunnanensis voucher Dong4417 ribulose-1,5-bisphosphate carboxylase/oxygenase large subunit (rbcL) gene, ",1444,True,1,False,93,1,33,0,0,False,True
KY858766,Ferns,"Gymnosphaera andersonii voucher Zuo100 ribulose-1,5-bisphosphate carboxylase/oxygenase large subunit (rbcL) gene, partia",1459,True,1,False,93,1,32,0,0,False,True
KY858765,Ferns,"Cibotium barometz voucher Zuo044 ribulose-1,5-bisphosphate carboxylase/oxygenase large subunit (rbcL) gene, partial cds;",1440,True,1,False,93,0,11,0,0,False,True
KY858764,Ferns,"Alsophila spinulosa voucher Dong4246 ribulose-1,5-bisphosphate carboxylase/oxygenase large subunit (rbcL) gene, partial ",1473,True,1,False,93,0,33,0,0,False,True
KY858763,Ferns,"Alsophila spinulosa voucher Zuo008 ribulose-1,5-bisphosphate carboxylase/oxygenase large subunit (rbcL) gene, partial cd",1457,True,1,False,93,2,31,0,0,False,True
KY858762,Ferns,"Alsophila spinulosa voucher Zuo001 ribulose-1,5-bisphosphate carboxylase/oxygenase large subunit (rbcL) gene, partial cd",1458,True,1,False,93,0,29,0,0,False,True
KY858761,Ferns,"Alsophila loheri voucher Wade3833 ribulose-1,5-bisphosphate carboxylase/oxygenase large subunit (rbcL) gene, partial cds",1460,True,1,False,93,2,10,0,0,False,True
KY858760,Ferns,"Alsophila loheri voucher Chao2604 ribulose-1,5-bisphosphate carboxylase/oxygenase large subunit (rbcL) gene, partial cds",1461,True,1,False,93,0,30,0,0,False,True
KY858759,Ferns,"Alsophila latebrosa voucher Dong4420 ribulose-1,5-bisphosphate carboxylase/oxygenase large subunit (rbcL) gene, partial ",1473,True,1,False,93,0,33,0,0,False,True
KY858758,Ferns,"Alsophila latebrosa voucher Dong4257 ribulose-1,5-bisphosphate carboxylase/oxygenase large subunit (rbcL) gene, partial ",1477,True,1,False,93,1,28,0,0,False,True
KY858757,Ferns,"Alsophila costularis voucher Dong4418 ribulose-1,5-bisphosphate carboxylase/oxygenase large subunit (rbcL) gene, partial",1481,True,1,False,93,2,14,0,0,False,True
KY858756,Ferns,"Alsophila costularis voucher Dong4396 ribulose-1,5-bisphosphate carboxylase/oxygenase large subunit (rbcL) gene, partial",1479,True,1,False,93,0,33,0,0,False,True
MN030172,Ferns,"Botrychium ternatum ribulose-1,5-bisphosphate carboxylase/oxygenase large subunit (rbcL) gene, complete cds; chloroplast",1428,True,1,False,1428,0,0,0,0,True,True
MN030169,Ferns,"Sceptridium japonicum ribulose-1,5-bisphosphate carboxylase/oxygenase large subunit (RBCL) gene, complete cds; chloropla",1428,True,1,False,1428,0,0,0,0,True,True
MT281573,Ferns,"Alsophila austroyunnanensis voucher Dong4845-1 ribulose-1,5-bisphosphate carboxylase/oxygenase large subunit (rbcL) gene",1429,True,3,False,120,1,30,0,0,False,True
MT281572,Ferns,"Gymnosphaera podophylla voucher Dong4871-1 ribulose-1,5-bisphosphate carboxylase/oxygenase large subunit (rbcL) gene, pa",1416,True,3,False,120,0,5,0,0,False,True
MT281571,Ferns,"Gymnosphaera saxicola voucher Zuo2825 ribulose-1,5-bisphosphate carboxylase/oxygenase large subunit (rbcL) gene, partial",1415,True,3,False,120,2,24,0,0,False,True
MT281570,Ferns,"Gymnosphaera saxicola voucher Dong5015-2 ribulose-1,5-bisphosphate carboxylase/oxygenase large subunit (rbcL) gene, part",1413,True,3,False,120,0,6,0,0,False,True
MT281569,Ferns,"Gymnosphaera salletii voucher Dong4905-1 ribulose-1,5-bisphosphate carboxylase/oxygenase large subunit (rbcL) gene, part",1414,True,3,False,120,1,27,0,0,False,True
MT281568,Ferns,"Gymnosphaera sp. Tong 1078-2 voucher Tong1078-2 ribulose-1,5-bisphosphate carboxylase/oxygenase large subunit (rbcL) gen",1418,True,3,False,120,2,28,0,0,False,True
MT281567,Ferns,"Gymnosphaera sp. Tong 1078-1 voucher Tong1078-1 ribulose-1,5-bisphosphate carboxylase/oxygenase large subunit (rbcL) gen",1418,True,3,False,120,2,28,0,0,False,True
MT281566,Ferns,"Gymnosphaera saxicola voucher Dong5017-1 ribulose-1,5-bisphosphate carboxylase/oxygenase large subunit (rbcL) gene, part",1413,True,3,False,120,0,6,0,0,False,True
MT281565,Ferns,"Alsophila austroyunnanensis voucher Dong4772-1 ribulose-1,5-bisphosphate carboxylase/oxygenase large subunit (rbcL) gene",1429,True,3,False,120,1,30,0,0,False,True
MT281564,Ferns,"Gymnosphaera andersonii voucher Zuo364 ribulose-1,5-bisphosphate carboxylase/oxygenase large subunit (rbcL) gene, partia",1419,True,3,False,120,0,10,0,0,False,True
MT281563,Ferns,"Gymnosphaera andersonii voucher Zuo359 ribulose-1,5-bisphosphate carboxylase/oxygenase large subunit (rbcL) gene, partia",1419,True,3,False,120,0,10,0,0,False,True
MT281562,Ferns,"Alsophila metteniana voucher Dong4748-1 ribulose-1,5-bisphosphate carboxylase/oxygenase large subunit (rbcL) gene, parti",1419,True,3,False,120,0,10,0,0,False,True
MT281561,Ferns,"Gymnosphaera podophylla voucher Dong4762-1 ribulose-1,5-bisphosphate carboxylase/oxygenase large subunit (rbcL) gene, pa",1417,True,3,False,120,1,23,0,0,False,True
MT281560,Ferns,"Gymnosphaera salletii voucher Dong4876 ribulose-1,5-bisphosphate carboxylase/oxygenase large subunit (rbcL) gene, partia",1414,True,3,False,120,1,27,0,0,False,True
MT281559,Ferns,"Gymnosphaera ramispina voucher Dong4955-1 ribulose-1,5-bisphosphate carboxylase/oxygenase large subunit (rbcL) gene, par",1418,True,3,False,120,2,25,0,0,False,True
MT281558,Ferns,"Alsophila metteniana voucher Dong4720-2 ribulose-1,5-bisphosphate carboxylase/oxygenase large subunit (rbcL) gene, parti",1419,True,3,False,120,0,10,0,0,False,True
MT281557,Ferns,"Gymnosphaera podophylla voucher Dong4770-1 ribulose-1,5-bisphosphate carboxylase/oxygenase large subunit (rbcL) gene, pa",1416,True,3,False,120,0,5,0,0,False,True
MT281556,Ferns,"Gymnosphaera khasyana voucher Dong4816-6 ribulose-1,5-bisphosphate carboxylase/oxygenase large subunit (rbcL) gene, part",1415,True,3,False,120,2,30,0,0,False,True
MT281555,Ferns,"Alsophila metteniana voucher Dong4741-1 ribulose-1,5-bisphosphate carboxylase/oxygenase large subunit (rbcL) gene, parti",1418,True,3,False,120,2,28,0,0,False,True
MT281554,Ferns,"Gymnosphaera khasyana voucher Dong4816-4 ribulose-1,5-bisphosphate carboxylase/oxygenase large subunit (rbcL) gene, part",1414,True,3,False,120,1,29,0,0,False,True
MT281553,Ferns,"Cyathea glabra voucher Dong4883-1 ribulose-1,5-bisphosphate carboxylase/oxygenase large subunit (rbcL) gene, partial cds",1419,True,3,False,120,0,10,0,0,False,True
MT281552,Ferns,"Cyathea glabra voucher Dong4893-1 ribulose-1,5-bisphosphate carboxylase/oxygenase large subunit (rbcL) gene, partial cds",1419,True,3,False,120,0,10,0,0,False,True
MT281551,Ferns,"Cyathea glabra voucher Hui003-1 ribulose-1,5-bisphosphate carboxylase/oxygenase large subunit (rbcL) gene, partial cds; ",1419,True,3,False,120,0,10,0,0,False,True
MT281550,Ferns,"Alsophila gigantea voucher Dong4830-9 ribulose-1,5-bisphosphate carboxylase/oxygenase large subunit (rbcL) gene, partial",1419,True,3,False,120,0,10,0,0,False,True
MT281549,Ferns,"Alsophila gigantea voucher Dong4788-1 ribulose-1,5-bisphosphate carboxylase/oxygenase large subunit (rbcL) gene, partial",1419,True,3,False,120,0,10,0,0,False,True
MT281548,Ferns,"Alsophila gigantea voucher Dong4771-1 ribulose-1,5-bisphosphate carboxylase/oxygenase large subunit (rbcL) gene, partial",1419,True,3,False,120,0,10,0,0,False,True
MT281547,Ferns,"Gymnosphaera gammiei voucher Zuo1232 ribulose-1,5-bisphosphate carboxylase/oxygenase large subunit (rbcL) gene, partial ",1419,True,3,False,120,0,10,0,0,False,True
MT281546,Ferns,"Gymnosphaera gammiei voucher Zuo1265 ribulose-1,5-bisphosphate carboxylase/oxygenase large subunit (rbcL) gene, partial ",1419,True,3,False,120,0,10,0,0,False,True
MT281545,Ferns,"Gymnosphaera denticulata voucher Dong4719-9 ribulose-1,5-bisphosphate carboxylase/oxygenase large subunit (rbcL) gene, p",1417,True,3,False,120,1,22,0,0,False,True
MT281544,Ferns,"Gymnosphaera denticulata voucher Dong4718-2 ribulose-1,5-bisphosphate carboxylase/oxygenase large subunit (rbcL) gene, p",1417,True,3,False,120,1,22,0,0,False,True
MT281543,Ferns,"Gymnosphaera denticulata voucher Dong4714-1 ribulose-1,5-bisphosphate carboxylase/oxygenase large subunit (rbcL) gene, p",1417,True,3,False,120,1,22,0,0,False,True
MT281542,Ferns,"Gymnosphaera bonii voucher Dong4999-1 ribulose-1,5-bisphosphate carboxylase/oxygenase large subunit (rbcL) gene, partial",1415,True,3,False,120,2,24,0,0,False,True
MT281541,Ferns,"Gymnosphaera bonii voucher Dong4987-1 ribulose-1,5-bisphosphate carboxylase/oxygenase large subunit (rbcL) gene, partial",1415,True,3,False,120,2,24,0,0,False,True
MT281540,Ferns,"Gymnosphaera bonii voucher Dong4749-1 ribulose-1,5-bisphosphate carboxylase/oxygenase large subunit (rbcL) gene, partial",1416,True,3,False,120,0,5,0,0,False,True
MT281539,Ferns,"Alsophila latebrosa voucher Dong4894-1 ribulose-1,5-bisphosphate carboxylase/oxygenase large subunit (rbcL) gene, partia",1435,True,3,False,120,1,26,0,0,False,True
MT281538,Ferns,"Alsophila spinulosa voucher Dong4872-1 ribulose-1,5-bisphosphate carboxylase/oxygenase large subunit (rbcL) gene, partia",1434,True,3,False,120,0,9,0,0,False,True
MT281537,Ferns,"Gymnosphaera bonii voucher Dong4727-3 ribulose-1,5-bisphosphate carboxylase/oxygenase large subunit (rbcL) gene, partial",1416,True,3,False,120,0,5,0,0,False,True
MT281536,Ferns,"Gymnosphaera bonii voucher Dong4724-2 ribulose-1,5-bisphosphate carboxylase/oxygenase large subunit (rbcL) gene, partial",1416,True,3,False,120,0,5,0,0,False,True
MT281535,Ferns,"Gymnosphaera bachmaensis voucher Dong4880-8 ribulose-1,5-bisphosphate carboxylase/oxygenase large subunit (rbcL) gene, p",1415,True,3,False,120,2,24,0,0,False,True
MT281534,Ferns,"Gymnosphaera bachmaensis voucher Dong4880-3 ribulose-1,5-bisphosphate carboxylase/oxygenase large subunit (rbcL) gene, p",1415,True,3,False,120,2,24,0,0,False,True
KY684773,Ferns,"Cyathea fulva isolate 21CL ribulose-1,5-bisphosphate carboxylase/oxygenase large subunit (rbcL) gene, partial cds; chlor",1414,True,2,False,1413,1,40,0,0,False,True
KY684771,Ferns,"Alsophila woodwardioides isolate Al_woodwar ribulose-1,5-bisphosphate carboxylase/oxygenase large subunit (rbcL) gene, c",1428,True,1,False,0,0,0,-1,-1,True,False
KY684769,Ferns,"Cibotium regale isolate 1DiTQ ribulose-1,5-bisphosphate carboxylase/oxygenase large subunit (rbcL) gene, complete cds; c",1428,True,1,False,1428,0,0,0,0,True,True
EF588741,Ferns,"Leptopteris hymenophylloides isolate a073 ribulose-1,5-bisphosphate carboxylase/oxygenase large subunit (rbcL) gene, par",1458,True,1,False,108,0,9,0,0,False,True
EF588740,Ferns,"Leptopteris hymenophylloides isolate a072 ribulose-1,5-bisphosphate carboxylase/oxygenase large subunit (rbcL) gene, par",1461,True,1,False,111,0,9,0,0,False,True
JN106038,Ferns,"Sphaeropteris cooperi voucher Yansura 3 (UC) ribulose-1,5-bisphosphate carboxylase/oxygenase large subunit (rbcL) gene, ",1428,True,1,False,1428,0,0,0,0,True,True
JN106035,Ferns,"Sphaeropteris cooperi voucher Yansura 1 (UC) ribulose-1,5-bisphosphate carboxylase/oxygenase large subunit (rbcL) gene, ",1428,True,1,False,1428,0,0,0,0,True,True
HM347350,Ferns,"Sphaeropteris cooperi voucher Yansura 2 (UC) ribulose-1,5-bisphosphate carboxylase/oxygenase large subunit (rbcL) gene, ",1428,True,1,False,1428,0,0,0,0,True,True
L13474,Ferns,"Botrychium biternatum chloroplast ribulosebisphosphate carboxylase (rbcL) gene, partial cds",1428,True,1,False,1428,0,0,0,0,True,True
KT000649,Ferns,"UNVERIFIED: Cryptogramma bithynica isolate 582 ribulose-1,5-bisphosphate carboxylase/oxygenase large subunit (rbcL) gene",1422,True,1,False,195,0,26,0,0,False,True
KT000646,Ferns,"UNVERIFIED: Cryptogramma crispa isolate 489 ribulose-1,5-bisphosphate carboxylase/oxygenase large subunit (rbcL) gene, p",1486,True,1,False,180,1,30,0,0,False,True
DQ069500,Ginkgo,"Ginkgo biloba ribulose-1,5-bisphosphate carboxylase/oxygenase large subunit (rbcL) gene, partial cds; chloroplast",1425,True,1,False,1425,0,0,0,0,True,True
JQ512540,Ginkgo,"Ginkgo biloba isolate PDBK2009-0611 ribulose-1,5-bisphosphate carboxylase/oxygenase large subunit (rbcL) gene, complete ",1428,True,1,False,1428,0,0,0,0,True,True
JQ512539,Ginkgo,"Ginkgo biloba isolate PDBK2009-0607 ribulose-1,5-bisphosphate carboxylase/oxygenase large subunit (rbcL) gene, complete ",1428,True,1,False,1428,0,0,0,0,True,True
JQ512538,Ginkgo,"Ginkgo biloba isolate PDBK1991-0138 ribulose-1,5-bisphosphate carboxylase/oxygenase large subunit (rbcL) gene, complete ",1428,True,1,False,1428,0,0,0,0,True,True
AJ235804,Ginkgo,Ginkgo biloba chloroplast rbcL gene,1428,True,1,False,0,0,0,-1,-1,True,False
U72820,Gnetophytes,"Gnetum leyboldii ribulose 1,5-bisphosphate carboxylase large subunit (rbcL) gene, chloroplast gene encoding chloroplast ",1428,True,1,False,0,0,0,-1,-1,True,False
U72819,Gnetophytes,"Gnetum gnemon ribulose 1,5-bisphosphate carboxylase large subunit (rbcL) gene, chloroplast gene encoding chloroplast pro",1428,True,1,False,0,0,0,-1,-1,True,False
AB715154,Gnetophytes,"Gnetum ula chloroplast rbcL gene for ribulose-1,5-bisphosphate carboxylase/oxygenase large subunit, partial cds",1427,True,1,False,1425,2,0,0,0,False,True
AB295938,Gnetophytes,"Gnetum parvifolium chloroplast rbcL gene for ribulose-1,5-bisphosphate carboxylase/oxygenase large subunit, complete cds",1428,True,1,False,1428,0,0,0,0,True,True
AJ235814,Gnetophytes,Welwitschia mirabilis chloroplast rbcL gene,1428,True,1,False,1428,0,0,0,0,True,True
PZ227532,Green algae,"Chlamydomonas klinobasis ribulose-1,5-bisphosphate carboxylase/oxygenase large subunit (rbcL) gene, complete cds; chloro",1428,True,1,False,1428,0,0,0,0,True,True
PV157319,Green algae,"Uncultured Bryopsidales clone 1 ribulose-1,5-bisphosphate carboxylase/oxygenase large subunit (rbcL) gene, complete cds;",1428,True,1,False,1428,0,0,0,0,True,True
PX274220,Green algae,"Ulva sp. voucher Historia Muscorum-XXXIII (OXF) ribulose-1,5-bisphosphate carboxylase/oxygenase large subunit (rbcL) gen",1425,True,1,False,1425,0,0,0,0,True,True
PQ473538,Green algae,"Jaagichlorella sp. strain FACHB-3637 ribulose-1,5-bisphosphate carboxylase/oxygenase large subunit (rbcL) gene, complete",1428,True,1,False,1428,0,0,0,0,True,True
PV999915,Green algae,"Pseudoderbesia eckloniae isolate HV02550 ribulose 1,5-bisphosphate carboxylase large subunit (rbcL) gene, complete cds; ",1428,True,1,False,1428,0,0,0,0,True,True
PV999914,Green algae,"Pseudoderbesia luxurians isolate HV06621b ribulose 1,5-bisphosphate carboxylase large subunit (rbcL) gene, complete cds;",1428,True,1,False,1428,0,0,0,0,True,True
PV999911,Green algae,"Pseudoderbesia luxurians isolate MC37 ribulose 1,5-bisphosphate carboxylase large subunit (rbcL) gene, complete cds; chl",1428,True,1,False,1428,0,0,0,0,True,True
PV999910,Green algae,"Pseudoderbesia luxurians isolate MC19 ribulose 1,5-bisphosphate carboxylase large subunit (rbcL) gene, complete cds; chl",1428,True,1,False,1428,0,0,0,0,True,True
PV999899,Green algae,"Pseudobryopsis australis isolate HV02620 ribulose 1,5-bisphosphate carboxylase large subunit (rbcL) gene, complete cds; ",1428,True,1,False,1428,0,0,0,0,True,True
PV999898,Green algae,"Pseudobryopsis australis isolate HV02592 ribulose 1,5-bisphosphate carboxylase large subunit (rbcL) gene, complete cds; ",1428,True,1,False,1428,0,0,0,0,True,True
PV999897,Green algae,"Pseudobryopsis australis isolate H.1638 ribulose 1,5-bisphosphate carboxylase large subunit (rbcL) gene, complete cds; c",1428,True,1,False,1428,0,0,0,0,True,True
PV999896,Green algae,"Pseudobryopsis australis isolate H.1623 ribulose 1,5-bisphosphate carboxylase large subunit (rbcL) gene, complete cds; c",1428,True,1,False,1428,0,0,0,0,True,True
OR114682,Green algae,"Ulvella burmanica isolate CS20236802 ribulose-1,5-bisphosphate carboxylase/oxygenase large subunit (rbcL) gene, partial ",1413,True,1,False,1413,0,0,0,0,True,True
OR114681,Green algae,"Ulvella burmanica isolate CS20236801 ribulose-1,5-bisphosphate carboxylase/oxygenase large subunit (rbcL) gene, partial ",1413,True,1,False,1413,0,0,0,0,True,True
PP680716,Green algae,"Ragelichloris palustris strain SAG2660 ribulose-1,5-bisphosphate carboxylase/oxygenase large subunit (rbcL) gene, comple",1428,True,1,False,1428,0,0,0,0,True,True
OR427286,Green algae,"Ulva compressa voucher L0795872 ribulose-1,5-bisphosphate carboxylase/oxygenase large subunit (rbcL) gene, complete cds;",1425,True,1,False,0,0,0,-1,-1,True,False
OR566824,Green algae,"Desmodesmus microspina FBCC-A0992 ribulose-1,5-bisphosphate carboxylase/oxygenase large subunit (rbcL) gene, exons 1 and",1455,True,1,False,654,0,8,0,0,False,True
OR566823,Green algae,"Desmodesmus microspina FBCC-A0369 ribulose-1,5-bisphosphate carboxylase/oxygenase large subunit (rbcL) gene, exons 1 and",1455,True,1,False,654,0,8,0,0,False,True
OR426994,Green algae,"Rhipilia sp. HV-2023a voucher PERTH09389660_C ribulose-1,5-bisphosphate carboxylase/oxygenase large subunit (rbcL) gene,",1425,True,1,False,1425,0,0,0,0,True,True
OR426993,Green algae,"Rhipilia sp. HV-2023a voucher PERTH09389660_B ribulose-1,5-bisphosphate carboxylase/oxygenase large subunit (rbcL) gene,",1425,True,1,False,1425,0,0,0,0,True,True
OR426992,Green algae,"Rhipilia sp. HV-2023a voucher PERTH09389660_A ribulose-1,5-bisphosphate carboxylase/oxygenase large subunit (rbcL) gene,",1425,True,1,False,1425,0,0,0,0,True,True
MN049191,Green algae,"Pithophora roettleri ribulose-1,5-bisphosphate carboxylase/oxygenase large subunit (rbcL) gene, complete cds; chloroplas",1422,True,1,False,0,0,1,-1,-1,False,False
MZ133569,Green algae,"Platydorina caudata ribulose-1,5-bisphosphate carboxylase/oxygenase large subunit (rbcL) gene, complete cds; chloroplast",1428,True,1,False,1428,0,0,0,0,True,True
MZ133523,Green algae,"Lobomonas monstruosa ribulose-1,5-bisphosphate carboxylase/oxygenase large subunit (rbcL) gene, complete cds; chloroplas",1428,True,1,False,1428,0,0,0,0,True,True
MZ133477,Green algae,"Basichlamys sacculifera ribulose-1,5-bisphosphate carboxylase/oxygenase large subunit (rbcL) gene, complete cds; chlorop",1428,True,1,False,1428,0,0,0,0,True,True
MZ133377,Green algae,"Vitreochlamys aulata ribulose-1,5-bisphosphate carboxylase/oxygenase large subunit (rbcL) gene, complete cds; chloroplas",1428,True,1,False,1428,0,0,0,0,True,True
MZ082103,Green algae,"Desmotetra delicata ribulose-1,5-bisphosphate carboxylase/oxygenase large subunit (rbcL) gene, complete cds; chloroplast",1428,True,1,False,1428,0,0,0,0,True,True
ON050965,Green algae,"Ulva prolifera ribulose-1,5-bisphosphate carboxylase/oxygenase large subunit (rbcL) gene, complete cds; chloroplast",1425,True,1,False,1425,0,0,0,0,True,True
OM938018,Green algae,"Ostreobium quekettii strain VRM623 ribulose-1,5-bisphosphate carboxylase/oxygenase large subunit (rbcL) gene, complete c",1428,True,1,False,1428,0,0,0,0,True,True
MZ561590,Green algae,"Ulva intestinalis strain CNS00531 ribulose 1,5-bisphosphate carboxylase/oxygenase large subunit (rbcL) gene, complete cd",1425,True,1,False,1425,0,0,0,0,True,True
MZ561589,Green algae,"Ulva compressa strain CNS00537 ribulose 1,5-bisphosphate carboxylase/oxygenase large subunit (rbcL) gene, complete cds; ",1425,True,1,False,1425,0,0,0,0,True,True
MZ561588,Green algae,"Ulva compressa strain CNS00538 ribulose 1,5-bisphosphate carboxylase/oxygenase large subunit (rbcL) gene, complete cds; ",1425,True,1,False,1425,0,0,0,0,True,True
MZ561587,Green algae,"Ulva compressa strain CNS00539 ribulose 1,5-bisphosphate carboxylase/oxygenase large subunit (rbcL) gene, complete cds; ",1425,True,1,False,1425,0,0,0,0,True,True
MZ561586,Green algae,"Ulva compressa strain CNS00534 ribulose 1,5-bisphosphate carboxylase/oxygenase large subunit (rbcL) gene, complete cds; ",1425,True,1,False,1425,0,0,0,0,True,True
MZ561585,Green algae,"Ulva compressa strain CNS00536 ribulose 1,5-bisphosphate carboxylase/oxygenase large subunit (rbcL) gene, complete cds; ",1425,True,1,False,1425,0,0,0,0,True,True
MZ561584,Green algae,"Ulva compressa strain CNS00535 ribulose 1,5-bisphosphate carboxylase/oxygenase large subunit (rbcL) gene, complete cds; ",1425,True,1,False,1425,0,0,0,0,True,True
MZ561583,Green algae,"Ulva laetevirens strain CNS00595 ribulose 1,5-bisphosphate carboxylase/oxygenase large subunit (rbcL) gene, complete cds",1425,True,1,False,1425,0,0,0,0,True,True
MZ561582,Green algae,"Ulva laetevirens strain CNS00533 ribulose 1,5-bisphosphate carboxylase/oxygenase large subunit (rbcL) gene, complete cds",1425,True,1,False,1425,0,0,0,0,True,True
MZ561581,Green algae,"Ulva laetevirens strain CNS00598 ribulose 1,5-bisphosphate carboxylase/oxygenase large subunit (rbcL) gene, complete cds",1425,True,1,False,1425,0,0,0,0,True,True
MZ561580,Green algae,"Ulva laetevirens strain CNS00599 ribulose 1,5-bisphosphate carboxylase/oxygenase large subunit (rbcL) gene, complete cds",1425,True,1,False,1425,0,0,0,0,True,True
MZ561579,Green algae,"Ulva laetevirens strain CNS00597 ribulose 1,5-bisphosphate carboxylase/oxygenase large subunit (rbcL) gene, complete cds",1425,True,1,False,1425,0,0,0,0,True,True
MZ561578,Green algae,"Ulva laetevirens strain CNS00600 ribulose 1,5-bisphosphate carboxylase/oxygenase large subunit (rbcL) gene, complete cds",1425,True,1,False,1425,0,0,0,0,True,True
MZ561577,Green algae,"Ulva laetevirens strain CNS00592 ribulose 1,5-bisphosphate carboxylase/oxygenase large subunit (rbcL) gene, complete cds",1425,True,1,False,1425,0,0,0,0,True,True
MZ561576,Green algae,"Ulva laetevirens strain CNS00593 ribulose 1,5-bisphosphate carboxylase/oxygenase large subunit (rbcL) gene, complete cds",1425,True,1,False,1425,0,0,0,0,True,True
MZ561575,Green algae,"Ulva laetevirens strain CNS00594 ribulose 1,5-bisphosphate carboxylase/oxygenase large subunit (rbcL) gene, complete cds",1425,True,1,False,1425,0,0,0,0,True,True
MZ561574,Green algae,"Ulva laetevirens strain CNS00596 ribulose 1,5-bisphosphate carboxylase/oxygenase large subunit (rbcL) gene, complete cds",1425,True,1,False,1425,0,0,0,0,True,True
MZ561573,Green algae,"Ulva laetevirens strain CNS00601 ribulose 1,5-bisphosphate carboxylase/oxygenase large subunit (rbcL) gene, complete cds",1425,True,1,False,1425,0,0,0,0,True,True
MZ561572,Green algae,"Ulva tepida strain CNS00525 ribulose 1,5-bisphosphate carboxylase/oxygenase large subunit (rbcL) gene, complete cds; chl",1425,True,1,False,1425,0,0,0,0,True,True
MZ561571,Green algae,"Ulva tepida strain CNS00769 ribulose 1,5-bisphosphate carboxylase/oxygenase large subunit (rbcL) gene, complete cds; chl",1425,True,1,False,1425,0,0,0,0,True,True
MZ561570,Green algae,"Ulva torta strain CNS00526 ribulose 1,5-bisphosphate carboxylase/oxygenase large subunit (rbcL) gene, complete cds; chlo",1425,True,1,False,1425,0,0,0,0,True,True
MZ561569,Green algae,"Ulva flexuosa strain CNS00540 ribulose 1,5-bisphosphate carboxylase/oxygenase large subunit (rbcL) gene, complete cds; c",1425,True,1,False,1425,0,0,0,0,True,True
MZ561568,Green algae,"Ulva flexuosa strain CNS00541 ribulose 1,5-bisphosphate carboxylase/oxygenase large subunit (rbcL) gene, complete cds; c",1425,True,1,False,1425,0,0,0,0,True,True
MZ561567,Green algae,"Ulva flexuosa strain CNS00542 ribulose 1,5-bisphosphate carboxylase/oxygenase large subunit (rbcL) gene, complete cds; c",1425,True,1,False,1425,0,0,0,0,True,True
MZ561566,Green algae,"Ulva flexuosa strain CNS00543 ribulose 1,5-bisphosphate carboxylase/oxygenase large subunit (rbcL) gene, complete cds; c",1425,True,1,False,1425,0,0,0,0,True,True
MZ561565,Green algae,"Ulva flexuosa strain CNS00523 ribulose 1,5-bisphosphate carboxylase/oxygenase large subunit (rbcL) gene, complete cds; c",1425,True,1,False,1425,0,0,0,0,True,True
MZ561564,Green algae,"Ulva flexuosa strain CNS00759 ribulose 1,5-bisphosphate carboxylase/oxygenase large subunit (rbcL) gene, complete cds; c",1425,True,1,False,1425,0,0,0,0,True,True
MZ561563,Green algae,"Ulva prolifera strain CNS00527 ribulose 1,5-bisphosphate carboxylase/oxygenase large subunit (rbcL) gene, complete cds; ",1425,True,1,False,1425,0,0,0,0,True,True
MZ561562,Green algae,"Ulva prolifera strain CNS00528 ribulose 1,5-bisphosphate carboxylase/oxygenase large subunit (rbcL) gene, complete cds; ",1425,True,1,False,1425,0,0,0,0,True,True
MZ561561,Green algae,"Ulva prolifera strain CNS00530 ribulose 1,5-bisphosphate carboxylase/oxygenase large subunit (rbcL) gene, complete cds; ",1425,True,1,False,1425,0,0,0,0,True,True
MZ561560,Green algae,"Ulva prolifera strain CNS00588 ribulose 1,5-bisphosphate carboxylase/oxygenase large subunit (rbcL) gene, complete cds; ",1425,True,1,False,1425,0,0,0,0,True,True
MZ561559,Green algae,"Ulva prolifera strain CNS00770 ribulose 1,5-bisphosphate carboxylase/oxygenase large subunit (rbcL) gene, complete cds; ",1425,True,1,False,1425,0,0,0,0,True,True
MZ561558,Green algae,"Ulva prolifera strain CNS00430 ribulose 1,5-bisphosphate carboxylase/oxygenase large subunit (rbcL) gene, complete cds; ",1425,True,1,False,1425,0,0,0,0,True,True
MZ561557,Green algae,"Ulva prolifera strain CNS00529 ribulose 1,5-bisphosphate carboxylase/oxygenase large subunit (rbcL) gene, complete cds; ",1425,True,1,False,1425,0,0,0,0,True,True
MZ561556,Green algae,"Ulva prolifera strain CNS00590 ribulose 1,5-bisphosphate carboxylase/oxygenase large subunit (rbcL) gene, complete cds; ",1425,True,1,False,1425,0,0,0,0,True,True
MZ561555,Green algae,"Ulva prolifera strain CNS00591 ribulose 1,5-bisphosphate carboxylase/oxygenase large subunit (rbcL) gene, complete cds; ",1425,True,1,False,1425,0,0,0,0,True,True
MZ561554,Green algae,"Ulva linza strain CNS00532 ribulose 1,5-bisphosphate carboxylase/oxygenase large subunit (rbcL) gene, complete cds; chlo",1425,True,1,False,1425,0,0,0,0,True,True
MZ561553,Green algae,"Ulva linza strain CNS00587 ribulose 1,5-bisphosphate carboxylase/oxygenase large subunit (rbcL) gene, complete cds; chlo",1425,True,1,False,1425,0,0,0,0,True,True
MZ561552,Green algae,"Ulva prolifera strain CNS00589 ribulose 1,5-bisphosphate carboxylase/oxygenase large subunit (rbcL) gene, complete cds; ",1425,True,1,False,1425,0,0,0,0,True,True
MZ561551,Green algae,"Ulva meridionalis strain CNS00524 ribulose 1,5-bisphosphate carboxylase/oxygenase large subunit (rbcL) gene, complete cd",1425,True,1,False,1425,0,0,0,0,True,True
MZ561550,Green algae,"Ulva meridionalis strain CNS00756 ribulose 1,5-bisphosphate carboxylase/oxygenase large subunit (rbcL) gene, complete cd",1425,True,1,False,1425,0,0,0,0,True,True
MZ561549,Green algae,"Ulva meridionalis strain CNS00586 ribulose 1,5-bisphosphate carboxylase/oxygenase large subunit (rbcL) gene, complete cd",1425,True,1,False,1425,0,0,0,0,True,True
MZ561548,Green algae,"Ulva meridionalis strain CNS00753 ribulose 1,5-bisphosphate carboxylase/oxygenase large subunit (rbcL) gene, complete cd",1425,True,1,False,1425,0,0,0,0,True,True
MZ561547,Green algae,"Ulva meridionalis strain CNS00754 ribulose 1,5-bisphosphate carboxylase/oxygenase large subunit (rbcL) gene, complete cd",1425,True,1,False,1425,0,0,0,0,True,True
MZ561546,Green algae,"Ulva meridionalis strain CNS00755 ribulose 1,5-bisphosphate carboxylase/oxygenase large subunit (rbcL) gene, complete cd",1425,True,1,False,1425,0,0,0,0,True,True
MZ561545,Green algae,"Ulva meridionalis strain CNS00777 ribulose 1,5-bisphosphate carboxylase/oxygenase large subunit (rbcL) gene, complete cd",1425,True,1,False,1425,0,0,0,0,True,True
MZ561544,Green algae,"Ulva australis strain CNS00764 ribulose 1,5-bisphosphate carboxylase/oxygenase large subunit (rbcL) gene, complete cds; ",1425,True,1,False,1425,0,0,0,0,True,True
MZ561543,Green algae,"Ulva australis strain CNS00765 ribulose 1,5-bisphosphate carboxylase/oxygenase large subunit (rbcL) gene, complete cds; ",1425,True,1,False,1425,0,0,0,0,True,True
MZ561542,Green algae,"Ulva australis strain CNS00761 ribulose 1,5-bisphosphate carboxylase/oxygenase large subunit (rbcL) gene, complete cds; ",1425,True,1,False,1425,0,0,0,0,True,True
MZ561541,Green algae,"Ulva australis strain CNS00763 ribulose 1,5-bisphosphate carboxylase/oxygenase large subunit (rbcL) gene, complete cds; ",1425,True,1,False,1425,0,0,0,0,True,True
MZ561540,Green algae,"Ulva australis strain CNS00762 ribulose 1,5-bisphosphate carboxylase/oxygenase large subunit (rbcL) gene, complete cds; ",1425,True,1,False,1425,0,0,0,0,True,True
MZ561539,Green algae,"Ulva australis strain CNS00768 ribulose 1,5-bisphosphate carboxylase/oxygenase large subunit (rbcL) gene, complete cds; ",1425,True,1,False,1425,0,0,0,0,True,True
MZ561538,Green algae,"Ulva australis strain CNS00602 ribulose 1,5-bisphosphate carboxylase/oxygenase large subunit (rbcL) gene, complete cds; ",1425,True,1,False,1425,0,0,0,0,True,True
MZ561537,Green algae,"Ulva australis strain CNS00780 ribulose 1,5-bisphosphate carboxylase/oxygenase large subunit (rbcL) gene, complete cds; ",1425,True,1,False,1425,0,0,0,0,True,True
OL542489,Green algae,"Ulva lactuca voucher PC 0042814 ribulose-1,5-bisphosphate carboxylase/oxygenase large subunit (rbcL) gene, partial cds; ",1414,True,1,False,0,1,0,-1,-1,False,False
MT160634,Green algae,"Ulva australis strain U78 ribulose-1,5-bisphosphate carboxylase/oxygenase large subunit (rbcL) gene, complete cds; chlor",1425,True,1,False,1425,0,0,0,0,True,True
MT160633,Green algae,"Ulva sp. A AF-2021 strain U79 ribulose-1,5-bisphosphate carboxylase/oxygenase large subunit (rbcL) gene, complete cds; c",1425,True,1,False,1425,0,0,0,0,True,True
MT160632,Green algae,"Ulva sp. A AF-2021 strain U76 ribulose-1,5-bisphosphate carboxylase/oxygenase large subunit (rbcL) gene, complete cds; c",1425,True,1,False,1425,0,0,0,0,True,True
MT160631,Green algae,"Ulva sp. A AF-2021 strain U77 ribulose-1,5-bisphosphate carboxylase/oxygenase large subunit (rbcL) gene, complete cds; c",1425,True,1,False,1425,0,0,0,0,True,True
MT160630,Green algae,"Ulva lacinulata strain U74 ribulose-1,5-bisphosphate carboxylase/oxygenase large subunit (rbcL) gene, complete cds; chlo",1425,True,1,False,1425,0,0,0,0,True,True
MT160629,Green algae,"Ulva lacinulata strain U75 ribulose-1,5-bisphosphate carboxylase/oxygenase large subunit (rbcL) gene, complete cds; chlo",1425,True,1,False,1425,0,0,0,0,True,True
MT160628,Green algae,"Ulva sp. A AF-2021 strain U72 ribulose-1,5-bisphosphate carboxylase/oxygenase large subunit (rbcL) gene, complete cds; c",1425,True,1,False,1425,0,0,0,0,True,True
MT160627,Green algae,"Ulva australis strain U73 ribulose-1,5-bisphosphate carboxylase/oxygenase large subunit (rbcL) gene, complete cds; chlor",1425,True,1,False,1425,0,0,0,0,True,True
MT160626,Green algae,"Ulva fenestrata strain U70 ribulose-1,5-bisphosphate carboxylase/oxygenase large subunit (rbcL) gene, complete cds; chlo",1425,True,1,False,1425,0,0,0,0,True,True
MT160625,Green algae,"Ulva lacinulata strain U71 ribulose-1,5-bisphosphate carboxylase/oxygenase large subunit (rbcL) gene, complete cds; chlo",1425,True,1,False,1425,0,0,0,0,True,True
MT160624,Green algae,"Ulva sp. A AF-2021 strain U69 ribulose-1,5-bisphosphate carboxylase/oxygenase large subunit (rbcL) gene, complete cds; c",1425,True,1,False,1425,0,0,0,0,True,True
MT160623,Green algae,"Ulva australis strain U67 ribulose-1,5-bisphosphate carboxylase/oxygenase large subunit (rbcL) gene, complete cds; chlor",1425,True,1,False,1425,0,0,0,0,True,True
MT160622,Green algae,"Ulva australis strain U68 ribulose-1,5-bisphosphate carboxylase/oxygenase large subunit (rbcL) gene, complete cds; chlor",1425,True,1,False,1425,0,0,0,0,True,True
MT160621,Green algae,"Ulva lacinulata strain U65 ribulose-1,5-bisphosphate carboxylase/oxygenase large subunit (rbcL) gene, complete cds; chlo",1425,True,1,False,1425,0,0,0,0,True,True
MT160620,Green algae,"Ulva sp. A AF-2021 strain U66 ribulose-1,5-bisphosphate carboxylase/oxygenase large subunit (rbcL) gene, complete cds; c",1425,True,1,False,1425,0,0,0,0,True,True
MT160619,Green algae,"Ulva lacinulata strain U63 ribulose-1,5-bisphosphate carboxylase/oxygenase large subunit (rbcL) gene, complete cds; chlo",1425,True,1,False,1425,0,0,0,0,True,True
MT160618,Green algae,"Ulva fenestrata strain U64 ribulose-1,5-bisphosphate carboxylase/oxygenase large subunit (rbcL) gene, complete cds; chlo",1425,True,1,False,1425,0,0,0,0,True,True
MT160617,Green algae,"Ulva gigantea strain U61 ribulose-1,5-bisphosphate carboxylase/oxygenase large subunit (rbcL) gene, complete cds; chloro",1425,True,1,False,1425,0,0,0,0,True,True
MT160616,Green algae,"Ulva lacinulata strain U62 ribulose-1,5-bisphosphate carboxylase/oxygenase large subunit (rbcL) gene, complete cds; chlo",1425,True,1,False,1425,0,0,0,0,True,True
MT160615,Green algae,"Ulva rigida strain U60 ribulose-1,5-bisphosphate carboxylase/oxygenase large subunit (rbcL) gene, complete cds; chloropl",1425,True,1,False,1425,0,0,0,0,True,True
MT160614,Green algae,"Ulva lacinulata strain U110 ribulose-1,5-bisphosphate carboxylase/oxygenase large subunit (rbcL) gene, complete cds; chl",1425,True,1,False,1425,0,0,0,0,True,True
MT160613,Green algae,"Ulva sp. A AF-2021 strain U111 ribulose-1,5-bisphosphate carboxylase/oxygenase large subunit (rbcL) gene, complete cds; ",1425,True,1,False,1425,0,0,0,0,True,True
MT160612,Green algae,"Ulva rigida strain U112 ribulose-1,5-bisphosphate carboxylase/oxygenase large subunit (rbcL) gene, complete cds; chlorop",1425,True,1,False,1425,0,0,0,0,True,True
MT160611,Green algae,"Ulva fenestrata strain U113 ribulose-1,5-bisphosphate carboxylase/oxygenase large subunit (rbcL) gene, complete cds; chl",1425,True,1,False,1425,0,0,0,0,True,True
MT160610,Green algae,"Ulva lacinulata strain U58 ribulose-1,5-bisphosphate carboxylase/oxygenase large subunit (rbcL) gene, complete cds; chlo",1425,True,1,False,1425,0,0,0,0,True,True
MT160609,Green algae,"Ulva rigida strain U114 ribulose-1,5-bisphosphate carboxylase/oxygenase large subunit (rbcL) gene, complete cds; chlorop",1425,True,1,False,1425,0,0,0,0,True,True
MT160608,Green algae,"Ulva lacinulata strain U59 ribulose-1,5-bisphosphate carboxylase/oxygenase large subunit (rbcL) gene, complete cds; chlo",1425,True,1,False,1425,0,0,0,0,True,True
MT160607,Green algae,"Ulva sp. A AF-2021 strain U56 ribulose-1,5-bisphosphate carboxylase/oxygenase large subunit (rbcL) gene, complete cds; c",1425,True,1,False,1425,0,0,0,0,True,True
MT160606,Green algae,"Ulva gigantea strain U57 ribulose-1,5-bisphosphate carboxylase/oxygenase large subunit (rbcL) gene, complete cds; chloro",1425,True,1,False,1425,0,0,0,0,True,True
MT160605,Green algae,"Ulva gigantea strain U54 ribulose-1,5-bisphosphate carboxylase/oxygenase large subunit (rbcL) gene, complete cds; chloro",1425,True,1,False,1425,0,0,0,0,True,True
MT160604,Green algae,"Ulva lacinulata strain U55 ribulose-1,5-bisphosphate carboxylase/oxygenase large subunit (rbcL) gene, complete cds; chlo",1425,True,1,False,1425,0,0,0,0,True,True
MT160603,Green algae,"Ulva gigantea strain U52 ribulose-1,5-bisphosphate carboxylase/oxygenase large subunit (rbcL) gene, complete cds; chloro",1425,True,1,False,1425,0,0,0,0,True,True
MT160602,Green algae,"Ulva gigantea strain U53 ribulose-1,5-bisphosphate carboxylase/oxygenase large subunit (rbcL) gene, complete cds; chloro",1425,True,1,False,1425,0,0,0,0,True,True
MT160601,Green algae,"Ulva sp. A AF-2021 strain U50 ribulose-1,5-bisphosphate carboxylase/oxygenase large subunit (rbcL) gene, complete cds; c",1425,True,1,False,1425,0,0,0,0,True,True
MT160600,Green algae,"Ulva sp. A AF-2021 strain U51 ribulose-1,5-bisphosphate carboxylase/oxygenase large subunit (rbcL) gene, complete cds; c",1425,True,1,False,1425,0,0,0,0,True,True
MT160599,Green algae,"Ulva lacinulata strain U104 ribulose-1,5-bisphosphate carboxylase/oxygenase large subunit (rbcL) gene, complete cds; chl",1425,True,1,False,1425,0,0,0,0,True,True
MT160598,Green algae,"Ulva australis strain U105 ribulose-1,5-bisphosphate carboxylase/oxygenase large subunit (rbcL) gene, complete cds; chlo",1425,True,1,False,1425,0,0,0,0,True,True
MT160597,Green algae,"Ulva australis strain U107 ribulose-1,5-bisphosphate carboxylase/oxygenase large subunit (rbcL) gene, complete cds; chlo",1425,True,1,False,1425,0,0,0,0,True,True
MT160596,Green algae,"Ulva lacinulata strain U108 ribulose-1,5-bisphosphate carboxylase/oxygenase large subunit (rbcL) gene, complete cds; chl",1425,True,1,False,1425,0,0,0,0,True,True
MT160595,Green algae,"Ulva fenestrata strain U109 ribulose-1,5-bisphosphate carboxylase/oxygenase large subunit (rbcL) gene, complete cds; chl",1425,True,1,False,1425,0,0,0,0,True,True
MT160594,Green algae,"Ulva lacinulata strain U49 ribulose-1,5-bisphosphate carboxylase/oxygenase large subunit (rbcL) gene, complete cds; chlo",1425,True,1,False,1425,0,0,0,0,True,True
MT160593,Green algae,"Ulva fenestrata strain U47 ribulose-1,5-bisphosphate carboxylase/oxygenase large subunit (rbcL) gene, complete cds; chlo",1425,True,1,False,1425,0,0,0,0,True,True
MT160592,Green algae,"Ulva fenestrata strain U48 ribulose-1,5-bisphosphate carboxylase/oxygenase large subunit (rbcL) gene, complete cds; chlo",1425,True,1,False,1425,0,0,0,0,True,True
MT160591,Green algae,"Ulva fenestrata strain U45 ribulose-1,5-bisphosphate carboxylase/oxygenase large subunit (rbcL) gene, complete cds; chlo",1425,True,1,False,1425,0,0,0,0,True,True
MT160590,Green algae,"Ulva fenestrata strain U46 ribulose-1,5-bisphosphate carboxylase/oxygenase large subunit (rbcL) gene, complete cds; chlo",1425,True,1,False,1425,0,0,0,0,True,True
MT160589,Green algae,"Ulva lacinulata strain U43 ribulose-1,5-bisphosphate carboxylase/oxygenase large subunit (rbcL) gene, complete cds; chlo",1425,True,1,False,1425,0,0,0,0,True,True
MT160588,Green algae,"Ulva gigantea strain U44 ribulose-1,5-bisphosphate carboxylase/oxygenase large subunit (rbcL) gene, complete cds; chloro",1425,True,1,False,1425,0,0,0,0,True,True
MT160587,Green algae,"Ulva lacinulata strain U41 ribulose-1,5-bisphosphate carboxylase/oxygenase large subunit (rbcL) gene, complete cds; chlo",1425,True,1,False,1425,0,0,0,0,True,True
MT160586,Green algae,"Ulva sp. A AF-2021 strain U42 ribulose-1,5-bisphosphate carboxylase/oxygenase large subunit (rbcL) gene, complete cds; c",1425,True,1,False,1425,0,0,0,0,True,True
MT160585,Green algae,"Ulva australis strain U40 ribulose-1,5-bisphosphate carboxylase/oxygenase large subunit (rbcL) gene, complete cds; chlor",1425,True,1,False,1425,0,0,0,0,True,True
MT160584,Green algae,"Ulva sp. A AF-2021 strain U9 ribulose-1,5-bisphosphate carboxylase/oxygenase large subunit (rbcL) gene, complete cds; ch",1425,True,1,False,1425,0,0,0,0,True,True
MT160583,Green algae,"Ulva lacinulata strain U8 ribulose-1,5-bisphosphate carboxylase/oxygenase large subunit (rbcL) gene, complete cds; chlor",1425,True,1,False,1425,0,0,0,0,True,True
MT160582,Green algae,"Ulva lacinulata strain U7 ribulose-1,5-bisphosphate carboxylase/oxygenase large subunit (rbcL) gene, complete cds; chlor",1425,True,1,False,1425,0,0,0,0,True,True
MT160581,Green algae,"Ulva rigida strain U6 ribulose-1,5-bisphosphate carboxylase/oxygenase large subunit (rbcL) gene, complete cds; chloropla",1425,True,1,False,1425,0,0,0,0,True,True
MT160580,Green algae,"Ulva lacinulata strain U5 ribulose-1,5-bisphosphate carboxylase/oxygenase large subunit (rbcL) gene, complete cds; chlor",1425,True,1,False,1425,0,0,0,0,True,True
MT160579,Green algae,"Ulva lacinulata strain U4 ribulose-1,5-bisphosphate carboxylase/oxygenase large subunit (rbcL) gene, complete cds; chlor",1425,True,1,False,1425,0,0,0,0,True,True
MT160578,Green algae,"Ulva sp. A AF-2021 strain U3 ribulose-1,5-bisphosphate carboxylase/oxygenase large subunit (rbcL) gene, complete cds; ch",1425,True,1,False,1425,0,0,0,0,True,True
MT160577,Green algae,"Ulva lacinulata strain U2 ribulose-1,5-bisphosphate carboxylase/oxygenase large subunit (rbcL) gene, complete cds; chlor",1425,True,1,False,1425,0,0,0,0,True,True
MT160576,Green algae,"Ulva rigida strain U1 ribulose-1,5-bisphosphate carboxylase/oxygenase large subunit (rbcL) gene, complete cds; chloropla",1425,True,1,False,1425,0,0,0,0,True,True
MT160575,Green algae,"Ulva australis strain U38 ribulose-1,5-bisphosphate carboxylase/oxygenase large subunit (rbcL) gene, complete cds; chlor",1425,True,1,False,1425,0,0,0,0,True,True
MT160574,Green algae,"Ulva australis strain U39 ribulose-1,5-bisphosphate carboxylase/oxygenase large subunit (rbcL) gene, complete cds; chlor",1425,True,1,False,1425,0,0,0,0,True,True
MT160573,Green algae,"Ulva sp. A AF-2021 strain U36 ribulose-1,5-bisphosphate carboxylase/oxygenase large subunit (rbcL) gene, complete cds; c",1425,True,1,False,1425,0,0,0,0,True,True
MT160572,Green algae,"Ulva gigantea strain U37 ribulose-1,5-bisphosphate carboxylase/oxygenase large subunit (rbcL) gene, complete cds; chloro",1425,True,1,False,1425,0,0,0,0,True,True
MT160571,Green algae,"Ulva sp. A AF-2021 strain U34 ribulose-1,5-bisphosphate carboxylase/oxygenase large subunit (rbcL) gene, complete cds; c",1425,True,1,False,1425,0,0,0,0,True,True
MT160570,Green algae,"Ulva lacinulata strain U35 ribulose-1,5-bisphosphate carboxylase/oxygenase large subunit (rbcL) gene, complete cds; chlo",1425,True,1,False,1425,0,0,0,0,True,True
MT160569,Green algae,"Ulva australis strain U32 ribulose-1,5-bisphosphate carboxylase/oxygenase large subunit (rbcL) gene, complete cds; chlor",1425,True,1,False,1425,0,0,0,0,True,True
OQ078578,Haptophytes,"Meringosphaera mediterranea isolate S14 ribulose-1,5-bisphosphate carboxylase/oxygenase large subunit (rbcL) gene, parti",1458,True,3,False,1455,0,34,0,0,False,True
OQ078577,Haptophytes,"Meringosphaera mediterranea isolate S12 ribulose-1,5-bisphosphate carboxylase/oxygenase large subunit (rbcL) gene, parti",1458,True,3,False,1455,0,34,0,0,False,True
OQ078576,Haptophytes,"Meringosphaera mediterranea isolate S11 ribulose-1,5-bisphosphate carboxylase/oxygenase large subunit (rbcL) gene, parti",1458,True,3,False,1455,0,34,0,0,False,True
OQ078575,Haptophytes,"Meringosphaera mediterranea isolate S8 ribulose-1,5-bisphosphate carboxylase/oxygenase large subunit (rbcL) gene, partia",1458,True,3,False,1455,0,34,0,0,False,True
OQ078573,Haptophytes,"Meringosphaera mediterranea isolate S6 ribulose-1,5-bisphosphate carboxylase/oxygenase large subunit (rbcL) gene, partia",1466,True,1,False,1464,2,0,0,0,False,True
OQ078572,Haptophytes,"Meringosphaera mediterranea isolate S4 ribulose-1,5-bisphosphate carboxylase/oxygenase large subunit (rbcL) gene, partia",1458,True,3,False,1455,0,32,0,0,False,True
OQ078571,Haptophytes,"Meringosphaera mediterranea isolate S3 ribulose-1,5-bisphosphate carboxylase/oxygenase large subunit (rbcL) gene, partia",1466,True,1,False,1464,2,0,0,0,False,True
OQ078570,Haptophytes,"Meringosphaera mediterranea isolate S2 ribulose-1,5-bisphosphate carboxylase/oxygenase large subunit (rbcL) gene, partia",1466,True,1,False,1464,2,0,0,0,False,True
OQ078569,Haptophytes,"Meringosphaera mediterranea isolate S1 ribulose-1,5-bisphosphate carboxylase/oxygenase large subunit (rbcL) gene, partia",1458,True,3,False,1455,0,32,0,0,False,True
JX292167,Haptophytes,"Emiliania huxleyi ribulose-1,5-bisphosphate carboxylase/oxygenase large subunit (rbcL) mRNA, partial cds; chloroplast",1408,True,1,False,1407,1,0,0,0,False,True
JX292160,Haptophytes,"Emiliania huxleyi ribulose-1,5-bisphosphate carboxylase/oxygenase large subunit (rbcL) gene, partial cds; chloroplast",1408,True,1,False,1407,1,0,0,0,False,True
DQ268978,Hornworts,"Phymatoceros bulbiculosus rbcL gene, partial sequence; chloroplast",1421,False,0,False,0,2,1,-1,-1,False,False
AB087449,Hornworts,"Anthoceros formosae chloroplast rbcL mRNA for RuBisCO large subunit, complete cds",1459,True,1,False,1428,1,1,0,0,False,True
LC924790,Liverworts,"Lejeunea japonica TNS:MH:257349 chloroplast rbcL gene for ribulose-1,5-bisphosphate carboxylase/oxygenase large subunit,",1428,True,1,False,1428,0,0,0,0,True,True
LC924789,Liverworts,"Lejeunea japonica TNS:MH:257169 chloroplast rbcL gene for ribulose-1,5-bisphosphate carboxylase/oxygenase large subunit,",1428,True,1,False,1428,0,0,0,0,True,True
LC924788,Liverworts,"Lejeunea japonica TNS:MH:256362 chloroplast rbcL gene for ribulose-1,5-bisphosphate carboxylase/oxygenase large subunit,",1428,True,1,False,1428,0,0,0,0,True,True
LC924787,Liverworts,"Lejeunea japonica TNS:MH:256375 chloroplast rbcL gene for ribulose-1,5-bisphosphate carboxylase/oxygenase large subunit,",1428,True,1,False,1428,0,0,0,0,True,True
LC924786,Liverworts,"Lejeunea japonica TNS:MH:256372 chloroplast rbcL gene for ribulose-1,5-bisphosphate carboxylase/oxygenase large subunit,",1428,True,1,False,1428,0,0,0,0,True,True
LC924785,Liverworts,"Lejeunea japonica TNS:MH:256371 chloroplast rbcL gene for ribulose-1,5-bisphosphate carboxylase/oxygenase large subunit,",1428,True,1,False,1428,0,0,0,0,True,True
LC924784,Liverworts,"Lejeunea japonica TNS:MH:256370 chloroplast rbcL gene for ribulose-1,5-bisphosphate carboxylase/oxygenase large subunit,",1428,True,1,False,1428,0,0,0,0,True,True
LC924783,Liverworts,"Microlejeunea ulicina TNS:MH:256595 chloroplast rbcL gene for ribulose-1,5-bisphosphate carboxylase/oxygenase large subu",1428,True,1,False,1428,0,0,0,0,True,True
LC924782,Liverworts,"Cololejeunea japonica TNS:MH:257107 chloroplast rbcL gene for ribulose-1,5-bisphosphate carboxylase/oxygenase large subu",1428,True,1,False,1428,0,0,0,0,True,True
LC924781,Liverworts,"Cololejeunea japonica TNS:MH:256581 chloroplast rbcL gene for ribulose-1,5-bisphosphate carboxylase/oxygenase large subu",1428,True,1,False,1428,0,0,0,0,True,True
LC924780,Liverworts,"Cololejeunea japonica TNS:MH:256223 chloroplast rbcL gene for ribulose-1,5-bisphosphate carboxylase/oxygenase large subu",1428,True,1,False,1428,0,0,0,0,True,True
LC924779,Liverworts,"Cololejeunea raduliloba TNS:MH:256325 chloroplast rbcL gene for ribulose-1,5-bisphosphate carboxylase/oxygenase large su",1428,True,1,False,1428,0,0,0,0,True,True
LC924772,Liverworts,"Acrolejeunea sandvicensis TNS:MH:256224 chloroplast rbcL gene for ribulose-1,5-bisphosphate carboxylase/oxygenase large ",1428,True,1,False,1428,0,0,0,0,True,True
LC924771,Liverworts,"Acrolejeunea sandvicensis TNS:MH:256178 chloroplast rbcL gene for ribulose-1,5-bisphosphate carboxylase/oxygenase large ",1428,True,1,False,1428,0,0,0,0,True,True
LC924770,Liverworts,"Frullania inflata TNS:MH:256369 chloroplast rbcL gene for ribulose-1,5-bisphosphate carboxylase/oxygenase large subunit,",1428,True,1,False,1428,0,0,0,0,True,True
LC924769,Liverworts,"Frullania inflata TNS:MH:256351 chloroplast rbcL gene for ribulose-1,5-bisphosphate carboxylase/oxygenase large subunit,",1428,True,1,False,1428,0,0,0,0,True,True
LC924768,Liverworts,"Frullania inflata TNS:MH:256349 chloroplast rbcL gene for ribulose-1,5-bisphosphate carboxylase/oxygenase large subunit,",1428,True,1,False,1428,0,0,0,0,True,True
LC924767,Liverworts,"Frullania inflata TNS:MH:256343 chloroplast rbcL gene for ribulose-1,5-bisphosphate carboxylase/oxygenase large subunit,",1428,True,1,False,1428,0,0,0,0,True,True
LC924766,Liverworts,"Radula tokiensis TNS:MH:256379 chloroplast rbcL gene for ribulose-1,5-bisphosphate carboxylase/oxygenase large subunit, ",1428,True,1,False,1428,0,0,0,0,True,True
LC924762,Liverworts,"Solenostoma truncatum TNS:MH:271402 chloroplast rbcL gene for ribulose-1,5-bisphosphate carboxylase/oxygenase large subu",1428,True,1,False,1428,0,0,0,0,True,True
LC924761,Liverworts,"Solenostoma truncatum TNS:MH:256374 chloroplast rbcL gene for ribulose-1,5-bisphosphate carboxylase/oxygenase large subu",1428,True,1,False,1428,0,0,0,0,True,True
LC924760,Liverworts,"Solenostoma truncatum TNS:MH:256350 chloroplast rbcL gene for ribulose-1,5-bisphosphate carboxylase/oxygenase large subu",1428,True,1,False,1428,0,0,0,0,True,True
LC924759,Liverworts,"Solenostoma truncatum TNS:MH:256358 chloroplast rbcL gene for ribulose-1,5-bisphosphate carboxylase/oxygenase large subu",1428,True,1,False,1428,0,0,0,0,True,True
LC924758,Liverworts,"Lophocolea minor TNS:MH:256048 chloroplast rbcL gene for ribulose-1,5-bisphosphate carboxylase/oxygenase large subunit, ",1428,True,1,False,1428,0,0,0,0,True,True
LC924757,Liverworts,"Lophocolea minor TNS:MH:256043 chloroplast rbcL gene for ribulose-1,5-bisphosphate carboxylase/oxygenase large subunit, ",1428,True,1,False,1428,0,0,0,0,True,True
LC924756,Liverworts,"Lophocolea minor TNS:MH:256344 chloroplast rbcL gene for ribulose-1,5-bisphosphate carboxylase/oxygenase large subunit, ",1428,True,1,False,1428,0,0,0,0,True,True
LC924755,Liverworts,"Metzgeria lindbergii TNS:MH:256072 chloroplast rbcL gene for ribulose-1,5-bisphosphate carboxylase/oxygenase large subun",1428,True,1,False,1428,0,0,0,0,True,True
LC924754,Liverworts,"Metzgeria lindbergii TNS:MH:256376 chloroplast rbcL gene for ribulose-1,5-bisphosphate carboxylase/oxygenase large subun",1428,True,1,False,1428,0,0,0,0,True,True
LC924753,Liverworts,"Apopellia endiviifolia TNS:MH:257714 chloroplast rbcL gene for ribulose-1,5-bisphosphate carboxylase/oxygenase large sub",1428,True,1,False,1428,0,0,0,0,True,True
LC924752,Liverworts,"Apopellia endiviifolia TNS:MH:256219 chloroplast rbcL gene for ribulose-1,5-bisphosphate carboxylase/oxygenase large sub",1428,True,1,False,1428,0,0,0,0,True,True
LC924751,Liverworts,"Apopellia endiviifolia TNS:MH:256356 chloroplast rbcL gene for ribulose-1,5-bisphosphate carboxylase/oxygenase large sub",1428,True,1,False,1428,0,0,0,0,True,True
LC924750,Liverworts,"Fossombronia japonica TNS:MH:258440 chloroplast rbcL gene for ribulose-1,5-bisphosphate carboxylase/oxygenase large subu",1428,True,1,False,1428,0,0,0,0,True,True
LC924749,Liverworts,"Riccia nigrella TNS:MH:256337 chloroplast rbcL gene for ribulose-1,5-bisphosphate carboxylase/oxygenase large subunit, c",1428,True,1,False,1428,0,0,0,0,True,True
LC924748,Liverworts,"Riccia sorocarpa TNS:MH:256309 chloroplast rbcL gene for ribulose-1,5-bisphosphate carboxylase/oxygenase large subunit, ",1428,True,1,False,1428,0,0,0,0,True,True
LC924747,Liverworts,"Riccia miyakeana TNS:MH:256314 chloroplast rbcL gene for ribulose-1,5-bisphosphate carboxylase/oxygenase large subunit, ",1428,True,1,False,1428,0,0,0,0,True,True
LC924746,Liverworts,"Riccia miyakeana TNS:MH:256311 chloroplast rbcL gene for ribulose-1,5-bisphosphate carboxylase/oxygenase large subunit, ",1428,True,1,False,1428,0,0,0,0,True,True
LC924745,Liverworts,"Riccia huebeneriana TNS:MH:256317 chloroplast rbcL gene for ribulose-1,5-bisphosphate carboxylase/oxygenase large subuni",1428,True,1,False,1428,0,0,0,0,True,True
LC924744,Liverworts,"Riccia canaliculata TNS:MH:256308 chloroplast rbcL gene for ribulose-1,5-bisphosphate carboxylase/oxygenase large subuni",1428,True,1,False,1428,0,0,0,0,True,True
LC924743,Liverworts,"Riccia lamellosa TNS:MH:258438 chloroplast rbcL gene for ribulose-1,5-bisphosphate carboxylase/oxygenase large subunit, ",1428,True,1,False,1428,0,0,0,0,True,True
LC924742,Liverworts,"Riccia lamellosa TNS:MH:258407 chloroplast rbcL gene for ribulose-1,5-bisphosphate carboxylase/oxygenase large subunit, ",1428,True,1,False,1428,0,0,0,0,True,True
LC924741,Liverworts,"Riccia lamellosa TNS:MH:256179 chloroplast rbcL gene for ribulose-1,5-bisphosphate carboxylase/oxygenase large subunit, ",1428,True,1,False,1428,0,0,0,0,True,True
LC924740,Liverworts,"Riccia lamellosa TNS:MH:256361 chloroplast rbcL gene for ribulose-1,5-bisphosphate carboxylase/oxygenase large subunit, ",1428,True,1,False,1428,0,0,0,0,True,True
LC924739,Liverworts,"Riccia lamellosa TNS:MH:256357 chloroplast rbcL gene for ribulose-1,5-bisphosphate carboxylase/oxygenase large subunit, ",1428,True,1,False,1428,0,0,0,0,True,True
LC924738,Liverworts,"Ricciocarpos natans TNS:MH:256315 chloroplast rbcL gene for ribulose-1,5-bisphosphate carboxylase/oxygenase large subuni",1428,True,1,False,1428,0,0,0,0,True,True
LC924731,Liverworts,"Sandea japonica TNS:MH:258713 chloroplast rbcL gene for ribulose-1,5-bisphosphate carboxylase/oxygenase large subunit, c",1428,True,1,False,1428,0,0,0,0,True,True
LC924730,Liverworts,"Sandea japonica TNS:MH:257407 chloroplast rbcL gene for ribulose-1,5-bisphosphate carboxylase/oxygenase large subunit, c",1428,True,1,False,1428,0,0,0,0,True,True
LC924729,Liverworts,"Sandea japonica TNS:MH:256411 chloroplast rbcL gene for ribulose-1,5-bisphosphate carboxylase/oxygenase large subunit, c",1428,True,1,False,1428,0,0,0,0,True,True
LC924728,Liverworts,"Reboulia hemisphaerica subsp. orientalis TNS:MH:257172 chloroplast rbcL gene for ribulose-1,5-bisphosphate carboxylase/o",1431,True,1,False,1431,0,0,0,0,True,True
LC924727,Liverworts,"Reboulia hemisphaerica subsp. orientalis TNS:MH:256382 chloroplast rbcL gene for ribulose-1,5-bisphosphate carboxylase/o",1431,True,1,False,1431,0,0,0,0,True,True
LC924726,Liverworts,"Reboulia hemisphaerica subsp. orientalis TNS:MH:256193 chloroplast rbcL gene for ribulose-1,5-bisphosphate carboxylase/o",1431,True,1,False,1431,0,0,0,0,True,True
LC924725,Liverworts,"Reboulia hemisphaerica subsp. orientalis TNS:MH:256049 chloroplast rbcL gene for ribulose-1,5-bisphosphate carboxylase/o",1431,True,1,False,1431,0,0,0,0,True,True
LC924724,Liverworts,"Reboulia hemisphaerica subsp. orientalis TNS:MH:256335 chloroplast rbcL gene for ribulose-1,5-bisphosphate carboxylase/o",1431,True,1,False,1431,0,0,0,0,True,True
LC924723,Liverworts,"Reboulia hemisphaerica subsp. orientalis TNS:MH:256366 chloroplast rbcL gene for ribulose-1,5-bisphosphate carboxylase/o",1431,True,1,False,1431,0,0,0,0,True,True
LC924722,Liverworts,"Monosolenium tenerum TNS:MH:256352 chloroplast rbcL gene for ribulose-1,5-bisphosphate carboxylase/oxygenase large subun",1431,True,1,False,1431,0,0,0,0,True,True
LC924721,Liverworts,"Monosolenium tenerum TNS:MH:256329 chloroplast rbcL gene for ribulose-1,5-bisphosphate carboxylase/oxygenase large subun",1431,True,1,False,1431,0,0,0,0,True,True
LC924720,Liverworts,"Marchantia paleacea subsp. diptera TNS:MH:256360 chloroplast rbcL gene for ribulose-1,5-bisphosphate carboxylase/oxygena",1428,True,1,False,1428,0,0,0,0,True,True
LC924719,Liverworts,"Lunularia cruciata TNS:MH:256409 chloroplast rbcL gene for ribulose-1,5-bisphosphate carboxylase/oxygenase large subunit",1428,True,1,False,1428,0,0,0,0,True,True
LC924718,Liverworts,"Lunularia cruciata TNS:MH:256217 chloroplast rbcL gene for ribulose-1,5-bisphosphate carboxylase/oxygenase large subunit",1428,True,1,False,1428,0,0,0,0,True,True
LC924717,Liverworts,"Lunularia cruciata TNS:MH:256330 chloroplast rbcL gene for ribulose-1,5-bisphosphate carboxylase/oxygenase large subunit",1428,True,1,False,1428,0,0,0,0,True,True
LC924716,Liverworts,"Dumortiera hirsuta TNS:MH:257324 chloroplast rbcL gene for ribulose-1,5-bisphosphate carboxylase/oxygenase large subunit",1428,True,1,False,1428,0,0,0,0,True,True
LC924715,Liverworts,"Dumortiera hirsuta TNS:MH:256088 chloroplast rbcL gene for ribulose-1,5-bisphosphate carboxylase/oxygenase large subunit",1428,True,1,False,1428,0,0,0,0,True,True
LC924714,Liverworts,"Dumortiera hirsuta TNS:MH:256078 chloroplast rbcL gene for ribulose-1,5-bisphosphate carboxylase/oxygenase large subunit",1428,True,1,False,1428,0,0,0,0,True,True
LC924713,Liverworts,"Dumortiera hirsuta TNS:MH:256318 chloroplast rbcL gene for ribulose-1,5-bisphosphate carboxylase/oxygenase large subunit",1428,True,1,False,1428,0,0,0,0,True,True
LC924712,Liverworts,"Dumortiera hirsuta TNS:MH:256378 chloroplast rbcL gene for ribulose-1,5-bisphosphate carboxylase/oxygenase large subunit",1428,True,1,False,1428,0,0,0,0,True,True
LC536776,Liverworts,"Marchantia quadrata HIRO:T.-X. Zheng 8 chloroplast rbcL gene for ribulose 1,5-bisphosphate carboxylase/oxygenase large s",1428,True,1,False,1428,0,0,0,0,True,True
LC536774,Liverworts,"Marchantia pinnata HIRO:T.-X. Zheng 2 chloroplast rbcL gene for ribulose 1,5-bisphosphate carboxylase/oxygenase large su",1428,True,1,False,1428,0,0,0,0,True,True
LC536772,Liverworts,"Marchantia emarginata subsp. tosana HIRO:T.-X. Zheng 7 chloroplast rbcL gene for ribulose 1,5-bisphosphate carboxylase/o",1428,True,1,False,1428,0,0,0,0,True,True
LC536771,Liverworts,"Marchantia emarginata subsp. tosana HIRO:T.-X. Zheng 1 chloroplast rbcL gene for ribulose 1,5-bisphosphate carboxylase/o",1428,True,1,False,1428,0,0,0,0,True,True
LC536769,Liverworts,"Marchantia paleacea subsp. diptera HIRO:T.-X. Zheng 3 chloroplast rbcL gene for ribulose 1,5-bisphosphate carboxylase/ox",1428,True,1,False,1428,0,0,0,0,True,True
LC536763,Liverworts,"Marchantia paleacea subsp. paleacea HIRO:1038712 chloroplast rbcL gene for ribulose 1,5-bisphosphate carboxylase/oxygena",1428,True,1,False,1428,0,0,0,0,True,True
LC732100,Liverworts,"Metacalypogeia cordifolia CBM:M. Ota 9200 chloroplast rbcL gene for ribulose-1,5-bisphosphate carboxylase/oxygenase larg",1428,True,1,False,1428,0,0,0,0,True,True
LC732096,Liverworts,"Metacalypogeia alternifolia CBM:T. Furuki 25335 chloroplast rbcL gene for ribulose-1,5-bisphosphate carboxylase/oxygenas",1428,True,1,False,1428,0,0,0,0,True,True
LC732092,Liverworts,"Calypogeia japonica CBM:N. Hayashida 742 chloroplast rbcL gene for ribulose-1,5-bisphosphate carboxylase/oxygenase large",1428,True,1,False,1428,0,0,0,0,True,True
LC732088,Liverworts,"Calypogeia japonica CBM:M. Ota 9001 chloroplast rbcL gene for ribulose-1,5-bisphosphate carboxylase/oxygenase large subu",1428,True,1,False,1428,0,0,0,0,True,True
LC732084,Liverworts,"Calypogeia asakawana CBM:T. Furuki 24917 chloroplast rbcL gene for ribulose-1,5-bisphosphate carboxylase/oxygenase large",1428,True,1,False,1428,0,0,0,0,True,True
LC732080,Liverworts,"Asperifolia indosinica CBM:M. Ota 9202 chloroplast rbcL gene for ribulose-1,5-bisphosphate carboxylase/oxygenase large s",1428,True,1,False,1428,0,0,0,0,True,True
LC732076,Liverworts,"Asperifolia indosinica CBM:N. Hayashida 743 chloroplast rbcL gene for ribulose-1,5-bisphosphate carboxylase/oxygenase la",1428,True,1,False,1428,0,0,0,0,True,True
LC648986,Liverworts,"Plicanthus birmensis HIRO:K.Amamoto 1114 chloroplast rbcL gene for ribulose 1,5-bisphosphate carboxylase/oxygenase large",1428,True,1,False,1428,0,0,0,0,True,True
LC648985,Liverworts,"Plicanthus birmensis HIRO:K.Amamoto 1113 chloroplast rbcL gene for ribulose 1,5-bisphosphate carboxylase/oxygenase large",1428,True,1,False,1428,0,0,0,0,True,True
LC648984,Liverworts,"Plicanthus birmensis HIRO:K.Amamoto 1112 chloroplast rbcL gene for ribulose 1,5-bisphosphate carboxylase/oxygenase large",1428,True,1,False,1428,0,0,0,0,True,True
LC648981,Liverworts,"Plicanthus birmensis HIRO:K.Amamoto 35 chloroplast rbcL gene for ribulose 1,5-bisphosphate carboxylase/oxygenase large s",1428,True,1,False,1428,0,0,0,0,True,True
LC648980,Liverworts,"Plicanthus birmensis HIRO:K.Amamoto 29 chloroplast rbcL gene for ribulose 1,5-bisphosphate carboxylase/oxygenase large s",1428,True,1,False,1428,0,0,0,0,True,True
LC648979,Liverworts,"Plicanthus birmensis HIRO:K.Amamoto 27 chloroplast rbcL gene for ribulose 1,5-bisphosphate carboxylase/oxygenase large s",1428,True,1,False,1428,0,0,0,0,True,True
LC648978,Liverworts,"Plicanthus birmensis HIRO:K.Amamoto 26 chloroplast rbcL gene for ribulose 1,5-bisphosphate carboxylase/oxygenase large s",1428,True,1,False,1428,0,0,0,0,True,True
LC648977,Liverworts,"Plicanthus birmensis HIRO:K.Amamoto 25 chloroplast rbcL gene for ribulose 1,5-bisphosphate carboxylase/oxygenase large s",1428,True,1,False,1428,0,0,0,0,True,True
LC648976,Liverworts,"Plicanthus birmensis HIRO:K.Amamoto 24 chloroplast rbcL gene for ribulose 1,5-bisphosphate carboxylase/oxygenase large s",1428,True,1,False,1428,0,0,0,0,True,True
LC648975,Liverworts,"Plicanthus birmensis HIRO:K.Amamoto 22 chloroplast rbcL gene for ribulose 1,5-bisphosphate carboxylase/oxygenase large s",1428,True,1,False,1428,0,0,0,0,True,True
LC648974,Liverworts,"Plicanthus birmensis HIRO:K.Amamoto 21 chloroplast rbcL gene for ribulose 1,5-bisphosphate carboxylase/oxygenase large s",1428,True,1,False,1428,0,0,0,0,True,True
LC648973,Liverworts,"Plicanthus birmensis HIRO:K.Amamoto 30 chloroplast rbcL gene for ribulose 1,5-bisphosphate carboxylase/oxygenase large s",1428,True,1,False,1428,0,0,0,0,True,True
LC648972,Liverworts,"Plicanthus birmensis HIRO:K.Amamoto 17 chloroplast rbcL gene for ribulose 1,5-bisphosphate carboxylase/oxygenase large s",1428,True,1,False,1428,0,0,0,0,True,True
LC648970,Liverworts,"Plicanthus birmensis HIRO:K.Amamoto 14 chloroplast rbcL gene for ribulose 1,5-bisphosphate carboxylase/oxygenase large s",1408,True,2,False,1407,1,51,0,0,False,True
LC648969,Liverworts,"Plicanthus birmensis HIRO:K.Amamoto 13 chloroplast rbcL gene for ribulose 1,5-bisphosphate carboxylase/oxygenase large s",1408,True,2,False,1407,1,51,0,0,False,True
LC648968,Liverworts,"Plicanthus hirtellus HIRO:K.Amamoto 10 chloroplast rbcL gene for ribulose 1,5-bisphosphate carboxylase/oxygenase large s",1428,True,1,False,1428,0,0,0,0,True,True
LC648966,Liverworts,"Plicanthus birmensis HIRO:K.Amamoto 11 chloroplast rbcL gene for ribulose 1,5-bisphosphate carboxylase/oxygenase large s",1428,True,1,False,1428,0,0,0,0,True,True
LC862899,Liverworts,"Marchantia formosana NICH:K.-Y. Yao 9651b chloroplast rbcL gene for ribulose-1,5-bisphosphate carboxylase/oxygenase larg",1428,True,1,False,1428,0,0,0,0,True,True
LC885985,Liverworts,"Plicanthus birmensis JE:YuSM-733-2-3 chloroplast rbcL gene for ribulose 1, 5-bisphosphate carboxylase/oxygenase large su",1428,True,1,False,1428,0,0,0,0,True,True
LC885984,Liverworts,"Plicanthus birmensis JE:YuSM-730-1-6 chloroplast rbcL gene for ribulose 1, 5-bisphosphate carboxylase/oxygenase large su",1428,True,1,False,1428,0,0,0,0,True,True
LC885983,Liverworts,"Plicanthus birmensis TNS:MH:271107 chloroplast rbcL gene for ribulose 1, 5-bisphosphate carboxylase/oxygenase large subu",1428,True,1,False,1428,0,0,0,0,True,True
LC885982,Liverworts,"Plicanthus hirtellus MO:6969209 chloroplast rbcL gene for ribulose 1, 5-bisphosphate carboxylase/oxygenase large subunit",1428,True,1,False,1428,0,0,0,0,True,True
LC885981,Liverworts,"Plicanthus birmensis JE:A. Schafer-Verwimp 41987 chloroplast rbcL gene for ribulose 1, 5-bisphosphate carboxylase/oxygen",1428,True,1,False,1428,0,0,0,0,True,True
LC885980,Liverworts,"Plicanthus birmensis JE:A. Schafer-Verwimp 41854 chloroplast rbcL gene for ribulose 1, 5-bisphosphate carboxylase/oxygen",1428,True,1,False,1428,0,0,0,0,True,True
LC885979,Liverworts,"Plicanthus birmensis JE:A. Schafer-Verwimp 39132 chloroplast rbcL gene for ribulose 1, 5-bisphosphate carboxylase/oxygen",1428,True,1,False,1428,0,0,0,0,True,True
LC885974,Liverworts,"Plicanthus hirtellus MO:6969213 chloroplast rbcL gene for ribulose 1, 5-bisphosphate carboxylase/oxygenase large subunit",1428,True,1,False,1428,0,0,0,0,True,True
LC885973,Liverworts,"Plicanthus hirtellus MO:6969208 chloroplast rbcL gene for ribulose 1, 5-bisphosphate carboxylase/oxygenase large subunit",1428,True,1,False,1428,0,0,0,0,True,True
LC885972,Liverworts,"Plicanthus birmensis TNS:MH:263445 chloroplast rbcL gene for ribulose 1, 5-bisphosphate carboxylase/oxygenase large subu",1428,True,1,False,1428,0,0,0,0,True,True
LC885971,Liverworts,"Plicanthus birmensis TNS:MH:263443 chloroplast rbcL gene for ribulose 1, 5-bisphosphate carboxylase/oxygenase large subu",1428,True,1,False,1428,0,0,0,0,True,True
LC885970,Liverworts,"Plicanthus birmensis TNS:MH:263442 chloroplast rbcL gene for ribulose 1, 5-bisphosphate carboxylase/oxygenase large subu",1428,True,1,False,1428,0,0,0,0,True,True
LC885969,Liverworts,"Plicanthus hirtellus MO:6969212 chloroplast rbcL gene for ribulose 1, 5-bisphosphate carboxylase/oxygenase large subunit",1428,True,1,False,1428,0,0,0,0,True,True
LC885968,Liverworts,"Plicanthus hirtellus MO:6969211 chloroplast rbcL gene for ribulose 1, 5-bisphosphate carboxylase/oxygenase large subunit",1428,True,1,False,1428,0,0,0,0,True,True
LC885967,Liverworts,"Plicanthus hirtellus TNS:MH:255919 chloroplast rbcL gene for ribulose 1, 5-bisphosphate carboxylase/oxygenase large subu",1428,True,1,False,1428,0,0,0,0,True,True
LC885966,Liverworts,"Plicanthus hirtellus TNS:MH:255918 chloroplast rbcL gene for ribulose 1, 5-bisphosphate carboxylase/oxygenase large subu",1428,True,1,False,1428,0,0,0,0,True,True
LC885965,Liverworts,"Plicanthus hirtellus TNS:MH:255917 chloroplast rbcL gene for ribulose 1, 5-bisphosphate carboxylase/oxygenase large subu",1428,True,1,False,1428,0,0,0,0,True,True
LC885964,Liverworts,"Plicanthus birmensis TNS:MH:255521 chloroplast rbcL gene for ribulose 1, 5-bisphosphate carboxylase/oxygenase large subu",1428,True,1,False,1428,0,0,0,0,True,True
LC860226,Liverworts,"Frullania muscicola RN309 chloroplast rbcL gene for ribulose-1,5-bisphosphate carboxylase/oxygenase large subunit, parti",1481,True,2,False,1413,2,50,0,0,False,True
LC860225,Liverworts,"Frullania muscicola RN307 chloroplast rbcL gene for ribulose-1,5-bisphosphate carboxylase/oxygenase large subunit, parti",1482,True,2,False,1413,0,50,0,0,False,True
LC791201,Liverworts,"Pleurozia acinosa NICH: T. Katagiri 4275 chloroplast rbcL gene for ribulose-1,5-bisphosphate carboxylase/oxygenase large",1428,True,1,False,1428,0,0,0,0,True,True
LC791200,Liverworts,"Pleurozia purpurea TNS: M. Higuchi 55158 chloroplast rbcL gene for ribulose-1,5-bisphosphate carboxylase/oxygenase large",1428,True,1,False,1428,0,0,0,0,True,True
LC791199,Liverworts,"Ptilidium californicum HIRO: K. Nishihata 49 chloroplast rbcL gene for ribulose-1,5-bisphosphate carboxylase/oxygenase l",1428,True,1,False,1428,0,0,0,0,True,True
LC791198,Liverworts,"Acrolejeunea sandvicensis TNS: Y. Inoue 8703 chloroplast rbcL gene for ribulose-1,5-bisphosphate carboxylase/oxygenase l",1428,True,1,False,1428,0,0,0,0,True,True
LC791197,Liverworts,"Lejeunea japonica TNS: Y. Inoue 8701 chloroplast rbcL gene for ribulose-1,5-bisphosphate carboxylase/oxygenase large sub",1428,True,1,False,1428,0,0,0,0,True,True
LC791196,Liverworts,"Lejeunea flava TNS: Y. Inoue 8472 chloroplast rbcL gene for ribulose-1,5-bisphosphate carboxylase/oxygenase large subuni",1428,True,1,False,1428,0,0,0,0,True,True
LC791195,Liverworts,"Cololejeunea japonica TNS: Y. Inoue 8219 chloroplast rbcL gene for ribulose-1,5-bisphosphate carboxylase/oxygenase large",1428,True,1,False,1428,0,0,0,0,True,True
LC791193,Liverworts,"Lunularia cruciata TNS: Y. Inoue 8790 chloroplast rbcL gene for ribulose-1,5-bisphosphate carboxylase/oxygenase large su",1428,True,1,False,1428,0,0,0,0,True,True
LC791192,Liverworts,"Radula tokiensis TNS: Y. Inoue 8488 chloroplast rbcL gene for ribulose-1,5-bisphosphate carboxylase/oxygenase large subu",1428,True,1,False,1428,0,0,0,0,True,True
LC648987,Liverworts,"Plicanthus birmensis HIRO:Y.Inoue 7232 chloroplast rbcL gene for ribulose 1,5-bisphosphate carboxylase/oxygenase large s",1428,True,1,False,1428,0,0,0,0,True,True
LC744590,Liverworts,"Heteroscyphus inflatus HIRO: T. Katagiri 3791 chloroplast rbcL gene for ribulose-1,5-bisphosphate carboxylase/oxygenase ",1428,True,1,False,1428,0,0,0,0,True,True
LC744582,Liverworts,"Solenostoma vulcanicola TNS: Y. Inoue 8589 chloroplast rbcL gene for ribulose-1,5-bisphosphate carboxylase/oxygenase lar",1428,True,1,False,1428,0,0,0,0,True,True
LC700329,Liverworts,"Schistochila yakushimensis TNS:S. Chantanaorrapint 3655 chloroplast rbcL gene for ribulose-1,5-bisphosphate carboxylase/",1428,True,1,False,1428,0,0,0,0,True,True
LC702115,Liverworts,"Apopellia endiviifolia TNS:MH:247385 chloroplast rbcL gene for ribulose-1,5-bisphosphate carboxylase/oxygenase large sub",1428,True,1,False,1428,0,0,0,0,True,True
LC702114,Liverworts,"Conocephalum japonicum TNS:MH:247271 chloroplast rbcL gene for ribulose-1,5-bisphosphate carboxylase/oxygenase large sub",1428,True,1,False,1428,0,0,0,0,True,True
LC702113,Liverworts,"Reboulia hemisphaerica subsp. orientalis TNS:MH:247422 chloroplast rbcL gene for ribulose-1,5-bisphosphate carboxylase/o",1431,True,1,False,1431,0,0,0,0,True,True
LC702112,Liverworts,"Nardia assamica TNS:MH:247540 chloroplast rbcL gene for ribulose-1,5-bisphosphate carboxylase/oxygenase large subunit, c",1428,True,1,False,1428,0,0,0,0,True,True
MN966993,Liverworts,"Lophochaete fryei isolate L1560 ribulose-1,5-bisphosphate carboxylase/oxygenase large subunit (rbcL) gene, partial cds; ",1432,True,1,False,1401,1,1,0,0,False,True
EF547822,Liverworts,"Aneura pinguis voucher EDNA 06 ribulose-1,5-bisphosphate carboxylase/oxygenase large subunit (rbcL) gene, complete cds; ",1428,True,1,False,1428,0,0,0,0,True,True
EF547816,Liverworts,"Aneura pinguis voucher Vanderpoorten 2438 LG ribulose-1,5-bisphosphate carboxylase/oxygenase large subunit (rbcL) gene, ",1428,True,1,False,1428,0,0,0,0,True,True
EF547815,Liverworts,"Aneura pinguis voucher Wickett 338 CONN ribulose-1,5-bisphosphate carboxylase/oxygenase large subunit (rbcL) gene, compl",1428,True,1,False,1428,0,0,0,0,True,True
EF547814,Liverworts,"Aneura pinguis voucher Wickett 278 CONN ribulose-1,5-bisphosphate carboxylase/oxygenase large subunit (rbcL) gene, compl",1428,True,1,False,1428,0,0,0,0,True,True
EF547813,Liverworts,"Aneura maxima voucher Risk 11475 NYBG ribulose-1,5-bisphosphate carboxylase/oxygenase large subunit (rbcL) gene, complet",1428,True,1,False,1428,0,0,0,0,True,True
EF547812,Liverworts,"Aneura mirabilis voucher Boudier CONN ribulose-1,5-bisphosphate carboxylase/oxygenase large subunit (rbcL) gene, complet",1428,True,1,False,1428,0,0,0,0,True,True
EF547811,Liverworts,"Aneura mirabilis voucher Kers 1980 S ribulose-1,5-bisphosphate carboxylase/oxygenase large subunit (rbcL) gene, complete",1428,True,1,False,1428,0,0,0,0,True,True
EF547810,Liverworts,"Aneura mirabilis voucher Wickett 295 CONN ribulose-1,5-bisphosphate carboxylase/oxygenase large subunit (rbcL) gene, com",1428,True,1,False,1428,0,0,0,0,True,True
HQ447002,Liverworts,"UNVERIFIED: Fossombronia fernandeziensis voucher Benavides 4064 (ABSH) ribulose-1,5-bisphosphate carboxylase/oxygenase l",1497,False,0,False,0,0,40,-1,-1,False,False
HQ447000,Liverworts,"Fossombronia himalayensis voucher Long 28570 (ABSH) ribulose-1,5-bisphosphate carboxylase/oxygenase large subunit (rbcL)",1496,True,1,False,1395,2,2,0,0,False,True
HQ446999,Liverworts,"Fossombronia texana voucher Stotler & Crandall-Stotler 4020 (ABSH) ribulose-1,5-bisphosphate carboxylase/oxygenase large",1499,True,1,False,1395,2,2,0,0,False,True
HQ446998,Liverworts,"Fossombronia marshii voucher Stotler, Crandall-Stotler & Bray 3940 (ABSH) ribulose-1,5-bisphosphate carboxylase/oxygenas",1498,True,1,False,1395,1,3,0,0,False,True
HQ446997,Liverworts,"Fossombronia pusilla voucher Wheeler s.n. (ABSH) ribulose-1,5-bisphosphate carboxylase/oxygenase large subunit (rbcL) ge",1499,True,1,False,1395,2,2,0,0,False,True
HQ446996,Liverworts,"Fossombronia pusilla voucher Cargill 451 (ABSH) ribulose-1,5-bisphosphate carboxylase/oxygenase large subunit (rbcL) gen",1494,True,2,False,1389,0,43,0,0,False,True
HQ446995,Liverworts,"Fossombronia wondraczekii voucher Cargill 6B (ABSH) ribulose-1,5-bisphosphate carboxylase/oxygenase large subunit (rbcL)",1492,True,2,False,1389,1,43,0,0,False,True
HQ446994,Liverworts,"Fossombronia wondraczekii voucher Cargill 6A (ABSH) ribulose-1,5-bisphosphate carboxylase/oxygenase large subunit (rbcL)",1490,True,1,False,1395,2,1,0,0,False,True
HQ446993,Liverworts,"Fossombronia pusilla voucher U. & E. Drehwald s.n. (ABSH) ribulose-1,5-bisphosphate carboxylase/oxygenase large subunit ",1499,True,1,False,1395,2,2,0,0,False,True
PX896557,Lycophytes,"Selaginella ciliaris voucher S.Y. Dong et al. D6676 IBSC ribulose-1,5-bisphosphate carboxylase/oxygenase large subunit (",1428,True,1,False,1428,0,0,0,0,True,True
PX896556,Lycophytes,"Selaginella chrysorrhizos voucher S.Y. Dong et al. D6725 IBSC ribulose-1,5-bisphosphate carboxylase/oxygenase large subu",1428,True,1,False,1428,0,0,0,0,True,True
PX896555,Lycophytes,"Selaginella chrysorrhizos voucher S.Y. Dong et al. D6728 IBSC ribulose-1,5-bisphosphate carboxylase/oxygenase large subu",1428,True,1,False,1428,0,0,0,0,True,True
PX896554,Lycophytes,"Selaginella chrysorrhizos voucher S.Y. Dong et al. D6916 IBSC ribulose-1,5-bisphosphate carboxylase/oxygenase large subu",1428,True,1,False,1428,0,0,0,0,True,True
PX896553,Lycophytes,"Selaginella chrysorrhizos voucher Z. Xie XZ4233 IBSC ribulose-1,5-bisphosphate carboxylase/oxygenase large subunit (rbcL",1428,True,1,False,1428,0,0,0,0,True,True
PX841361,Lycophytes,"Selaginella vaginata voucher XZ4135 ribulose-1,5-bisphosphate carboxylase/oxygenase large subunit (rbcL) gene, partial c",1428,True,1,False,1428,0,0,0,0,True,True
PX841360,Lycophytes,"Selaginella amblyphylla voucher D6795 ribulose-1,5-bisphosphate carboxylase/oxygenase large subunit (rbcL) gene, partial",1428,True,1,False,1428,0,0,0,0,True,True
PX841359,Lycophytes,"Selaginella vaginata voucher D6754 ribulose-1,5-bisphosphate carboxylase/oxygenase large subunit (rbcL) gene, partial cd",1428,True,1,False,1428,0,0,0,0,True,True
PX841358,Lycophytes,"Selaginella dushanensis voucher D6750 ribulose-1,5-bisphosphate carboxylase/oxygenase large subunit (rbcL) gene, partial",1428,True,1,False,1428,0,0,0,0,True,True
PX841357,Lycophytes,"Selaginella effusa voucher D6749 ribulose-1,5-bisphosphate carboxylase/oxygenase large subunit (rbcL) gene, partial cds;",1428,True,1,False,1428,0,0,0,0,True,True
PX841356,Lycophytes,"Selaginella xipholepis voucher D6675 ribulose-1,5-bisphosphate carboxylase/oxygenase large subunit (rbcL) gene, partial ",1430,True,1,False,1428,2,0,0,0,False,True
PX841355,Lycophytes,"Selaginella qingchengshanensis voucher D6664 ribulose-1,5-bisphosphate carboxylase/oxygenase large subunit (rbcL) gene, ",1428,True,1,False,1428,0,0,0,0,True,True
PX841354,Lycophytes,"Selaginella vaginata voucher D6662 ribulose-1,5-bisphosphate carboxylase/oxygenase large subunit (rbcL) gene, partial cd",1428,True,1,False,1428,0,0,0,0,True,True
PX841353,Lycophytes,"Selaginella qingchengshanensis voucher D6661 ribulose-1,5-bisphosphate carboxylase/oxygenase large subunit (rbcL) gene, ",1428,True,1,False,1428,0,0,0,0,True,True
PX841352,Lycophytes,"Selaginella heterostachys voucher D6659 ribulose-1,5-bisphosphate carboxylase/oxygenase large subunit (rbcL) gene, parti",1428,True,1,False,1428,0,0,0,0,True,True
PX841351,Lycophytes,"Selaginella davidii voucher D6656 ribulose-1,5-bisphosphate carboxylase/oxygenase large subunit (rbcL) gene, partial cds",1428,True,1,False,1428,0,0,0,0,True,True
PX841350,Lycophytes,"Selaginella aristata voucher D6652 ribulose-1,5-bisphosphate carboxylase/oxygenase large subunit (rbcL) gene, partial cd",1428,True,1,False,1428,0,0,0,0,True,True
PX841349,Lycophytes,"Selaginella parachrysocaulos voucher D6641 ribulose-1,5-bisphosphate carboxylase/oxygenase large subunit (rbcL) gene, pa",1428,True,1,False,1428,0,0,0,0,True,True
PX841348,Lycophytes,"Selaginella vaginata voucher D6638 ribulose-1,5-bisphosphate carboxylase/oxygenase large subunit (rbcL) gene, partial cd",1428,True,1,False,1428,0,0,0,0,True,True
PX841347,Lycophytes,"Selaginella amblyphylla voucher D6632 ribulose-1,5-bisphosphate carboxylase/oxygenase large subunit (rbcL) gene, partial",1428,True,1,False,1428,0,0,0,0,True,True
PX841346,Lycophytes,"Selaginella xipholepis voucher D6631 ribulose-1,5-bisphosphate carboxylase/oxygenase large subunit (rbcL) gene, partial ",1430,True,1,False,1428,2,0,0,0,False,True
PX841345,Lycophytes,"Selaginella aristata voucher D6614 ribulose-1,5-bisphosphate carboxylase/oxygenase large subunit (rbcL) gene, partial cd",1428,True,1,False,1428,0,0,0,0,True,True
PX841344,Lycophytes,"Selaginella bisulcata voucher D6223 ribulose-1,5-bisphosphate carboxylase/oxygenase large subunit (rbcL) gene, partial c",1428,True,1,False,1428,0,0,0,0,True,True
PX687922,Lycophytes,"Mexiselaginella schaffneri isolate Sel_02 ribulose-1,5-bisphosphate carboxylase/oxygenase large subunit (rbcl) gene, rbc",1428,True,1,False,1428,0,0,0,0,True,True
ON060551,Lycophytes,"Isoetes philippinensis voucher Price 500 (BM) ribulose-1,5-bisphosphate carboxylase/oxygenase large subunit (rbcL) gene,",1428,True,1,False,1428,0,0,0,0,True,True
OK181886,Lycophytes,"Selaginella iridescens voucher wyr20200120_3 ribulose-1,5-bisphosphate carboxylase/oxygenase large subunit (rbcL) gene, ",1428,True,1,False,1428,0,0,0,0,True,True
OK181885,Lycophytes,"Selaginella iridescens voucher wyr20200120_2 ribulose-1,5-bisphosphate carboxylase/oxygenase large subunit (rbcL) gene, ",1428,True,1,False,1428,0,0,0,0,True,True
OK181884,Lycophytes,"Selaginella iridescens voucher wyr20200120_1 ribulose-1,5-bisphosphate carboxylase/oxygenase large subunit (rbcL) gene, ",1428,True,1,False,1428,0,0,0,0,True,True
MW980506,Lycophytes,"Selaginella schaffneri voucher D. Tejero-D_ez 3147 (NY) ribulose-1,5-bisphosphate carboxylase/oxygenase large subunit (r",1428,True,1,False,1428,0,0,0,0,True,True
KY023318,Lycophytes,"Selaginella viridangula voucher U. Swenson 528 (S) from Fiji ribulose-1,5-bisphosphate carboxylase/oxygenase large subun",1450,True,2,False,1041,1,12,0,0,False,True
KY023183,Lycophytes,"Selaginella acanthonota from USA ribulose-1,5-bisphosphate carboxylase/oxygenase large subunit (rbcL) mRNA, partial cds;",1435,True,2,False,996,1,21,0,0,False,True
KR028155,Lycophytes,"Selaginella uncinata chloroplast ribulose-1,5-bisphosphate carboxylase/oxygenase large subunit (rbcL) mRNA, complete cds",1428,True,1,False,1428,0,0,0,0,True,True
PX743785,Magnoliids,"UNVERIFIED: Lindera foveolata voucher CPG64919 rbcL gene, partial sequence; chloroplast",1428,False,0,True,1428,0,0,0,0,True,True
PX743784,Magnoliids,"UNVERIFIED: Lindera menghaiensis voucher CPG64480 rbcL gene, partial sequence; chloroplast",1428,False,0,True,1428,0,0,0,0,True,True
PX743783,Magnoliids,"UNVERIFIED: Machilus oculodracontis voucher CPG63292 rbcL gene, partial sequence; chloroplast",1428,False,0,True,1428,0,0,0,0,True,True
PX743782,Magnoliids,"UNVERIFIED: Actinodaphne menghaiensis voucher CPG62691 rbcL gene, partial sequence; chloroplast",1428,False,0,True,1428,0,0,0,0,True,True
PX743781,Magnoliids,"UNVERIFIED: Litsea chinpingensis voucher CPG62453 rbcL gene, partial sequence; chloroplast",1428,False,0,True,1428,0,0,0,0,True,True
PX743780,Magnoliids,"UNVERIFIED: Beilschmiedia punctilimba voucher CPG62020 rbcL gene, partial sequence; chloroplast",1428,False,0,True,1428,0,0,0,0,True,True
PX743779,Magnoliids,"UNVERIFIED: Machilus pyramidalis voucher CPG61976 rbcL gene, partial sequence; chloroplast",1428,False,0,True,1428,0,0,0,0,True,True
PX743778,Magnoliids,"UNVERIFIED: Cinnamomum austroyunnanense voucher CPG61964 rbcL gene, partial sequence; chloroplast",1428,False,0,True,1428,0,0,0,0,True,True
PX743777,Magnoliids,"UNVERIFIED: Neolitsea oblongifolia voucher CPG61821 rbcL gene, partial sequence; chloroplast",1428,False,0,True,1428,0,0,0,0,True,True
PX743776,Magnoliids,"UNVERIFIED: Beilschmiedia macropoda voucher CPG61747 rbcL gene, partial sequence; chloroplast",1428,False,0,True,1428,0,0,0,0,True,True
PX743775,Magnoliids,"UNVERIFIED: Neolitsea ellipsoidea voucher CPG61744 rbcL gene, partial sequence; chloroplast",1428,False,0,True,1428,0,0,0,0,True,True
PX743774,Magnoliids,"UNVERIFIED: Neolitsea tomentosa voucher CPG61733 rbcL gene, partial sequence; chloroplast",1428,False,0,True,1428,0,0,0,0,True,True
PX743773,Magnoliids,"UNVERIFIED: Beilschmiedia sichourensis voucher CPG61563 rbcL gene, partial sequence; chloroplast",1428,False,0,True,1428,0,0,0,0,True,True
PX743772,Magnoliids,"UNVERIFIED: Beilschmiedia kweichowensis voucher CPG61417 rbcL gene, partial sequence; chloroplast",1428,False,0,True,1428,0,0,0,0,True,True
PX743771,Magnoliids,"UNVERIFIED: Lindera prattii voucher CPG61409 rbcL gene, partial sequence; chloroplast",1428,False,0,True,1428,0,0,0,0,True,True
PX743770,Magnoliids,"UNVERIFIED: Lindera guangxiensis voucher CPG61343 rbcL gene, partial sequence; chloroplast",1428,False,0,True,1428,0,0,0,0,True,True
PX743769,Magnoliids,"UNVERIFIED: Actinodaphne kweichowensis voucher CPG61341 rbcL gene, partial sequence; chloroplast",1428,False,0,True,1428,0,0,0,0,True,True
PX743768,Magnoliids,"UNVERIFIED: Beilschmiedia obscurinervia voucher CPG61337 rbcL gene, partial sequence; chloroplast",1428,False,0,True,1428,0,0,0,0,True,True
PX743767,Magnoliids,"UNVERIFIED: Cinnamomum saxatile voucher CPG61327 rbcL gene, partial sequence; chloroplast",1428,False,0,True,1428,0,0,0,0,True,True
PX743766,Magnoliids,"UNVERIFIED: Machilus cavaleriei voucher CPG61286 rbcL gene, partial sequence; chloroplast",1428,False,0,True,1428,0,0,0,0,True,True
PX743765,Magnoliids,"UNVERIFIED: Alseodaphnopsis hokouensis voucher CPG61281 rbcL gene, partial sequence; chloroplast",1428,False,0,True,1428,0,0,0,0,True,True
PX743764,Magnoliids,"UNVERIFIED: Alseodaphne yunnanensis voucher CPG61246 rbcL gene, partial sequence; chloroplast",1407,False,0,True,1407,0,0,0,0,True,True
PX743763,Magnoliids,"UNVERIFIED: Litsea beilschmiediifolia voucher CPG61245 rbcL gene, partial sequence; chloroplast",1428,False,0,True,1428,0,0,0,0,True,True
PX743762,Magnoliids,"UNVERIFIED: Actinodaphne tsaii voucher CPG61157 rbcL gene, partial sequence; chloroplast",1428,False,0,True,1428,0,0,0,0,True,True
PX743761,Magnoliids,"UNVERIFIED: Endiandra dolichocarpa voucher CPG24063 rbcL gene, partial sequence; chloroplast",1449,False,0,True,1449,0,0,0,0,True,True
PX743760,Magnoliids,"UNVERIFIED: Cryptocarya maclurei voucher CPG18349 rbcL gene, partial sequence; chloroplast",1449,False,0,True,1449,0,0,0,0,True,True
PX743759,Magnoliids,"UNVERIFIED: Machilus monticola voucher CPG06157 rbcL gene, partial sequence; chloroplast",1449,False,0,True,1449,0,0,0,0,True,True
PX743758,Magnoliids,"UNVERIFIED: Phoebe chinensis voucher CPG01023 rbcL gene, partial sequence; chloroplast",1428,False,0,True,1428,0,0,0,0,True,True
PX743757,Magnoliids,"UNVERIFIED: Orophea laui voucher CPG65991 rbcL gene, partial sequence; chloroplast",1446,False,0,True,1446,0,0,0,0,True,True
PX743756,Magnoliids,"UNVERIFIED: Miliusa sinensis voucher CPG61966 rbcL gene, partial sequence; chloroplast",1446,False,0,True,1446,0,0,0,0,True,True
PX743755,Magnoliids,"UNVERIFIED: Alphonsea mollis voucher CPG42767 rbcL gene, partial sequence; chloroplast",1449,False,0,True,1449,0,0,0,0,True,True
PX743754,Magnoliids,"UNVERIFIED: Alphonsea hainanensis voucher CPG42340 rbcL gene, partial sequence; chloroplast",1449,False,0,True,1449,0,0,0,0,True,True
PX743753,Magnoliids,"UNVERIFIED: Goniothalamus howii voucher CPG42252 rbcL gene, partial sequence; chloroplast",1446,False,0,True,1446,0,0,0,0,True,True
PX743752,Magnoliids,"UNVERIFIED: Fissistigma retusum voucher CPG18193 rbcL gene, partial sequence; chloroplast",1449,False,0,True,1449,0,0,0,0,True,True
PX743751,Magnoliids,"UNVERIFIED: Magnolia shiluensis voucher CPG42264 rbcL gene, partial sequence; chloroplast",1446,False,0,True,1446,0,0,0,0,True,True
PX743750,Magnoliids,"UNVERIFIED: Piper lingshuiense voucher CPG42428 rbcL gene, partial sequence; chloroplast",1449,False,0,True,1449,0,0,0,0,True,True
PX743749,Magnoliids,"UNVERIFIED: Aristolochia polymorpha voucher CPG42496 rbcL gene, partial sequence; chloroplast",1428,False,0,True,1428,0,0,0,0,True,True
PX743748,Magnoliids,"UNVERIFIED: Thottea hainanensis voucher CPG42402 rbcL gene, partial sequence; chloroplast",1428,False,0,True,1428,0,0,0,0,True,True
PX743747,Magnoliids,"UNVERIFIED: Aristolochia chlamydophylla voucher CPG26131 rbcL gene, partial sequence; chloroplast",1428,False,0,True,1428,0,0,0,0,True,True
PX743746,Magnoliids,"UNVERIFIED: Asarum taipingshanianum voucher CPG10439 rbcL gene, partial sequence; chloroplast",1449,False,0,True,1449,0,0,0,0,True,True
PX743745,Magnoliids,"UNVERIFIED: Asarum macranthum voucher CPG10159 rbcL gene, partial sequence; chloroplast",1449,False,0,True,1449,0,0,0,0,True,True
PQ368629,Magnoliids,"Artabotrys pilosus voucher HXL 1561 (AU) ribulose-1,5-bisphosphate carboxylase/oxygenase large subunit (rbcL) gene, part",1420,True,2,False,1419,1,38,0,0,False,True
PQ368628,Magnoliids,"Artabotrys hainanensis voucher HXL 1560 (AU) ribulose-1,5-bisphosphate carboxylase/oxygenase large subunit (rbcL) gene, ",1426,True,2,False,1425,1,37,0,0,False,True
PQ368627,Magnoliids,"Artabotrys fragrans voucher HXL 90523 (AU) ribulose-1,5-bisphosphate carboxylase/oxygenase large subunit (rbcL) gene, pa",1426,True,2,False,1425,1,38,0,0,False,True
PQ368626,Magnoliids,"Artabotrys rubriflorus voucher LYQ 416 (AU) ribulose-1,5-bisphosphate carboxylase/oxygenase large subunit (rbcL) gene, p",1407,True,1,False,1407,0,0,0,0,True,True
PQ368624,Magnoliids,"Artabotrys pachypetalus voucher LYQ 329 (AU) ribulose-1,5-bisphosphate carboxylase/oxygenase large subunit (rbcL) gene, ",1420,True,2,False,1419,1,38,0,0,False,True
PV861990,Magnoliids,"Klarobelia icoja ribulose-1,5-bisphosphate carboxylase/oxygenase large subunit (rbcL) gene, partial cds; chloroplast",1428,True,1,False,1428,0,0,0,0,True,True
AF052612,Magnoliids,"Laurelia sempervirens voucher Edinburgh Botanical Garden 19931681 ribulose-1,5-bisphosphate carboxylase/oxygenase large ",1437,False,0,False,0,0,23,-1,-1,False,False
AF040662,Magnoliids,"Laureliopsis philippiana voucher L.R. Landrum & S.S. Landrum 8160 (MO) ribulose-1,5-bisphosphate carboxylase/oxygenase l",1438,True,3,False,1398,1,20,0,0,False,True
AF121363,Magnoliids,"Dryadodaphne sp. Gray 4853 voucher B. Gray 4853 (LTB) ribulose-1,5-bisphosphate carboxylase/oxygenase large subunit (rbc",1437,True,3,False,1347,0,19,0,0,False,True
AF121366,Magnoliids,"Nemuaron vieillardii voucher H.S. McKee 12800 (K) ribulose-1,5-bisphosphate carboxylase/oxygenase large subunit (rbcL) g",1424,True,1,False,1401,2,1,0,0,False,True
AF121362,Magnoliids,"Atherosperma moschatum voucher Yin-Long Qiu 92007 (NCU) ribulose-1,5-bisphosphate carboxylase/oxygenase large subunit (r",1442,True,2,False,1401,2,42,0,0,False,True
MT782302,Magnoliids,"Goniothalamus sp. HTHP-2020 ribulose-1,5-bisphosphate carboxylase/oxygenase large subunit (rbcL) gene, partial cds; chlo",1425,True,2,False,1422,0,40,0,0,False,True
JQ690407,Magnoliids,"Bocageopsis canescens ribulose-1,5-bisphosphate carboxylase/oxygenase large subunit (rbcL) gene, partial cds; chloroplas",1406,True,3,False,0,2,17,-1,-1,False,False
AB205611,Magnoliids,"Saururus chinensis chloroplast rbcL gene for ribulose-1,5-bisphosphate carboxylase/oxygenase, partial cds",1417,True,1,False,1398,1,1,0,0,False,True
AB205610,Magnoliids,"Houttuynia cordata chloroplast rbcL gene for ribulose-1,5-bisphosphate carboxylase/oxygenase, partial cds",1417,True,1,False,1398,1,1,0,0,False,True
AB205609,Magnoliids,"Asarum yakusimense chloroplast rbcL gene for ribulose-1,5-bisphosphate carboxylase/oxygenase, partial cds",1417,True,1,False,1398,1,1,0,0,False,True
AB205608,Magnoliids,"Asarum caudigerum chloroplast rbcL gene for ribulose-1,5-bisphosphate carboxylase/oxygenase, partial cds",1417,True,1,False,1398,1,1,0,0,False,True
AB205607,Magnoliids,"Saruma henryi chloroplast rbcL gene for ribulose-1,5-bisphosphate carboxylase/oxygenase, partial cds",1417,True,1,False,1398,1,1,0,0,False,True
AB205606,Magnoliids,"Thottea tomentosa chloroplast rbcL gene for ribulose-1,5-bisphosphate carboxylase/oxygenase, partial cds",1417,True,1,False,1398,1,1,0,0,False,True
AB205605,Magnoliids,"Thottea macrantha chloroplast rbcL gene for ribulose-1,5-bisphosphate carboxylase/oxygenase, partial cds",1417,True,1,False,1398,1,1,0,0,False,True
AB205604,Magnoliids,"Thottea borneensis chloroplast rbcL gene for ribulose-1,5-bisphosphate carboxylase/oxygenase, partial cds",1417,True,1,False,1398,1,1,0,0,False,True
AB205603,Magnoliids,"Aristolochia triactina chloroplast rbcL gene for ribulose-1,5-bisphosphate carboxylase/oxygenase, partial cds",1417,True,1,False,1398,1,1,0,0,False,True
AB205602,Magnoliids,"Aristolochia promissa chloroplast rbcL gene for ribulose-1,5-bisphosphate carboxylase/oxygenase, partial cds",1417,True,1,False,1398,1,1,0,0,False,True
AB205601,Magnoliids,"Aristolochia praevenosa chloroplast rbcL gene for ribulose-1,5-bisphosphate carboxylase/oxygenase, partial cds",1417,True,1,False,1398,1,1,0,0,False,True
AB205600,Magnoliids,"Aristolochia reniformis chloroplast rbcL gene for ribulose-1,5-bisphosphate carboxylase/oxygenase, partial cds",1417,True,1,False,1398,1,1,0,0,False,True
AB205599,Magnoliids,"Aristolochia zollingeriana chloroplast rbcL gene for ribulose-1,5-bisphosphate carboxylase/oxygenase, partial cds",1417,True,1,False,1398,1,1,0,0,False,True
AB205598,Magnoliids,"Aristolochia tomentosa chloroplast rbcL gene for ribulose-1,5-bisphosphate carboxylase/oxygenase, partial cds",1417,True,1,False,1398,1,1,0,0,False,True
AB205597,Magnoliids,"Aristolochia serpentaria chloroplast rbcL gene for ribulose-1,5-bisphosphate carboxylase/oxygenase, partial cds",1417,True,1,False,1398,1,1,0,0,False,True
AB205596,Magnoliids,"Aristolochia pentandra chloroplast rbcL gene for ribulose-1,5-bisphosphate carboxylase/oxygenase, partial cds",1425,True,1,False,1398,0,1,0,0,False,True
AB205595,Magnoliids,"Aristolochia micrantha chloroplast rbcL gene for ribulose-1,5-bisphosphate carboxylase/oxygenase, partial cds",1425,True,1,False,1398,0,1,0,0,False,True
AB205594,Magnoliids,"Aristolochia maxima chloroplast rbcL gene for ribulose-1,5-bisphosphate carboxylase/oxygenase, partial cds",1417,True,1,False,1398,1,1,0,0,False,True
AB205593,Magnoliids,"Aristolochia kaempferi chloroplast rbcL gene for ribulose-1,5-bisphosphate carboxylase/oxygenase, partial cds",1417,True,1,False,1398,1,1,0,0,False,True
AB205592,Magnoliids,"Aristolochia grandiflora chloroplast rbcL gene for ribulose-1,5-bisphosphate carboxylase/oxygenase, partial cds",1417,True,1,False,1398,1,1,0,0,False,True
AB205591,Magnoliids,"Aristolochia gigantea chloroplast rbcL gene for ribulose-1,5-bisphosphate carboxylase/oxygenase, partial cds",1417,True,1,False,1398,1,1,0,0,False,True
AB205590,Magnoliids,"Aristolochia eriantha chloroplast rbcL gene for ribulose-1,5-bisphosphate carboxylase/oxygenase, partial cds",1417,True,1,False,1398,1,1,0,0,False,True
AB205589,Magnoliids,"Aristolochia convolvulacea chloroplast rbcL gene for ribulose-1,5-bisphosphate carboxylase/oxygenase, partial cds",1417,True,1,False,1398,1,1,0,0,False,True
AB205588,Magnoliids,"Aristolochia clematitis chloroplast rbcL gene for ribulose-1,5-bisphosphate carboxylase/oxygenase, partial cds",1417,True,1,False,1398,1,1,0,0,False,True
AB205587,Magnoliids,"Aristolochia burelae chloroplast rbcL gene for ribulose-1,5-bisphosphate carboxylase/oxygenase, partial cds",1425,True,1,False,1398,0,1,0,0,False,True
AB205586,Magnoliids,"Aristolochia arborea chloroplast rbcL gene for ribulose-1,5-bisphosphate carboxylase/oxygenase, partial cds",1417,True,1,False,1398,1,1,0,0,False,True
AB205585,Magnoliids,"Aristolochia albida chloroplast rbcL gene for ribulose-1,5-bisphosphate carboxylase/oxygenase, partial cds",1417,True,1,False,1398,1,1,0,0,False,True
EF591364,Magnoliids,"Piper sarmentosum ribulose-1,5-bisphosphate carboxylase/oxygenase large subunit (rbcL) gene, partial cds; chloroplast",1408,True,1,False,1407,1,0,0,0,False,True
EF591362,Magnoliids,"Piper hainanense ribulose-1,5-bisphosphate carboxylase/oxygenase large subunit (rbcL) gene, partial cds; chloroplast",1408,True,1,False,1407,1,0,0,0,False,True
EF591358,Magnoliids,"Piper hancei ribulose-1,5-bisphosphate carboxylase/oxygenase large subunit (rbcL) gene, partial cds; chloroplast",1404,True,1,False,1404,0,0,0,0,True,True
EF591357,Magnoliids,"Piper hancei ribulose-1,5-bisphosphate carboxylase/oxygenase large subunit (rbcL) gene, partial cds; chloroplast",1408,True,1,False,1407,1,0,0,0,False,True
EF591356,Magnoliids,"Piper hancei ribulose-1,5-bisphosphate carboxylase/oxygenase large subunit (rbcL) gene, complete cds; chloroplast",1428,True,1,False,1428,0,0,0,0,True,True
EF591355,Magnoliids,"Piper hancei ribulose-1,5-bisphosphate carboxylase/oxygenase large subunit (rbcL) gene, complete cds; chloroplast",1428,True,1,False,1428,0,0,0,0,True,True
JF966638,Magnoliids,"Persea tolimanensis isolate Mv1 ribulose-1,5-bisphosphate carboxylase/oxygenase large subunit (rbcL) gene, complete cds;",1481,True,1,False,1428,2,2,0,0,False,True
JF966637,Magnoliids,"Persea nubigena isolate CH-G-76 ribulose-1,5-bisphosphate carboxylase/oxygenase large subunit (rbcL) gene, complete cds;",1481,True,1,False,1428,2,2,0,0,False,True
JF966636,Magnoliids,"Persea chamissonis isolate C1 ribulose-1,5-bisphosphate carboxylase/oxygenase large subunit (rbcL) gene, complete cds; a",1481,True,1,False,1428,2,2,0,0,False,True
JF966635,Magnoliids,"Persea schiedeana isolate CH-H-7 ribulose-1,5-bisphosphate carboxylase/oxygenase large subunit (rbcL) gene, complete cds",1481,True,1,False,1428,2,2,0,0,False,True
JF966634,Magnoliids,"Persea americana 'guatemalensis' isolate CH-G-7S2 ribulose-1,5-bisphosphate carboxylase/oxygenase large subunit (rbcL) g",1481,True,1,False,1428,2,2,0,0,False,True
JF966633,Magnoliids,"Persea americana 'guatemalensis' isolate CH-G-11S1 ribulose-1,5-bisphosphate carboxylase/oxygenase large subunit (rbcL) ",1481,True,1,False,1428,2,2,0,0,False,True
JF966632,Magnoliids,"Persea americana var. drymifolia isolate CH-C-47 ribulose-1,5-bisphosphate carboxylase/oxygenase large subunit (rbcL) ge",1481,True,1,False,1428,2,2,0,0,False,True
JF966631,Magnoliids,"Persea schiedeana x Persea americana 'guatemalensis' isolate CH-C-62 ribulose-1,5-bisphosphate carboxylase/oxygenase lar",1481,True,1,False,1428,2,2,0,0,False,True
JF966630,Magnoliids,"Persea schiedeana isolate CH-H-5 ribulose-1,5-bisphosphate carboxylase/oxygenase large subunit (rbcL) gene, complete cds",1481,True,1,False,1428,2,2,0,0,False,True
JF966629,Magnoliids,"Persea nubigena isolate CH-I-4 ribulose-1,5-bisphosphate carboxylase/oxygenase large subunit (rbcL) gene, complete cds; ",1481,True,1,False,1428,2,2,0,0,False,True
JF966628,Magnoliids,"Persea americana var. americana isolate CH-I-6 ribulose-1,5-bisphosphate carboxylase/oxygenase large subunit (rbcL) gene",1481,True,1,False,1428,2,2,0,0,False,True
JF966627,Magnoliids,"Persea sp. 'PR' ribulose-1,5-bisphosphate carboxylase/oxygenase large subunit (rbcL) gene, complete cds; and rbcL-accD i",1481,True,1,False,1428,2,2,0,0,False,True
JF966626,Magnoliids,"Persea longipes isolate CH-G-36 ribulose-1,5-bisphosphate carboxylase/oxygenase large subunit (rbcL) gene, complete cds;",1481,True,1,False,1428,2,2,0,0,False,True
JF966625,Magnoliids,"Persea americana 'guatemalensis' isolate CH-GU-5 ribulose-1,5-bisphosphate carboxylase/oxygenase large subunit (rbcL) ge",1481,True,1,False,1428,2,2,0,0,False,True
JF966624,Magnoliids,"Persea americana var. americana isolate CH-CR-28 ribulose-1,5-bisphosphate carboxylase/oxygenase large subunit (rbcL) ge",1481,True,1,False,1428,2,2,0,0,False,True
JF966623,Magnoliids,"Persea americana var. drymifolia isolate CH-C-63 ribulose-1,5-bisphosphate carboxylase/oxygenase large subunit (rbcL) ge",1481,True,1,False,1428,2,2,0,0,False,True
JF966622,Magnoliids,"Persea cinerascens isolate CH-C-30 ribulose-1,5-bisphosphate carboxylase/oxygenase large subunit (rbcL) gene, complete c",1481,True,1,False,1428,2,2,0,0,False,True
JF966621,Magnoliids,"Persea americana var. drymifolia isolate CH-Der-2 ribulose-1,5-bisphosphate carboxylase/oxygenase large subunit (rbcL) g",1481,True,1,False,1428,2,2,0,0,False,True
JF966620,Magnoliids,"Persea americana var. americana isolate CH-G-45 ribulose-1,5-bisphosphate carboxylase/oxygenase large subunit (rbcL) gen",1481,True,1,False,1428,2,2,0,0,False,True
JF966619,Magnoliids,"Persea americana 'guatemalensis' isolate CH-GU-6 ribulose-1,5-bisphosphate carboxylase/oxygenase large subunit (rbcL) ge",1481,True,1,False,1428,2,2,0,0,False,True
JF966618,Magnoliids,"Beilschmiedia anay isolate CH-Hu-56 ribulose-1,5-bisphosphate carboxylase/oxygenase large subunit (rbcL) gene, complete ",1481,True,1,False,1428,2,2,0,0,False,True
JF966617,Magnoliids,"Persea americana var. americana x 'guatemalensis' isolate Punta A+T46 ribulose-1,5-bisphosphate carboxylase/oxygenase la",1481,True,1,False,1428,2,2,0,0,False,True
JF966616,Magnoliids,"Persea parvifolia isolate CH-Ve-2 ribulose-1,5-bisphosphate carboxylase/oxygenase large subunit (rbcL) gene, complete cd",1481,True,1,False,1428,2,2,0,0,False,True
JF966615,Magnoliids,"Persea lingue isolate CH-Pl-1 ribulose-1,5-bisphosphate carboxylase/oxygenase large subunit (rbcL) gene, complete cds; a",1481,True,1,False,1428,2,2,0,0,False,True
JF966614,Magnoliids,"Persea gigantea isolate CH-I-2 ribulose-1,5-bisphosphate carboxylase/oxygenase large subunit (rbcL) gene, complete cds; ",1481,True,1,False,1428,2,2,0,0,False,True
JF966613,Magnoliids,"Persea americana var. drymifolia isolate CH-C-57 ribulose-1,5-bisphosphate carboxylase/oxygenase large subunit (rbcL) ge",1481,True,1,False,1428,2,2,0,0,False,True
JF966612,Magnoliids,"Persea americana var. americana isolate CH-G-48 ribulose-1,5-bisphosphate carboxylase/oxygenase large subunit (rbcL) gen",1481,True,1,False,1428,2,2,0,0,False,True
JF966611,Magnoliids,"Persea americana var. drymifolia isolate CH-C-10 ribulose-1,5-bisphosphate carboxylase/oxygenase large subunit (rbcL) ge",1481,True,1,False,1428,2,2,0,0,False,True
JF966610,Magnoliids,"Persea schiedeana isolate CH-Gu-1 ribulose-1,5-bisphosphate carboxylase/oxygenase large subunit (rbcL) gene, complete cd",1481,True,1,False,1428,2,2,0,0,False,True
JF966609,Magnoliids,"Persea steyermarkii isolate CH-G-Ch1 ribulose-1,5-bisphosphate carboxylase/oxygenase large subunit (rbcL) gene, complete",1481,True,1,False,1428,2,2,0,0,False,True
JF966608,Magnoliids,"Persea americana 'costaricensis' isolate CH-CR-25 ribulose-1,5-bisphosphate carboxylase/oxygenase large subunit (rbcL) g",1481,True,1,False,1428,2,2,0,0,False,True
JF966607,Magnoliids,"Persea americana 'costaricensis' isolate CH-CR-44 ribulose-1,5-bisphosphate carboxylase/oxygenase large subunit (rbcL) g",1481,True,1,False,1428,2,2,0,0,False,True
JF966606,Magnoliids,"Persea sp. 'Freddy 4' ribulose-1,5-bisphosphate carboxylase/oxygenase large subunit (rbcL) gene, complete cds; and rbcL-",1481,True,1,False,1428,2,2,0,0,False,True
JF966605,Magnoliids,"Persea floccosa isolate CH-I-3 ribulose-1,5-bisphosphate carboxylase/oxygenase large subunit (rbcL) gene, complete cds; ",1481,True,1,False,1428,2,2,0,0,False,True
MH270455,Magnoliids,"Camphora bodinieri ribulose-1,5-bisphosphate carboxylase/oxygenase large subunit (rbcL) gene, complete cds; chloroplast",1428,True,1,False,1428,0,0,0,0,True,True
MH270454,Magnoliids,"Phoebe neurantha ribulose-1,5-bisphosphate carboxylase/oxygenase large subunit (rbcL) gene, complete cds; chloroplast",1428,True,1,False,1428,0,0,0,0,True,True
MH270451,Magnoliids,"Magnolia fordiana ribulose-1,5-bisphosphate carboxylase/oxygenase large subunit (rbcL) gene, complete cds; chloroplast",1428,True,1,False,1428,0,0,0,0,True,True
MH270450,Magnoliids,"Magnolia fordiana ribulose-1,5-bisphosphate carboxylase/oxygenase large subunit (rbcL) gene, complete cds; chloroplast",1428,True,1,False,1428,0,0,0,0,True,True
AF206824,Magnoliids,"Takhtajania perrieri ribulose 1,5-bisphosphate carboxylase (rbcL) gene, partial cds; chloroplast gene for chloroplast pr",1408,True,2,False,1407,1,41,0,0,False,True
AF206819,Magnoliids,"Sassafras albidum ribulose 1,5-bisphosphate carboxylase (rbcL) gene, partial cds; chloroplast gene for chloroplast produ",1400,True,3,False,1398,2,19,0,0,False,True
AF206791,Magnoliids,"Magnolia tripetala ribulose 1,5-bisphosphate carboxylase (rbcL) gene, partial cds; chloroplast gene for chloroplast prod",1428,True,1,False,1428,0,0,0,0,True,True
KJ418384,Magnoliids,Fenerivia ghesquiereana voucher Schatz et al. 3611 ribulose bisphosphate carboxylase/oxygenase large subunit (rbcL) gene,1401,True,1,False,1401,0,0,0,0,True,True
EU169774,Magnoliids,"Uvariopsis korupensis ribulose-1,5-bisphosphate carboxylase/oxygenase large subunit (rbcL) gene, partial cds; chloroplas",1424,True,3,False,1422,2,22,0,0,False,True
EU169772,Magnoliids,"Uvariodendron molundense ribulose-1,5-bisphosphate carboxylase/oxygenase large subunit (rbcL) gene, partial cds; chlorop",1426,True,2,False,1425,1,42,0,0,False,True
EU169771,Magnoliids,"Uvariodendron kirkii ribulose-1,5-bisphosphate carboxylase/oxygenase large subunit (rbcL) gene, partial cds; chloroplast",1425,True,1,False,1425,0,0,0,0,True,True
EU169767,Magnoliids,"Ophrypetalum odoratum ribulose-1,5-bisphosphate carboxylase/oxygenase large subunit (rbcL) gene, partial cds; chloroplas",1422,True,1,False,0,0,0,-1,-1,True,False
EU169766,Magnoliids,"Monodora brevipes ribulose-1,5-bisphosphate carboxylase/oxygenase large subunit (rbcL) gene, partial cds; chloroplast",1401,True,1,False,1401,0,0,0,0,True,True
EU169765,Magnoliids,"Monocyclanthus vignei ribulose-1,5-bisphosphate carboxylase/oxygenase large subunit (rbcL) gene, partial cds; chloroplas",1428,True,1,False,1428,0,0,0,0,True,True
EU169762,Magnoliids,"Isolona cauliflora ribulose-1,5-bisphosphate carboxylase/oxygenase large subunit (rbcL) gene, partial cds; chloroplast",1425,True,1,False,1425,0,0,0,0,True,True
EU169761,Magnoliids,"Hexalobus salicifolius ribulose-1,5-bisphosphate carboxylase/oxygenase large subunit (rbcL) gene, partial cds; chloropla",1419,True,1,False,1419,0,0,0,0,True,True
EU169760,Magnoliids,"Hexalobus crispiflorus ribulose-1,5-bisphosphate carboxylase/oxygenase large subunit (rbcL) gene, partial cds; chloropla",1407,True,1,False,1407,0,0,0,0,True,True
EU169759,Magnoliids,"Dielsiothamnus divaricatus ribulose-1,5-bisphosphate carboxylase/oxygenase large subunit (rbcL) gene, partial cds; chlor",1407,True,1,False,1407,0,0,0,0,True,True
EU169755,Magnoliids,"Sphaerocoryne gracilis ribulose-1,5-bisphosphate carboxylase/oxygenase large subunit (rbcL) gene, partial cds; chloropla",1423,True,3,False,1419,1,21,0,0,False,True
EU169753,Magnoliids,"Lettowianthus stellatus ribulose-1,5-bisphosphate carboxylase/oxygenase large subunit (rbcL) gene, partial cds; chloropl",1404,True,1,False,1404,0,0,0,0,True,True
AY238957,Magnoliids,"Uvaria afzelii ribulose-1,5-bisphosphate carboxylase/oxygenase large subunit (rbcL) gene, partial cds; chloroplast",1424,True,3,False,1422,2,23,0,0,False,True
AY238956,Magnoliids,"Polyalthia suberosa ribulose-1,5-bisphosphate carboxylase/oxygenase large subunit (rbcL) gene, partial cds; chloroplast ",1424,True,3,False,1422,2,22,0,0,False,True
AY238955,Magnoliids,"Malmea dielsiana ribulose-1,5-bisphosphate carboxylase/oxygenase large subunit (rbcL) gene, partial cds; chloroplast gen",1424,True,3,False,1422,2,20,0,0,False,True
AY238954,Magnoliids,"Isolona campanulata ribulose-1,5-bisphosphate carboxylase/oxygenase large subunit (rbcL) gene, partial cds; chloroplast ",1415,True,3,False,1413,2,21,0,0,False,True
AY238953,Magnoliids,"Artabotrys hexapetalus ribulose-1,5-bisphosphate carboxylase/oxygenase large subunit (rbcL) gene, partial cds; chloropla",1417,True,2,False,1416,1,38,0,0,False,True
AY238952,Magnoliids,"Anaxagorea phaeocarpa ribulose-1,5-bisphosphate carboxylase/oxygenase large subunit (rbcL) gene, partial cds; chloroplas",1419,True,1,False,1419,0,0,0,0,True,True
KU716148,Magnoliids,"Artabotrys macrophyllus ribulose-1,5-bisphosphate carboxylase/oxygenase large subunit (rbcL) gene, partial cds; chloropl",1408,True,3,False,1404,1,21,0,0,False,True
KU716147,Magnoliids,"Piptostigma oyemense ribulose-1,5-bisphosphate carboxylase/oxygenase large subunit (rbcL) gene, partial cds; chloroplast",1408,True,3,False,1404,1,21,0,0,False,True
KU716143,Magnoliids,"Uvariopsis submontana ribulose-1,5-bisphosphate carboxylase/oxygenase large subunit (rbcL) gene, partial cds; chloroplas",1408,True,3,False,1404,1,21,0,0,False,True
PX744312,Monocots,"UNVERIFIED: Dictyospermum conspicuum voucher CPG42948 rbcL gene, partial sequence; chloroplast",1428,False,0,False,0,0,4,-1,-1,False,False
PX743817,Monocots,"UNVERIFIED: Alpinia brevis voucher CPG42698 rbcL gene, partial sequence; chloroplast",1434,False,0,True,1434,0,0,0,0,True,True
PX743816,Monocots,"UNVERIFIED: Alpinia coriacea voucher CPG42688 rbcL gene, partial sequence; chloroplast",1431,False,0,True,1431,0,0,0,0,True,True
PX743815,Monocots,"UNVERIFIED: Meistera chinensis voucher CPG42411 rbcL gene, partial sequence; chloroplast",1443,False,0,True,1443,0,0,0,0,True,True
PX743814,Monocots,"UNVERIFIED: Alpinia psilogyna voucher CPG18562 rbcL gene, partial sequence; chloroplast",1434,False,0,True,1434,0,0,0,0,True,True
PX743813,Monocots,"UNVERIFIED: Orchidantha insularis voucher CPG42351 rbcL gene, partial sequence; chloroplast",1443,False,0,True,1443,0,0,0,0,True,True
PX743812,Monocots,"UNVERIFIED: Trichophorum schansiense voucher CPG65076 rbcL gene, partial sequence; chloroplast",1431,False,0,True,1431,0,0,0,0,True,True
PX743811,Monocots,"UNVERIFIED: Carex tangiana voucher CPG63227 rbcL gene, partial sequence; chloroplast",1440,False,0,True,1440,0,0,0,0,True,True
PX743810,Monocots,"UNVERIFIED: Carex wawuensis voucher CPG04257 rbcL gene, partial sequence; chloroplast",1431,False,0,True,1431,0,0,0,0,True,True
PX743809,Monocots,"UNVERIFIED: Carex subfilicinoides voucher CPG04124 rbcL gene, partial sequence; chloroplast",1440,False,0,True,1440,0,0,0,0,True,True
PX743808,Monocots,"UNVERIFIED: Carex chinensis voucher CPG02530 rbcL gene, partial sequence; chloroplast",1440,False,0,True,1440,0,0,0,0,True,True
PX743807,Monocots,"UNVERIFIED: Carex simulans voucher CPG02293 rbcL gene, partial sequence; chloroplast",1431,False,0,True,1431,0,0,0,0,True,True
PX743806,Monocots,"UNVERIFIED: Lanonia hainanensis voucher CPG42659 rbcL gene, partial sequence; chloroplast",1431,False,0,True,1431,0,0,0,0,True,True
PX743805,Monocots,"UNVERIFIED: Plectocomia microstachys voucher CPG42565 rbcL gene, partial sequence; chloroplast",1443,False,0,True,1443,0,0,0,0,True,True
PX743804,Monocots,"UNVERIFIED: Aspidistra hekouensis voucher CPG65791 rbcL gene, partial sequence; chloroplast",1434,False,0,True,1434,0,0,0,0,True,True
PX743803,Monocots,"UNVERIFIED: Aspidistra fimbriata voucher CPG42477 rbcL gene, partial sequence; chloroplast",1434,False,0,True,1434,0,0,0,0,True,True
PX743802,Monocots,"UNVERIFIED: Maianthemum formosanum voucher CPG10207 rbcL gene, partial sequence; chloroplast",1434,False,0,True,1434,0,0,0,0,True,True
PX743801,Monocots,"UNVERIFIED: Liriope longipedicellata voucher CPG08292 rbcL gene, partial sequence; chloroplast",1434,False,0,True,1434,0,0,0,0,True,True
PX743800,Monocots,"UNVERIFIED: Allium longistylum voucher CPG65443 rbcL gene, partial sequence; chloroplast",1434,False,0,True,1434,0,0,0,0,True,True
PX743799,Monocots,"UNVERIFIED: Allium stenodon voucher CPG65414 rbcL gene, partial sequence; chloroplast",1434,False,0,True,1434,0,0,0,0,True,True
PX743798,Monocots,"UNVERIFIED: Phaius wenshanensis voucher CPG64958 rbcL gene, partial sequence; chloroplast",1443,False,0,True,1443,0,0,0,0,True,True
PX743797,Monocots,"UNVERIFIED: Calanthe arcuata voucher CPG64203 rbcL gene, partial sequence; chloroplast",1443,False,0,False,0,0,1,-1,-1,False,False
PX743796,Monocots,"UNVERIFIED: Calanthe yuana voucher CPG61873 rbcL gene, partial sequence; chloroplast",1443,False,0,True,1443,0,0,0,0,True,True
PX743795,Monocots,"UNVERIFIED: Oxystophyllum changjiangense voucher CPG42574 rbcL gene, partial sequence; chloroplast",1452,False,0,True,1452,0,0,0,0,True,True
PX743794,Monocots,"UNVERIFIED: Smilax mairei voucher CPG00939 rbcL gene, partial sequence; chloroplast",1428,False,0,True,1428,0,0,0,0,True,True
PX743793,Monocots,"UNVERIFIED: Disporum hainanense voucher CPG42799 rbcL gene, partial sequence; chloroplast",1440,False,0,True,1440,0,0,0,0,True,True
PX743792,Monocots,"UNVERIFIED: Stemona parviflora voucher CPG42621 rbcL gene, partial sequence; chloroplast",1443,False,0,True,1443,0,0,0,0,True,True
PX743791,Monocots,"UNVERIFIED: Colocasia affinis voucher CPG66131 rbcL gene, partial sequence; chloroplast",1443,False,0,True,1443,0,0,0,0,True,True
PX743790,Monocots,"UNVERIFIED: Arisaema hainanense voucher CPG42484 rbcL gene, partial sequence; chloroplast",1443,False,0,True,1443,0,0,0,0,True,True
PX743789,Monocots,"UNVERIFIED: Schismatoglottis hainanensis voucher CPG42289 rbcL gene, partial sequence; chloroplast",1443,False,0,True,1443,0,0,0,0,True,True
PX743788,Monocots,"UNVERIFIED: Arisaema lobatum voucher CPG14709 rbcL gene, partial sequence; chloroplast",1443,False,0,True,1443,0,0,0,0,True,True
PX743787,Monocots,"UNVERIFIED: Arisaema saxatile voucher CPG14361 rbcL gene, partial sequence; chloroplast",1443,False,0,True,1443,0,0,0,0,True,True
PX743786,Monocots,"UNVERIFIED: Arisaema erubescens voucher CPG09901 rbcL gene, partial sequence; chloroplast",1443,False,0,True,1443,0,0,0,0,True,True
PQ684225,Monocots,"Cyrtanthus sanguineus clone _CYSANG_-_rbcL ribulose-1,5-bisphosphate carboxylase/oxygenase large subunit (rbcL) gene, co",1440,True,1,False,1440,0,0,0,0,True,True
PQ684080,Monocots,"Tulbaghia violacea clone TUVIOL_rbcL ribulose-1,5-bisphosphate carboxylase/oxygenase large subunit (rbcL) gene, complete",1440,True,1,False,1440,0,0,0,0,True,True
OR165513,Monocots,"Tripogandra warmingiana voucher Pellegrini220 ribulose-1,5-bisphosphate carboxylase/oxygenase large subunit (rbcL) gene,",1431,True,1,False,1431,0,0,0,0,True,True
OR165512,Monocots,"Tripogandra serrulata voucher Galdames6868 ribulose-1,5-bisphosphate carboxylase/oxygenase large subunit (rbcL) gene, co",1431,True,1,False,1431,0,0,0,0,True,True
OR165511,Monocots,"Tripogandra multiflora voucher M.I. Mejia-Marin92 ribulose-1,5-bisphosphate carboxylase/oxygenase large subunit (rbcL) g",1431,True,1,False,1431,0,0,0,0,True,True
OR165510,Monocots,"Tripogandra multiflora voucher SI95-318 ribulose-1,5-bisphosphate carboxylase/oxygenase large subunit (rbcL) gene, compl",1431,True,1,False,1431,0,0,0,0,True,True
OR165509,Monocots,"Tripogandra glandulosa voucher SI08-015 ribulose-1,5-bisphosphate carboxylase/oxygenase large subunit (rbcL) gene, compl",1431,True,1,False,1431,0,0,0,0,True,True
OR165508,Monocots,"Tripogandra diuretica voucher Pellegrini4 ribulose-1,5-bisphosphate carboxylase/oxygenase large subunit (rbcL) gene, com",1431,True,1,False,1431,0,0,0,0,True,True
OR165507,Monocots,"Tripogandra disgrega ribulose-1,5-bisphosphate carboxylase/oxygenase large subunit (rbcL) gene, complete cds; chloroplas",1431,True,1,False,1431,0,0,0,0,True,True
OR165506,Monocots,"Tripogandra amplexicaulis voucher J.C. Soto20823 ribulose-1,5-bisphosphate carboxylase/oxygenase large subunit (rbcL) ge",1431,True,1,False,1431,0,0,0,0,True,True
OR165505,Monocots,"Tricarpelema xizangense voucher US3530470 ribulose-1,5-bisphosphate carboxylase/oxygenase large subunit (rbcL) gene, com",1446,True,1,False,1446,0,0,0,0,True,True
OR165504,Monocots,"Tradescantia zebrina voucher JH191109017 ribulose-1,5-bisphosphate carboxylase/oxygenase large subunit (rbcL) gene, comp",1437,True,1,False,1437,0,0,0,0,True,True
OR165503,Monocots,"Tradescantia zanonia voucher Pellegrini412 ribulose-1,5-bisphosphate carboxylase/oxygenase large subunit (rbcL) gene, co",1443,True,1,False,1443,0,0,0,0,True,True
OR165502,Monocots,"Tradescantia subaspera voucher JH170813002 ribulose-1,5-bisphosphate carboxylase/oxygenase large subunit (rbcL) gene, co",1437,True,1,False,1437,0,0,0,0,True,True
OR165501,Monocots,"Tradescantia spathacea voucher Pellegrini514 ribulose-1,5-bisphosphate carboxylase/oxygenase large subunit (rbcL) gene, ",1440,True,1,False,1440,0,0,0,0,True,True
OR165500,Monocots,"Tradescantia sillamontana voucher E19592717 ribulose-1,5-bisphosphate carboxylase/oxygenase large subunit (rbcL) gene, c",1449,True,1,False,1449,0,0,0,0,True,True
OR165499,Monocots,"Tradescantia pallida voucher JH201031001 ribulose-1,5-bisphosphate carboxylase/oxygenase large subunit (rbcL) gene, comp",1437,True,1,False,1437,0,0,0,0,True,True
OR165498,Monocots,"Tradescantia ohiensis voucher JH170811001 ribulose-1,5-bisphosphate carboxylase/oxygenase large subunit (rbcL) gene, com",1437,True,1,False,1437,0,0,0,0,True,True
OR165497,Monocots,"Tradescantia crassifolia var. acaulis voucher JH190729008 ribulose-1,5-bisphosphate carboxylase/oxygenase large subunit ",1452,True,1,False,1452,0,0,0,0,True,True
OR165496,Monocots,"Tradescantia hirta voucher SI2003-076 ribulose-1,5-bisphosphate carboxylase/oxygenase large subunit (rbcL) gene, complet",1437,True,1,False,1437,0,0,0,0,True,True
OR165495,Monocots,"Tradescantia hirsuticaulis voucher JH170813001 ribulose-1,5-bisphosphate carboxylase/oxygenase large subunit (rbcL) gene",1437,True,1,False,1437,0,0,0,0,True,True
OR165494,Monocots,"Tradescantia gigantea voucher NY01125396 ribulose-1,5-bisphosphate carboxylase/oxygenase large subunit (rbcL) gene, comp",1437,True,1,False,1437,0,0,0,0,True,True
OR165492,Monocots,"Tradescantia cymbispatha voucher Pellegrini17 ribulose-1,5-bisphosphate carboxylase/oxygenase large subunit (rbcL) gene,",1458,True,1,False,1458,0,0,0,0,True,True
OR165491,Monocots,"Tradescantia crassifolia voucher JH190727010 ribulose-1,5-bisphosphate carboxylase/oxygenase large subunit (rbcL) gene, ",1452,True,1,False,1452,0,0,0,0,True,True
OR165490,Monocots,"Tradescantia chrysophylla voucher Pellegrini480 ribulose-1,5-bisphosphate carboxylase/oxygenase large subunit (rbcL) gen",1458,True,1,False,1458,0,0,0,0,True,True
OR165489,Monocots,"Tradescantia cerinthoides voucher SIENA s.n. ribulose-1,5-bisphosphate carboxylase/oxygenase large subunit (rbcL) gene, ",1458,True,1,False,1458,0,0,0,0,True,True
OR165488,Monocots,"Tradescantia buckleyi voucher SI80-363 ribulose-1,5-bisphosphate carboxylase/oxygenase large subunit (rbcL) gene, comple",1437,True,1,False,1437,0,0,0,0,True,True
OR165487,Monocots,"Tradescantia brevifolia voucher SI94-917 ribulose-1,5-bisphosphate carboxylase/oxygenase large subunit (rbcL) gene, comp",1437,True,1,False,1437,0,0,0,0,True,True
OR165486,Monocots,"Tradescantia bracteata voucher SIENA s.n. ribulose-1,5-bisphosphate carboxylase/oxygenase large subunit (rbcL) gene, com",1437,True,1,False,1437,0,0,0,0,True,True
OR165485,Monocots,"Tradescantia ambigua voucher Fraga3654 ribulose-1,5-bisphosphate carboxylase/oxygenase large subunit (rbcL) gene, comple",1449,True,1,False,1449,0,0,0,0,True,True
OR165484,Monocots,"Tinantia standleyi ribulose-1,5-bisphosphate carboxylase/oxygenase large subunit (rbcL) gene, complete cds; chloroplast",1434,True,1,False,1434,0,0,0,0,True,True
OR165483,Monocots,"Tinantia longipedunculata voucher K.B.H. Esquivel261 ribulose-1,5-bisphosphate carboxylase/oxygenase large subunit (rbcL",1434,True,1,False,1434,0,0,0,0,True,True
OR165482,Monocots,"Tinantia leiocalyx voucher L. Alvarado-Cardenas 543 ribulose-1,5-bisphosphate carboxylase/oxygenase large subunit (rbcL)",1434,True,1,False,1434,0,0,0,0,True,True
OR165481,Monocots,"Tinantia glabra voucher A.C. Sanders11275 ribulose-1,5-bisphosphate carboxylase/oxygenase large subunit (rbcL) gene, com",1434,True,1,False,1434,0,0,0,0,True,True
OR165480,Monocots,"Tinantia anomala voucher NY01283612 ribulose-1,5-bisphosphate carboxylase/oxygenase large subunit (rbcL) gene, complete ",1434,True,1,False,1434,0,0,0,0,True,True
OR165479,Monocots,"Thyrsanthemum macrophyllum voucher J.C. Soto20653 ribulose-1,5-bisphosphate carboxylase/oxygenase large subunit (rbcL) g",1449,True,1,False,1449,0,0,0,0,True,True
OR165478,Monocots,"Thyrsanthemum floribundum voucher S. Zamudio, J. Becerra, P. Carrillo11604 ribulose-1,5-bisphosphate carboxylase/oxygena",1449,True,1,False,1449,0,0,0,0,True,True
OR165477,Monocots,"Siderasis fuscata voucher Lacerda s.n. ribulose-1,5-bisphosphate carboxylase/oxygenase large subunit (rbcL) gene, comple",1431,True,1,False,1431,0,0,0,0,True,True
OR165476,Monocots,"Pollia secundiflora voucher NY02929687 ribulose-1,5-bisphosphate carboxylase/oxygenase large subunit (rbcL) gene, comple",1437,True,1,False,1437,0,0,0,0,True,True
OR165475,Monocots,"Pollia miranda voucher JH191109001 ribulose-1,5-bisphosphate carboxylase/oxygenase large subunit (rbcL) gene, complete c",1437,True,1,False,1437,0,0,0,0,True,True
OR165474,Monocots,"Pollia macrophylla voucher NY01276982 ribulose-1,5-bisphosphate carboxylase/oxygenase large subunit (rbcL) gene, complet",1437,True,1,False,1437,0,0,0,0,True,True
OR165473,Monocots,"Pollia condensata voucher CGG20150440 ribulose-1,5-bisphosphate carboxylase/oxygenase large subunit (rbcL) gene, complet",1437,True,1,False,1437,0,0,0,0,True,True
OR165471,Monocots,"Palisota mannii voucher CGG19645009 ribulose-1,5-bisphosphate carboxylase/oxygenase large subunit (rbcL) gene, complete ",1434,True,1,False,1434,0,0,0,0,True,True
OR165470,Monocots,"Palisota hirsuta voucher E19697383 ribulose-1,5-bisphosphate carboxylase/oxygenase large subunit (rbcL) gene, complete c",1434,True,1,False,1434,0,0,0,0,True,True
OR165469,Monocots,"Palisota bracteosa voucher Pellegrini499 ribulose-1,5-bisphosphate carboxylase/oxygenase large subunit (rbcL) gene, comp",1434,True,1,False,1434,0,0,0,0,True,True
OR165468,Monocots,"Murdannia vaginata voucher J. Westaway3471 ribulose-1,5-bisphosphate carboxylase/oxygenase large subunit (rbcL) gene, co",1440,True,1,False,1440,0,0,0,0,True,True
OR165467,Monocots,"Murdannia spirata voucher JH191110001 ribulose-1,5-bisphosphate carboxylase/oxygenase large subunit (rbcL) gene, complet",1437,True,1,False,1437,0,0,0,0,True,True
OR165466,Monocots,"Murdannia sepalosa voucher SI80-393 ribulose-1,5-bisphosphate carboxylase/oxygenase large subunit (rbcL) gene, complete ",1434,True,1,False,1434,0,0,0,0,True,True
OR165465,Monocots,"Murdannia nudiflora voucher JH191110009 ribulose-1,5-bisphosphate carboxylase/oxygenase large subunit (rbcL) gene, compl",1440,True,1,False,1440,0,0,0,0,True,True
OR165464,Monocots,"Murdannia loriformis voucher JH201031007 ribulose-1,5-bisphosphate carboxylase/oxygenase large subunit (rbcL) gene, comp",1443,True,1,False,1443,0,0,0,0,True,True
OR165463,Monocots,"Murdannia loriformis voucher E19991481 ribulose-1,5-bisphosphate carboxylase/oxygenase large subunit (rbcL) gene, comple",1443,True,1,False,1443,0,0,0,0,True,True
OR165462,Monocots,"Murdannia keisak voucher JH191108001 ribulose-1,5-bisphosphate carboxylase/oxygenase large subunit (rbcL) gene, complete",1440,True,1,False,1440,0,0,0,0,True,True
OR165461,Monocots,"Murdannia keisak voucher NCU633830 ribulose-1,5-bisphosphate carboxylase/oxygenase large subunit (rbcL) gene, complete c",1440,True,1,False,1440,0,0,0,0,True,True
OR165459,Monocots,"Murdannia cryptantha voucher QM1527 ribulose-1,5-bisphosphate carboxylase/oxygenase large subunit (rbcL) gene, complete ",1440,True,1,False,1440,0,0,0,0,True,True
OR165458,Monocots,"Murdannia bracteata voucher JH191109004 ribulose-1,5-bisphosphate carboxylase/oxygenase large subunit (rbcL) gene, compl",1443,True,1,False,1443,0,0,0,0,True,True
OR165457,Monocots,"Matudanthus nanus voucher A. Garcia-Mendoza10009 ribulose-1,5-bisphosphate carboxylase/oxygenase large subunit (rbcL) ge",1449,True,1,False,1449,0,0,0,0,True,True
OR165456,Monocots,"Matudanthus nanus voucher I.T. Olazo248 ribulose-1,5-bisphosphate carboxylase/oxygenase large subunit (rbcL) gene, compl",1449,True,1,False,1449,0,0,0,0,True,True
OR165455,Monocots,"Gibasoides laxiflora voucher A. Garcia-Mendoza10284 ribulose-1,5-bisphosphate carboxylase/oxygenase large subunit (rbcL)",1437,True,1,False,1437,0,0,0,0,True,True
OR165454,Monocots,"Gibasoides laxiflora voucher A. Ibarra001 ribulose-1,5-bisphosphate carboxylase/oxygenase large subunit (rbcL) gene, com",1437,True,1,False,1437,0,0,0,0,True,True
OR165453,Monocots,"Gibasis venustula voucher SI2003-081 ribulose-1,5-bisphosphate carboxylase/oxygenase large subunit (rbcL) gene, complete",1431,True,1,False,1431,0,0,0,0,True,True
OR165452,Monocots,"Gibasis pulchella voucher JH190729004 ribulose-1,5-bisphosphate carboxylase/oxygenase large subunit (rbcL) gene, complet",1431,True,1,False,1431,0,0,0,0,True,True
OR165451,Monocots,"Gibasis pellucida voucher J. Amith#1378 ribulose-1,5-bisphosphate carboxylase/oxygenase large subunit (rbcL) gene, compl",1431,True,1,False,1431,0,0,0,0,True,True
OR165450,Monocots,"Floscopa glabrata voucher Pellegrini453 ribulose-1,5-bisphosphate carboxylase/oxygenase large subunit (rbcL) gene, compl",1449,True,1,False,1449,0,0,0,0,True,True
OR165449,Monocots,"Dictyospermum conspicuum voucher MM2522 ribulose-1,5-bisphosphate carboxylase/oxygenase large subunit (rbcL) gene, compl",1443,True,1,False,1443,0,0,0,0,True,True
OR165448,Monocots,"Dichorisandra radicalis voucher Pellegrini459 ribulose-1,5-bisphosphate carboxylase/oxygenase large subunit (rbcL) gene,",1431,True,1,False,1431,0,0,0,0,True,True
OR165447,Monocots,"Dichorisandra procera voucher Pellegrini464 ribulose-1,5-bisphosphate carboxylase/oxygenase large subunit (rbcL) gene, c",1431,True,1,False,1431,0,0,0,0,True,True
OR165446,Monocots,"Dichorisandra sp. JJ-2024a voucher JH191111003 ribulose-1,5-bisphosphate carboxylase/oxygenase large subunit (rbcL) gene",1431,True,1,False,1431,0,0,0,0,True,True
OR165445,Monocots,"Dichorisandra oxypetala voucher Ribeiro1231 ribulose-1,5-bisphosphate carboxylase/oxygenase large subunit (rbcL) gene, c",1431,True,1,False,1431,0,0,0,0,True,True
OR165444,Monocots,"Dichorisandra musaica voucher Lacerdo s.n. ribulose-1,5-bisphosphate carboxylase/oxygenase large subunit (rbcL) gene, co",1431,True,1,False,1431,0,0,0,0,True,True
OR165443,Monocots,"Dichorisandra incurva voucher Wangler1598 ribulose-1,5-bisphosphate carboxylase/oxygenase large subunit (rbcL) gene, com",1431,True,1,False,1431,0,0,0,0,True,True
OR165442,Monocots,"Dichorisandra hirtella voucher Guedes30263 ribulose-1,5-bisphosphate carboxylase/oxygenase large subunit (rbcL) gene, co",1431,True,1,False,1431,0,0,0,0,True,True
OR165441,Monocots,"Dichorisandra hexandra voucher Caxambu8018 ribulose-1,5-bisphosphate carboxylase/oxygenase large subunit (rbcL) gene, co",1431,True,1,False,1431,0,0,0,0,True,True
OR165440,Monocots,"Cyanotis somaliensis voucher E20111222 ribulose-1,5-bisphosphate carboxylase/oxygenase large subunit (rbcL) gene, comple",1431,True,1,False,1431,0,0,0,0,True,True
OR165439,Monocots,"Cyanotis robusta voucher JH211214001 ribulose-1,5-bisphosphate carboxylase/oxygenase large subunit (rbcL) gene, complete",1431,True,1,False,1431,0,0,0,0,True,True
OR165437,Monocots,"Cyanotis nyctitropa voucher SI80-320 ribulose-1,5-bisphosphate carboxylase/oxygenase large subunit (rbcL) gene, complete",1431,True,1,False,1431,0,0,0,0,True,True
OR165436,Monocots,"Cyanotis lapidosa voucher E19643454 ribulose-1,5-bisphosphate carboxylase/oxygenase large subunit (rbcL) gene, complete ",1431,True,1,False,1431,0,0,0,0,True,True
OR165435,Monocots,"Cyanotis kawakamii voucher JH191110012 ribulose-1,5-bisphosphate carboxylase/oxygenase large subunit (rbcL) gene, comple",1431,True,1,False,1431,0,0,0,0,True,True
OR165434,Monocots,"Cyanotis axillaris voucher JH191107001 ribulose-1,5-bisphosphate carboxylase/oxygenase large subunit (rbcL) gene, comple",1431,True,1,False,1431,0,0,0,0,True,True
OR165433,Monocots,"Commelina virginica voucher Terry Holdsclaw#275 ribulose-1,5-bisphosphate carboxylase/oxygenase large subunit (rbcL) gen",1437,True,1,False,1437,0,0,0,0,True,True
OR165432,Monocots,"Commelina rufipes ribulose-1,5-bisphosphate carboxylase/oxygenase large subunit (rbcL) gene, complete cds; chloroplast",1437,True,1,False,1437,0,0,0,0,True,True
OR165431,Monocots,"Commelina platyphylla voucher Pellegrini479 ribulose-1,5-bisphosphate carboxylase/oxygenase large subunit (rbcL) gene, c",1437,True,1,False,1437,0,0,0,0,True,True
OR165430,Monocots,"Commelina paludosa voucher JH191109012 ribulose-1,5-bisphosphate carboxylase/oxygenase large subunit (rbcL) gene, comple",1437,True,1,False,1437,0,0,0,0,True,True
OR165429,Monocots,"Commelina obliqua voucher Pellegrini2 ribulose-1,5-bisphosphate carboxylase/oxygenase large subunit (rbcL) gene, complet",1437,True,1,False,1437,0,0,0,0,True,True
OR165428,Monocots,"Commelina leiocarpa voucher WIS12336 ribulose-1,5-bisphosphate carboxylase/oxygenase large subunit (rbcL) gene, complete",1437,True,1,False,1437,0,0,0,0,True,True
OR165427,Monocots,"Commelina lanceolata voucher PIF41877 ribulose-1,5-bisphosphate carboxylase/oxygenase large subunit (rbcL) gene, complet",1437,True,1,False,1437,0,0,0,0,True,True
OR165426,Monocots,"Commelina erecta voucher NY01284735 ribulose-1,5-bisphosphate carboxylase/oxygenase large subunit (rbcL) gene, complete ",1437,True,1,False,1437,0,0,0,0,True,True
OR165425,Monocots,"Commelina ensifolia voucher KRM8929 ribulose-1,5-bisphosphate carboxylase/oxygenase large subunit (rbcL) gene, complete ",1437,True,1,False,1437,0,0,0,0,True,True
OR165424,Monocots,"Commelina elliptica voucher JH190729005 ribulose-1,5-bisphosphate carboxylase/oxygenase large subunit (rbcL) gene, compl",1437,True,1,False,1437,0,0,0,0,True,True
OR165423,Monocots,"Commelina diffusa ribulose-1,5-bisphosphate carboxylase/oxygenase large subunit (rbcL) gene, complete cds; chloroplast",1437,True,1,False,1437,0,0,0,0,True,True
OR165422,Monocots,"Commelina cyanea voucher JH190221001 ribulose-1,5-bisphosphate carboxylase/oxygenase large subunit (rbcL) gene, complete",1437,True,1,False,1437,0,0,0,0,True,True
OR165421,Monocots,"Commelina coelestis voucher JH190727007 ribulose-1,5-bisphosphate carboxylase/oxygenase large subunit (rbcL) gene, compl",1437,True,1,False,1437,0,0,0,0,True,True
OR165420,Monocots,"Commelina ciliata voucher 705 ribulose-1,5-bisphosphate carboxylase/oxygenase large subunit (rbcL) gene, complete cds; c",1437,True,1,False,1437,0,0,0,0,True,True
OR165419,Monocots,"Commelina calandrinioides ribulose-1,5-bisphosphate carboxylase/oxygenase large subunit (rbcL) gene, complete cds; chlor",1437,True,1,False,1437,0,0,0,0,True,True
OR165418,Monocots,"Commelina benghalensis voucher JH200806001 ribulose-1,5-bisphosphate carboxylase/oxygenase large subunit (rbcL) gene, co",1437,True,1,False,1437,0,0,0,0,True,True
OR165417,Monocots,"Commelina auriculata voucher JH191108004 ribulose-1,5-bisphosphate carboxylase/oxygenase large subunit (rbcL) gene, comp",1437,True,1,False,1437,0,0,0,0,True,True
OR165416,Monocots,"Commelina africana ribulose-1,5-bisphosphate carboxylase/oxygenase large subunit (rbcL) gene, complete cds; chloroplast",1437,True,1,False,1437,0,0,0,0,True,True
OR165415,Monocots,"Coleotrype natalensis voucher SI83-194 ribulose-1,5-bisphosphate carboxylase/oxygenase large subunit (rbcL) gene, comple",1431,True,1,False,1431,0,0,0,0,True,True
OR165414,Monocots,"Cartonema trigonospermum voucher 14054 ribulose-1,5-bisphosphate carboxylase/oxygenase large subunit (rbcL) gene, comple",1443,True,1,False,1443,0,0,0,0,True,True
OR165413,Monocots,"Cartonema parviflorum voucher 2524 ribulose-1,5-bisphosphate carboxylase/oxygenase large subunit (rbcL) gene, complete c",1443,True,1,False,1443,0,0,0,0,True,True
OR165412,Monocots,"Cartonema baileyi voucher PIF45154 ribulose-1,5-bisphosphate carboxylase/oxygenase large subunit (rbcL) gene, complete c",1443,True,1,False,1443,0,0,0,0,True,True
OR165411,Monocots,"Callisia warszewicziana voucher E19860181 ribulose-1,5-bisphosphate carboxylase/oxygenase large subunit (rbcL) gene, com",1431,True,1,False,1431,0,0,0,0,True,True
OR165410,Monocots,"Callisia rosea voucher Strong & Kelloff 5230 ribulose-1,5-bisphosphate carboxylase/oxygenase large subunit (rbcL) gene, ",1431,True,1,False,1431,0,0,0,0,True,True
OR165409,Monocots,"Callisia repens voucher E19260247 ribulose-1,5-bisphosphate carboxylase/oxygenase large subunit (rbcL) gene, complete cd",1431,True,1,False,1431,0,0,0,0,True,True
OR165408,Monocots,"Callisia multiflora voucher J. Pascual 1354 ribulose-1,5-bisphosphate carboxylase/oxygenase large subunit (rbcL) gene, c",1431,True,1,False,1431,0,0,0,0,True,True
OR165407,Monocots,"Callisia hintoniorum voucher SI2007-003 ribulose-1,5-bisphosphate carboxylase/oxygenase large subunit (rbcL) gene, compl",1431,True,1,False,1431,0,0,0,0,True,True
OR165406,Monocots,"Callisia graminea voucher JH170813004 ribulose-1,5-bisphosphate carboxylase/oxygenase large subunit (rbcL) gene, complet",1431,True,1,False,1431,0,0,0,0,True,True
OR165405,Monocots,"Callisia fragrans voucher Pellegrini517 ribulose-1,5-bisphosphate carboxylase/oxygenase large subunit (rbcL) gene, compl",1431,True,1,False,1431,0,0,0,0,True,True
OR165404,Monocots,"Buforrestia candolleana voucher Teixeira1730 ribulose-1,5-bisphosphate carboxylase/oxygenase large subunit (rbcL) gene, ",1440,True,1,False,1440,0,0,0,0,True,True
OR165403,Monocots,"Aneilema siliculosum voucher PIF45097 ribulose-1,5-bisphosphate carboxylase/oxygenase large subunit (rbcL) gene, complet",1437,True,1,False,1437,0,0,0,0,True,True
OR165402,Monocots,"Aneilema sclerocarpum voucher SI91-054x ribulose-1,5-bisphosphate carboxylase/oxygenase large subunit (rbcL) gene, compl",1437,True,1,False,1437,0,0,0,0,True,True
OR165401,Monocots,"Pollia crispata voucher PIF41719 ribulose-1,5-bisphosphate carboxylase/oxygenase large subunit (rbcL) gene, complete cds",1437,True,1,False,1437,0,0,0,0,True,True
OR165400,Monocots,"Aneilema biflorum voucher PIF43583 ribulose-1,5-bisphosphate carboxylase/oxygenase large subunit (rbcL) gene, complete c",1437,True,1,False,1437,0,0,0,0,True,True
OR165399,Monocots,"Aneilema acuminatum voucher Q8357 ribulose-1,5-bisphosphate carboxylase/oxygenase large subunit (rbcL) gene, complete cd",1437,True,1,False,1437,0,0,0,0,True,True
OR165398,Monocots,"Amischotolype neoscandens voucher MM6860 ribulose-1,5-bisphosphate carboxylase/oxygenase large subunit (rbcL) gene, comp",1431,True,1,False,1431,0,0,0,0,True,True
PQ809485,Monocots,"Cymbidium huikanran voucher Li F001 ribulose-1,5-bisphosphate carboxylase/oxygenase large subunit (rbcL) gene, complete ",1464,True,1,False,1464,0,0,0,0,True,True
PQ660450,Monocots,"Rohdea sp. JG-2025a isolate MB23032001 ribulose-1,5-bisphosphate carboxylase/oxygenase large subunit (rbcL) gene, partia",1405,True,1,False,1404,1,0,0,0,False,True
PQ660449,Monocots,"Rohdea sp. JG-2025a isolate MB24060103 ribulose-1,5-bisphosphate carboxylase/oxygenase large subunit (rbcL) gene, partia",1415,True,1,False,1413,2,0,0,0,False,True
LC176262,Mosses,"Weissia exserta chloroplast rbcL gene for ribulose 1,5-bisphosphate carboxylase/oxygenase large subunit, complete cds",1428,True,1,False,1428,0,0,0,0,True,True
LC176261,Mosses,"Weissia controversa chloroplast rbcL gene for ribulose 1,5-bisphosphate carboxylase/oxygenase large subunit, complete cd",1428,True,1,False,1428,0,0,0,0,True,True
LC176259,Mosses,"Tuerckheimia svihlae chloroplast rbcL gene for ribulose 1,5-bisphosphate carboxylase/oxygenase large subunit, complete c",1428,True,1,False,1428,0,0,0,0,True,True
LC176258,Mosses,"Trichostomum platyphyllum chloroplast rbcL gene for ribulose 1,5-bisphosphate carboxylase/oxygenase large subunit, compl",1428,True,1,False,1428,0,0,0,0,True,True
LC176257,Mosses,"Trichostomum crispulum chloroplast rbcL gene for ribulose 1,5-bisphosphate carboxylase/oxygenase large subunit, complete",1428,True,1,False,1428,0,0,0,0,True,True
LC176256,Mosses,"Trichostomum brachydontium chloroplast rbcL gene for ribulose 1,5-bisphosphate carboxylase/oxygenase large subunit, comp",1428,True,1,False,1428,0,0,0,0,True,True
LC176255,Mosses,"Streblotrichum convolutum chloroplast rbcL gene for ribulose 1,5-bisphosphate carboxylase/oxygenase large subunit, compl",1428,True,1,False,1428,0,0,0,0,True,True
LC176254,Mosses,"Chionoloma angustatum chloroplast rbcL gene for ribulose 1,5-bisphosphate carboxylase/oxygenase large subunit, complete ",1428,True,1,False,1428,0,0,0,0,True,True
LC176253,Mosses,"Pottiopsis caespitosa chloroplast rbcL gene for ribulose 1,5-bisphosphate carboxylase/oxygenase large subunit, complete ",1428,True,1,False,1428,0,0,0,0,True,True
LC176252,Mosses,"Chionoloma tenuirostre chloroplast rbcL gene for ribulose 1,5-bisphosphate carboxylase/oxygenase large subunit, complete",1428,True,1,False,1428,0,0,0,0,True,True
LC176251,Mosses,"Hymenostylium recurvirostrum chloroplast rbcL gene for ribulose 1,5-bisphosphate carboxylase/oxygenase large subunit, co",1428,True,1,False,1428,0,0,0,0,True,True
LC176250,Mosses,"Hydrogonium hiroshii chloroplast rbcL gene for ribulose 1,5-bisphosphate carboxylase/oxygenase large subunit, complete c",1428,True,1,False,1428,0,0,0,0,True,True
LC176249,Mosses,"Hymenostylium aurantiacum chloroplast rbcL gene for ribulose 1,5-bisphosphate carboxylase/oxygenase large subunit, compl",1428,True,1,False,1428,0,0,0,0,True,True
LC176248,Mosses,"Gymnostomiella longinervis chloroplast rbcL gene for ribulose 1,5-bisphosphate carboxylase/oxygenase large subunit, comp",1428,True,1,False,1428,0,0,0,0,True,True
LC176247,Mosses,"Eucladium verticillatum chloroplast rbcL gene for ribulose 1,5-bisphosphate carboxylase/oxygenase large subunit, complet",1428,True,1,False,1428,0,0,0,0,True,True
LC176245,Mosses,"Didymodon japonicus chloroplast rbcL gene for ribulose 1,5-bisphosphate carboxylase/oxygenase large subunit, complete cd",1428,True,1,False,1428,0,0,0,0,True,True
LC176244,Mosses,"Pleuridium nitidum chloroplast rbcL gene for ribulose 1,5-bisphosphate carboxylase/oxygenase large subunit, complete cds",1428,True,1,False,1428,0,0,0,0,True,True
LC176243,Mosses,"Ditrichum heteromallum chloroplast rbcL gene for ribulose 1,5-bisphosphate carboxylase/oxygenase large subunit, complete",1428,True,1,False,1428,0,0,0,0,True,True
AB970710,Mosses,"Clastobryellina merrillii chloroplast rbcL gene for ribulose 1,5-bisphosphate carboxylase/oxygenase large subunit, compl",1428,True,1,False,1428,0,0,0,0,True,True
AB853080,Mosses,"Tortella tortuosa chloroplast rbcL gene for ribulose-1,5-bisphosphate carboxylase/oxygenase large subunit, complete cds,",1428,True,1,False,1428,0,0,0,0,True,True
AB853078,Mosses,"Pachyneuropsis miyagii chloroplast rbcL gene for ribulose-1,5-bisphosphate carboxylase/oxygenase large subunit, complete",1428,True,1,False,1428,0,0,0,0,True,True
AB853077,Mosses,"Luisierella barbula chloroplast rbcL gene for ribulose-1,5-bisphosphate carboxylase/oxygenase large subunit, complete cd",1428,True,1,False,1428,0,0,0,0,True,True
AB853076,Mosses,"Luisierella barbula chloroplast rbcL gene for ribulose-1,5-bisphosphate carboxylase/oxygenase large subunit, complete cd",1428,True,1,False,1428,0,0,0,0,True,True
AB853075,Mosses,"Scopelophila cataractae chloroplast rbcL gene for ribulose-1,5-bisphosphate carboxylase/oxygenase large subunit, complet",1428,True,1,False,1428,0,0,0,0,True,True
AB853074,Mosses,"Hyophila propagulifera chloroplast rbcL gene for ribulose-1,5-bisphosphate carboxylase/oxygenase large subunit, complete",1428,True,1,False,1428,0,0,0,0,True,True
AB853072,Mosses,"Distichium capillaceum chloroplast rbcL gene for ribulose-1,5-bisphosphate carboxylase/oxygenase large subunit, complete",1428,True,1,False,1428,0,0,0,0,True,True
AB853071,Mosses,"Drummondia sinensis chloroplast rbcL gene for ribulose-1,5-bisphosphate carboxylase/oxygenase large subunit, complete cd",1428,True,1,False,1428,0,0,0,0,True,True
AB796436,Mosses,"Dichelyma japonicum chloroplast rbcL gene for ribulose 1,5-bisphosphate carboxylase/oxygenase large subunit, complete cd",1428,True,1,False,1428,0,0,0,0,True,True
AB796435,Mosses,"Yakushimabryum tonkinense chloroplast rbcL gene for ribulose 1,5-bisphosphate carboxylase/oxygenase large subunit, compl",1428,True,1,False,1428,0,0,0,0,True,True
LC183795,Mosses,"Weissia newcomeri HIRO:Y. Inoue 2781 chloroplast rbcL gene for ribulose 1,5-bisphosphate carboxylase/oxygenase large sub",1428,True,1,False,1428,0,0,0,0,True,True
LC183794,Mosses,"Weissia longidens HIRO:Y. Inoue 918 chloroplast rbcL gene for ribulose 1,5-bisphosphate carboxylase/oxygenase large subu",1428,True,1,False,1428,0,0,0,0,True,True
LC183793,Mosses,"Weissia exserta HIRO:Y. Inoue 1788a chloroplast rbcL gene for ribulose 1,5-bisphosphate carboxylase/oxygenase large subu",1428,True,1,False,1428,0,0,0,0,True,True
LC183792,Mosses,"Weissia exserta HIRO:Y. Inoue 912 chloroplast rbcL gene for ribulose 1,5-bisphosphate carboxylase/oxygenase large subuni",1428,True,1,False,1428,0,0,0,0,True,True
LC183791,Mosses,"Weissia parajaponica HIRO: Y. Inoue 3951 chloroplast rbcL gene for ribulose 1,5-bisphosphate carboxylase/oxygenase large",1428,True,1,False,1428,0,0,0,0,True,True
LC183790,Mosses,"Weissia kiiensis HIRO:T. Sato 1430 chloroplast rbcL gene for ribulose 1,5-bisphosphate carboxylase/oxygenase large subun",1428,True,1,False,1428,0,0,0,0,True,True
LC183789,Mosses,"Weissia kiiensis HIRO: Y. Inoue 3826 chloroplast rbcL gene for ribulose 1,5-bisphosphate carboxylase/oxygenase large sub",1428,True,1,False,1428,0,0,0,0,True,True
LC183788,Mosses,"Weissia kiiensis HIRO:Y. Inoue 3816 chloroplast rbcL gene for ribulose 1,5-bisphosphate carboxylase/oxygenase large subu",1428,True,1,False,1428,0,0,0,0,True,True
LC183787,Mosses,"Weissia kiiensis HIRO:Y. Inoue 3813 chloroplast rbcL gene for ribulose 1,5-bisphosphate carboxylase/oxygenase large subu",1428,True,1,False,1428,0,0,0,0,True,True
LC183786,Mosses,"Weissia parajaponica HIRO:S. Uchida 10685 chloroplast rbcL gene for ribulose 1,5-bisphosphate carboxylase/oxygenase larg",1428,True,1,False,1428,0,0,0,0,True,True
LC183785,Mosses,"Weissia japonica HIRO:Y. Inoue 3947 chloroplast rbcL gene for ribulose 1,5-bisphosphate carboxylase/oxygenase large subu",1428,True,1,False,1428,0,0,0,0,True,True
LC183784,Mosses,"Weissia parajaponica HIRO:Y. Inoue 3925 chloroplast rbcL gene for ribulose 1,5-bisphosphate carboxylase/oxygenase large ",1428,True,1,False,1428,0,0,0,0,True,True
LC183783,Mosses,"Weissia parajaponica HIRO:Y. Inoue 3912 chloroplast rbcL gene for ribulose 1,5-bisphosphate carboxylase/oxygenase large ",1428,True,1,False,1428,0,0,0,0,True,True
LC183782,Mosses,"Weissia japonica HIRO:Y. Inoue 3830 chloroplast rbcL gene for ribulose 1,5-bisphosphate carboxylase/oxygenase large subu",1428,True,1,False,1428,0,0,0,0,True,True
LC183781,Mosses,"Weissia parajaponica HIRO:Y. Inoue 3910 chloroplast rbcL gene for ribulose 1,5-bisphosphate carboxylase/oxygenase large ",1428,True,1,False,1428,0,0,0,0,True,True
LC183780,Mosses,"Weissia parajaponica HIRO:Y. Inoue 3864 chloroplast rbcL gene for ribulose 1,5-bisphosphate carboxylase/oxygenase large ",1428,True,1,False,1428,0,0,0,0,True,True
LC183779,Mosses,"Weissia parajaponica HIRO:Y. Inoue 3849 chloroplast rbcL gene for ribulose 1,5-bisphosphate carboxylase/oxygenase large ",1428,True,1,False,1428,0,0,0,0,True,True
LC183778,Mosses,"Weissia kiiensis HIRO:Y. Inoue 3183 chloroplast rbcL gene for ribulose 1,5-bisphosphate carboxylase/oxygenase large subu",1428,True,1,False,1428,0,0,0,0,True,True
LC183777,Mosses,"Weissia kiiensis HIRO:Y. Inoue 3169 chloroplast rbcL gene for ribulose 1,5-bisphosphate carboxylase/oxygenase large subu",1428,True,1,False,1428,0,0,0,0,True,True
LC183776,Mosses,"Weissia parajaponica HIRO:Y. Inoue 3143 chloroplast rbcL gene for ribulose 1,5-bisphosphate carboxylase/oxygenase large ",1428,True,1,False,1428,0,0,0,0,True,True
LC183775,Mosses,"Weissia kiiensis HIRO:Y. Inoue 2606 chloroplast rbcL gene for ribulose 1,5-bisphosphate carboxylase/oxygenase large subu",1428,True,1,False,1428,0,0,0,0,True,True
LC183774,Mosses,"Weissia kiiensis HIRO:Y. Inoue 1816 chloroplast rbcL gene for ribulose 1,5-bisphosphate carboxylase/oxygenase large subu",1428,True,1,False,1428,0,0,0,0,True,True
LC183773,Mosses,"Weissia kiiensis HIRO:Y. Inoue 1788b chloroplast rbcL gene for ribulose 1,5-bisphosphate carboxylase/oxygenase large sub",1428,True,1,False,1428,0,0,0,0,True,True
LC183772,Mosses,"Weissia kiiensis HIRO:Y. Inoue 1493 chloroplast rbcL gene for ribulose 1,5-bisphosphate carboxylase/oxygenase large subu",1428,True,1,False,1428,0,0,0,0,True,True
LC183771,Mosses,"Weissia parajaponica HIRO:S. Uchida 10069 chloroplast rbcL gene for ribulose 1,5-bisphosphate carboxylase/oxygenase larg",1428,True,1,False,1428,0,0,0,0,True,True
LC183770,Mosses,"Weissia controversa MUB:34121 chloroplast rbcL gene for ribulose 1,5-bisphosphate carboxylase/oxygenase large subunit, c",1428,True,1,False,1428,0,0,0,0,True,True
LC183769,Mosses,"Weissia controversa HIRO:Y. Inoue 2580 chloroplast rbcL gene for ribulose 1,5-bisphosphate carboxylase/oxygenase large s",1428,True,1,False,1428,0,0,0,0,True,True
LC183768,Mosses,"Weissia controversa HIRO:Y. Inoue 2564 chloroplast rbcL gene for ribulose 1,5-bisphosphate carboxylase/oxygenase large s",1428,True,1,False,1428,0,0,0,0,True,True
LC183767,Mosses,"Weissia controversa HIRO:Y. Inoue 2524 chloroplast rbcL gene for ribulose 1,5-bisphosphate carboxylase/oxygenase large s",1428,True,1,False,1428,0,0,0,0,True,True
LC183766,Mosses,"Weissia controversa HIRO:Y. Inoue 1783 chloroplast rbcL gene for ribulose 1,5-bisphosphate carboxylase/oxygenase large s",1428,True,1,False,1428,0,0,0,0,True,True
LC183765,Mosses,"Weissia controversa HIRO:H. Tsubota 7704 chloroplast rbcL gene for ribulose 1,5-bisphosphate carboxylase/oxygenase large",1428,True,1,False,1428,0,0,0,0,True,True
LC183764,Mosses,"Weissia condensa MUB:41163 chloroplast rbcL gene for ribulose 1,5-bisphosphate carboxylase/oxygenase large subunit, comp",1428,True,1,False,1428,0,0,0,0,True,True
LC183763,Mosses,"Trachycarpidium lonchophyllum SP:O. Yano & B.L. Morretes 28820 chloroplast rbcL gene for ribulose 1,5-bisphosphate carbo",1428,True,1,False,1428,0,0,0,0,True,True
LC924968,Mosses,"Okamuraea brachydictyon TNS:MH:256045 chloroplast rbcL gene for ribulose-1,5-bisphosphate carboxylase/oxygenase large su",1428,True,1,False,1428,0,0,0,0,True,True
LC924967,Mosses,"Okamuraea brachydictyon TNS:MH:258477 chloroplast rbcL gene for ribulose-1,5-bisphosphate carboxylase/oxygenase large su",1428,True,1,False,1428,0,0,0,0,True,True
LC924966,Mosses,"Okamuraea brachydictyon TNS:MH:257348 chloroplast rbcL gene for ribulose-1,5-bisphosphate carboxylase/oxygenase large su",1428,True,1,False,1428,0,0,0,0,True,True
LC924965,Mosses,"Okamuraea brachydictyon TNS:MH:256051 chloroplast rbcL gene for ribulose-1,5-bisphosphate carboxylase/oxygenase large su",1428,True,1,False,1428,0,0,0,0,True,True
LC924963,Mosses,"Thamnobryum subseriatum TNS:MH:276665 chloroplast rbcL gene for ribulose-1,5-bisphosphate carboxylase/oxygenase large su",1428,True,1,False,1428,0,0,0,0,True,True
LC924962,Mosses,"Fabronia matsumurae TNS:MH:256189 chloroplast rbcL gene for ribulose-1,5-bisphosphate carboxylase/oxygenase large subuni",1428,True,1,False,1428,0,0,0,0,True,True
LC924961,Mosses,"Fabronia matsumurae TNS:MH:256396 chloroplast rbcL gene for ribulose-1,5-bisphosphate carboxylase/oxygenase large subuni",1428,True,1,False,1428,0,0,0,0,True,True
LC924960,Mosses,"Fabronia matsumurae TNS:MH:258470 chloroplast rbcL gene for ribulose-1,5-bisphosphate carboxylase/oxygenase large subuni",1428,True,1,False,1428,0,0,0,0,True,True
LC924959,Mosses,"Fabronia matsumurae TNS:MH:256173 chloroplast rbcL gene for ribulose-1,5-bisphosphate carboxylase/oxygenase large subuni",1428,True,1,False,1428,0,0,0,0,True,True
LC924958,Mosses,"Climacium dendroides TNS:MH:250884 chloroplast rbcL gene for ribulose-1,5-bisphosphate carboxylase/oxygenase large subun",1428,True,1,False,1428,0,0,0,0,True,True
LC924957,Mosses,"Leskeella pusilla TNS:MH:256064 chloroplast rbcL gene for ribulose-1,5-bisphosphate carboxylase/oxygenase large subunit,",1428,True,1,False,1428,0,0,0,0,True,True
LC924956,Mosses,"Leskeella pusilla TNS:MH:257345 chloroplast rbcL gene for ribulose-1,5-bisphosphate carboxylase/oxygenase large subunit,",1428,True,1,False,1428,0,0,0,0,True,True
LC924955,Mosses,"Leskeella pusilla TNS:MH:257706 chloroplast rbcL gene for ribulose-1,5-bisphosphate carboxylase/oxygenase large subunit,",1428,True,1,False,1428,0,0,0,0,True,True
LC924954,Mosses,"Taxiphyllum taxirameum TNS:MH:258406 chloroplast rbcL gene for ribulose-1,5-bisphosphate carboxylase/oxygenase large sub",1428,True,1,False,1428,0,0,0,0,True,True
LC924953,Mosses,"Taxiphyllum taxirameum TNS:MH:257116 chloroplast rbcL gene for ribulose-1,5-bisphosphate carboxylase/oxygenase large sub",1428,True,1,False,1428,0,0,0,0,True,True
LC924952,Mosses,"Taxiphyllum taxirameum TNS:MH:250883 chloroplast rbcL gene for ribulose-1,5-bisphosphate carboxylase/oxygenase large sub",1428,True,1,False,1428,0,0,0,0,True,True
LC924951,Mosses,"Taxiphyllum taxirameum TNS:MH:256184 chloroplast rbcL gene for ribulose-1,5-bisphosphate carboxylase/oxygenase large sub",1428,True,1,False,1428,0,0,0,0,True,True
LC924947,Mosses,"Homomallium connexum TNS:MH:276664 chloroplast rbcL gene for ribulose-1,5-bisphosphate carboxylase/oxygenase large subun",1428,True,1,False,1428,0,0,0,0,True,True
LC924946,Mosses,"Cratoneuron filicinum TNS:MH:250888 chloroplast rbcL gene for ribulose-1,5-bisphosphate carboxylase/oxygenase large subu",1428,True,1,False,1428,0,0,0,0,True,True
LC924945,Mosses,"Cratoneuron filicinum TNS:MH:250893 chloroplast rbcL gene for ribulose-1,5-bisphosphate carboxylase/oxygenase large subu",1428,True,1,False,1428,0,0,0,0,True,True
LC924920,Mosses,"Platygyrium repens TNS:MH:256391 chloroplast rbcL gene for ribulose-1,5-bisphosphate carboxylase/oxygenase large subunit",1428,True,1,False,1428,0,0,0,0,True,True
LC924919,Mosses,"Sematophyllum subhumile TNS:MH:256510 chloroplast rbcL gene for ribulose-1,5-bisphosphate carboxylase/oxygenase large su",1428,True,1,False,1428,0,0,0,0,True,True
LC924918,Mosses,"Sematophyllum subhumile TNS:MH:256489 chloroplast rbcL gene for ribulose-1,5-bisphosphate carboxylase/oxygenase large su",1428,True,1,False,1428,0,0,0,0,True,True
LC924917,Mosses,"Sematophyllum subhumile TNS:MH:256563 chloroplast rbcL gene for ribulose-1,5-bisphosphate carboxylase/oxygenase large su",1428,True,1,False,1428,0,0,0,0,True,True
LC924916,Mosses,"Sematophyllum subhumile TNS:MH:258460 chloroplast rbcL gene for ribulose-1,5-bisphosphate carboxylase/oxygenase large su",1428,True,1,False,1428,0,0,0,0,True,True
LC924915,Mosses,"Sematophyllum subhumile TNS:MH:256453 chloroplast rbcL gene for ribulose-1,5-bisphosphate carboxylase/oxygenase large su",1428,True,1,False,1428,0,0,0,0,True,True
LC924914,Mosses,"Sematophyllum subhumile TNS:MH:256086 chloroplast rbcL gene for ribulose-1,5-bisphosphate carboxylase/oxygenase large su",1428,True,1,False,1428,0,0,0,0,True,True
LC924913,Mosses,"Entodon challengeri TNS:MH:250855 chloroplast rbcL gene for ribulose-1,5-bisphosphate carboxylase/oxygenase large subuni",1428,True,1,False,1428,0,0,0,0,True,True
LC924912,Mosses,"Entodon challengeri TNS:MH:257399 chloroplast rbcL gene for ribulose-1,5-bisphosphate carboxylase/oxygenase large subuni",1428,True,1,False,1428,0,0,0,0,True,True
LC924911,Mosses,"Entodon challengeri TNS:MH:256174 chloroplast rbcL gene for ribulose-1,5-bisphosphate carboxylase/oxygenase large subuni",1428,True,1,False,1428,0,0,0,0,True,True
LC924910,Mosses,"Entodon challengeri TNS:MH:256065 chloroplast rbcL gene for ribulose-1,5-bisphosphate carboxylase/oxygenase large subuni",1428,True,1,False,1428,0,0,0,0,True,True
LC924909,Mosses,"Entodon challengeri TNS:MH:256197 chloroplast rbcL gene for ribulose-1,5-bisphosphate carboxylase/oxygenase large subuni",1428,True,1,False,1428,0,0,0,0,True,True
LC924908,Mosses,"Entodon challengeri TNS:MH:256590 chloroplast rbcL gene for ribulose-1,5-bisphosphate carboxylase/oxygenase large subuni",1428,True,1,False,1428,0,0,0,0,True,True
LC924907,Mosses,"Entodon sullivantii TNS:MH:256176 chloroplast rbcL gene for ribulose-1,5-bisphosphate carboxylase/oxygenase large subuni",1428,True,1,False,1428,0,0,0,0,True,True
LC924906,Mosses,"Entodon sullivantii TNS:MH:256070 chloroplast rbcL gene for ribulose-1,5-bisphosphate carboxylase/oxygenase large subuni",1428,True,1,False,1428,0,0,0,0,True,True
LC924905,Mosses,"Entodon sullivantii TNS:MH:258491 chloroplast rbcL gene for ribulose-1,5-bisphosphate carboxylase/oxygenase large subuni",1428,True,1,False,1428,0,0,0,0,True,True
LC924904,Mosses,"Entodon luridus TNS:MH:276663 chloroplast rbcL gene for ribulose-1,5-bisphosphate carboxylase/oxygenase large subunit, c",1428,True,1,False,1428,0,0,0,0,True,True
LC924903,Mosses,"Herpetineuron toccoae TNS:MH:250891 chloroplast rbcL gene for ribulose-1,5-bisphosphate carboxylase/oxygenase large subu",1428,True,1,False,1428,0,0,0,0,True,True
LC924902,Mosses,"Herpetineuron toccoae TNS:MH:256069 chloroplast rbcL gene for ribulose-1,5-bisphosphate carboxylase/oxygenase large subu",1428,True,1,False,1428,0,0,0,0,True,True
LC924901,Mosses,"Herpetineuron toccoae TNS:MH:256061 chloroplast rbcL gene for ribulose-1,5-bisphosphate carboxylase/oxygenase large subu",1428,True,1,False,1428,0,0,0,0,True,True
LC924900,Mosses,"Herpetineuron toccoae TNS:MH:257170 chloroplast rbcL gene for ribulose-1,5-bisphosphate carboxylase/oxygenase large subu",1428,True,1,False,1428,0,0,0,0,True,True
LC924899,Mosses,"Herpetineuron toccoae TNS:MH:256494 chloroplast rbcL gene for ribulose-1,5-bisphosphate carboxylase/oxygenase large subu",1428,True,1,False,1428,0,0,0,0,True,True
LC924898,Mosses,"Herpetineuron toccoae TNS:MH:256071 chloroplast rbcL gene for ribulose-1,5-bisphosphate carboxylase/oxygenase large subu",1428,True,1,False,1428,0,0,0,0,True,True
LC924897,Mosses,"Herpetineuron toccoae TNS:MH:256042 chloroplast rbcL gene for ribulose-1,5-bisphosphate carboxylase/oxygenase large subu",1428,True,1,False,1428,0,0,0,0,True,True
LC924896,Mosses,"Haplohymenium triste TNS:MH:256044 chloroplast rbcL gene for ribulose-1,5-bisphosphate carboxylase/oxygenase large subun",1428,True,1,False,1428,0,0,0,0,True,True
LC924895,Mosses,"Haplohymenium triste TNS:MH:256508 chloroplast rbcL gene for ribulose-1,5-bisphosphate carboxylase/oxygenase large subun",1428,True,1,False,1428,0,0,0,0,True,True
LC924894,Mosses,"Haplohymenium triste TNS:MH:257428 chloroplast rbcL gene for ribulose-1,5-bisphosphate carboxylase/oxygenase large subun",1428,True,1,False,1428,0,0,0,0,True,True
LC924893,Mosses,"Hypnum leptothallum TNS:MH:256039 chloroplast rbcL gene for ribulose-1,5-bisphosphate carboxylase/oxygenase large subuni",1428,True,1,False,1428,0,0,0,0,True,True
LC924892,Mosses,"Hypnum leptothallum TNS:MH:258471 chloroplast rbcL gene for ribulose-1,5-bisphosphate carboxylase/oxygenase large subuni",1428,True,1,False,1428,0,0,0,0,True,True
LC924891,Mosses,"Hypnum leptothallum TNS:MH:257102 chloroplast rbcL gene for ribulose-1,5-bisphosphate carboxylase/oxygenase large subuni",1428,True,1,False,1428,0,0,0,0,True,True
LC924890,Mosses,"Hypnum leptothallum TNS:MH:258472 chloroplast rbcL gene for ribulose-1,5-bisphosphate carboxylase/oxygenase large subuni",1428,True,1,False,1428,0,0,0,0,True,True
LC924889,Mosses,"Hypnum leptothallum TNS:MH:257195 chloroplast rbcL gene for ribulose-1,5-bisphosphate carboxylase/oxygenase large subuni",1428,True,1,False,1428,0,0,0,0,True,True
LC924888,Mosses,"Bryum argenteum TNS:MH:256180 chloroplast rbcL gene for ribulose-1,5-bisphosphate carboxylase/oxygenase large subunit, c",1428,True,1,False,1428,0,0,0,0,True,True
LC924887,Mosses,"Bryum argenteum TNS:MH:257425 chloroplast rbcL gene for ribulose-1,5-bisphosphate carboxylase/oxygenase large subunit, c",1428,True,1,False,1428,0,0,0,0,True,True
LC924886,Mosses,"Bryum argenteum TNS:MH:258468 chloroplast rbcL gene for ribulose-1,5-bisphosphate carboxylase/oxygenase large subunit, c",1428,True,1,False,1428,0,0,0,0,True,True
LC924885,Mosses,"Brachymenium exile TNS:MH:258692 chloroplast rbcL gene for ribulose-1,5-bisphosphate carboxylase/oxygenase large subunit",1428,True,1,False,1428,0,0,0,0,True,True
LC924884,Mosses,"Brachymenium exile TNS:MH:256568 chloroplast rbcL gene for ribulose-1,5-bisphosphate carboxylase/oxygenase large subunit",1428,True,1,False,1428,0,0,0,0,True,True
LC924883,Mosses,"Ptychostomum capillare TNS:MH:256544 chloroplast rbcL gene for ribulose-1,5-bisphosphate carboxylase/oxygenase large sub",1428,True,1,False,1428,0,0,0,0,True,True
LC924882,Mosses,"Ptychostomum capillare TNS:MH:257352 chloroplast rbcL gene for ribulose-1,5-bisphosphate carboxylase/oxygenase large sub",1428,True,1,False,1428,0,0,0,0,True,True
LC924881,Mosses,"Ptychostomum capillare TNS:MH:257165 chloroplast rbcL gene for ribulose-1,5-bisphosphate carboxylase/oxygenase large sub",1428,True,1,False,1428,0,0,0,0,True,True
LC924880,Mosses,"Ptychostomum capillare TNS:MH:256207 chloroplast rbcL gene for ribulose-1,5-bisphosphate carboxylase/oxygenase large sub",1428,True,1,False,1428,0,0,0,0,True,True
LC924879,Mosses,"Brachymenium nepalense TNS:MH:256461 chloroplast rbcL gene for ribulose-1,5-bisphosphate carboxylase/oxygenase large sub",1428,True,1,False,1428,0,0,0,0,True,True
LC924876,Mosses,"Plagiomnium acutum TNS:MH:250837 chloroplast rbcL gene for ribulose-1,5-bisphosphate carboxylase/oxygenase large subunit",1428,True,1,False,1428,0,0,0,0,True,True
LC924875,Mosses,"Plagiomnium acutum TNS:MH:256195 chloroplast rbcL gene for ribulose-1,5-bisphosphate carboxylase/oxygenase large subunit",1428,True,1,False,1428,0,0,0,0,True,True
LC924874,Mosses,"Plagiomnium acutum TNS:MH:257695 chloroplast rbcL gene for ribulose-1,5-bisphosphate carboxylase/oxygenase large subunit",1428,True,1,False,1428,0,0,0,0,True,True
LC924873,Mosses,"Plagiomnium acutum TNS:MH:258463 chloroplast rbcL gene for ribulose-1,5-bisphosphate carboxylase/oxygenase large subunit",1428,True,1,False,1428,0,0,0,0,True,True
LC924872,Mosses,"Plagiomnium acutum TNS:MH:256479 chloroplast rbcL gene for ribulose-1,5-bisphosphate carboxylase/oxygenase large subunit",1428,True,1,False,1428,0,0,0,0,True,True
LC924871,Mosses,"Plagiomnium acutum TNS:MH:250881 chloroplast rbcL gene for ribulose-1,5-bisphosphate carboxylase/oxygenase large subunit",1428,True,1,False,1428,0,0,0,0,True,True
LC924870,Mosses,"Plagiomnium vesicatum TNS:MH:257354 chloroplast rbcL gene for ribulose-1,5-bisphosphate carboxylase/oxygenase large subu",1428,True,1,False,1428,0,0,0,0,True,True
LC924869,Mosses,"Plagiomnium vesicatum TNS:MH:256084 chloroplast rbcL gene for ribulose-1,5-bisphosphate carboxylase/oxygenase large subu",1428,True,1,False,1428,0,0,0,0,True,True
LC924868,Mosses,"Trachycystis microphylla TNS:MH:256499 chloroplast rbcL gene for ribulose-1,5-bisphosphate carboxylase/oxygenase large s",1428,True,1,False,1428,0,0,0,0,True,True
LC924867,Mosses,"Trachycystis microphylla TNS:MH:257328 chloroplast rbcL gene for ribulose-1,5-bisphosphate carboxylase/oxygenase large s",1428,True,1,False,1428,0,0,0,0,True,True
LC924866,Mosses,"Trachycystis microphylla TNS:MH:257173 chloroplast rbcL gene for ribulose-1,5-bisphosphate carboxylase/oxygenase large s",1428,True,1,False,1428,0,0,0,0,True,True
LC924865,Mosses,"Hedwigia ciliata TNS:MH:258458 chloroplast rbcL gene for ribulose-1,5-bisphosphate carboxylase/oxygenase large subunit, ",1428,True,1,False,1428,0,0,0,0,True,True
LC924864,Mosses,"Weissia edentula TNS:MH:253486 chloroplast rbcL gene for ribulose-1,5-bisphosphate carboxylase/oxygenase large subunit, ",1428,True,1,False,1428,0,0,0,0,True,True
LC924863,Mosses,"Weissia edentula TNS:MH:257183 chloroplast rbcL gene for, complete cds",1434,False,0,False,0,0,3,-1,-1,False,False
LC924862,Mosses,"Weissia edentula TNS:MH:257181 chloroplast rbcL gene for ribulose-1,5-bisphosphate carboxylase/oxygenase large subunit, ",1428,True,1,False,1428,0,0,0,0,True,True
LC924861,Mosses,"Weissia edentula TNS:MH:257177 chloroplast rbcL gene for, complete cds",1434,False,0,False,0,0,3,-1,-1,False,False
LC924860,Mosses,"Weissia controversa TNS:MH:253487 chloroplast rbcL gene for ribulose-1,5-bisphosphate carboxylase/oxygenase large subuni",1428,True,1,False,1428,0,0,0,0,True,True
LC924859,Mosses,"Weissia kiiensis TNS:MH:250861 chloroplast rbcL gene for ribulose-1,5-bisphosphate carboxylase/oxygenase large subunit, ",1428,True,1,False,1428,0,0,0,0,True,True
LC924858,Mosses,"Weissia kiiensis TNS:MH:258483 chloroplast rbcL gene for ribulose-1,5-bisphosphate carboxylase/oxygenase large subunit, ",1428,True,1,False,1428,0,0,0,0,True,True
LC924857,Mosses,"Weissia kiiensis TNS:MH:256559 chloroplast rbcL gene for ribulose-1,5-bisphosphate carboxylase/oxygenase large subunit, ",1428,True,1,False,1428,0,0,0,0,True,True
LC924856,Mosses,"Weissia kiiensis TNS:MH:256183 chloroplast rbcL gene for ribulose-1,5-bisphosphate carboxylase/oxygenase large subunit, ",1428,True,1,False,1428,0,0,0,0,True,True
LC924855,Mosses,"Weissia kiiensis TNS:MH:253484 chloroplast rbcL gene for ribulose-1,5-bisphosphate carboxylase/oxygenase large subunit, ",1428,True,1,False,1428,0,0,0,0,True,True
LC924854,Mosses,"Weissia japonica TNS:MH:253511 chloroplast rbcL gene for ribulose-1,5-bisphosphate carboxylase/oxygenase large subunit, ",1428,True,1,False,1428,0,0,0,0,True,True
LC924853,Mosses,"Weissia japonica TNS:MH:258497 chloroplast rbcL gene for ribulose-1,5-bisphosphate carboxylase/oxygenase large subunit, ",1428,True,1,False,1428,0,0,0,0,True,True
LC924852,Mosses,"Ephemerum spinulosum TNS:MH:258689 chloroplast rbcL gene for ribulose-1,5-bisphosphate carboxylase/oxygenase large subun",1428,True,1,False,1428,0,0,0,0,True,True
LC924851,Mosses,"Trichostomum platyphyllum TNS:MH:256050 chloroplast rbcL gene for ribulose-1,5-bisphosphate carboxylase/oxygenase large ",1428,True,1,False,1428,0,0,0,0,True,True
PQ213022,Other SAR/protist,"Uncultured xanthophyte clone RuskinB ribulose-1,5-bisphosphate carboxylase/oxygenase large subunit (rbcL) gene, complete",1467,True,1,False,1467,0,0,0,0,True,True
PQ213021,Other SAR/protist,"Uncultured xanthophyte clone RuskinA ribulose-1,5-bisphosphate carboxylase/oxygenase large subunit (rbcL) gene, complete",1467,True,1,False,1467,0,0,0,0,True,True
PQ679101,Other SAR/protist,"Mallomonas sp. strain US58L ribulose-1,5-biphosphate carboxylase/oxygenase large subunit (rbcL) gene, partial cds; chlor",1467,True,1,False,1467,0,0,0,0,True,True
PQ679100,Other SAR/protist,"Mallomonas sp. strain US58AB ribulose-1,5-biphosphate carboxylase/oxygenase large subunit (rbcL) gene, partial cds; chlo",1467,True,1,False,1467,0,0,0,0,True,True
PQ679099,Other SAR/protist,"Mallomonas sp. strain US55K ribulose-1,5-biphosphate carboxylase/oxygenase large subunit (rbcL) gene, complete cds; chlo",1485,True,1,False,1485,0,0,0,0,True,True
PQ679098,Other SAR/protist,"Mallomonas sp. strain US55E ribulose-1,5-biphosphate carboxylase/oxygenase large subunit (rbcL) gene, complete cds; chlo",1485,True,1,False,1485,0,0,0,0,True,True
PQ679097,Other SAR/protist,"Mallomonas sp. strain US53J ribulose-1,5-biphosphate carboxylase/oxygenase large subunit (rbcL) gene, complete cds; chlo",1485,True,1,False,1485,0,0,0,0,True,True
PQ791851,Other SAR/protist,"Chrysocystis fragilis ribulose-1,5-bisphosphate carboxylase/oxygenase large subunit (rbcL) gene, complete cds; chloropla",1467,True,1,False,1467,0,0,0,0,True,True
PQ791850,Other SAR/protist,"Sarcinochrysis kraftii ribulose-1,5-bisphosphate carboxylase/oxygenase large subunit (rbcL) gene, complete cds; chloropl",1467,True,1,False,1467,0,0,0,0,True,True
PQ791849,Other SAR/protist,"Sarcinochrysis guiryi ribulose-1,5-bisphosphate carboxylase/oxygenase large subunit (rbcL) gene, complete cds; chloropla",1467,True,1,False,1467,0,0,0,0,True,True
PQ791848,Other SAR/protist,"Sarcinochrysis marina ribulose-1,5-bisphosphate carboxylase/oxygenase large subunit (rbcL) gene, complete cds; chloropla",1467,True,1,False,1467,0,0,0,0,True,True
PQ791847,Other SAR/protist,"Arachnochrysis cassiotisii ribulose-1,5-bisphosphate carboxylase/oxygenase large subunit (rbcL) gene, complete cds; chlo",1467,True,1,False,1467,0,0,0,0,True,True
PQ791845,Other SAR/protist,"Revolvomonas australis ribulose-1,5-bisphosphate carboxylase/oxygenase large subunit (rbcL) gene, complete cds; chloropl",1467,True,1,False,1467,0,0,0,0,True,True
PQ791844,Other SAR/protist,"Sungminbooa capricornica ribulose-1,5-bisphosphate carboxylase/oxygenase large subunit (rbcL) gene, complete cds; chloro",1467,True,1,False,1467,0,0,0,0,True,True
PQ791843,Other SAR/protist,"Sungminbooa tropica ribulose-1,5-bisphosphate carboxylase/oxygenase large subunit (rbcL) gene, complete cds; chloroplast",1467,True,1,False,1467,0,0,0,0,True,True
PQ791842,Other SAR/protist,"Chrysoreinhardia giraudii ribulose-1,5-bisphosphate carboxylase/oxygenase large subunit (rbcL) gene, complete cds; chlor",1467,True,1,False,1467,0,0,0,0,True,True
PQ791841,Other SAR/protist,"Aureoumbra geitleri ribulose-1,5-bisphosphate carboxylase/oxygenase large subunit (rbcL) gene, complete cds; chloroplast",1467,True,1,False,1467,0,0,0,0,True,True
PQ031147,Other SAR/protist,"Mallomonas caudata strain CZ92A ribulose-1,5-bisphosphate carboxylase/oxygenase large subunit (rbcL) gene, complete cds;",1467,True,1,False,1467,0,0,0,0,True,True
PQ031146,Other SAR/protist,"Mallomonas caudata strain CZ25J ribulose-1,5-bisphosphate carboxylase/oxygenase large subunit (rbcL) gene, complete cds;",1467,True,1,False,1467,0,0,0,0,True,True
PQ031143,Other SAR/protist,"Mallomonas adamas strain CZ38P ribulose-1,5-bisphosphate carboxylase/oxygenase large subunit (rbcL) gene, complete cds; ",1467,True,1,False,1467,0,0,0,0,True,True
PQ031142,Other SAR/protist,"Mallomonas adamas strain CZ38K ribulose-1,5-bisphosphate carboxylase/oxygenase large subunit (rbcL) gene, complete cds; ",1467,True,1,False,1467,0,0,0,0,True,True
PQ031141,Other SAR/protist,"Mallomonas schwemmlei strain CZ33J ribulose-1,5-bisphosphate carboxylase/oxygenase large subunit (rbcL) gene, complete c",1467,True,1,False,1467,0,0,0,0,True,True
PQ031140,Other SAR/protist,"Mallomonas schwemmlei strain CZ33F ribulose-1,5-bisphosphate carboxylase/oxygenase large subunit (rbcL) gene, complete c",1467,True,1,False,1467,0,0,0,0,True,True
PQ031139,Other SAR/protist,"Mallomonas munda strain CZ85G ribulose-1,5-bisphosphate carboxylase/oxygenase large subunit (rbcL) gene, complete cds; c",1467,True,1,False,1467,0,0,0,0,True,True
PQ031138,Other SAR/protist,"Mallomonas munda strain CZ38H ribulose-1,5-bisphosphate carboxylase/oxygenase large subunit (rbcL) gene, complete cds; c",1467,True,1,False,1467,0,0,0,0,True,True
PQ031137,Other SAR/protist,"Mallomonas favosa strain D03C ribulose-1,5-bisphosphate carboxylase/oxygenase large subunit (rbcL) gene, complete cds; c",1467,True,1,False,1467,0,0,0,0,True,True
PQ031135,Other SAR/protist,"Mallomonas eoa strain CZ115D ribulose-1,5-bisphosphate carboxylase/oxygenase large subunit (rbcL) gene, complete cds; ch",1467,True,1,False,1467,0,0,0,0,True,True
PQ031134,Other SAR/protist,"Mallomonas eoa strain CZ115B ribulose-1,5-bisphosphate carboxylase/oxygenase large subunit (rbcL) gene, complete cds; ch",1467,True,1,False,1467,0,0,0,0,True,True
PQ031133,Other SAR/protist,"Mallomonas doignonii strain CZ08N ribulose-1,5-bisphosphate carboxylase/oxygenase large subunit (rbcL) gene, complete cd",1467,True,1,False,1467,0,0,0,0,True,True
PQ031132,Other SAR/protist,"Mallomonas doignonii strain CZ08K ribulose-1,5-bisphosphate carboxylase/oxygenase large subunit (rbcL) gene, complete cd",1467,True,1,False,1467,0,0,0,0,True,True
PQ031129,Other SAR/protist,"Mallomonas rasilis strain D01D ribulose-1,5-bisphosphate carboxylase/oxygenase large subunit (rbcL) gene, complete cds; ",1467,True,1,False,1467,0,0,0,0,True,True
PQ031127,Other SAR/protist,"Mallomonas papillosa strain Jeongsan121209J ribulose-1,5-bisphosphate carboxylase/oxygenase large subunit (rbcL) gene, c",1467,True,1,False,1467,0,0,0,0,True,True
PQ031126,Other SAR/protist,"Mallomonas papillosa strain CZ03F ribulose-1,5-bisphosphate carboxylase/oxygenase large subunit (rbcL) gene, complete cd",1467,True,1,False,1467,0,0,0,0,True,True
PQ031120,Other SAR/protist,"Mallomonas lelymene strain IT02A ribulose-1,5-bisphosphate carboxylase/oxygenase large subunit (rbcL) gene, complete cds",1467,True,1,False,1467,0,0,0,0,True,True
PQ031119,Other SAR/protist,"Mallomonas lelymene strain CZ29D ribulose-1,5-bisphosphate carboxylase/oxygenase large subunit (rbcL) gene, complete cds",1467,True,1,False,1467,0,0,0,0,True,True
PQ031118,Other SAR/protist,"Mallomonas intermedia strain CZ35C ribulose-1,5-bisphosphate carboxylase/oxygenase large subunit (rbcL) gene, complete c",1467,True,1,False,1467,0,0,0,0,True,True
PQ031117,Other SAR/protist,"Mallomonas intermedia strain CZ34M ribulose-1,5-bisphosphate carboxylase/oxygenase large subunit (rbcL) gene, complete c",1467,True,1,False,1467,0,0,0,0,True,True
PQ031116,Other SAR/protist,"Mallomonas elongata strain CZ24B ribulose-1,5-bisphosphate carboxylase/oxygenase large subunit (rbcL) gene, complete cds",1467,True,1,False,1467,0,0,0,0,True,True
PQ031115,Other SAR/protist,"Mallomonas elongata strain CZ26E ribulose-1,5-bisphosphate carboxylase/oxygenase large subunit (rbcL) gene, complete cds",1467,True,1,False,1467,0,0,0,0,True,True
PQ031114,Other SAR/protist,"Mallomonas crassisquama strain CZ07M ribulose-1,5-bisphosphate carboxylase/oxygenase large subunit (rbcL) gene, complete",1467,True,1,False,1467,0,0,0,0,True,True
PQ031113,Other SAR/protist,"Mallomonas crassisquama strain CZ04A ribulose-1,5-bisphosphate carboxylase/oxygenase large subunit (rbcL) gene, complete",1467,True,1,False,1467,0,0,0,0,True,True
PQ031112,Other SAR/protist,"Mallomonas aerolata strain CZ35O ribulose-1,5-bisphosphate carboxylase/oxygenase large subunit (rbcL) gene, complete cds",1467,True,1,False,1467,0,0,0,0,True,True
PQ031111,Other SAR/protist,"Mallomonas aerolata strain CZ35M ribulose-1,5-bisphosphate carboxylase/oxygenase large subunit (rbcL) gene, complete cds",1467,True,1,False,1467,0,0,0,0,True,True
PQ031110,Other SAR/protist,"Mallomonas actinoloma var. maramuresensis strain CZ105B ribulose-1,5-bisphosphate carboxylase/oxygenase large subunit (r",1467,True,1,False,1467,0,0,0,0,True,True
PQ031109,Other SAR/protist,"Mallomonas actinoloma var. maramuresensis strain CZ104D ribulose-1,5-bisphosphate carboxylase/oxygenase large subunit (r",1467,True,1,False,1467,0,0,0,0,True,True
OR188788,Other SAR/protist,"Eustigmatophyceae sp. strain Tow 8/9 T-25m6.8 ribulose 1,5 bisphosphate carboxylase/oxygenase (rbcL) gene, partial cds; ",1420,True,1,False,1407,1,1,0,0,False,True
OR359634,Other SAR/protist,"Vaucheria longicaulis ribulose-1,5-bisphosphate carboxylase/oxygenase large subunit (rbcL) gene, complete cds; chloropla",1467,True,1,False,1467,0,0,0,0,True,True
KX354375,Other SAR/protist,"Eustigmatophyceae sp. Mary 8/18 T-3d ribulose-1,5-bisphosphate carboxylase/oxygenase large subunit (rbcL) gene, partial ",1403,True,1,False,1401,2,0,0,0,False,True
KX354388,Other SAR/protist,"Pseudostaurastrum subglobosum strain F4 4/24-10m ribulose-1,5-bisphosphate carboxylase/oxygenase large subunit (rbcL) ge",1480,True,3,False,1428,1,29,0,0,False,True
KX354385,Other SAR/protist,"Eustigmatophyceae sp. Tow 8/18 T-12d ribulose-1,5-bisphosphate carboxylase/oxygenase large subunit (rbcL) gene, partial ",1497,True,3,False,1428,0,37,0,0,False,True
KX354384,Other SAR/protist,"Eustigmatophyceae sp. Tow 8/18 T-6d ribulose-1,5-bisphosphate carboxylase/oxygenase large subunit (rbcL) gene, partial c",1447,True,1,False,1410,1,2,0,0,False,True
KX354382,Other SAR/protist,"Eustigmatophyceae sp. Tow 2/24 P-2d ribulose-1,5-bisphosphate carboxylase/oxygenase large subunit (rbcL) gene, partial c",1473,True,2,False,1422,0,41,0,0,False,True
KX354378,Other SAR/protist,"Eustigmatophyceae sp. Pic 8/18 P-2d ribulose-1,5-bisphosphate carboxylase/oxygenase large subunit (rbcL) gene, partial c",1494,True,1,False,1443,0,3,0,0,False,True
KX354372,Other SAR/protist,"Eustigmatophyceae sp. Chic 10/23 P-37w ribulose-1,5-bisphosphate carboxylase/oxygenase large subunit (rbcL) gene, partia",1480,True,3,False,1428,1,29,0,0,False,True
ON711408,Other SAR/protist,"Vaucheria sp. strain T1 ribulose-1,5-bisphosphate carboxylase/oxygenase large subunit (rbcL) gene, partial cds; chloropl",1402,True,2,False,1401,1,45,0,0,False,True
ON920853,Other SAR/protist,"Pseudotetraedriella kamillae strain SAG 2056 ribulose-1,5-bisphosphate carboxylase/oxygenase large subunit (rbcL) gene, ",1464,True,1,False,1464,0,0,0,0,True,True
ON920852,Other SAR/protist,"Pseudostaurastrum limneticum strain SAG 14.94 ribulose-1,5-bisphosphate carboxylase/oxygenase large subunit (rbcL) gene,",1464,True,1,False,1464,0,0,0,0,True,True
ON920850,Other SAR/protist,"Pseudostaurastrum sp. strain 10174 ribulose-1,5-bisphosphate carboxylase/oxygenase large subunit (rbcL) gene, partial cd",1422,True,1,False,1422,0,0,0,0,True,True
ON920848,Other SAR/protist,"Chlorobotrys sp. strain 2E5 ribulose-1,5-bisphosphate carboxylase/oxygenase large subunit (rbcL) gene, complete cds; chl",1464,True,1,False,1464,0,0,0,0,True,True
ON166675,Other SAR/protist,"Vaucheria sp. HVerbruggen-2023a voucher PERTH 09447369 ribulose-1,5-bisphosphate carboxylase/oxygenase large subunit (rb",1467,True,1,False,1467,0,0,0,0,True,True
EF589159,Other SAR/protist,"Botrydiopsis constricta strain LCR-P ribulose-1,5-bisphosphate carboxylase/oxygenase large subunit (rbcL) gene, partial ",1413,True,1,False,1413,0,0,0,0,True,True
MZ336043,Other SAR/protist,"Vacuoliviride crystalliferum ribulose-1 5-bisphosphate carboxylase/oxygenase large subunit (rbcL) gene, complete cds; ch",1464,True,1,False,1464,0,0,0,0,True,True
MT439864,Other SAR/protist,"Gazia saundersii strain CS-1320 ribulose-1,5-bisphosphate carboxylase/oxygenase large subunit (rbcL) gene, complete cds;",1467,True,1,False,1467,0,0,0,0,True,True
MT439863,Other SAR/protist,"Gazia australica strain CS-1321 ribulose-1,5-bisphosphate carboxylase/oxygenase large subunit (rbcL) gene, complete cds;",1467,True,1,False,1467,0,0,0,0,True,True
MT469981,Other SAR/protist,"Aureoumbra geitleri strain CS-1323 ribulose-1,5-bisphosphate carboxylase/oxygenase large subunit (rbcL) gene, complete c",1467,True,1,False,1467,0,0,0,0,True,True
MN401200,Other SAR/protist,"Pseudocharaciopsis ovalis strain CAUP Q302 ribulose-1,5-bisphosphate carboxylase/oxygenase large subunit (rbcL) gene, pa",1499,True,2,False,1440,2,41,0,0,False,True
MN401199,Other SAR/protist,"Neomonodus sp. strain CAUP Q301 ribulose-1,5-bisphosphate carboxylase/oxygenase large subunit (rbcL) gene, partial cds; ",1499,True,2,False,1440,2,42,0,0,False,True
MN401198,Other SAR/protist,"Pseudocharaciopsis ovalis strain BCCO_30_2918 ribulose-1,5-bisphosphate carboxylase/oxygenase large subunit (rbcL) gene,",1499,True,2,False,1440,2,41,0,0,False,True
MN401197,Other SAR/protist,"Pseudocharaciopsis ovalis strain BCCO_30_2917 ribulose-1,5-bisphosphate carboxylase/oxygenase large subunit (rbcL) gene,",1499,True,2,False,1440,2,41,0,0,False,True
MN401196,Other SAR/protist,"Neomonodus sp. strain ACOI 2437 ribulose-1,5-bisphosphate carboxylase/oxygenase large subunit (rbcL) gene, partial cds; ",1499,True,2,False,1440,2,41,0,0,False,True
MN401195,Other SAR/protist,"Munda sp. (in: heterokonts) strain ACOI 2428 ribulose-1,5-bisphosphate carboxylase/oxygenase large subunit (rbcL) gene, ",1499,True,2,False,0,2,43,-1,-1,False,False
MN401194,Other SAR/protist,"Characiopsiella minima strain ACOI 2426 ribulose-1,5-bisphosphate carboxylase/oxygenase large subunit (rbcL) gene, parti",1499,True,2,False,1440,2,43,0,0,False,True
MN401193,Other SAR/protist,"Munda aquilonaris strain ACOI 2424B ribulose-1,5-bisphosphate carboxylase/oxygenase large subunit (rbcL) gene, partial c",1499,True,2,False,1440,2,47,0,0,False,True
MN401192,Other SAR/protist,"Munda aquilonaris strain ACOI 2424A ribulose-1,5-bisphosphate carboxylase/oxygenase large subunit (rbcL) gene, partial c",1499,True,2,False,0,2,44,-1,-1,False,False
MN401191,Other SAR/protist,"Munda aquilonaris strain ACOI 2424 ribulose-1,5-bisphosphate carboxylase/oxygenase large subunit (rbcL) gene, partial cd",1499,True,2,False,0,2,44,-1,-1,False,False
MN401190,Other SAR/protist,"Characiopsiella sp. strain ACOI 2423A ribulose-1,5-bisphosphate carboxylase/oxygenase large subunit (rbcL) gene, partial",1499,True,2,False,1440,2,43,0,0,False,True
GQ405007,Other SAR/protist,"Eustigmatophyceae sp. WTwin 8/18 T-5d ribulose-1,5-bisphosphate carboxylase/oxygenase large subunit (rbcL) gene, partial",1497,True,1,False,1440,0,4,0,0,False,True
AF015582,Other SAR/protist,"Vacuolaria virescens strain SAG1195 ribulose-1,5-bisphosphate carboxylase/oxygenase large subunit (rbcL) gene, partial c",1422,True,1,False,0,0,0,-1,-1,True,False
AF438321,Other SAR/protist,"Phaeomonas parva ribulose-1,5-bisphosphate carboxylase/oxygenase large subunit (rbcL) gene, partial cds; chloroplast gen",1430,True,3,False,1428,2,37,0,0,False,True
AF438320,Other SAR/protist,"Polypodochrysis teissieri ribulose-1,5-bisphosphate carboxylase/oxygenase large subunit (rbcL) gene, partial cds; chloro",1431,True,1,False,1431,0,0,0,0,True,True
AF438318,Other SAR/protist,"Glossomastix chrysoplasta ribulose-1,5-bisphosphate carboxylase/oxygenase large subunit (rbcL) gene, partial cds; chloro",1414,True,2,False,1413,1,40,0,0,False,True
AF438317,Other SAR/protist,"Pinguiochrysis pyriformis ribulose-1,5-bisphosphate carboxylase/oxygenase large subunit (rbcL) gene, partial cds; chloro",1425,True,1,False,1425,0,0,0,0,True,True
AF155585,Other SAR/protist,"Tetrasporopsis fuscescens ribulose-1,5-bisphosphate carboxylase/oxygenase large subunit (rbcL) gene, partial cds; chloro",1436,True,3,False,1434,2,41,0,0,False,True
AF155584,Other SAR/protist,"Stichogloea globosa ribulose-1,5-bisphosphate carboxylase/oxygenase large subunit (rbcL) gene, partial cds; chloroplast ",1425,True,1,False,1425,0,0,0,0,True,True
AF118136,Other SAR/protist,"Aureoumbra lagunensis strain CCMP1510 ribulose-1,5-bisphosphate carboxylase/oxygenase large subunit (rbcL) gene, chlorop",1402,True,2,False,1401,1,49,0,0,False,True
AF118135,Other SAR/protist,"Aureoumbra lagunensis strain CCMP1509 ribulose-1,5-bisphosphate carboxylase/oxygenase large subunit (rbcL) gene, chlorop",1431,True,1,False,1431,0,0,0,0,True,True
AF117906,Other SAR/protist,"Aureococcus anophagefferens strain CCMP1784 ribulose-1,5-bisphosphate carboxylase/oxygenase large subunit (rbcL) gene, c",1432,True,2,False,1431,1,52,0,0,False,True
AF117905,Other SAR/protist,"Aureococcus anophagefferens strain CCMP1794 ribulose-1,5-bisphosphate carboxylase/oxygenase large subunit (rbcL) gene, c",1432,True,2,False,1431,1,52,0,0,False,True
AF117904,Other SAR/protist,"Aureococcus anophagefferens strain CCMP1707 ribulose-1,5-bisphosphate carboxylase/oxygenase large subunit (rbcL) gene, c",1432,True,2,False,1431,1,52,0,0,False,True
AF117786,Other SAR/protist,"Aureoumbra lagunensis ribulose-1,5-bisphosphate carboxylase/oxygenase large subunit (rbcL) gene, chloroplast gene encodi",1431,True,1,False,1431,0,0,0,0,True,True
AF117785,Other SAR/protist,"Aureococcus anophagefferens strain CCMP1785 ribulose-1,5-bisphosphate carboxylase/oxygenase large subunit (rbcL) gene, c",1431,True,1,False,1431,0,0,0,0,True,True
AF117784,Other SAR/protist,"Aureococcus anophagefferens strain CCMP1708 ribulose-1,5-bisphosphate carboxylase/oxygenase large subunit (rbcL) gene, c",1430,True,3,False,1428,2,33,0,0,False,True
AF117783,Other SAR/protist,"Aureococcus anophagefferens strain CCMP1706 ribulose-1,5-bisphosphate carboxylase/oxygenase large subunit (rbcL) gene, c",1413,True,1,False,1413,0,0,0,0,True,True
AF084612,Other SAR/protist,"Xanthonema debile ribulose 1,5-bisphosphate carboxylase/oxygenase large subunit (rbcL) gene, chloroplast gene encoding c",1431,True,1,False,1431,0,0,0,0,True,True
AF084611,Other SAR/protist,"Tribonema aequale ribulose 1,5-bisphosphate carboxylase/oxygenase large subunit (rbcL) gene, chloroplast gene encoding c",1416,True,1,False,1416,0,0,0,0,True,True
AF069499,Other SAR/protist,"Pleurochloridella botrydiopsis ribulose 1,5-bisphosphate carboxylase/oxygenase large subunit (rbcL) gene, chloroplast ge",1430,True,3,False,1428,2,38,0,0,False,True
AF064746,Other SAR/protist,"Phaeothamnion confervicola ribulose 1,5-bisphosphate carboxylase/oxygenase large subunit (rbcL) gene, chloroplast gene e",1436,True,3,False,1434,2,40,0,0,False,True
AF064744,Other SAR/protist,"Mischococcus sphaerocephalus ribulose 1,5-bisphosphate carboxylase/oxygenase large subunit (rbcL) gene, chloroplast gene",1431,True,1,False,1431,0,0,0,0,True,True
AF465709,Other SAR/protist,"Tribonema intermixum ribulose-1,5-bisphosphate carboxylase/oxygenase large subunit (rbcL) gene, complete cds; chloroplas",1467,True,1,False,1467,0,0,0,0,True,True
AF465708,Other SAR/protist,"Botryidium cystosum ribulose-1,5-bisphosphate carboxylase/oxygenase large subunit (rbcL) gene, complete cds; chloroplast",1467,True,1,False,1467,0,0,0,0,True,True
AF465707,Other SAR/protist,"Botrydium stoloniferum ribulose-1,5-bisphosphate carboxylase/oxygenase large subunit (rbcL) gene, complete cds; chloropl",1467,True,1,False,1467,0,0,0,0,True,True
AF465706,Other SAR/protist,"Botrydium becharianum ribulose-1,5-bisphosphate carboxylase/oxygenase large subunit (rbcL) gene, complete cds; chloropla",1467,True,1,False,1467,0,0,0,0,True,True
AF015590,Other SAR/protist,"Coccoid pelagophyte CCMP1395 ribulose-1,5-bisphosphate carboxylase/oxygenase large subunit (rbcL) gene, chloroplast gene",1422,True,1,False,0,0,0,-1,-1,True,False
AF015588,Other SAR/protist,"Tribonema intermixtum ribulose-1,5-bisphosphate carboxylase/oxygenase large subunit (rbcL) gene, chloroplast gene encodi",1422,True,1,False,0,0,0,-1,-1,True,False
AF015587,Other SAR/protist,"Botrydiopsis intercedens ribulose-1,5-bisphosphate carboxylase/oxygenase large subunit (rbcL) gene, chloroplast gene enc",1422,True,1,False,0,0,0,-1,-1,True,False
AF015581,Other SAR/protist,"Chattonella subsalsa ribulose-1,5-bisphosphate carboxylase/oxygenase large subunit (rbcL) gene, chloroplast gene encodin",1422,True,1,False,0,0,0,-1,-1,True,False
AF015574,Other SAR/protist,"Rhizochromulina sp. CCMP237 ribulose-1,5-bisphosphate carboxylase/oxygenase large subunit (rbcL) gene, chloroplast gene ",1422,True,1,False,0,0,0,-1,-1,True,False
AF015573,Other SAR/protist,"Apedinella radians ribulose-1,5-bisphosphate carboxylase/oxygenase large subunit (rbcL) gene, chloroplast gene encoding ",1422,True,1,False,0,0,0,-1,-1,True,False
AM421005,Other SAR/protist,"Phaeobotrys solitaria chloroplast partial rbcL gene for ribulose bisphosphate carboxylase large chain, strain SAG 15.95",1422,True,1,False,1422,0,0,0,0,True,True
AM421002,Other SAR/protist,"Heterococcus caespitosus chloroplast partial rbcL gene for ribulose bisphosphate carboxylase large chain, strain SAG 835",1419,True,1,False,1419,0,0,0,0,True,True
AJ580924,Other SAR/protist,"Pseudopleurochloris antarctica partial chloroplast rbcl gene for ribulose-1,5-bisphosphate carboxylase/oxygenase large s",1408,True,2,False,1407,1,43,0,0,False,True
AJ579567,Other SAR/protist,"Pleurochloris meiringensis chloroplast partial rbcL gene for ribulose-1,5-bisphosphate carboxylase/oxygenase",1422,True,1,False,1422,0,0,0,0,True,True
AJ579568,Other SAR/protist,"Botrydiopsis pyrenoidosa chloroplast partial rbcL gene for ribulose-1,5-bisphosphate carboxylase/oxygenase",1401,True,1,False,1401,0,0,0,0,True,True
U89900,Other SAR/protist,"Bumilleriopsis filiformis ribulose-1,5-bisphosphate carboxylase/oxygenase large subunit (rbcL) gene, chloroplast gene en",1422,True,1,False,0,0,0,-1,-1,True,False
AB430698,Other SAR/protist,"Bolidomonas pacifica chloroplast rbcL gene for ribulose 1,5-bisphosphate carboxylase/oxygenase large subunit, partial cd",1428,True,1,False,1428,0,0,0,0,True,True
DQ273996,Other SAR/protist,"Chattonella marina strain CCMP 2049 isolate Japan ribulose-1,5-bisphosphate carboxylase/oxygenase large subunit (rbcL) g",1415,False,0,False,0,2,24,-1,-1,False,False
DQ273989,Other SAR/protist,"Chattonella marina isolate Japan ribulose-1,5-bisphosphate carboxylase/oxygenase large subunit (rbcL) gene, partial sequ",1404,False,0,False,0,0,32,-1,-1,False,False
AM695634,Other SAR/protist,"Botryidiopsidaceae sp. PAB 836 chloroplast partial rbcL gene for ribulose 1,5-bisphosphate carboxylase/oxygenase large s",1425,True,1,False,1425,0,0,0,0,True,True
AB085615,Other SAR/protist,"Schizocladia ischiensis chloroplast rbcL gene for ribulose 1,5-bisphosphate carboxylase/oxygenase large subunit, partial",1411,True,2,False,1410,1,47,0,0,False,True
AJ580926,Other SAR/protist,"Heterococcus pleurococcoides partial rbcl gene for ribulose-1,5-bisphosphate carboxylase/oxygenase large subunit",1474,True,2,False,1371,1,36,0,0,False,True
AB081643,Other SAR/protist,"Ciliophrys infusionum chloroplast rbcL gene for ribulose-1,5-bisphosphate carboxylase/oxygenase large subunit, partial c",1424,True,1,False,0,2,0,-1,-1,False,False
AB052735,Other SAR/protist,"Nannochloropsis gaditana chloroplast gene for ribulose-1,5-bisphosphate carboxylase/oxygenase large subunit, partial cds",1451,True,1,False,1398,2,3,0,0,False,True
AB052734,Other SAR/protist,"Nannochloropsis gaditana chloroplast gene for ribulose-1,5-bisphosphate carbxylase/oxygenase large subunit, partial cds,",1438,True,2,False,1392,1,49,0,0,False,True
AB052288,Other SAR/protist,"Nannochloropsis salina chloroplast rbcL gene for ribulose-1,5-bisphosphate carboxylase/oxygenase large subunit, partial ",1436,True,3,False,1392,2,30,0,0,False,True
AB052287,Other SAR/protist,"Nannochloropsis salina chloroplast rbcL gene for ribulose-1,5-bisphosphate carboxylase/oxygenase large subunit, partial ",1459,True,2,False,1410,1,48,0,0,False,True
AB052286,Other SAR/protist,"Nannochloropsis oculata chloroplast rbcL gene for ribulose-1,5-bisphosphate carboxylase/oxygenase large subunit, partial",1431,True,3,False,1386,0,31,0,0,False,True
AB052285,Other SAR/protist,"Nannochloropsis oceanica chloroplast rbcL gene for ribulose-1,5-bisphosphate carboxylase/oxygenase large subunit, partia",1440,True,1,False,1398,0,1,0,0,False,True
AB052284,Other SAR/protist,"Nannochloropsis oceanica chloroplast rbcL gene for ribulose-1,5-bisphosphate carboxylase/oxygenase large subunit, partia",1446,True,2,False,1392,0,52,0,0,False,True
AB052283,Other SAR/protist,"Nannochloropsis oceanica chloroplast rbcL gene for ribulose-1,5-bisphosphate carboxylase/oxygenase large subunit, partia",1449,True,1,False,1401,0,1,0,0,False,True
AB052282,Other SAR/protist,"Nannochloropsis oceanica chloroplast rbcL gene for ribulose-1,5-bisphosphate carboxylase/oxygenase large subunit, partia",1431,True,1,False,1398,0,1,0,0,False,True
AB052281,Other SAR/protist,"Nannochloropsis oceanica chloroplast rbcL gene for ribulose-1,5-bisphosphate carboxylase/oxygenase large subunit, partia",1431,True,1,False,1398,0,1,0,0,False,True
AB052280,Other SAR/protist,"Nannochloropsis granulata chloroplast rbcL gene for ribulose-1,5-bisphosphate carboxylase/oxygenase large subunit, parti",1453,True,2,False,1389,1,49,0,0,False,True
AB052279,Other SAR/protist,"Nannochloropsis gaditana chloroplast rbcL gene for ribulose-1,5-bisphosphate carboxylase/oxygenase large subunit, partia",1439,True,2,False,1401,2,49,0,0,False,True
PX743846,Other angiosperms,"UNVERIFIED: Buxus austroyunnanensis voucher CPG08626 rbcL gene, partial sequence; chloroplast",1449,False,0,True,1449,0,0,0,0,True,True
PX743845,Other angiosperms,"UNVERIFIED: Heliciopsis henryi voucher CPG26346 rbcL gene, partial sequence; chloroplast",1428,False,0,True,1428,0,0,0,0,True,True
PX743844,Other angiosperms,"UNVERIFIED: Meliosma parviflora voucher CPG21682 rbcL gene, partial sequence; chloroplast",1428,False,0,True,1428,0,0,0,0,True,True
PX743843,Other angiosperms,"UNVERIFIED: Sabia discolor voucher CPG18682 rbcL gene, partial sequence; chloroplast",1428,False,0,True,1428,0,0,0,0,True,True
PX743842,Other angiosperms,"UNVERIFIED: Sabia emarginata voucher CPG11134 rbcL gene, partial sequence; chloroplast",1428,False,0,True,1428,0,0,0,0,True,True
PX743841,Other angiosperms,"UNVERIFIED: Delphinium taipaicum voucher CPG65279 rbcL gene, partial sequence; chloroplast",1428,False,0,True,1428,0,0,0,0,True,True
PX743840,Other angiosperms,"UNVERIFIED: Delphinium laxicymosum voucher CPG61861 rbcL gene, partial sequence; chloroplast",1428,False,0,True,1428,0,0,0,0,True,True
PX743839,Other angiosperms,"UNVERIFIED: Thalictrum fortunei voucher CPG44151 rbcL gene, partial sequence; chloroplast",1428,False,0,True,1428,0,0,0,0,True,True
PX743838,Other angiosperms,"UNVERIFIED: Delphinium kamaonense voucher CPG15383 rbcL gene, partial sequence; chloroplast",1428,False,0,True,1428,0,0,0,0,True,True
PX743837,Other angiosperms,"UNVERIFIED: Trollius taihasenzanensis voucher CPG09805 rbcL gene, partial sequence; chloroplast",1428,False,0,True,1428,0,0,0,0,True,True
PX743836,Other angiosperms,"UNVERIFIED: Berberis asmyana voucher CPG61854 rbcL gene, partial sequence; chloroplast",1425,False,0,True,1425,0,0,0,0,True,True
PX743835,Other angiosperms,"UNVERIFIED: Berberis gilungensis voucher CPG15756 rbcL gene, partial sequence; chloroplast",1407,False,0,False,0,0,1,-1,-1,False,False
PX743834,Other angiosperms,"UNVERIFIED: Berberis leboensis voucher CPG14787 rbcL gene, partial sequence; chloroplast",1428,False,0,True,1428,0,0,0,0,True,True
PX743833,Other angiosperms,"UNVERIFIED: Berberis morrisonensis voucher CPG10239 rbcL gene, partial sequence; chloroplast",1428,False,0,True,1428,0,0,0,0,True,True
PX743832,Other angiosperms,"UNVERIFIED: Berberis francisci-ferdinandi voucher CPG02996 rbcL gene, partial sequence; chloroplast",1428,False,0,True,1428,0,0,0,0,True,True
PX743831,Other angiosperms,"UNVERIFIED: Berberis silvicola voucher CPG02101 rbcL gene, partial sequence; chloroplast",1428,False,0,True,1428,0,0,0,0,True,True
PX743830,Other angiosperms,"UNVERIFIED: Stephania succifera voucher CPG42505 rbcL gene, partial sequence; chloroplast",1428,False,0,True,1428,0,0,0,0,True,True
PX743829,Other angiosperms,"UNVERIFIED: Tinospora hainanensis voucher CPG42325 rbcL gene, partial sequence; chloroplast",1428,False,0,True,1428,0,0,0,0,True,True
PX743828,Other angiosperms,"UNVERIFIED: Arcangelisia gusanlung voucher CPG42312 rbcL gene, partial sequence; chloroplast",1449,False,0,True,1449,0,0,0,0,True,True
PX743827,Other angiosperms,"UNVERIFIED: Stephania sinica voucher CPG06095 rbcL gene, partial sequence; chloroplast",1428,False,0,True,1428,0,0,0,0,True,True
PX743826,Other angiosperms,"UNVERIFIED: Cyclea racemosa voucher CPG01313 rbcL gene, partial sequence; chloroplast",1428,False,0,True,1428,0,0,0,0,True,True
PX743825,Other angiosperms,"UNVERIFIED: Stephania hainanensis voucher CPG01247 rbcL gene, partial sequence; chloroplast",1428,False,0,True,1428,0,0,0,0,True,True
PX743824,Other angiosperms,"UNVERIFIED: Cyclea sutchuenensis voucher CPG01207 rbcL gene, partial sequence; chloroplast",1428,False,0,True,1428,0,0,0,0,True,True
PX743823,Other angiosperms,"UNVERIFIED: Holboellia brachyandra voucher CPG62804 rbcL gene, partial sequence; chloroplast",1425,False,0,True,1425,0,0,0,0,True,True
PX743822,Other angiosperms,"UNVERIFIED: Stauntonia purpurea voucher CPG10377 rbcL gene, partial sequence; chloroplast",1428,False,0,True,1428,0,0,0,0,True,True
PX743820,Other angiosperms,"UNVERIFIED: Corydalis pseudomucronata voucher CPG61834 rbcL gene, partial sequence; chloroplast",1428,False,0,True,1428,0,0,0,0,True,True
PX743819,Other angiosperms,"UNVERIFIED: Corydalis gamosepala voucher CPG60048 rbcL gene, partial sequence; chloroplast",1428,False,0,True,1428,0,0,0,0,True,True
PX743818,Other angiosperms,"UNVERIFIED: Corydalis caudata voucher CPG60003 rbcL gene, partial sequence; chloroplast",1449,False,0,True,1449,0,0,0,0,True,True
OP326361,Other angiosperms,"Pteridophyllum racemosum voucher Xiang KL X0233 (PE) ribulose-1,5-bisphosphate carboxylase/oxygenase large subunit (rbcL",1428,True,1,False,1428,0,0,0,0,True,True
LC744922,Other angiosperms,"Tinospora crispa TC-2 chloroplast rbcL gene for ribulose-1,5-bisphosphate carboxylase/oxygenase large subunit, complete ",1428,True,1,False,1428,0,0,0,0,True,True
LC744921,Other angiosperms,"Tinospora crispa TC-1 chloroplast rbcL gene for ribulose-1,5-bisphosphate carboxylase/oxygenase large subunit, complete ",1428,True,1,False,1428,0,0,0,0,True,True
LC743548,Other angiosperms,"Tinospora crispa TC3 chloroplast rbcL gene for ribulose-1,5-bisphosphate carboxylase/oxygenase large subunit, complete c",1449,True,1,False,1449,0,0,0,0,True,True
LC743547,Other angiosperms,"Tinospora crispa TC2 chloroplast rbcL gene for ribulose-1,5-bisphosphate carboxylase/oxygenase large subunit, complete c",1449,True,1,False,1449,0,0,0,0,True,True
LC743546,Other angiosperms,"Tinospora crispa TC1 chloroplast rbcL gene for ribulose-1,5-bisphosphate carboxylase/oxygenase large subunit, complete c",1449,True,1,False,1449,0,0,0,0,True,True
ON684479,Other angiosperms,"Fumaria agraria isolate BPTPS002 ribulose-1,5-bisphosphate carboxylase/oxygenase large subunit (rbcL) gene, complete cds",1428,True,1,False,1428,0,0,0,0,True,True
LC487536,Other angiosperms,"Anemone flaccida chloroplast rbcL gene, ribulose-1,5-bisphosphate carboxylase/oxygenase large subunit, partial sequence",1477,False,0,False,0,1,43,-1,-1,False,False
LC487534,Other angiosperms,"Aconitum japonicum chloroplast rbcL gene, ribulose-1,5-bisphosphate carboxylase/oxygenase large subunit, partial sequenc",1480,False,0,False,0,1,2,-1,-1,False,False
MT834944,Other angiosperms,"Tinospora cordifolia voucher SUPG015 ribulose-1,5-biphosphate carboxylase/oxygenase large subunit (rbcL) gene, complete ",1449,True,1,False,1449,0,0,0,0,True,True
LC506380,Other angiosperms,"Anamirta cocculus KK-AC-08 chloroplast rbcL gene for ribulose-1,5-bisphosphate carboxylase/oxygenase large subunit, comp",1428,True,1,False,1428,0,0,0,0,True,True
LC506368,Other angiosperms,"Anamirta cocculus KK-AC-07 chloroplast rbcL gene for ribulose-1,5-bisphosphate carboxylase/oxygenase large subunit, comp",1428,True,1,False,1428,0,0,0,0,True,True
LC506356,Other angiosperms,"Anamirta cocculus KK-AC-06 chloroplast rbcL gene for ribulose-1,5-bisphosphate carboxylase/oxygenase large subunit, comp",1428,True,1,False,1428,0,0,0,0,True,True
LC506344,Other angiosperms,"Anamirta cocculus KK-AC-05 chloroplast rbcL gene for ribulose-1,5-bisphosphate carboxylase/oxygenase large subunit, comp",1428,True,1,False,1428,0,0,0,0,True,True
LC506332,Other angiosperms,"Anamirta cocculus KK-AC-04 chloroplast rbcL gene for ribulose-1,5-bisphosphate carboxylase/oxygenase large subunit, comp",1428,True,1,False,1428,0,0,0,0,True,True
LC506320,Other angiosperms,"Anamirta cocculus KK-AC-03 chloroplast rbcL gene for ribulose-1,5-bisphosphate carboxylase/oxygenase large subunit, comp",1428,True,1,False,1428,0,0,0,0,True,True
LC506308,Other angiosperms,"Anamirta cocculus KK-AC-02 chloroplast rbcL gene for ribulose-1,5-bisphosphate carboxylase/oxygenase large subunit, comp",1428,True,1,False,1428,0,0,0,0,True,True
LC506296,Other angiosperms,"Anamirta cocculus KK-AC-01 chloroplast rbcL gene for ribulose-1,5-bisphosphate carboxylase/oxygenase large subunit, comp",1428,True,1,False,1428,0,0,0,0,True,True
MN601480,Other angiosperms,"Thalictrum dasycarpum ribulose 1,5-bisphosphate carboxylaseoxygenase large subunit (rbcL) gene, complete cds; chloroplas",1428,True,1,False,1428,0,0,0,0,True,True
MN601433,Other angiosperms,"Anemone cylindrica ribulose 1,5-bisphosphate carboxylaseoxygenase large subunit (rbcL) gene, complete cds; chloroplast",1428,True,1,False,1428,0,0,0,0,True,True
MN601432,Other angiosperms,"Anemonastrum canadense ribulose 1,5-bisphosphate carboxylaseoxygenase large subunit (rbcL) gene, complete cds; chloropla",1428,True,1,False,1428,0,0,0,0,True,True
EU053926,Other angiosperms,"Trollius ledebouri ribulose-1,5-bisphosphate carboxylase/oxygenase large subunit (rbcL) gene, partial cds; chloroplast",1426,True,2,False,0,1,42,-1,-1,False,False
EU053925,Other angiosperms,"Trautvetteria caroliniensis ribulose-1,5-bisphosphate carboxylase/oxygenase large subunit (rbcL) gene, partial cds; chlo",1405,True,2,False,1404,1,43,0,0,False,True
EU053918,Other angiosperms,"Nigella damascena ribulose-1,5-bisphosphate carboxylase/oxygenase large subunit (rbcL) gene, partial cds; chloroplast",1409,True,3,False,0,2,22,-1,-1,False,False
EU053917,Other angiosperms,"Laccopetalum giganteum ribulose-1,5-bisphosphate carboxylase/oxygenase large subunit (rbcL) gene, partial cds; chloropla",1426,True,2,False,1425,1,44,0,0,False,True
EU053916,Other angiosperms,"Krapfia ranunculina ribulose-1,5-bisphosphate carboxylase/oxygenase large subunit (rbcL) gene, partial cds; chloroplast",1428,True,1,False,1428,0,0,0,0,True,True
EU053915,Other angiosperms,"Helleborus orientalis ribulose-1,5-bisphosphate carboxylase/oxygenase large subunit (rbcL) gene, partial cds; chloroplas",1415,True,3,False,1413,2,24,0,0,False,True
EU053912,Other angiosperms,"Eranthis hyemalis ribulose-1,5-bisphosphate carboxylase/oxygenase large subunit (rbcL) gene, partial cds; chloroplast",1409,True,3,False,0,2,21,-1,-1,False,False
EU053910,Other angiosperms,"Delphinium tricorne ribulose-1,5-bisphosphate carboxylase/oxygenase large subunit (rbcL) gene, partial cds; chloroplast",1409,True,3,False,0,2,20,-1,-1,False,False
EU053909,Other angiosperms,"Clematis hexapetala ribulose-1,5-bisphosphate carboxylase/oxygenase large subunit (rbcL) gene, partial cds; chloroplast",1424,True,3,False,1422,2,19,0,0,False,True
EU053908,Other angiosperms,"Cimicifuga simplex ribulose-1,5-bisphosphate carboxylase/oxygenase large subunit (rbcL) gene, partial cds; chloroplast",1414,True,2,False,1413,1,45,0,0,False,True
EU053907,Other angiosperms,"Ceratocephala pungens ribulose-1,5-bisphosphate carboxylase/oxygenase large subunit (rbcL) gene, partial cds; chloroplas",1428,True,1,False,1428,0,0,0,0,True,True
EU053906,Other angiosperms,"Caltha palustris ribulose-1,5-bisphosphate carboxylase/oxygenase large subunit (rbcL) gene, partial cds; chloroplast",1427,True,3,False,1425,2,22,0,0,False,True
EU053905,Other angiosperms,"Aquilegia vulgaris ribulose-1,5-bisphosphate carboxylase/oxygenase large subunit (rbcL) gene, partial cds; chloroplast",1415,True,3,False,1413,2,21,0,0,False,True
EU053904,Other angiosperms,"Anemonopsis macrophylla ribulose-1,5-bisphosphate carboxylase/oxygenase large subunit (rbcL) gene, partial cds; chloropl",1415,True,3,False,1413,2,21,0,0,False,True
EU053903,Other angiosperms,"Anemone occidentalis ribulose-1,5-bisphosphate carboxylase/oxygenase large subunit (rbcL) gene, partial cds; chloroplast",1400,True,3,False,1398,2,18,0,0,False,True
EU053902,Other angiosperms,"Anemone canadensis ribulose-1,5-bisphosphate carboxylase/oxygenase large subunit (rbcL) gene, partial cds; chloroplast",1412,True,3,False,0,2,18,-1,-1,False,False
EU053901,Other angiosperms,"Anemone americana ribulose-1,5-bisphosphate carboxylase/oxygenase large subunit (rbcL) gene, partial cds; chloroplast",1428,True,1,False,1428,0,0,0,0,True,True
EU053900,Other angiosperms,"Adonis amurensis ribulose-1,5-bisphosphate carboxylase/oxygenase large subunit (rbcL) gene, partial cds; chloroplast",1407,True,1,False,1407,0,0,0,0,True,True
EU053899,Other angiosperms,"Actaea pachypoda ribulose-1,5-bisphosphate carboxylase/oxygenase large subunit (rbcL) gene, partial cds; chloroplast",1407,True,1,False,0,0,0,-1,-1,True,False
EU053898,Other angiosperms,"Aconitum napellus ribulose-1,5-bisphosphate carboxylase/oxygenase large subunit (rbcL) gene, partial cds; chloroplast",1424,True,3,False,1422,2,21,0,0,False,True
MK244348,Other angiosperms,"Tinospora cordifolia voucher QRI 531 ribulose-1,5-biphosphate carboxylase/oxygenase large subunit (rbcL) gene, partial c",1419,True,2,False,1416,0,45,0,0,False,True
MH287278,Other angiosperms,"Papaver somniferum voucher QRI 509 ribulose-1,5-biphosphate carboxylase/oxygenase large subunit (rbcL) gene, partial cds",1469,True,2,False,1419,2,45,0,0,False,True
MH270459,Other angiosperms,"Meconopsis racemosa ribulose-1,5-bisphosphate carboxylase/oxygenase large subunit (rbcL) gene, complete cds; chloroplast",1428,True,1,False,1428,0,0,0,0,True,True
MH270458,Other angiosperms,"Sarcandra glabra ribulose-1,5-bisphosphate carboxylase/oxygenase large subunit (rbcL) gene, complete cds; chloroplast",1428,True,1,False,1428,0,0,0,0,True,True
MH270457,Other angiosperms,"Chloranthus erectus ribulose-1,5-bisphosphate carboxylase/oxygenase large subunit (rbcL) gene, complete cds; chloroplast",1428,True,1,False,1428,0,0,0,0,True,True
MH270456,Other angiosperms,"Holboellia latifolia ribulose-1,5-bisphosphate carboxylase/oxygenase large subunit (rbcL) gene, complete cds; chloroplas",1428,True,1,False,1428,0,0,0,0,True,True
AF206793,Other angiosperms,"Meliosma veitchiorum ribulose 1,5-bisphosphate carboxylase (rbcL) gene, partial cds; chloroplast gene for chloroplast pr",1410,True,1,False,0,0,0,-1,-1,True,False
L37923,Other angiosperms,"Tinospora caffra ribulose-1,5-bisphosphate carboxylase large subunit (rbcL) gene, partial cds; chloroplast",1403,True,1,False,1401,2,0,0,0,False,True
EU526996,Other angiosperms,"Stephania venosa voucher P-F.Jacques-01 ribulose-1,5-bisphosphate carboxylase/oxygenase large subunit (rbcL) gene, parti",1417,True,3,False,1413,1,21,0,0,False,True
EU526993,Other angiosperms,"Pycnarrhena cauliflora voucher P-F.Jacques-15 ribulose-1,5-bisphosphate carboxylase/oxygenase large subunit (rbcL) gene,",1417,True,3,False,1413,1,19,0,0,False,True
EU526988,Other angiosperms,"Dioscoreophyllum cumminsii voucher Br-D.Aplin-S4049 ribulose-1,5-bisphosphate carboxylase/oxygenase large subunit (rbcL)",1417,True,3,False,1413,1,24,0,0,False,True
EU526986,Other angiosperms,"Cissampelos owariensis voucher Br-D.Aplin-S4039 ribulose-1,5-bisphosphate carboxylase/oxygenase large subunit (rbcL) gen",1417,True,3,False,1413,1,22,0,0,False,True
EU526985,Other angiosperms,"Chasmanthera welwitschii voucher Br-D.Aplin-S4040 ribulose-1,5-bisphosphate carboxylase/oxygenase large subunit (rbcL) g",1417,True,3,False,1413,1,23,0,0,False,True
EU526983,Other angiosperms,"Anamirta cocculus voucher Br-D.Aplin-S4042 ribulose-1,5-bisphosphate carboxylase/oxygenase large subunit (rbcL) gene, pa",1417,True,3,False,1413,1,22,0,0,False,True
DQ414465,Other angiosperms,"Tinospora malabarica ribulose-1,5-bisphosphate carboxylase/oxygenase large subunit (rbcL) gene, partial cds; chloroplast",1408,True,1,False,1380,1,1,0,0,False,True
DQ352366,Other angiosperms,"Platanus racemosa voucher Wen 6688 ribulose 1,5-bisphosphate carboxylase/oxygenase large subunit (rbcL) gene, partial cd",1425,True,3,False,1398,0,21,0,0,False,True
DQ182337,Other angiosperms,"Nelumbo lutea ribulose-1,5-bisphosphate carboxylase large subunit (rbcL) gene, partial cds; chloroplast",1419,True,3,False,1389,0,19,0,0,False,True
DQ182333,Other angiosperms,"Buxus sempervirens ribulose-1,5-bisphosphate carboxylase large subunit (rbcL) gene, complete cds; chloroplast",1486,True,1,False,1428,1,4,0,0,False,True
DQ099449,Other angiosperms,"Actaea laciniata ribulose-1,5-bisphosphate carboxylase/oxygenase large subunit (rbcL) gene, partial cds; chloroplast",1461,True,2,False,1398,0,45,0,0,False,True
DQ099447,Other angiosperms,"Thalictrum cultratum ribulose-1,5-bisphosphate carboxylase/oxygenase large subunit (rbcL) gene, partial cds; chloroplast",1447,True,1,False,1392,1,3,0,0,False,True
DQ099446,Other angiosperms,"Oreocallis mucronata ribulose-1,5-bisphosphate carboxylase/oxygenase large subunit (rbcL) gene, partial cds; chloroplast",1407,True,2,False,0,0,40,-1,-1,False,False
DQ099445,Other angiosperms,"Chasmanthera dependens ribulose-1,5-bisphosphate carboxylase/oxygenase large subunit (rbcL) gene, partial cds; chloropla",1453,True,1,False,1398,1,3,0,0,False,True
DQ099444,Other angiosperms,"Aquilegia brevistyla ribulose-1,5-bisphosphate carboxylase/oxygenase large subunit (rbcL) gene, partial cds; chloroplast",1469,True,2,False,1398,2,43,0,0,False,True
DQ099443,Other angiosperms,"Abuta grandifolia ribulose-1,5-bisphosphate carboxylase/oxygenase large subunit (rbcL) gene, partial cds; chloroplast",1438,True,1,False,1374,1,3,0,0,False,True
DQ099441,Other angiosperms,"Myosurus minimus ribulose-1,5-bisphosphate carboxylase/oxygenase large subunit (rbcL) gene, partial cds; chloroplast",1469,True,2,False,1398,2,42,0,0,False,True
DQ099440,Other angiosperms,"Conospermum taxifolium ribulose-1,5-bisphosphate carboxylase/oxygenase large subunit (rbcL) gene, partial cds; chloropla",1436,True,2,False,1398,2,45,0,0,False,True
DQ099438,Other angiosperms,"Knightia excelsa ribulose-1,5-bisphosphate carboxylase/oxygenase large subunit (rbcL) gene, partial cds; chloroplast",1460,True,2,False,1398,2,45,0,0,False,True
DQ099437,Other angiosperms,"Antizoma angustifolia ribulose-1,5-bisphosphate carboxylase/oxygenase large subunit (rbcL) gene, partial cds; chloroplas",1462,True,2,False,1398,1,46,0,0,False,True
DQ099436,Other angiosperms,"Helleborus niger ribulose-1,5-bisphosphate carboxylase/oxygenase large subunit (rbcL) gene, partial cds; chloroplast",1444,True,1,False,1383,1,3,0,0,False,True
DQ099435,Other angiosperms,"Aconitum artemisiifolium ribulose-1,5-bisphosphate carboxylase/oxygenase large subunit (rbcL) gene, partial cds; chlorop",1461,True,2,False,1398,0,45,0,0,False,True
DQ069502,Other angiosperms,"Ranunculus macranthus ribulose-1,5-bisphosphate carboxylase/oxygenase large subunit (rbcL) gene, partial cds; chloroplas",1425,True,1,False,1425,0,0,0,0,True,True
L75843,Other angiosperms,"Nandina domestica chloroplast ribulose 1,5-bisphosphate carboxylase large subunit (rbcL) gene, 3' end of cds",1402,True,2,False,1401,1,43,0,0,False,True
L12669,Other angiosperms,"Xanthorhiza simplicissima ribulose 1,5-bisphosphate carboxylase large subunit (rbcL) gene, partial cds; chloroplast gene",1400,True,3,False,1398,2,23,0,0,False,True
L12668,Other angiosperms,"Tetracentron sinense ribulose 1,5-bisphosphate carboxylase large subunit (rbcL) gene, partial cds; chloroplast gene for ",1400,True,3,False,1398,2,21,0,0,False,True
L12649,Other angiosperms,"Hedyosmum arborescens ribulose 1,5-bisphosphate carboxylase large subunit (rbcL) gene, partial cds; chloroplast gene for",1402,True,2,False,1401,1,43,0,0,False,True
L12642,Other angiosperms,"Cocculus trilobus ribulose 1,5-bisphosphate carboxylase large subunit (rbcL) gene, partial cds; chloroplast gene for chl",1400,True,3,False,1398,2,21,0,0,False,True
L12640,Other angiosperms,"Chloranthus japonicus ribulose 1,5-bisphosphate carboxylase large subunit (rbcL) gene, partial cds; chloroplast gene for",1402,True,2,False,1401,1,41,0,0,False,True
L12627,Other angiosperms,"Akebia quinata ribulose 1,5-bisphosphate carboxylase large subunit (rbcL) gene, partial cds; chloroplast gene for chloro",1400,True,3,False,1398,2,21,0,0,False,True
L37922,Other angiosperms,"Stauntonia hexaphylla ribulose-1,5-bisphosphate carboxylase large subunit (rbcL) gene, partial cds; chloroplast gene for",1426,True,2,False,1425,1,43,0,0,False,True
L37919,Other angiosperms,"Lardizabala biternata ribulose-1,5-bisphosphate carboxylase large subunit (rbcL) gene, partial cds; chloroplast gene for",1427,True,3,False,1425,2,20,0,0,False,True
L37918,Other angiosperms,"Holboellia latifolia ribulose-1,5-bisphosphate carboxylase large subunit (rbcL) gene, partial cds; chloroplast gene for ",1422,True,1,False,1422,0,0,0,0,True,True
L37916,Other angiosperms,"Decaisnea fargesii ribulose-1,5-bisphosphate carboxylase large subunit (rbcL) gene, partial cds; chloroplast gene for ch",1426,True,2,False,0,1,44,-1,-1,False,False
AF238050,Other angiosperms,"Ascarina lucida ribulose 1,5-bisphosphate carboxylase large subunit (rbcL) gene, partial cds; chloroplast gene for chlor",1445,True,2,False,1401,2,41,0,0,False,True
AF203488,Other angiosperms,"Podophyllum peltatum ribulose 1,5-bisphosphate carboxylase large subunit (rbcL) gene, partial cds; chloroplast gene for ",1412,True,3,False,1410,2,23,0,0,False,True
AF203487,Other angiosperms,"Podophyllum emodi ribulose 1,5-bisphosphate carboxylase large subunit (rbcL) gene, partial cds; chloroplast gene for chl",1424,True,3,False,0,2,23,-1,-1,False,False
AF203486,Other angiosperms,"Pachysandra procumbens ribulose 1,5-bisphosphate carboxylase large subunit (rbcL) gene, partial cds; chloroplast gene fo",1439,True,3,False,1437,2,20,0,0,False,True
AF203485,Other angiosperms,"Pachysandra axillaris ribulose 1,5-bisphosphate carboxylase large subunit (rbcL) gene, partial cds; chloroplast gene for",1439,True,3,False,0,2,21,-1,-1,False,False
L75853,Other angiosperms,"Ranzania japonica ribulose 1,5-bisphosphate carboxylase large subunit (rbcL) gene, partial cds; chloroplast gene for chl",1402,True,2,False,1401,1,45,0,0,False,True
L75867,Other angiosperms,"Jeffersonia diphylla ribulose 1,5-bisphosphate carboxylase large subunit (rbcL) gene, partial cds; chloroplast gene for ",1402,True,2,False,1401,1,40,0,0,False,True
L75869,Other angiosperms,"Epimedium koreanum ribulose 1,5-bisphosphate carboxylase large subunit (rbcL) gene, partial cds; chloroplast gene for ch",1402,True,2,False,0,1,42,-1,-1,False,False
L75866,Other angiosperms,"Diphylleia cymosa ribulose 1,5-bisphosphate carboxylase large subunit (rbcL) gene, partial cds; chloroplast gene for chl",1402,True,2,False,1401,1,44,0,0,False,True
L75870,Other angiosperms,"Bongardia chrysogonum ribulose 1,5-bisphosphate carboxylase large subunit (rbcL) gene, partial cds; chloroplast gene for",1402,True,2,False,1401,1,45,0,0,False,True
L75868,Other angiosperms,"Achlys triphylla ribulose 1,5-bisphosphate carboxylase large subunit (rbcL) gene, partial cds; chloroplast gene for chlo",1402,True,2,False,1401,1,40,0,0,False,True
L01958,Other angiosperms,"Trochodendron aralioides ribulose 1,5-bisphosphate carboxylase (rbcL) gene, partial cds; chloroplast gene for chloroplas",1400,True,3,False,1398,2,22,0,0,False,True
L01951,Other angiosperms,"Sanguinaria canadensis ribulose 1,5-bisphosphate carboxylase (rbcL) gene, partial cds; chloroplast gene for chloroplast ",1400,True,3,False,1311,2,20,0,0,False,True
L01943,Other angiosperms,"Platanus occidentalis ribulose 1,5-bisphosphate carboxylase (rbcL) gene, partial cds; chloroplast gene for chloroplast p",1400,True,3,False,1398,2,22,0,0,False,True
L75849,Other angiosperms,"Hydrastis canadensis ribulose 1,5-bisphosphate carboxylase large subunit (rbcL) gene, partial cds; chloroplast gene for ",1460,True,3,False,0,2,22,-1,-1,False,False
L02431,Other angiosperms,"Caltha palustris chloroplast ribulosebisphosphate carboxylase (rbcL) gene, complete cds",1402,True,2,False,1401,1,46,0,0,False,True
L12662,Other angiosperms,"Sabia sp. Qiu 91025 ribulose 1,5-bisphosphate carboxylase large subunit (rbcL) gene, partial cds; chloroplast gene for c",1400,True,3,False,1398,2,23,0,0,False,True
AF093733,Other angiosperms,"Styloceras laurifolium ribulose-1,5-bisphosphate carboxylase oxygenase, large subunit (rbcL) gene, partial cds; chloropl",1418,True,3,False,0,2,15,-1,-1,False,False
AF093731,Other angiosperms,"Sargentodoxa cuneata ribulose-1,5-bisphosphate carboxylase oxygenase, large subunit (rbcL) gene, partial cds; chloroplas",1400,True,1,False,0,2,0,-1,-1,False,False
AF093730,Other angiosperms,"Coptis trifolia ribulose-1,5-bisphosphate carboxylase oxygenase, large subunit (rbcL) gene, partial cds; chloroplast gen",1404,True,1,False,0,0,0,-1,-1,True,False
AF093728,Other angiosperms,"Roupala macrophylla ribulose-1,5-bisphosphate carboxylase oxygenase, large subunit (rbcL) gene, partial cds; chloroplast",1406,True,3,False,1404,2,19,0,0,False,True
AF093725,Other angiosperms,"Hydrastis canadensis ribulose-1,5-bisphosphate carboxylase oxygenase, large subunit (rbcL) gene, partial cds; chloroplas",1424,True,3,False,0,2,21,-1,-1,False,False
AF093723,Other angiosperms,"Glaucidium palmatum ribulose-1,5-bisphosphate carboxylase oxygenase, large subunit (rbcL) gene, partial cds; chloroplast",1415,True,3,False,1413,2,21,0,0,False,True
AF093722,Other angiosperms,"Corydalis nobilis ribulose-1,5-bisphosphate carboxylase oxygenase, large subunit (rbcL) gene, partial cds; chloroplast g",1413,True,1,False,1413,0,0,0,0,True,True
AF093719,Other angiosperms,"Kingdonia uniflora ribulose-1,5-bisphosphate carboxylase oxygenase, large subunit (rbcL) gene, partial cds; chloroplast ",1410,True,1,False,0,0,0,-1,-1,True,False
AF093718,Other angiosperms,"Pachysandra procumbens ribulose-1,5-bisphosphate carboxylase oxygenase, large subunit (rbcL) gene, partial cds; chloropl",1415,True,3,False,1413,2,19,0,0,False,True
AF093717,Other angiosperms,"Buxus sempervirens ribulose-1,5-bisphosphate carboxylase oxygenase, large subunit (rbcL) gene, partial cds; chloroplast ",1426,True,2,False,1425,1,45,0,0,False,True
AF093716,Other angiosperms,"Podophyllum peltatum ribulose-1,5-bisphosphate carboxylase oxygenase, large subunit (rbcL) gene, partial cds; chloroplas",1416,True,1,False,1416,0,0,0,0,True,True
AF079455,Other angiosperms,"Sinopodophyllum hexandrum ribulose-1,5-bisphosphate carboxylase large subunit (rbcL) gene, complete cds; chloroplast gen",1496,True,1,False,1428,2,3,0,0,False,True
AF079454,Other angiosperms,"Dysosma versipellis ribulose-1,5-bisphosphate carboxylase large subunit (rbcL) gene, partial cds; chloroplast gene for c",1402,True,2,False,1401,1,44,0,0,False,True
AF079453,Other angiosperms,"Asteropyrum cavaleriei ribulose-1,5-bisphosphate carboxylase large subunit (rbcL) gene, partial cds; chloroplast gene fo",1402,True,1,False,1401,1,0,0,0,False,True
AF079452,Other angiosperms,"Beesia calthifolia ribulose-1,5-bisphosphate carboxylase large subunit (rbcL) gene, partial cds; chloroplast gene for ch",1402,True,1,False,1401,1,0,0,0,False,True
U79176,Other angiosperms,"Xylomelum pyriforme ribulose-1,5-bisphosphate carboxylase/oxygenase (rbcL) gene, chloroplast gene encoding chloroplast p",1428,True,1,False,0,0,0,-1,-1,True,False
U79175,Other angiosperms,"Telopea speciosissima ribulose-1,5-bisphosphate carboxylase/oxygenase (rbcL) gene, chloroplast gene encoding chloroplast",1428,True,1,False,0,0,0,-1,-1,True,False
U79174,Other angiosperms,"Stenocarpus sinuatus ribulose-1,5-bisphosphate carboxylase/oxygenase (rbcL) gene, chloroplast gene encoding chloroplast ",1428,True,1,False,0,0,0,-1,-1,True,False
U79173,Other angiosperms,"Roupala merophylla ribulose-1,5-bisphosphate carboxylase/oxygenase (rbcL) gene, chloroplast gene encoding chloroplast pr",1428,True,1,False,0,0,0,-1,-1,True,False
U79182,Other angiosperms,"Protea repens ribulose-1,5-bisphosphate carboxylase/oxygenase (rbcL) gene, chloroplast gene encoding chloroplast protein",1428,True,1,False,0,0,0,-1,-1,True,False
U79178,Other angiosperms,"Persoonia lanceolata ribulose-1,5-bisphosphate carboxylase/oxygenase (rbcL) gene, chloroplast gene encoding chloroplast ",1428,True,1,False,0,0,0,-1,-1,True,False
U79181,Other angiosperms,"Petrophile biloba ribulose-1,5-bisphosphate carboxylase/oxygenase (rbcL) gene, chloroplast gene encoding chloroplast pro",1428,True,1,False,0,0,0,-1,-1,True,False
AB491660,Other green,"Prasinococcus capsulatus chloroplast rbcL gene for ribulose-1,5-bisphosphate carboxylase/oxygenase large subunit, partia",1403,True,1,False,1401,2,0,0,0,False,True
AB491664,Other green,"Prasinoderma coloniale chloroplast rbcL gene for ribulose-1,5-bisphosphate carboxylase/oxygenase large subunit, partial ",1412,True,3,False,1410,2,29,0,0,False,True
PZ428753,Red algae,"Gracilaria sp. T80190-1 strain A49-2017 ribulose-1,5-bisphosphate carboxylase/oxygenase large subunit (rbcL) gene, parti",1433,True,3,False,1431,2,38,0,0,False,True
PZ428751,Red algae,"Gracilaria sp. T80190-1 strain A47-2017 ribulose-1,5-bisphosphate carboxylase/oxygenase large subunit (rbcL) gene, parti",1433,True,3,False,1431,2,38,0,0,False,True
PZ428750,Red algae,"Gracilaria sp. T80190-1 strain A46-2017 ribulose-1,5-bisphosphate carboxylase/oxygenase large subunit (rbcL) gene, parti",1433,True,3,False,1431,2,38,0,0,False,True
LC897205,Red algae,"Riverina vaughanii DODO239-2 chloroplast rbcL gene for ribulose-1,5-bisphosphate carboxylase/oxygenase large subunit, co",1409,True,1,False,1407,2,41,0,0,False,True
PX315766,Red algae,"Chondria sp. (in: red algae) isolate 11977 ribulose-1,5-bisphosphate carboxylase/oxygenase large subunit (rbcL) gene, pa",1424,True,3,False,1422,2,44,0,0,False,True
PX315765,Red algae,"Chondria sp. (in: red algae) isolate 11976 ribulose-1,5-bisphosphate carboxylase/oxygenase large subunit (rbcL) gene, pa",1424,True,3,False,1422,2,44,0,0,False,True
PX522199,Red algae,"Psilophycus paatakarua isolate ASW326-RDA1427 ribulose-1,5-bisphosphate carboxylase/oxygenase large subunit (rbcL) gene,",1433,True,1,False,1431,2,0,0,0,False,True
LC909683,Red algae,"Gracilaria rangiferina FF07 chloroplast rbcL gene for ribulose bisphosphate carboxylase large chain, partial cds",1416,True,1,False,1416,0,0,0,0,True,True
PV775367,Red algae,"Virescentia lushanensis strain SXU-JX25003 ribulose-1,5-bisphosphate carboxylase/oxygenase large subunit (rbcL) gene, co",1467,True,1,False,1467,0,0,0,0,True,True
PV775366,Red algae,"Sheathia lushanensis (nom. inval.) strain SXU-JX25002 ribulose-1,5-bisphosphate carboxylase/oxygenase large subunit (rbc",1467,True,1,False,1467,0,0,0,0,True,True
PV775365,Red algae,"Sheathia lushanensis (nom. inval.) strain SXU-JX25001 ribulose-1,5-bisphosphate carboxylase/oxygenase large subunit (rbc",1467,True,1,False,1467,0,0,0,0,True,True
LC884818,Red algae,"Cyanidiococcus yangmingshanensis TH12 chloroplast rbcL gene for ribulose-1,5-bisphosphate carboxylase/oxygenase large su",1467,True,1,False,1467,0,0,0,0,True,True
LC884817,Red algae,"Cyanidiococcus sp. TH3 chloroplast rbcL gene for ribulose-1,5-bisphosphate carboxylase/oxygenase large subunit, complete",1467,True,1,False,1467,0,0,0,0,True,True
LC884816,Red algae,"Cyanidiococcus sp. TH2 chloroplast rbcL gene for ribulose-1,5-bisphosphate carboxylase/oxygenase large subunit, complete",1467,True,1,False,1467,0,0,0,0,True,True
LC884815,Red algae,"Cyanidiococcus yangmingshanensis TS6 chloroplast rbcL gene for ribulose-1,5-bisphosphate carboxylase/oxygenase large sub",1467,True,1,False,1467,0,0,0,0,True,True
LC884814,Red algae,"Cyanidiococcus yangmingshanensis TS5 chloroplast rbcL gene for ribulose-1,5-bisphosphate carboxylase/oxygenase large sub",1467,True,1,False,1467,0,0,0,0,True,True
LC884813,Red algae,"Cyanidiococcus yangmingshanensis NIES-4659 chloroplast rbcL gene for ribulose-1,5-bisphosphate carboxylase/oxygenase lar",1467,True,1,False,1467,0,0,0,0,True,True
PV092584,Red algae,"Dermocorynus montagnei voucher NCU s.n. ribulose-1,5-bisphosphate carboxylase/oxygenase large subunit (rbcL) gene, compl",1467,True,1,False,1467,0,0,0,0,True,True
LC804487,Red algae,"Gloiopeltis coliformis chloroplast rbcL gene for ribulose-1,5-bisphosphate carboxylase/oxygenase large subunit, partial ",1441,True,2,False,1440,1,40,0,0,False,True
LC804486,Red algae,"Gloiopeltis coliformis chloroplast rbcL gene for ribulose-1,5-bisphosphate carboxylase/oxygenase large subunit, partial ",1441,True,2,False,1440,1,40,0,0,False,True
LC804485,Red algae,"Gloiopeltis coliformis chloroplast rbcL gene for ribulose-1,5-bisphosphate carboxylase/oxygenase large subunit, partial ",1441,True,2,False,1440,1,40,0,0,False,True
LC804484,Red algae,"Gloiopeltis coliformis chloroplast rbcL gene for ribulose-1,5-bisphosphate carboxylase/oxygenase large subunit, partial ",1441,True,2,False,1440,1,41,0,0,False,True
LC804483,Red algae,"Gloiopeltis coliformis chloroplast rbcL gene for ribulose-1,5-bisphosphate carboxylase/oxygenase large subunit, partial ",1441,True,2,False,1440,1,39,0,0,False,True
LC804482,Red algae,"Gloiopeltis coliformis chloroplast rbcL gene for ribulose-1,5-bisphosphate carboxylase/oxygenase large subunit, partial ",1441,True,2,False,1440,1,39,0,0,False,True
LC804481,Red algae,"Gloiopeltis coliformis chloroplast rbcL gene for ribulose-1,5-bisphosphate carboxylase/oxygenase large subunit, partial ",1441,True,2,False,1440,1,39,0,0,False,True
LC804480,Red algae,"Gloiopeltis coliformis chloroplast rbcL gene for ribulose-1,5-bisphosphate carboxylase/oxygenase large subunit, partial ",1441,True,2,False,1440,1,39,0,0,False,True
LC804479,Red algae,"Gloiopeltis coliformis chloroplast rbcL gene for ribulose-1,5-bisphosphate carboxylase/oxygenase large subunit, partial ",1427,True,3,False,1425,2,39,0,0,False,True
LC804478,Red algae,"Gloiopeltis coliformis chloroplast rbcL gene for ribulose-1,5-bisphosphate carboxylase/oxygenase large subunit, partial ",1441,True,2,False,1440,1,39,0,0,False,True
PV216483,Red algae,"Polysiphonia sertularioides voucher AL54 ribulose-1,5-bisphosphate carboxylase/oxygenase large subunit (rbcL) gene, part",1439,True,3,False,1437,2,45,0,0,False,True
PV216482,Red algae,"Polysiphonia sertularioides voucher AL52 ribulose-1,5-bisphosphate carboxylase/oxygenase large subunit (rbcL) gene, part",1436,True,3,False,1434,2,45,0,0,False,True
PV216481,Red algae,"Polysiphonia sertularioides voucher AL01 ribulose-1,5-bisphosphate carboxylase/oxygenase large subunit (rbcL) gene, part",1416,True,1,False,1416,0,0,0,0,True,True
PV216479,Red algae,"Polysiphonia sertularioides voucher BA68 ribulose-1,5-bisphosphate carboxylase/oxygenase large subunit (rbcL) gene, part",1416,True,1,False,1416,0,0,0,0,True,True
PV216478,Red algae,"Polysiphonia sertularioides voucher BA67 ribulose-1,5-bisphosphate carboxylase/oxygenase large subunit (rbcL) gene, part",1416,True,1,False,1416,0,0,0,0,True,True
PV216473,Red algae,"Polysiphonia sertularioides voucher PD1950 ribulose-1,5-bisphosphate carboxylase/oxygenase large subunit (rbcL) gene, pa",1410,True,1,False,1410,0,0,0,0,True,True
PV216471,Red algae,"Polysiphonia sertularioides voucher PD1546 ribulose-1,5-bisphosphate carboxylase/oxygenase large subunit (rbcL) gene, pa",1411,True,2,False,1410,1,42,0,0,False,True
PV216469,Red algae,"Polysiphonia sertularioides voucher PD814 ribulose-1,5-bisphosphate carboxylase/oxygenase large subunit (rbcL) gene, par",1401,True,1,False,1401,0,0,0,0,True,True
PV216468,Red algae,"Polysiphonia sertularioides voucher PD813 ribulose-1,5-bisphosphate carboxylase/oxygenase large subunit (rbcL) gene, par",1406,True,3,False,1404,2,50,0,0,False,True
PV216460,Red algae,"Polysiphonia sertularioides voucher PD1756 ribulose-1,5-bisphosphate carboxylase/oxygenase large subunit (rbcL) gene, pa",1418,True,3,False,1416,2,49,0,0,False,True
PV216457,Red algae,"Polysiphonia sertularioides voucher PD960 ribulose-1,5-bisphosphate carboxylase/oxygenase large subunit (rbcL) gene, par",1410,True,1,False,1410,0,0,0,0,True,True
PV216456,Red algae,"Polysiphonia sertularioides voucher PD959 ribulose-1,5-bisphosphate carboxylase/oxygenase large subunit (rbcL) gene, par",1407,True,1,False,1407,0,0,0,0,True,True
PV216452,Red algae,"Polysiphonia sertularioides voucher PD1675 ribulose-1,5-bisphosphate carboxylase/oxygenase large subunit (rbcL) gene, pa",1410,True,1,False,1410,0,0,0,0,True,True
PV216450,Red algae,"Polysiphonia sertularioides voucher PD1544 ribulose-1,5-bisphosphate carboxylase/oxygenase large subunit (rbcL) gene, pa",1411,True,2,False,1410,1,41,0,0,False,True
PV216449,Red algae,"Polysiphonia sertularioides voucher PD1481 ribulose-1,5-bisphosphate carboxylase/oxygenase large subunit (rbcL) gene, pa",1415,True,3,False,1413,2,47,0,0,False,True
PV216414,Red algae,"Polysiphonia sertularioides voucher PD0001 ribulose-1,5-bisphosphate carboxylase/oxygenase large subunit (rbcL) gene, pa",1466,True,1,False,1464,2,0,0,0,False,True
PV956277,Red algae,"Polysiphonia sertularioides voucher PD1476 ribulose-1,5-bisphosphate carboxylase/oxygenase large subunit (rbcL) gene, pa",1415,True,3,False,1413,2,51,0,0,False,True
PX101473,Red algae,"Gracilaria liaoi strain AAT09925 ribulose-1,5-bisphosphate carboxylase/oxygenase large subunit (rbcL) gene, partial cds;",1441,True,2,False,1440,1,47,0,0,False,True
PX101472,Red algae,"Gracilaria liaoi strain AAT09922 ribulose-1,5-bisphosphate carboxylase/oxygenase large subunit (rbcL) gene, partial cds;",1441,True,2,False,1440,1,47,0,0,False,True
PP868167,Red algae,"Ceramium codii ribulose-1,5-bisphosphate carboxylase/oxygenase large subunit (rbcL) gene, complete cds; chloroplast",1467,True,1,False,1467,0,0,0,0,True,True
PV730137,Red algae,"Gracilaria gracilis clone 4b ribulose-1,5-bisphosphate carboxylase/oxygenase large subunit (rbcL) gene, complete cds; ch",1467,True,1,False,1467,0,0,0,0,True,True
PV550782,Red algae,"Cyanidioschyzon merolae strain MS1 ribulose-1,5-bisphosphate carboxylase/oxygenase large subunit (rbcL) gene, complete c",1467,True,1,False,1467,0,0,0,0,True,True
LC821235,Red algae,"Wrangelia sp. JP MAS-00413 chloroplast rbcL gene for ribulose-1,5-bisphosphate carboxylase/oxygenase large subunit, part",1437,True,1,False,1437,0,0,0,0,True,True
LC821200,Red algae,"Chondria mageshimensis MAS-00832 chloroplast rbcL gene for ribulose-1,5-bisphosphate carboxylase/oxygenase large subunit",1437,True,1,False,1437,0,0,0,0,True,True
LC821173,Red algae,"Martensia sp. 1 TNE MAS-01119 chloroplast rbcL gene for ribulose-1,5-bisphosphate carboxylase/oxygenase large subunit, p",1437,True,1,False,1437,0,0,0,0,True,True
LC821165,Red algae,"Dasya sp. TNE MAS-01389 chloroplast rbcL gene for ribulose-1,5-bisphosphate carboxylase/oxygenase large subunit, partial",1422,True,1,False,1422,0,0,0,0,True,True
LC821144,Red algae,"Euptilota sp. JP MAS-00343 chloroplast rbcL gene for ribulose-1,5-bisphosphate carboxylase/oxygenase large subunit, part",1440,True,1,False,1440,0,0,0,0,True,True
LC821348,Red algae,"Champia sp. JP MAS-00019 chloroplast rbcL gene for ribulose-1,5-bisphosphate carboxylase/oxygenase large subunit, partia",1440,True,1,False,1440,0,0,0,0,True,True
PQ043266,Red algae,"Chondrophycus undulatus voucher PH681 ribulose-1,5-bisphosphate carboxylase/oxygenase large subunit (rbcL) gene, partial",1413,True,1,False,1413,0,0,0,0,True,True
PV222106,Red algae,"Rhodogorgon truncata SGAD2403013 ribulose-1,5-bisphosphate carboxylase/oxygenase large subunit (rbcL) gene, partial cds;",1467,True,1,False,1467,0,0,0,0,True,True
PQ338019,Red algae,"Bryocladia cuspidata voucher SPF58893 ribulose-1,5-bisphosphate carboxylase/oxygenase large subunit (rbcL) gene, partial",1420,True,2,False,1419,1,47,0,0,False,True
PQ338016,Red algae,"Bryocladia subtilissima voucher SPF58908 ribulose-1,5-bisphosphate carboxylase/oxygenase large subunit (rbcL) gene, part",1425,True,1,False,1425,0,0,0,0,True,True
PQ338013,Red algae,"Bryocladia mucuripensis voucher SPF58917 ribulose-1,5-bisphosphate carboxylase/oxygenase large subunit (rbcL) gene, part",1417,True,2,False,1416,1,45,0,0,False,True
PQ338010,Red algae,"Bryocladia cuspidata voucher SPF58920 ribulose-1,5-bisphosphate carboxylase/oxygenase large subunit (rbcL) gene, partial",1401,True,2,False,1398,0,46,0,0,False,True
PQ338007,Red algae,"Bryocladia subtilissima voucher SPF58897 ribulose-1,5-bisphosphate carboxylase/oxygenase large subunit (rbcL) gene, part",1407,True,2,False,1404,0,39,0,0,False,True
PQ337997,Red algae,"Bryocladia itaipensis voucher SPF58929 ribulose-1,5-bisphosphate carboxylase/oxygenase large subunit (rbcL) gene, partia",1424,True,3,False,1422,2,43,0,0,False,True
PQ337995,Red algae,"Bryocladia oceanica voucher SPF58931 ribulose-1,5-bisphosphate carboxylase/oxygenase large subunit (rbcL) gene, partial ",1419,True,1,False,1419,0,0,0,0,True,True
PQ337994,Red algae,"Bryocladia thyrsigera voucher SPF58932 ribulose-1,5-bisphosphate carboxylase/oxygenase large subunit (rbcL) gene, partia",1420,True,2,False,1419,1,48,0,0,False,True
PQ337989,Red algae,"Bryocladia cuspidata voucher SPF58939 ribulose-1,5-bisphosphate carboxylase/oxygenase large subunit (rbcL) gene, partial",1427,True,3,False,1425,2,44,0,0,False,True
PQ337988,Red algae,"Bryocladia cuspidata voucher SPF58938 ribulose-1,5-bisphosphate carboxylase/oxygenase large subunit (rbcL) gene, partial",1426,True,2,False,1425,1,47,0,0,False,True
PQ337987,Red algae,"Bryocladia cuspidata voucher SPF58940 ribulose-1,5-bisphosphate carboxylase/oxygenase large subunit (rbcL) gene, partial",1425,True,1,False,1425,0,0,0,0,True,True
PQ337986,Red algae,"Bryocladia cuspidata ribulose-1,5-bisphosphate carboxylase/oxygenase large subunit (rbcL) gene, partial cds; chloroplast",1427,True,3,False,1425,2,44,0,0,False,True
PQ337985,Red algae,"Bryocladia cuspidata voucher SPF58941 ribulose-1,5-bisphosphate carboxylase/oxygenase large subunit (rbcL) gene, partial",1420,True,2,False,1419,1,47,0,0,False,True
LC661587,Red algae,"Neopyropia katadae var. hemiphylla UM-K8 chloroplast rbcL gene for ribulose-1,5-bisphosphate carboxylase/oxygenase large",1467,True,1,False,1467,0,0,0,0,True,True
LC661586,Red algae,"Neopyropia katadae var. hemiphylla UM-K6 chloroplast rbcL gene for ribulose-1,5-bisphosphate carboxylase/oxygenase large",1467,True,1,False,1467,0,0,0,0,True,True
LC661585,Red algae,"Neopyropia katadae var. hemiphylla UM-K5 chloroplast rbcL gene for ribulose-1,5-bisphosphate carboxylase/oxygenase large",1467,True,1,False,1467,0,0,0,0,True,True
LC661584,Red algae,"Neopyropia katadae UM-K3 chloroplast rbcL gene for ribulose-1,5-bisphosphate carboxylase/oxygenase large subunit, comple",1467,True,1,False,1467,0,0,0,0,True,True
LC775750,Red algae,"Sheathia dispersa MAS-01325 chloroplast rbcL gene for ribulose-1,5-bisphosphate carboxylase/oxygenase large subunit, par",1437,True,1,False,1437,0,0,0,0,True,True
PQ047479,Red algae,"Yuzurua nunesii ribulose-1,5-bisphosphate carboxylase/oxygenase large subunit (rbcL) gene, partial cds; chloroplast",1425,True,1,False,1425,0,0,0,0,True,True
PP003484,Red algae,"Dichotomaria elegans voucher JDD189 ribulose-1,5-bisphosphate carboxylase/oxygenase large subunit (rbcL) gene, partial c",1440,True,1,False,1440,0,0,0,0,True,True
PP003483,Red algae,"Dichotomaria elegans voucher JDD187 ribulose-1,5-bisphosphate carboxylase/oxygenase large subunit (rbcL) gene, partial c",1440,True,1,False,1440,0,0,0,0,True,True
PP003482,Red algae,"Dichotomaria elegans voucher JDD186 ribulose-1,5-bisphosphate carboxylase/oxygenase large subunit (rbcL) gene, partial c",1440,True,1,False,1440,0,0,0,0,True,True
PP003481,Red algae,"Dichotomaria elegans voucher JDD185 ribulose-1,5-bisphosphate carboxylase/oxygenase large subunit (rbcL) gene, partial c",1440,True,1,False,1440,0,0,0,0,True,True
PP003480,Red algae,"Dichotomaria elegans voucher CP204 ribulose-1,5-bisphosphate carboxylase/oxygenase large subunit (rbcL) gene, partial cd",1440,True,1,False,1440,0,0,0,0,True,True
PP003479,Red algae,"Dichotomaria elegans voucher CP203 ribulose-1,5-bisphosphate carboxylase/oxygenase large subunit (rbcL) gene, partial cd",1440,True,1,False,1440,0,0,0,0,True,True
PP003478,Red algae,"Dichotomaria elegans voucher CP200 ribulose-1,5-bisphosphate carboxylase/oxygenase large subunit (rbcL) gene, partial cd",1440,True,1,False,1440,0,0,0,0,True,True
PP003477,Red algae,"Dichotomaria elegans voucher R100B5.4 ribulose-1,5-bisphosphate carboxylase/oxygenase large subunit (rbcL) gene, partial",1437,True,1,False,1437,0,0,0,0,True,True
PP003476,Red algae,"Dichotomaria elegans voucher R100B5.3 ribulose-1,5-bisphosphate carboxylase/oxygenase large subunit (rbcL) gene, partial",1440,True,1,False,1440,0,0,0,0,True,True
PP003475,Red algae,"Dichotomaria elegans voucher R100B5.2 ribulose-1,5-bisphosphate carboxylase/oxygenase large subunit (rbcL) gene, partial",1437,True,1,False,1437,0,0,0,0,True,True
PP003469,Red algae,"Dichotomaria elegans voucher CNU032179 ribulose-1,5-bisphosphate carboxylase/oxygenase large subunit (rbcL) gene, partia",1404,True,1,False,1404,0,0,0,0,True,True
AB540069,Red algae,"Gloiopeltis tenax chloroplast rbcL gene for ribulose-1,5-bisphosphate carboxylase/oxygenase large subunit, complete cds,",1467,True,1,False,1467,0,0,0,0,True,True
AB540068,Red algae,"Gloiopeltis tenax chloroplast rbcL gene for ribulose-1,5-bisphosphate carboxylase/oxygenase large subunit, complete cds,",1467,True,1,False,1467,0,0,0,0,True,True
AB540067,Red algae,"Gloiopeltis tenax chloroplast rbcL gene for ribulose-1,5-bisphosphate carboxylase/oxygenase large subunit, complete cds,",1467,True,1,False,1467,0,0,0,0,True,True
AB540066,Red algae,"Gloiopeltis furcata chloroplast rbcL gene for ribulose-1,5-bisphosphate carboxylase/oxygenase large subunit, complete cd",1467,True,1,False,1467,0,0,0,0,True,True
AB540065,Red algae,"Gloiopeltis furcata chloroplast rbcL gene for ribulose-1,5-bisphosphate carboxylase/oxygenase large subunit, complete cd",1467,True,1,False,1467,0,0,0,0,True,True
AB540064,Red algae,"Gloiopeltis furcata chloroplast rbcL gene for ribulose-1,5-bisphosphate carboxylase/oxygenase large subunit, complete cd",1467,True,1,False,1467,0,0,0,0,True,True
AB540063,Red algae,"Gloiopeltis furcata chloroplast rbcL gene for ribulose-1,5-bisphosphate carboxylase/oxygenase large subunit, complete cd",1467,True,1,False,1467,0,0,0,0,True,True
AB540062,Red algae,"Gloiopeltis furcata chloroplast rbcL gene for ribulose-1,5-bisphosphate carboxylase/oxygenase large subunit, complete cd",1467,True,1,False,1467,0,0,0,0,True,True
AB540061,Red algae,"Gloiopeltis furcata chloroplast rbcL gene for ribulose-1,5-bisphosphate carboxylase/oxygenase large subunit, complete cd",1467,True,1,False,1467,0,0,0,0,True,True
AB540060,Red algae,"Gloiopeltis furcata chloroplast rbcL gene for ribulose-1,5-bisphosphate carboxylase/oxygenase large subunit, complete cd",1467,True,1,False,1467,0,0,0,0,True,True
AB540059,Red algae,"Gloiopeltis furcata chloroplast rbcL gene for ribulose-1,5-bisphosphate carboxylase/oxygenase large subunit, complete cd",1467,True,1,False,1467,0,0,0,0,True,True
AB540058,Red algae,"Gloiopeltis furcata chloroplast rbcL gene for ribulose-1,5-bisphosphate carboxylase/oxygenase large subunit, complete cd",1467,True,1,False,1467,0,0,0,0,True,True
AB540057,Red algae,"Gloiopeltis furcata chloroplast rbcL gene for ribulose-1,5-bisphosphate carboxylase/oxygenase large subunit, complete cd",1467,True,1,False,1467,0,0,0,0,True,True
AB540056,Red algae,"Gloiopeltis furcata chloroplast rbcL gene for ribulose-1,5-bisphosphate carboxylase/oxygenase large subunit, complete cd",1467,True,1,False,1467,0,0,0,0,True,True
AB540055,Red algae,"Gloiopeltis furcata chloroplast rbcL gene for ribulose-1,5-bisphosphate carboxylase/oxygenase large subunit, complete cd",1467,True,1,False,1467,0,0,0,0,True,True
AB540054,Red algae,"Gloiopeltis furcata chloroplast rbcL gene for ribulose-1,5-bisphosphate carboxylase/oxygenase large subunit, complete cd",1467,True,1,False,1467,0,0,0,0,True,True
AB540053,Red algae,"Gloiopeltis furcata chloroplast rbcL gene for ribulose-1,5-bisphosphate carboxylase/oxygenase large subunit, complete cd",1467,True,1,False,1467,0,0,0,0,True,True
LC486236,Red algae,"Gloiopeltis frutex personal: Hiroshi Kawai: KU-d18991 chloroplast rbcL gene for ribulose-1,5-bisphosphate carboxylase/ox",1441,True,2,False,1044,1,40,0,0,False,True
LC486235,Red algae,"Gloiopeltis frutex personal: Hiroshi Kawai: KU-d18990 chloroplast rbcL gene for ribulose-1,5-bisphosphate carboxylase/ox",1441,True,2,False,1440,1,40,0,0,False,True
LC486234,Red algae,"Gloiopeltis frutex personal: Hiroshi Kawai: KU-d15986 chloroplast rbcL gene for ribulose-1,5-bisphosphate carboxylase/ox",1441,True,2,False,1440,1,40,0,0,False,True
LC486233,Red algae,"Gloiopeltis frutex personal: Hiroshi Kawai: KU-d15985 chloroplast rbcL gene for ribulose-1,5-bisphosphate carboxylase/ox",1441,True,2,False,1440,1,40,0,0,False,True
LC486232,Red algae,"Gloiopeltis frutex personal: Hiroshi Kawai: KU-d22295 chloroplast rbcL gene for ribulose-1,5-bisphosphate carboxylase/ox",1441,True,2,False,1440,1,40,0,0,False,True
LC486231,Red algae,"Gloiopeltis compressa personal: Hiroshi Kawai: KU-d21047 chloroplast rbcL gene for ribulose-1,5-bisphosphate carboxylase",1441,True,2,False,1440,1,42,0,0,False,True
LC486230,Red algae,"Gloiopeltis compressa personal: Hiroshi Kawai: KU-d21042 chloroplast rbcL gene for ribulose-1,5-bisphosphate carboxylase",1441,True,2,False,1440,1,41,0,0,False,True
LC486229,Red algae,"Gloiopeltis compressa personal: Hiroshi Kawai: KU-d21041 chloroplast rbcL gene for ribulose-1,5-bisphosphate carboxylase",1441,True,2,False,1440,1,41,0,0,False,True
LC486228,Red algae,"Gloiopeltis compressa personal: Hiroshi Kawai: KU-d21040 chloroplast rbcL gene for ribulose-1,5-bisphosphate carboxylase",1441,True,2,False,1440,1,41,0,0,False,True
LC486227,Red algae,"Gloiopeltis compressa personal: Hiroshi Kawai: KU-d21032 chloroplast rbcL gene for ribulose-1,5-bisphosphate carboxylase",1441,True,2,False,1440,1,43,0,0,False,True
LC486225,Red algae,"Gloiopeltis compressa personal: Hiroshi Kawai: KU-d21013 chloroplast rbcL gene for ribulose-1,5-bisphosphate carboxylase",1441,True,2,False,1440,1,43,0,0,False,True
LC486224,Red algae,"Gloiopeltis compressa personal: Hiroshi Kawai: KU-d21012 chloroplast rbcL gene for ribulose-1,5-bisphosphate carboxylase",1441,True,2,False,1440,1,43,0,0,False,True
LC486223,Red algae,"Gloiopeltis compressa personal: Hiroshi Kawai: KU-d21006 chloroplast rbcL gene for ribulose-1,5-bisphosphate carboxylase",1441,True,2,False,1440,1,42,0,0,False,True
LC486222,Red algae,"Gloiopeltis compressa personal: Hiroshi Kawai: KU-d21005 chloroplast rbcL gene for ribulose-1,5-bisphosphate carboxylase",1441,True,2,False,1440,1,42,0,0,False,True
LC486221,Red algae,"Gloiopeltis compressa personal: Hiroshi Kawai: KU-d21004 chloroplast rbcL gene for ribulose-1,5-bisphosphate carboxylase",1441,True,2,False,1440,1,42,0,0,False,True
LC486220,Red algae,"Gloiopeltis compressa personal: Hiroshi Kawai: KU-d21003 chloroplast rbcL gene for ribulose-1,5-bisphosphate carboxylase",1441,True,2,False,1440,1,42,0,0,False,True
LC486219,Red algae,"Gloiopeltis compressa personal: Hiroshi Kawai: KU-d20993 chloroplast rbcL gene for ribulose-1,5-bisphosphate carboxylase",1429,True,2,False,1428,1,43,0,0,False,True
AB159658,Red algae,"Nemalionopsis shawii chloroplast rbcL gene for ribulose-1,5-bisphosphate carboxylase/oxygenase large subunit, complete c",1467,True,1,False,1467,0,0,0,0,True,True
AB159657,Red algae,"Thorea violacea chloroplast rbcL gene for ribulose-1,5-bisphosphate carboxylase/oxygenase large subunit, complete cds",1467,True,1,False,1467,0,0,0,0,True,True
AB159656,Red algae,"Thorea riekei chloroplast rbcL gene for ribulose-1,5-bisphosphate carboxylase/oxygenase large subunit, complete cds",1467,True,1,False,1467,0,0,0,0,True,True
AB159655,Red algae,"Thorea okadae chloroplast rbcL gene for ribulose-1,5-bisphosphate carboxylase/oxygenase large subunit, complete cds, cou",1467,True,1,False,1467,0,0,0,0,True,True
AB159654,Red algae,"Thorea okadae chloroplast rbcL gene for ribulose-1,5-bisphosphate carboxylase/oxygenase large subunit, complete cds, cou",1467,True,1,False,1467,0,0,0,0,True,True
AB159653,Red algae,"Thorea hispida chloroplast rbcL gene for ribulose-1,5-bisphosphate carboxylase/oxygenase large subunit, complete cds",1467,True,1,False,1467,0,0,0,0,True,True
AB159652,Red algae,"Thorea hispida chloroplast rbcL gene for ribulose-1,5-bisphosphate carboxylase/oxygenase large subunit, complete cds, co",1467,True,1,False,1467,0,0,0,0,True,True
AB114646,Red algae,"Virescentia helminthosa chloroplast rbcL gene for ribulose-1,5-bisphosphate carboxylase/oxygenase large subunit, partial",1401,True,1,False,1401,0,0,0,0,True,True
AB114645,Red algae,"Virescentia helminthosa chloroplast rbcL gene for ribulose-1,5-bisphosphate carboxylase/oxygenase large subunit, partial",1401,True,1,False,1401,0,0,0,0,True,True
AB114644,Red algae,"Virescentia helminthosa chloroplast rbcL gene for ribulose-1,5-bisphosphate carboxylase/oxygenase large subunit, partial",1401,True,1,False,1401,0,0,0,0,True,True
AB114643,Red algae,"Virescentia helminthosa chloroplast rbcL gene for ribulose-1,5-bisphosphate carboxylase/oxygenase large subunit, partial",1401,True,1,False,1401,0,0,0,0,True,True
AB114642,Red algae,"Virescentia helminthosa chloroplast rbcL gene for ribulose-1,5-bisphosphate carboxylase/oxygenase large subunit, partial",1401,True,1,False,1401,0,0,0,0,True,True
OQ136656,Red algae,"Caulacanthus okamurae voucher GIGAR725 ribulose-1,5-bisphosphate carboxylase/oxygenase large subunit (rbcL) gene, partia",1424,True,1,False,1422,2,0,0,0,False,True
OQ136655,Red algae,"Caulacanthus okamurae voucher GIGAR724 ribulose-1,5-bisphosphate carboxylase/oxygenase large subunit (rbcL) gene, partia",1424,True,1,False,1422,2,0,0,0,False,True
OQ136654,Red algae,"Caulacanthus okamurae voucher GIGAR723 ribulose-1,5-bisphosphate carboxylase/oxygenase large subunit (rbcL) gene, partia",1424,True,1,False,1422,2,0,0,0,False,True
OQ136653,Red algae,"Caulacanthus okamurae voucher GIGAR722 ribulose-1,5-bisphosphate carboxylase/oxygenase large subunit (rbcL) gene, partia",1424,True,1,False,1422,2,0,0,0,False,True
OQ136652,Red algae,"Caulacanthus okamurae voucher GIGAR720 ribulose-1,5-bisphosphate carboxylase/oxygenase large subunit (rbcL) gene, partia",1424,True,1,False,1422,2,0,0,0,False,True
OQ136651,Red algae,"Caulacanthus okamurae voucher GIGAR719 ribulose-1,5-bisphosphate carboxylase/oxygenase large subunit (rbcL) gene, partia",1424,True,1,False,1422,2,0,0,0,False,True
OQ136650,Red algae,"Caulacanthus okamurae voucher GIGAR718 ribulose-1,5-bisphosphate carboxylase/oxygenase large subunit (rbcL) gene, partia",1424,True,1,False,1422,2,0,0,0,False,True
OQ136649,Red algae,"Caulacanthus okamurae voucher GIGAR717 ribulose-1,5-bisphosphate carboxylase/oxygenase large subunit (rbcL) gene, partia",1421,True,1,False,1419,2,0,0,0,False,True
OQ136648,Red algae,"Caulacanthus okamurae voucher GIGAR715 ribulose-1,5-bisphosphate carboxylase/oxygenase large subunit (rbcL) gene, partia",1424,True,1,False,1422,2,0,0,0,False,True
OQ136647,Red algae,"Caulacanthus okamurae voucher GIGAR705 ribulose-1,5-bisphosphate carboxylase/oxygenase large subunit (rbcL) gene, partia",1424,True,1,False,1422,2,0,0,0,False,True
OQ136646,Red algae,"Caulacanthus sp. voucher GIGAR704 ribulose-1,5-bisphosphate carboxylase/oxygenase large subunit (rbcL) gene, partial cds",1445,True,1,False,1443,2,0,0,0,False,True
OQ136645,Red algae,"Caulacanthus sp. voucher GIGAR703 ribulose-1,5-bisphosphate carboxylase/oxygenase large subunit (rbcL) gene, partial cds",1424,True,1,False,1422,2,0,0,0,False,True
OQ136644,Red algae,"Caulacanthus sp. voucher GIGAR702 ribulose-1,5-bisphosphate carboxylase/oxygenase large subunit (rbcL) gene, partial cds",1424,True,1,False,1422,2,0,0,0,False,True
OQ136643,Red algae,"Caulacanthus sp. voucher GIGAR701 ribulose-1,5-bisphosphate carboxylase/oxygenase large subunit (rbcL) gene, partial cds",1424,True,1,False,1422,2,0,0,0,False,True
OQ136642,Red algae,"Caulacanthus sp. voucher GIGAR700 ribulose-1,5-bisphosphate carboxylase/oxygenase large subunit (rbcL) gene, partial cds",1424,True,1,False,1422,2,0,0,0,False,True
OQ136641,Red algae,"Caulacanthus sp. voucher GIGAR699 ribulose-1,5-bisphosphate carboxylase/oxygenase large subunit (rbcL) gene, partial cds",1424,True,1,False,1422,2,0,0,0,False,True
KP202854,Unassigned,"Picomonas sp. DN1 ribulose-1,5-bisphosphate carboxylase/oxygenase large subunit (rbcL) gene, complete cds; chloroplast",1428,True,1,False,1428,0,0,0,0,True,True
KF631394,Unassigned,"Cyanophora biloba ribulose-1,5-bisphosphate carboxylase/oxygenase large subunit (rbcL) gene, partial cds; chloroplast",1425,True,1,False,1425,0,0,0,0,True,True
KF631393,Unassigned,"Cyanophora paradoxa ribulose-1,5-bisphosphate carboxylase/oxygenase large subunit (rbcL) gene, partial cds; chloroplast",1425,True,1,False,1425,0,0,0,0,True,True
KF631392,Unassigned,"Cyanophora tetracyanea ribulose-1,5-bisphosphate carboxylase/oxygenase large subunit (rbcL) gene, partial cds; chloropla",1425,True,1,False,1425,0,0,0,0,True,True
