prompt_id,donor_acc,organism,tax_group,cluster,split,level_name,prefix_nt,n_tokens,replicate,seed,prompt
AB050950.1_L0_shared_seed_r0,AB050950.1,Filibryum ogatae,Mosses,AB050950.1,train,L0_shared_seed,30,1470,0,2718215316,ATGTCACCACAAACAGAGACTAAAGCAAGT
AB071411.1_L0_shared_seed_r0,AB071411.1,Mastopoma subfiliferum,Mosses,AB071411.1,train,L0_shared_seed,30,1470,0,2082175486,ATGTCACCACAAACAGAGACTAAAGCAAGT
AB159651.1_L0_shared_seed_r0,AB159651.1,Thorea gaudichaudii,Red algae,AB159651.1,train,L0_shared_seed,30,1470,0,4271145402,ATGTCACCACAAACAGAGACTAAAGCAAGT
AB159659.1_L0_shared_seed_r0,AB159659.1,Nemalionopsis tortuosa,Red algae,AB159659.1,train,L0_shared_seed,30,1470,0,971766092,ATGTCACCACAAACAGAGACTAAAGCAAGT
AB540047.1_L0_shared_seed_r0,AB540047.1,Gloiopeltis sp. Nomozaki/2003,Red algae,AB540047.1,train,L0_shared_seed,30,1470,0,823128530,ATGTCACCACAAACAGAGACTAAAGCAAGT
AB540051.1_L0_shared_seed_r0,AB540051.1,Gloiopeltis complanata,Red algae,AB540051.1,test,L0_shared_seed,30,1470,0,2817839766,ATGTCACCACAAACAGAGACTAAAGCAAGT
AB540052.1_L0_shared_seed_r0,AB540052.1,Gloiopeltis complanata,Red algae,AB540052.1,train,L0_shared_seed,30,1470,0,2607471691,ATGTCACCACAAACAGAGACTAAAGCAAGT
AB853073.1_L0_shared_seed_r0,AB853073.1,Hypnodontopsis apiculatus,Mosses,AB853073.1,train,L0_shared_seed,30,1470,0,4189996091,ATGTCACCACAAACAGAGACTAAAGCAAGT
AB853079.1_L0_shared_seed_r0,AB853079.1,Timmiella anomala,Mosses,AB853079.1,train,L0_shared_seed,30,1470,0,3397217408,ATGTCACCACAAACAGAGACTAAAGCAAGT
AB970712.1_L0_shared_seed_r0,AB970712.1,Clastobryellina orientalis,Mosses,AB970712.1,train,L0_shared_seed,30,1470,0,1634185928,ATGTCACCACAAACAGAGACTAAAGCAAGT
AY346095.1_L0_shared_seed_r0,AY346095.1,Acanthorrhynchium papillatum,Mosses,AY346095.1,train,L0_shared_seed,30,1470,0,3181812578,ATGTCACCACAAACAGAGACTAAAGCAAGT
AY858644.1_L0_shared_seed_r0,AY858644.1,Platanus orientalis,Other angiosperms,AY858644.1,test,L0_shared_seed,30,1470,0,3967841719,ATGTCACCACAAACAGAGACTAAAGCAAGT
AY996366.1_L0_shared_seed_r0,AY996366.1,Spermatochnus paradoxus,Brown algae,AY996366.1,train,L0_shared_seed,30,1470,0,1878407404,ATGTCACCACAAACAGAGACTAAAGCAAGT
EF547818.1_L0_shared_seed_r0,EF547818.1,Aneura sp. Shaw 702,Liverworts,EF547818.1,train,L0_shared_seed,30,1470,0,3087269813,ATGTCACCACAAACAGAGACTAAAGCAAGT
EF658643.1_L0_shared_seed_r0,EF658643.1,Laurencia intricata,Red algae,EF658643.1,train,L0_shared_seed,30,1470,0,4240112924,ATGTCACCACAAACAGAGACTAAAGCAAGT
EU713367.1_L0_shared_seed_r0,EU713367.1,Legousia pentagonia,Eudicots,EU713367.1,train,L0_shared_seed,30,1470,0,1531106880,ATGTCACCACAAACAGAGACTAAAGCAAGT
FJ438476.1_L0_shared_seed_r0,FJ438476.1,Haematococcus lacustris,Green algae,FJ438476.1,val,L0_shared_seed,30,1470,0,2581575092,ATGTCACCACAAACAGAGACTAAAGCAAGT
KT693213.1_L0_shared_seed_r0,KT693213.1,Hormotilopsis gelatinosa,Green algae,KT693213.1,train,L0_shared_seed,30,1470,0,177820019,ATGTCACCACAAACAGAGACTAAAGCAAGT
KU645801.1_L0_shared_seed_r0,KU645801.1,Passiflora quadrangularis,Eudicots,KU645801.1,train,L0_shared_seed,30,1470,0,117345600,ATGTCACCACAAACAGAGACTAAAGCAAGT
KU645803.1_L0_shared_seed_r0,KU645803.1,Cananga odorata,Other angiosperms,KU645803.1,train,L0_shared_seed,30,1470,0,1906308988,ATGTCACCACAAACAGAGACTAAAGCAAGT
KU645804.1_L0_shared_seed_r0,KU645804.1,Asimina incana,Other angiosperms,KU645804.1,val,L0_shared_seed,30,1470,0,3596678672,ATGTCACCACAAACAGAGACTAAAGCAAGT
LC060504.1_L0_shared_seed_r0,LC060504.1,Acinetospora filamentosa,Brown algae,LC060504.1,train,L0_shared_seed,30,1470,0,276761571,ATGTCACCACAAACAGAGACTAAAGCAAGT
LC060517.1_L0_shared_seed_r0,LC060517.1,Acinetospora asiatica,Brown algae,LC060517.1,train,L0_shared_seed,30,1470,0,1539888553,ATGTCACCACAAACAGAGACTAAAGCAAGT
LC145073.1_L0_shared_seed_r0,LC145073.1,Haplomitrium hookeri,Liverworts,LC145073.1,val,L0_shared_seed,30,1470,0,3196599493,ATGTCACCACAAACAGAGACTAAAGCAAGT
LC176260.1_L0_shared_seed_r0,LC176260.1,Weisiopsis anomala,Mosses,LC176260.1,val,L0_shared_seed,30,1470,0,1645621317,ATGTCACCACAAACAGAGACTAAAGCAAGT
LC200423.1_L0_shared_seed_r0,LC200423.1,Selenastrum capricornutum,Green algae,LC200423.1,val,L0_shared_seed,30,1470,0,2176670014,ATGTCACCACAAACAGAGACTAAAGCAAGT
LC270392.1_L0_shared_seed_r0,LC270392.1,Pohlia annotina,Mosses,LC270392.1,test,L0_shared_seed,30,1470,0,47846716,ATGTCACCACAAACAGAGACTAAAGCAAGT
LC272005.1_L0_shared_seed_r0,LC272005.1,Fissidens subangustus,Mosses,LC272005.1,train,L0_shared_seed,30,1470,0,1005830319,ATGTCACCACAAACAGAGACTAAAGCAAGT
LC376047.1_L0_shared_seed_r0,LC376047.1,Hattoria yakushimensis,Liverworts,LC376047.1,train,L0_shared_seed,30,1470,0,3029817933,ATGTCACCACAAACAGAGACTAAAGCAAGT
LC493039.1_L0_shared_seed_r0,LC493039.1,Colpomenia borea,Brown algae,LC493039.1,train,L0_shared_seed,30,1470,0,2886739083,ATGTCACCACAAACAGAGACTAAAGCAAGT
LC723702.1_L0_shared_seed_r0,LC723702.1,Schistochila sciurea,Liverworts,LC723702.1,train,L0_shared_seed,30,1470,0,2921557440,ATGTCACCACAAACAGAGACTAAAGCAAGT
LC735540.1_L0_shared_seed_r0,LC735540.1,Centella asiatica,Eudicots,LC735540.1,train,L0_shared_seed,30,1470,0,1042501647,ATGTCACCACAAACAGAGACTAAAGCAAGT
LC791202.1_L0_shared_seed_r0,LC791202.1,Pleurozia subinflata,Liverworts,LC791202.1,val,L0_shared_seed,30,1470,0,3771318546,ATGTCACCACAAACAGAGACTAAAGCAAGT
LC858738.1_L0_shared_seed_r0,LC858738.1,Cyathodium tuberosum,Liverworts,LC858738.1,train,L0_shared_seed,30,1470,0,117039679,ATGTCACCACAAACAGAGACTAAAGCAAGT
LC858740.1_L0_shared_seed_r0,LC858740.1,Cyathodium cavernarum,Liverworts,LC858740.1,train,L0_shared_seed,30,1470,0,2745637958,ATGTCACCACAAACAGAGACTAAAGCAAGT
LC859596.1_L0_shared_seed_r0,LC859596.1,Trichocolea japonica,Liverworts,LC859596.1,train,L0_shared_seed,30,1470,0,502841672,ATGTCACCACAAACAGAGACTAAAGCAAGT
LC884819.1_L0_shared_seed_r0,LC884819.1,Cyanidium caldarium,Red algae,LC884819.1,train,L0_shared_seed,30,1470,0,2461409056,ATGTCACCACAAACAGAGACTAAAGCAAGT
LC899187.1_L0_shared_seed_r0,LC899187.1,Pyropia akasakae,Red algae,LC899187.1,train,L0_shared_seed,30,1470,0,1042704280,ATGTCACCACAAACAGAGACTAAAGCAAGT
LC924737.1_L0_shared_seed_r0,LC924737.1,Conocephalum orientale,Liverworts,LC924737.1,train,L0_shared_seed,30,1470,0,4185211847,ATGTCACCACAAACAGAGACTAAAGCAAGT
LC924765.1_L0_shared_seed_r0,LC924765.1,Porella ulophylla,Liverworts,LC924765.1,train,L0_shared_seed,30,1470,0,1569628510,ATGTCACCACAAACAGAGACTAAAGCAAGT
LC924778.1_L0_shared_seed_r0,LC924778.1,Acrolejeunea pusilla,Liverworts,LC924778.1,train,L0_shared_seed,30,1470,0,3617983762,ATGTCACCACAAACAGAGACTAAAGCAAGT
LC924831.1_L0_shared_seed_r0,LC924831.1,Ceratodon purpureus,Mosses,LC924831.1,train,L0_shared_seed,30,1470,0,3829849864,ATGTCACCACAAACAGAGACTAAAGCAAGT
LC924878.1_L0_shared_seed_r0,LC924878.1,Orthotrichum consobrinum,Mosses,LC924878.1,val,L0_shared_seed,30,1470,0,2598229672,ATGTCACCACAAACAGAGACTAAAGCAAGT
LC924944.1_L0_shared_seed_r0,LC924944.1,Pylaisiadelpha yokohamae,Mosses,LC924944.1,train,L0_shared_seed,30,1470,0,3501988082,ATGTCACCACAAACAGAGACTAAAGCAAGT
LC924950.1_L0_shared_seed_r0,LC924950.1,Calohypnum plumiforme,Mosses,LC924950.1,val,L0_shared_seed,30,1470,0,1856590636,ATGTCACCACAAACAGAGACTAAAGCAAGT
LC924964.1_L0_shared_seed_r0,LC924964.1,Myuroclada maximowiczii,Mosses,LC924964.1,train,L0_shared_seed,30,1470,0,2111385897,ATGTCACCACAAACAGAGACTAAAGCAAGT
MG251837.1_L0_shared_seed_r0,MG251837.1,Hydroclathrus rapanuii,Brown algae,MG251837.1,train,L0_shared_seed,30,1470,0,3496133366,ATGTCACCACAAACAGAGACTAAAGCAAGT
MH172437.1_L0_shared_seed_r0,MH172437.1,Pectinopitys harmsiana,Conifers,MH172437.1,train,L0_shared_seed,30,1470,0,3907771672,ATGTCACCACAAACAGAGACTAAAGCAAGT
MH270460.1_L0_shared_seed_r0,MH270460.1,Macleaya microcarpa,Other angiosperms,MH270460.1,train,L0_shared_seed,30,1470,0,2243638405,ATGTCACCACAAACAGAGACTAAAGCAAGT
MH390671.1_L0_shared_seed_r0,MH390671.1,Quinchamalium chilense,Eudicots,MH390671.1,train,L0_shared_seed,30,1470,0,825644925,ATGTCACCACAAACAGAGACTAAAGCAAGT
MH390672.1_L0_shared_seed_r0,MH390672.1,Schoepfia schreberi,Eudicots,MH390672.1,train,L0_shared_seed,30,1470,0,1473420776,ATGTCACCACAAACAGAGACTAAAGCAAGT
MH545292.1_L0_shared_seed_r0,MH545292.1,Batophora occidentalis,Green algae,MH545292.1,train,L0_shared_seed,30,1470,0,1459713413,ATGTCACCACAAACAGAGACTAAAGCAAGT
MH545335.1_L0_shared_seed_r0,MH545335.1,Halicoryne sp. HV04044,Green algae,MH545335.1,train,L0_shared_seed,30,1470,0,3269573532,ATGTCACCACAAACAGAGACTAAAGCAAGT
MH616272.1_L0_shared_seed_r0,MH616272.1,Borya sphaerocephala,Monocots,MH616272.1,train,L0_shared_seed,30,1470,0,3169581967,ATGTCACCACAAACAGAGACTAAAGCAAGT
MH661965.1_L0_shared_seed_r0,MH661965.1,Epiblema grandiflorum,Monocots,MH661965.1,train,L0_shared_seed,30,1470,0,4159293192,ATGTCACCACAAACAGAGACTAAAGCAAGT
MK295219.1_L0_shared_seed_r0,MK295219.1,Chlorella sp. 64.01,Green algae,MK295219.1,train,L0_shared_seed,30,1470,0,3236590378,ATGTCACCACAAACAGAGACTAAAGCAAGT
MK295220.1_L0_shared_seed_r0,MK295220.1,Pseudochlorella pringsheimii,Green algae,MK295220.1,train,L0_shared_seed,30,1470,0,1988946260,ATGTCACCACAAACAGAGACTAAAGCAAGT
MK806439.1_L0_shared_seed_r0,MK806439.1,Lepisorus jakonensis,Ferns,MK806439.1,train,L0_shared_seed,30,1470,0,2214236320,ATGTCACCACAAACAGAGACTAAAGCAAGT
MN030175.1_L0_shared_seed_r0,MN030175.1,Botrypus virginianus,Ferns,MN030175.1,train,L0_shared_seed,30,1470,0,3236628743,ATGTCACCACAAACAGAGACTAAAGCAAGT
MN601490.1_L0_shared_seed_r0,MN601490.1,Clematis sp. DPP-2019a,Other angiosperms,MN601490.1,train,L0_shared_seed,30,1470,0,1716819881,ATGTCACCACAAACAGAGACTAAAGCAAGT
MN793055.1_L0_shared_seed_r0,MN793055.1,Chara vulgaris,Other green,MN793055.1,train,L0_shared_seed,30,1470,0,2112541786,ATGTCACCACAAACAGAGACTAAAGCAAGT
MT439865.1_L0_shared_seed_r0,MT439865.1,Glomerochrysis psammophila,SAR/other protist,MT439865.1,val,L0_shared_seed,30,1470,0,1709083467,ATGTCACCACAAACAGAGACTAAAGCAAGT
MW267923.1_L0_shared_seed_r0,MW267923.1,Zygnema circumcarinatum,Other green,MW267923.1,train,L0_shared_seed,30,1470,0,1988992360,ATGTCACCACAAACAGAGACTAAAGCAAGT
MW524049.1_L0_shared_seed_r0,MW524049.1,Dryopteris fragrans,Ferns,MW524049.1,train,L0_shared_seed,30,1470,0,132919138,ATGTCACCACAAACAGAGACTAAAGCAAGT
MZ133428.1_L0_shared_seed_r0,MZ133428.1,Corbierea radiosa,Green algae,MZ133428.1,train,L0_shared_seed,30,1470,0,3185271135,ATGTCACCACAAACAGAGACTAAAGCAAGT
MZ714562.1_L0_shared_seed_r0,MZ714562.1,Scutellaria indica var. tsusimensis,Eudicots,MZ714562.1,train,L0_shared_seed,30,1470,0,437040587,ATGTCACCACAAACAGAGACTAAAGCAAGT
OK588964.1_L0_shared_seed_r0,OK588964.1,Hydrocleys nymphoides,Monocots,OK588964.1,train,L0_shared_seed,30,1470,0,4219714672,ATGTCACCACAAACAGAGACTAAAGCAAGT
OK588972.1_L0_shared_seed_r0,OK588972.1,Baldellia ranunculoides,Monocots,OK588972.1,train,L0_shared_seed,30,1470,0,2894496757,ATGTCACCACAAACAGAGACTAAAGCAAGT
OK588984.1_L0_shared_seed_r0,OK588984.1,Echinodorus paniculatus,Monocots,OK588984.1,train,L0_shared_seed,30,1470,0,3578149903,ATGTCACCACAAACAGAGACTAAAGCAAGT
OK588986.1_L0_shared_seed_r0,OK588986.1,Helanthium bolivianum,Monocots,OK588986.1,train,L0_shared_seed,30,1470,0,3019763325,ATGTCACCACAAACAGAGACTAAAGCAAGT
OK588987.1_L0_shared_seed_r0,OK588987.1,Limnocharis flava,Monocots,OK588987.1,train,L0_shared_seed,30,1470,0,709419889,ATGTCACCACAAACAGAGACTAAAGCAAGT
OL504528.1_L0_shared_seed_r0,OL504528.1,Smilax weniae,Monocots,OL504528.1,train,L0_shared_seed,30,1470,0,1895280134,ATGTCACCACAAACAGAGACTAAAGCAAGT
ON568338.1_L0_shared_seed_r0,ON568338.1,Scytosiphon sp. Atlantic complex sp. 1,Brown algae,ON568338.1,test,L0_shared_seed,30,1470,0,3846083028,ATGTCACCACAAACAGAGACTAAAGCAAGT
ON684489.1_L0_shared_seed_r0,ON684489.1,Juniperus navicularis,Conifers,ON684489.1,train,L0_shared_seed,30,1470,0,22046981,ATGTCACCACAAACAGAGACTAAAGCAAGT
ON920851.1_L0_shared_seed_r0,ON920851.1,Pseudostaurastrum enorme,SAR/other protist,ON920851.1,train,L0_shared_seed,30,1470,0,1037851456,ATGTCACCACAAACAGAGACTAAAGCAAGT
ON933796.1_L0_shared_seed_r0,ON933796.1,Commiphora wightii,Eudicots,ON933796.1,train,L0_shared_seed,30,1470,0,1790830016,ATGTCACCACAAACAGAGACTAAAGCAAGT
OP237580.1_L0_shared_seed_r0,OP237580.1,Baolia bracteata,Eudicots,OP237580.1,train,L0_shared_seed,30,1470,0,2814655000,ATGTCACCACAAACAGAGACTAAAGCAAGT
OP330067.1_L0_shared_seed_r0,OP330067.1,Asplenium trichomanes,Ferns,OP330067.1,train,L0_shared_seed,30,1470,0,1552993154,ATGTCACCACAAACAGAGACTAAAGCAAGT
OQ863300.1_L0_shared_seed_r0,OQ863300.1,Laurencia catarinensis,Red algae,OQ863300.1,train,L0_shared_seed,30,1470,0,1167415931,ATGTCACCACAAACAGAGACTAAAGCAAGT
OQ863312.1_L0_shared_seed_r0,OQ863312.1,Laurencia sp. A25,Red algae,OQ863312.1,train,L0_shared_seed,30,1470,0,2256692404,ATGTCACCACAAACAGAGACTAAAGCAAGT
OQ868456.1_L0_shared_seed_r0,OQ868456.1,Pteris pseudowulaiensis,Ferns,OQ868456.1,train,L0_shared_seed,30,1470,0,954657915,ATGTCACCACAAACAGAGACTAAAGCAAGT
OR165438.1_L0_shared_seed_r0,OR165438.1,Cyanotis obtusa,Monocots,OR165438.1,test,L0_shared_seed,30,1470,0,3579020693,ATGTCACCACAAACAGAGACTAAAGCAAGT
OR165493.1_L0_shared_seed_r0,OR165493.1,Tradescantia fluminensis,Monocots,OR165493.1,train,L0_shared_seed,30,1470,0,2180627000,ATGTCACCACAAACAGAGACTAAAGCAAGT
OR359632.1_L0_shared_seed_r0,OR359632.1,Amoenothamnion planktonicum,Red algae,OR359632.1,train,L0_shared_seed,30,1470,0,3872227349,ATGTCACCACAAACAGAGACTAAAGCAAGT
PP263658.1_L0_shared_seed_r0,PP263658.1,Daphniphyllum macropodum subsp. humile,Eudicots,PP263658.1,val,L0_shared_seed,30,1470,0,3769914525,ATGTCACCACAAACAGAGACTAAAGCAAGT
PQ031122.1_L0_shared_seed_r0,PQ031122.1,Mallomonas flora,SAR/other protist,PQ031122.1,train,L0_shared_seed,30,1470,0,3625730514,ATGTCACCACAAACAGAGACTAAAGCAAGT
PQ031123.1_L0_shared_seed_r0,PQ031123.1,Mallomonas striata,SAR/other protist,PQ031123.1,train,L0_shared_seed,30,1470,0,554714095,ATGTCACCACAAACAGAGACTAAAGCAAGT
PQ031125.1_L0_shared_seed_r0,PQ031125.1,Mallomonas kalinae,SAR/other protist,PQ031125.1,train,L0_shared_seed,30,1470,0,1045077199,ATGTCACCACAAACAGAGACTAAAGCAAGT
PQ031131.1_L0_shared_seed_r0,PQ031131.1,Mallomonas annulata,SAR/other protist,PQ031131.1,train,L0_shared_seed,30,1470,0,1661795887,ATGTCACCACAAACAGAGACTAAAGCAAGT
PQ031145.1_L0_shared_seed_r0,PQ031145.1,Mallomonas splendens,SAR/other protist,PQ031145.1,val,L0_shared_seed,30,1470,0,1320787961,ATGTCACCACAAACAGAGACTAAAGCAAGT
PQ213023.1_L0_shared_seed_r0,PQ213023.1,Vaucheria litorea,SAR/other protist,PQ213023.1,train,L0_shared_seed,30,1470,0,1777310110,ATGTCACCACAAACAGAGACTAAAGCAAGT
PQ791840.1_L0_shared_seed_r0,PQ791840.1,Pelagomonas calceolata,SAR/other protist,PQ791840.1,train,L0_shared_seed,30,1470,0,2668742987,ATGTCACCACAAACAGAGACTAAAGCAAGT
PQ791846.1_L0_shared_seed_r0,PQ791846.1,Arachnochrysis pilardiaziae,SAR/other protist,PQ791846.1,train,L0_shared_seed,30,1470,0,60763145,ATGTCACCACAAACAGAGACTAAAGCAAGT
PV575775.1_L0_shared_seed_r0,PV575775.1,Sargassum hemiphyllum var. chinense,Brown algae,PV575775.1,train,L0_shared_seed,30,1470,0,3848798111,ATGTCACCACAAACAGAGACTAAAGCAAGT
PV999901.1_L0_shared_seed_r0,PV999901.1,Pseudoderbesia sp. HV-2025c,Green algae,PV999901.1,train,L0_shared_seed,30,1470,0,4060244775,ATGTCACCACAAACAGAGACTAAAGCAAGT
PV999913.1_L0_shared_seed_r0,PV999913.1,Pseudoderbesia epilithica,Green algae,PV999913.1,train,L0_shared_seed,30,1470,0,1488707049,ATGTCACCACAAACAGAGACTAAAGCAAGT
PX743792.1_L0_shared_seed_r0,PX743792.1,Stemona parviflora,Monocots,PX743792.1,val,L0_shared_seed,30,1470,0,1908848256,ATGTCACCACAAACAGAGACTAAAGCAAGT
PX743818.1_L0_shared_seed_r0,PX743818.1,Corydalis caudata,Other angiosperms,PX743818.1,train,L0_shared_seed,30,1470,0,1420728763,ATGTCACCACAAACAGAGACTAAAGCAAGT
PX743828.1_L0_shared_seed_r0,PX743828.1,Arcangelisia gusanlung,Other angiosperms,PX743828.1,train,L0_shared_seed,30,1470,0,4052007153,ATGTCACCACAAACAGAGACTAAAGCAAGT
PX743839.1_L0_shared_seed_r0,PX743839.1,Thalictrum fortunei,Other angiosperms,PX743839.1,test,L0_shared_seed,30,1470,0,1907873703,ATGTCACCACAAACAGAGACTAAAGCAAGT
PX743843.1_L0_shared_seed_r0,PX743843.1,Sabia discolor,Other angiosperms,PX743843.1,train,L0_shared_seed,30,1470,0,2845580966,ATGTCACCACAAACAGAGACTAAAGCAAGT
PX743855.1_L0_shared_seed_r0,PX743855.1,Saxifraga unguiculata,Eudicots,PX743855.1,test,L0_shared_seed,30,1470,0,3206398672,ATGTCACCACAAACAGAGACTAAAGCAAGT
PX743950.1_L0_shared_seed_r0,PX743950.1,Myrica nana,Eudicots,PX743950.1,train,L0_shared_seed,30,1470,0,2639714188,ATGTCACCACAAACAGAGACTAAAGCAAGT
PX743996.1_L0_shared_seed_r0,PX743996.1,Acalypha matsudae,Eudicots,PX743996.1,train,L0_shared_seed,30,1470,0,261011545,ATGTCACCACAAACAGAGACTAAAGCAAGT
PX743998.1_L0_shared_seed_r0,PX743998.1,Falconeria insignis,Eudicots,PX743998.1,train,L0_shared_seed,30,1470,0,1898412803,ATGTCACCACAAACAGAGACTAAAGCAAGT
PX744014.1_L0_shared_seed_r0,PX744014.1,Fordiophyton faberi,Eudicots,PX744014.1,train,L0_shared_seed,30,1470,0,2285561542,ATGTCACCACAAACAGAGACTAAAGCAAGT
PX744018.1_L0_shared_seed_r0,PX744018.1,Acer albopurpurascens,Eudicots,PX744018.1,test,L0_shared_seed,30,1470,0,1197618494,ATGTCACCACAAACAGAGACTAAAGCAAGT
PX744022.1_L0_shared_seed_r0,PX744022.1,Lepisanthes hainanensis,Eudicots,PX744022.1,train,L0_shared_seed,30,1470,0,1529627535,ATGTCACCACAAACAGAGACTAAAGCAAGT
PX744047.1_L0_shared_seed_r0,PX744047.1,Buckleya henryi,Eudicots,PX744047.1,val,L0_shared_seed,30,1470,0,1235749580,ATGTCACCACAAACAGAGACTAAAGCAAGT
PX744060.1_L0_shared_seed_r0,PX744060.1,Arthrophytum longibracteatum,Eudicots,PX744060.1,train,L0_shared_seed,30,1470,0,3450395242,ATGTCACCACAAACAGAGACTAAAGCAAGT
PX744100.1_L0_shared_seed_r0,PX744100.1,Ardisia brevicaulis,Eudicots,PX744100.1,train,L0_shared_seed,30,1470,0,1374025906,ATGTCACCACAAACAGAGACTAAAGCAAGT
PX744121.1_L0_shared_seed_r0,PX744121.1,Rhododendron declivatum,Eudicots,PX744121.1,train,L0_shared_seed,30,1470,0,1289771318,ATGTCACCACAAACAGAGACTAAAGCAAGT
PX744240.1_L0_shared_seed_r0,PX744240.1,Pedicularis ikomai,Eudicots,PX744240.1,train,L0_shared_seed,30,1470,0,3647384386,ATGTCACCACAAACAGAGACTAAAGCAAGT
PX744248.1_L0_shared_seed_r0,PX744248.1,Adenophora wulingshanica,Eudicots,PX744248.1,train,L0_shared_seed,30,1470,0,2292455806,ATGTCACCACAAACAGAGACTAAAGCAAGT
PX744249.1_L0_shared_seed_r0,PX744249.1,Pentaphragma spicatum,Eudicots,PX744249.1,train,L0_shared_seed,30,1470,0,2779472774,ATGTCACCACAAACAGAGACTAAAGCAAGT
PX744267.1_L0_shared_seed_r0,PX744267.1,Leontopodium smithianum,Eudicots,PX744267.1,train,L0_shared_seed,30,1470,0,1828409860,ATGTCACCACAAACAGAGACTAAAGCAAGT
PX744315.1_L0_shared_seed_r0,PX744315.1,Platostoma hispidum,Eudicots,PX744315.1,train,L0_shared_seed,30,1470,0,2597954247,ATGTCACCACAAACAGAGACTAAAGCAAGT
PX744322.1_L0_shared_seed_r0,PX744322.1,Allmania nodiflora,Eudicots,PX744322.1,train,L0_shared_seed,30,1470,0,1961585099,ATGTCACCACAAACAGAGACTAAAGCAAGT
PX924757.1_L0_shared_seed_r0,PX924757.1,Augea capensis,Eudicots,PX924757.1,train,L0_shared_seed,30,1470,0,3472278185,ATGTCACCACAAACAGAGACTAAAGCAAGT
PZ584713.1_L0_shared_seed_r0,PZ584713.1,Paulinella sp. B8128-1,SAR/other protist,PZ584713.1,train,L0_shared_seed,30,1470,0,3512915750,ATGTCACCACAAACAGAGACTAAAGCAAGT
AB050950.1_L0_shared_seed_r1,AB050950.1,Filibryum ogatae,Mosses,AB050950.1,train,L0_shared_seed,30,1470,1,2523381539,ATGTCACCACAAACAGAGACTAAAGCAAGT
AB071411.1_L0_shared_seed_r1,AB071411.1,Mastopoma subfiliferum,Mosses,AB071411.1,train,L0_shared_seed,30,1470,1,509023447,ATGTCACCACAAACAGAGACTAAAGCAAGT
AB159651.1_L0_shared_seed_r1,AB159651.1,Thorea gaudichaudii,Red algae,AB159651.1,train,L0_shared_seed,30,1470,1,2591538481,ATGTCACCACAAACAGAGACTAAAGCAAGT
AB159659.1_L0_shared_seed_r1,AB159659.1,Nemalionopsis tortuosa,Red algae,AB159659.1,train,L0_shared_seed,30,1470,1,2340403726,ATGTCACCACAAACAGAGACTAAAGCAAGT
AB540047.1_L0_shared_seed_r1,AB540047.1,Gloiopeltis sp. Nomozaki/2003,Red algae,AB540047.1,train,L0_shared_seed,30,1470,1,2899245449,ATGTCACCACAAACAGAGACTAAAGCAAGT
AB540051.1_L0_shared_seed_r1,AB540051.1,Gloiopeltis complanata,Red algae,AB540051.1,test,L0_shared_seed,30,1470,1,2552448184,ATGTCACCACAAACAGAGACTAAAGCAAGT
AB540052.1_L0_shared_seed_r1,AB540052.1,Gloiopeltis complanata,Red algae,AB540052.1,train,L0_shared_seed,30,1470,1,2961735948,ATGTCACCACAAACAGAGACTAAAGCAAGT
AB853073.1_L0_shared_seed_r1,AB853073.1,Hypnodontopsis apiculatus,Mosses,AB853073.1,train,L0_shared_seed,30,1470,1,3306556247,ATGTCACCACAAACAGAGACTAAAGCAAGT
AB853079.1_L0_shared_seed_r1,AB853079.1,Timmiella anomala,Mosses,AB853079.1,train,L0_shared_seed,30,1470,1,3708961432,ATGTCACCACAAACAGAGACTAAAGCAAGT
AB970712.1_L0_shared_seed_r1,AB970712.1,Clastobryellina orientalis,Mosses,AB970712.1,train,L0_shared_seed,30,1470,1,2593532809,ATGTCACCACAAACAGAGACTAAAGCAAGT
AY346095.1_L0_shared_seed_r1,AY346095.1,Acanthorrhynchium papillatum,Mosses,AY346095.1,train,L0_shared_seed,30,1470,1,848683824,ATGTCACCACAAACAGAGACTAAAGCAAGT
AY858644.1_L0_shared_seed_r1,AY858644.1,Platanus orientalis,Other angiosperms,AY858644.1,test,L0_shared_seed,30,1470,1,4040570721,ATGTCACCACAAACAGAGACTAAAGCAAGT
AY996366.1_L0_shared_seed_r1,AY996366.1,Spermatochnus paradoxus,Brown algae,AY996366.1,train,L0_shared_seed,30,1470,1,413290651,ATGTCACCACAAACAGAGACTAAAGCAAGT
EF547818.1_L0_shared_seed_r1,EF547818.1,Aneura sp. Shaw 702,Liverworts,EF547818.1,train,L0_shared_seed,30,1470,1,4254900538,ATGTCACCACAAACAGAGACTAAAGCAAGT
EF658643.1_L0_shared_seed_r1,EF658643.1,Laurencia intricata,Red algae,EF658643.1,train,L0_shared_seed,30,1470,1,2250943029,ATGTCACCACAAACAGAGACTAAAGCAAGT
EU713367.1_L0_shared_seed_r1,EU713367.1,Legousia pentagonia,Eudicots,EU713367.1,train,L0_shared_seed,30,1470,1,216641225,ATGTCACCACAAACAGAGACTAAAGCAAGT
FJ438476.1_L0_shared_seed_r1,FJ438476.1,Haematococcus lacustris,Green algae,FJ438476.1,val,L0_shared_seed,30,1470,1,391713890,ATGTCACCACAAACAGAGACTAAAGCAAGT
KT693213.1_L0_shared_seed_r1,KT693213.1,Hormotilopsis gelatinosa,Green algae,KT693213.1,train,L0_shared_seed,30,1470,1,476346629,ATGTCACCACAAACAGAGACTAAAGCAAGT
KU645801.1_L0_shared_seed_r1,KU645801.1,Passiflora quadrangularis,Eudicots,KU645801.1,train,L0_shared_seed,30,1470,1,2187302622,ATGTCACCACAAACAGAGACTAAAGCAAGT
KU645803.1_L0_shared_seed_r1,KU645803.1,Cananga odorata,Other angiosperms,KU645803.1,train,L0_shared_seed,30,1470,1,4067788493,ATGTCACCACAAACAGAGACTAAAGCAAGT
KU645804.1_L0_shared_seed_r1,KU645804.1,Asimina incana,Other angiosperms,KU645804.1,val,L0_shared_seed,30,1470,1,3186454985,ATGTCACCACAAACAGAGACTAAAGCAAGT
LC060504.1_L0_shared_seed_r1,LC060504.1,Acinetospora filamentosa,Brown algae,LC060504.1,train,L0_shared_seed,30,1470,1,4246474124,ATGTCACCACAAACAGAGACTAAAGCAAGT
LC060517.1_L0_shared_seed_r1,LC060517.1,Acinetospora asiatica,Brown algae,LC060517.1,train,L0_shared_seed,30,1470,1,2602065445,ATGTCACCACAAACAGAGACTAAAGCAAGT
LC145073.1_L0_shared_seed_r1,LC145073.1,Haplomitrium hookeri,Liverworts,LC145073.1,val,L0_shared_seed,30,1470,1,3388371705,ATGTCACCACAAACAGAGACTAAAGCAAGT
LC176260.1_L0_shared_seed_r1,LC176260.1,Weisiopsis anomala,Mosses,LC176260.1,val,L0_shared_seed,30,1470,1,1095600930,ATGTCACCACAAACAGAGACTAAAGCAAGT
LC200423.1_L0_shared_seed_r1,LC200423.1,Selenastrum capricornutum,Green algae,LC200423.1,val,L0_shared_seed,30,1470,1,4264608107,ATGTCACCACAAACAGAGACTAAAGCAAGT
LC270392.1_L0_shared_seed_r1,LC270392.1,Pohlia annotina,Mosses,LC270392.1,test,L0_shared_seed,30,1470,1,835776496,ATGTCACCACAAACAGAGACTAAAGCAAGT
LC272005.1_L0_shared_seed_r1,LC272005.1,Fissidens subangustus,Mosses,LC272005.1,train,L0_shared_seed,30,1470,1,2264763633,ATGTCACCACAAACAGAGACTAAAGCAAGT
LC376047.1_L0_shared_seed_r1,LC376047.1,Hattoria yakushimensis,Liverworts,LC376047.1,train,L0_shared_seed,30,1470,1,2658062840,ATGTCACCACAAACAGAGACTAAAGCAAGT
LC493039.1_L0_shared_seed_r1,LC493039.1,Colpomenia borea,Brown algae,LC493039.1,train,L0_shared_seed,30,1470,1,4224764083,ATGTCACCACAAACAGAGACTAAAGCAAGT
LC723702.1_L0_shared_seed_r1,LC723702.1,Schistochila sciurea,Liverworts,LC723702.1,train,L0_shared_seed,30,1470,1,3404907504,ATGTCACCACAAACAGAGACTAAAGCAAGT
LC735540.1_L0_shared_seed_r1,LC735540.1,Centella asiatica,Eudicots,LC735540.1,train,L0_shared_seed,30,1470,1,1465151000,ATGTCACCACAAACAGAGACTAAAGCAAGT
LC791202.1_L0_shared_seed_r1,LC791202.1,Pleurozia subinflata,Liverworts,LC791202.1,val,L0_shared_seed,30,1470,1,1126951430,ATGTCACCACAAACAGAGACTAAAGCAAGT
LC858738.1_L0_shared_seed_r1,LC858738.1,Cyathodium tuberosum,Liverworts,LC858738.1,train,L0_shared_seed,30,1470,1,1492679992,ATGTCACCACAAACAGAGACTAAAGCAAGT
LC858740.1_L0_shared_seed_r1,LC858740.1,Cyathodium cavernarum,Liverworts,LC858740.1,train,L0_shared_seed,30,1470,1,2520380429,ATGTCACCACAAACAGAGACTAAAGCAAGT
LC859596.1_L0_shared_seed_r1,LC859596.1,Trichocolea japonica,Liverworts,LC859596.1,train,L0_shared_seed,30,1470,1,2689560111,ATGTCACCACAAACAGAGACTAAAGCAAGT
LC884819.1_L0_shared_seed_r1,LC884819.1,Cyanidium caldarium,Red algae,LC884819.1,train,L0_shared_seed,30,1470,1,3101591036,ATGTCACCACAAACAGAGACTAAAGCAAGT
LC899187.1_L0_shared_seed_r1,LC899187.1,Pyropia akasakae,Red algae,LC899187.1,train,L0_shared_seed,30,1470,1,2303072209,ATGTCACCACAAACAGAGACTAAAGCAAGT
LC924737.1_L0_shared_seed_r1,LC924737.1,Conocephalum orientale,Liverworts,LC924737.1,train,L0_shared_seed,30,1470,1,1972601196,ATGTCACCACAAACAGAGACTAAAGCAAGT
LC924765.1_L0_shared_seed_r1,LC924765.1,Porella ulophylla,Liverworts,LC924765.1,train,L0_shared_seed,30,1470,1,2020733714,ATGTCACCACAAACAGAGACTAAAGCAAGT
LC924778.1_L0_shared_seed_r1,LC924778.1,Acrolejeunea pusilla,Liverworts,LC924778.1,train,L0_shared_seed,30,1470,1,3654278366,ATGTCACCACAAACAGAGACTAAAGCAAGT
LC924831.1_L0_shared_seed_r1,LC924831.1,Ceratodon purpureus,Mosses,LC924831.1,train,L0_shared_seed,30,1470,1,3902069,ATGTCACCACAAACAGAGACTAAAGCAAGT
LC924878.1_L0_shared_seed_r1,LC924878.1,Orthotrichum consobrinum,Mosses,LC924878.1,val,L0_shared_seed,30,1470,1,4254634181,ATGTCACCACAAACAGAGACTAAAGCAAGT
LC924944.1_L0_shared_seed_r1,LC924944.1,Pylaisiadelpha yokohamae,Mosses,LC924944.1,train,L0_shared_seed,30,1470,1,778038226,ATGTCACCACAAACAGAGACTAAAGCAAGT
LC924950.1_L0_shared_seed_r1,LC924950.1,Calohypnum plumiforme,Mosses,LC924950.1,val,L0_shared_seed,30,1470,1,2885590483,ATGTCACCACAAACAGAGACTAAAGCAAGT
LC924964.1_L0_shared_seed_r1,LC924964.1,Myuroclada maximowiczii,Mosses,LC924964.1,train,L0_shared_seed,30,1470,1,805094967,ATGTCACCACAAACAGAGACTAAAGCAAGT
MG251837.1_L0_shared_seed_r1,MG251837.1,Hydroclathrus rapanuii,Brown algae,MG251837.1,train,L0_shared_seed,30,1470,1,2183382088,ATGTCACCACAAACAGAGACTAAAGCAAGT
MH172437.1_L0_shared_seed_r1,MH172437.1,Pectinopitys harmsiana,Conifers,MH172437.1,train,L0_shared_seed,30,1470,1,3304941130,ATGTCACCACAAACAGAGACTAAAGCAAGT
MH270460.1_L0_shared_seed_r1,MH270460.1,Macleaya microcarpa,Other angiosperms,MH270460.1,train,L0_shared_seed,30,1470,1,2504091304,ATGTCACCACAAACAGAGACTAAAGCAAGT
MH390671.1_L0_shared_seed_r1,MH390671.1,Quinchamalium chilense,Eudicots,MH390671.1,train,L0_shared_seed,30,1470,1,1874451064,ATGTCACCACAAACAGAGACTAAAGCAAGT
MH390672.1_L0_shared_seed_r1,MH390672.1,Schoepfia schreberi,Eudicots,MH390672.1,train,L0_shared_seed,30,1470,1,2170645860,ATGTCACCACAAACAGAGACTAAAGCAAGT
MH545292.1_L0_shared_seed_r1,MH545292.1,Batophora occidentalis,Green algae,MH545292.1,train,L0_shared_seed,30,1470,1,1019089814,ATGTCACCACAAACAGAGACTAAAGCAAGT
MH545335.1_L0_shared_seed_r1,MH545335.1,Halicoryne sp. HV04044,Green algae,MH545335.1,train,L0_shared_seed,30,1470,1,1929013750,ATGTCACCACAAACAGAGACTAAAGCAAGT
MH616272.1_L0_shared_seed_r1,MH616272.1,Borya sphaerocephala,Monocots,MH616272.1,train,L0_shared_seed,30,1470,1,3478723272,ATGTCACCACAAACAGAGACTAAAGCAAGT
MH661965.1_L0_shared_seed_r1,MH661965.1,Epiblema grandiflorum,Monocots,MH661965.1,train,L0_shared_seed,30,1470,1,2396690414,ATGTCACCACAAACAGAGACTAAAGCAAGT
MK295219.1_L0_shared_seed_r1,MK295219.1,Chlorella sp. 64.01,Green algae,MK295219.1,train,L0_shared_seed,30,1470,1,3365651521,ATGTCACCACAAACAGAGACTAAAGCAAGT
MK295220.1_L0_shared_seed_r1,MK295220.1,Pseudochlorella pringsheimii,Green algae,MK295220.1,train,L0_shared_seed,30,1470,1,3948346982,ATGTCACCACAAACAGAGACTAAAGCAAGT
MK806439.1_L0_shared_seed_r1,MK806439.1,Lepisorus jakonensis,Ferns,MK806439.1,train,L0_shared_seed,30,1470,1,534741442,ATGTCACCACAAACAGAGACTAAAGCAAGT
MN030175.1_L0_shared_seed_r1,MN030175.1,Botrypus virginianus,Ferns,MN030175.1,train,L0_shared_seed,30,1470,1,1247511673,ATGTCACCACAAACAGAGACTAAAGCAAGT
MN601490.1_L0_shared_seed_r1,MN601490.1,Clematis sp. DPP-2019a,Other angiosperms,MN601490.1,train,L0_shared_seed,30,1470,1,3999560832,ATGTCACCACAAACAGAGACTAAAGCAAGT
MN793055.1_L0_shared_seed_r1,MN793055.1,Chara vulgaris,Other green,MN793055.1,train,L0_shared_seed,30,1470,1,28830225,ATGTCACCACAAACAGAGACTAAAGCAAGT
MT439865.1_L0_shared_seed_r1,MT439865.1,Glomerochrysis psammophila,SAR/other protist,MT439865.1,val,L0_shared_seed,30,1470,1,4209726157,ATGTCACCACAAACAGAGACTAAAGCAAGT
MW267923.1_L0_shared_seed_r1,MW267923.1,Zygnema circumcarinatum,Other green,MW267923.1,train,L0_shared_seed,30,1470,1,1945494757,ATGTCACCACAAACAGAGACTAAAGCAAGT
MW524049.1_L0_shared_seed_r1,MW524049.1,Dryopteris fragrans,Ferns,MW524049.1,train,L0_shared_seed,30,1470,1,4256105513,ATGTCACCACAAACAGAGACTAAAGCAAGT
MZ133428.1_L0_shared_seed_r1,MZ133428.1,Corbierea radiosa,Green algae,MZ133428.1,train,L0_shared_seed,30,1470,1,571059739,ATGTCACCACAAACAGAGACTAAAGCAAGT
MZ714562.1_L0_shared_seed_r1,MZ714562.1,Scutellaria indica var. tsusimensis,Eudicots,MZ714562.1,train,L0_shared_seed,30,1470,1,1571553601,ATGTCACCACAAACAGAGACTAAAGCAAGT
OK588964.1_L0_shared_seed_r1,OK588964.1,Hydrocleys nymphoides,Monocots,OK588964.1,train,L0_shared_seed,30,1470,1,4180233853,ATGTCACCACAAACAGAGACTAAAGCAAGT
OK588972.1_L0_shared_seed_r1,OK588972.1,Baldellia ranunculoides,Monocots,OK588972.1,train,L0_shared_seed,30,1470,1,4060483839,ATGTCACCACAAACAGAGACTAAAGCAAGT
OK588984.1_L0_shared_seed_r1,OK588984.1,Echinodorus paniculatus,Monocots,OK588984.1,train,L0_shared_seed,30,1470,1,2926066639,ATGTCACCACAAACAGAGACTAAAGCAAGT
OK588986.1_L0_shared_seed_r1,OK588986.1,Helanthium bolivianum,Monocots,OK588986.1,train,L0_shared_seed,30,1470,1,1699401983,ATGTCACCACAAACAGAGACTAAAGCAAGT
OK588987.1_L0_shared_seed_r1,OK588987.1,Limnocharis flava,Monocots,OK588987.1,train,L0_shared_seed,30,1470,1,2668034790,ATGTCACCACAAACAGAGACTAAAGCAAGT
OL504528.1_L0_shared_seed_r1,OL504528.1,Smilax weniae,Monocots,OL504528.1,train,L0_shared_seed,30,1470,1,3631006170,ATGTCACCACAAACAGAGACTAAAGCAAGT
ON568338.1_L0_shared_seed_r1,ON568338.1,Scytosiphon sp. Atlantic complex sp. 1,Brown algae,ON568338.1,test,L0_shared_seed,30,1470,1,2597199032,ATGTCACCACAAACAGAGACTAAAGCAAGT
ON684489.1_L0_shared_seed_r1,ON684489.1,Juniperus navicularis,Conifers,ON684489.1,train,L0_shared_seed,30,1470,1,1145817523,ATGTCACCACAAACAGAGACTAAAGCAAGT
ON920851.1_L0_shared_seed_r1,ON920851.1,Pseudostaurastrum enorme,SAR/other protist,ON920851.1,train,L0_shared_seed,30,1470,1,889786053,ATGTCACCACAAACAGAGACTAAAGCAAGT
ON933796.1_L0_shared_seed_r1,ON933796.1,Commiphora wightii,Eudicots,ON933796.1,train,L0_shared_seed,30,1470,1,3180387160,ATGTCACCACAAACAGAGACTAAAGCAAGT
OP237580.1_L0_shared_seed_r1,OP237580.1,Baolia bracteata,Eudicots,OP237580.1,train,L0_shared_seed,30,1470,1,2425483496,ATGTCACCACAAACAGAGACTAAAGCAAGT
OP330067.1_L0_shared_seed_r1,OP330067.1,Asplenium trichomanes,Ferns,OP330067.1,train,L0_shared_seed,30,1470,1,2812745080,ATGTCACCACAAACAGAGACTAAAGCAAGT
OQ863300.1_L0_shared_seed_r1,OQ863300.1,Laurencia catarinensis,Red algae,OQ863300.1,train,L0_shared_seed,30,1470,1,985436968,ATGTCACCACAAACAGAGACTAAAGCAAGT
OQ863312.1_L0_shared_seed_r1,OQ863312.1,Laurencia sp. A25,Red algae,OQ863312.1,train,L0_shared_seed,30,1470,1,3839375273,ATGTCACCACAAACAGAGACTAAAGCAAGT
OQ868456.1_L0_shared_seed_r1,OQ868456.1,Pteris pseudowulaiensis,Ferns,OQ868456.1,train,L0_shared_seed,30,1470,1,954508459,ATGTCACCACAAACAGAGACTAAAGCAAGT
OR165438.1_L0_shared_seed_r1,OR165438.1,Cyanotis obtusa,Monocots,OR165438.1,test,L0_shared_seed,30,1470,1,1061790514,ATGTCACCACAAACAGAGACTAAAGCAAGT
OR165493.1_L0_shared_seed_r1,OR165493.1,Tradescantia fluminensis,Monocots,OR165493.1,train,L0_shared_seed,30,1470,1,2044594177,ATGTCACCACAAACAGAGACTAAAGCAAGT
OR359632.1_L0_shared_seed_r1,OR359632.1,Amoenothamnion planktonicum,Red algae,OR359632.1,train,L0_shared_seed,30,1470,1,13713835,ATGTCACCACAAACAGAGACTAAAGCAAGT
PP263658.1_L0_shared_seed_r1,PP263658.1,Daphniphyllum macropodum subsp. humile,Eudicots,PP263658.1,val,L0_shared_seed,30,1470,1,3573377372,ATGTCACCACAAACAGAGACTAAAGCAAGT
PQ031122.1_L0_shared_seed_r1,PQ031122.1,Mallomonas flora,SAR/other protist,PQ031122.1,train,L0_shared_seed,30,1470,1,1333918149,ATGTCACCACAAACAGAGACTAAAGCAAGT
PQ031123.1_L0_shared_seed_r1,PQ031123.1,Mallomonas striata,SAR/other protist,PQ031123.1,train,L0_shared_seed,30,1470,1,2287209721,ATGTCACCACAAACAGAGACTAAAGCAAGT
PQ031125.1_L0_shared_seed_r1,PQ031125.1,Mallomonas kalinae,SAR/other protist,PQ031125.1,train,L0_shared_seed,30,1470,1,1175062849,ATGTCACCACAAACAGAGACTAAAGCAAGT
PQ031131.1_L0_shared_seed_r1,PQ031131.1,Mallomonas annulata,SAR/other protist,PQ031131.1,train,L0_shared_seed,30,1470,1,1286853146,ATGTCACCACAAACAGAGACTAAAGCAAGT
PQ031145.1_L0_shared_seed_r1,PQ031145.1,Mallomonas splendens,SAR/other protist,PQ031145.1,val,L0_shared_seed,30,1470,1,1257953898,ATGTCACCACAAACAGAGACTAAAGCAAGT
PQ213023.1_L0_shared_seed_r1,PQ213023.1,Vaucheria litorea,SAR/other protist,PQ213023.1,train,L0_shared_seed,30,1470,1,1693209040,ATGTCACCACAAACAGAGACTAAAGCAAGT
PQ791840.1_L0_shared_seed_r1,PQ791840.1,Pelagomonas calceolata,SAR/other protist,PQ791840.1,train,L0_shared_seed,30,1470,1,2405738807,ATGTCACCACAAACAGAGACTAAAGCAAGT
PQ791846.1_L0_shared_seed_r1,PQ791846.1,Arachnochrysis pilardiaziae,SAR/other protist,PQ791846.1,train,L0_shared_seed,30,1470,1,3207113148,ATGTCACCACAAACAGAGACTAAAGCAAGT
PV575775.1_L0_shared_seed_r1,PV575775.1,Sargassum hemiphyllum var. chinense,Brown algae,PV575775.1,train,L0_shared_seed,30,1470,1,3859498678,ATGTCACCACAAACAGAGACTAAAGCAAGT
PV999901.1_L0_shared_seed_r1,PV999901.1,Pseudoderbesia sp. HV-2025c,Green algae,PV999901.1,train,L0_shared_seed,30,1470,1,4204080947,ATGTCACCACAAACAGAGACTAAAGCAAGT
PV999913.1_L0_shared_seed_r1,PV999913.1,Pseudoderbesia epilithica,Green algae,PV999913.1,train,L0_shared_seed,30,1470,1,96071281,ATGTCACCACAAACAGAGACTAAAGCAAGT
PX743792.1_L0_shared_seed_r1,PX743792.1,Stemona parviflora,Monocots,PX743792.1,val,L0_shared_seed,30,1470,1,1769591865,ATGTCACCACAAACAGAGACTAAAGCAAGT
PX743818.1_L0_shared_seed_r1,PX743818.1,Corydalis caudata,Other angiosperms,PX743818.1,train,L0_shared_seed,30,1470,1,1878644847,ATGTCACCACAAACAGAGACTAAAGCAAGT
PX743828.1_L0_shared_seed_r1,PX743828.1,Arcangelisia gusanlung,Other angiosperms,PX743828.1,train,L0_shared_seed,30,1470,1,2861473254,ATGTCACCACAAACAGAGACTAAAGCAAGT
PX743839.1_L0_shared_seed_r1,PX743839.1,Thalictrum fortunei,Other angiosperms,PX743839.1,test,L0_shared_seed,30,1470,1,281260351,ATGTCACCACAAACAGAGACTAAAGCAAGT
PX743843.1_L0_shared_seed_r1,PX743843.1,Sabia discolor,Other angiosperms,PX743843.1,train,L0_shared_seed,30,1470,1,4136280813,ATGTCACCACAAACAGAGACTAAAGCAAGT
PX743855.1_L0_shared_seed_r1,PX743855.1,Saxifraga unguiculata,Eudicots,PX743855.1,test,L0_shared_seed,30,1470,1,4095345852,ATGTCACCACAAACAGAGACTAAAGCAAGT
PX743950.1_L0_shared_seed_r1,PX743950.1,Myrica nana,Eudicots,PX743950.1,train,L0_shared_seed,30,1470,1,1404579777,ATGTCACCACAAACAGAGACTAAAGCAAGT
PX743996.1_L0_shared_seed_r1,PX743996.1,Acalypha matsudae,Eudicots,PX743996.1,train,L0_shared_seed,30,1470,1,4134819671,ATGTCACCACAAACAGAGACTAAAGCAAGT
PX743998.1_L0_shared_seed_r1,PX743998.1,Falconeria insignis,Eudicots,PX743998.1,train,L0_shared_seed,30,1470,1,2468166052,ATGTCACCACAAACAGAGACTAAAGCAAGT
PX744014.1_L0_shared_seed_r1,PX744014.1,Fordiophyton faberi,Eudicots,PX744014.1,train,L0_shared_seed,30,1470,1,304851946,ATGTCACCACAAACAGAGACTAAAGCAAGT
PX744018.1_L0_shared_seed_r1,PX744018.1,Acer albopurpurascens,Eudicots,PX744018.1,test,L0_shared_seed,30,1470,1,3157101827,ATGTCACCACAAACAGAGACTAAAGCAAGT
PX744022.1_L0_shared_seed_r1,PX744022.1,Lepisanthes hainanensis,Eudicots,PX744022.1,train,L0_shared_seed,30,1470,1,244828544,ATGTCACCACAAACAGAGACTAAAGCAAGT
PX744047.1_L0_shared_seed_r1,PX744047.1,Buckleya henryi,Eudicots,PX744047.1,val,L0_shared_seed,30,1470,1,4202466174,ATGTCACCACAAACAGAGACTAAAGCAAGT
PX744060.1_L0_shared_seed_r1,PX744060.1,Arthrophytum longibracteatum,Eudicots,PX744060.1,train,L0_shared_seed,30,1470,1,4227071100,ATGTCACCACAAACAGAGACTAAAGCAAGT
PX744100.1_L0_shared_seed_r1,PX744100.1,Ardisia brevicaulis,Eudicots,PX744100.1,train,L0_shared_seed,30,1470,1,1542859450,ATGTCACCACAAACAGAGACTAAAGCAAGT
PX744121.1_L0_shared_seed_r1,PX744121.1,Rhododendron declivatum,Eudicots,PX744121.1,train,L0_shared_seed,30,1470,1,2592318517,ATGTCACCACAAACAGAGACTAAAGCAAGT
PX744240.1_L0_shared_seed_r1,PX744240.1,Pedicularis ikomai,Eudicots,PX744240.1,train,L0_shared_seed,30,1470,1,2099603509,ATGTCACCACAAACAGAGACTAAAGCAAGT
PX744248.1_L0_shared_seed_r1,PX744248.1,Adenophora wulingshanica,Eudicots,PX744248.1,train,L0_shared_seed,30,1470,1,3007977570,ATGTCACCACAAACAGAGACTAAAGCAAGT
PX744249.1_L0_shared_seed_r1,PX744249.1,Pentaphragma spicatum,Eudicots,PX744249.1,train,L0_shared_seed,30,1470,1,2841214307,ATGTCACCACAAACAGAGACTAAAGCAAGT
PX744267.1_L0_shared_seed_r1,PX744267.1,Leontopodium smithianum,Eudicots,PX744267.1,train,L0_shared_seed,30,1470,1,562684946,ATGTCACCACAAACAGAGACTAAAGCAAGT
PX744315.1_L0_shared_seed_r1,PX744315.1,Platostoma hispidum,Eudicots,PX744315.1,train,L0_shared_seed,30,1470,1,658939437,ATGTCACCACAAACAGAGACTAAAGCAAGT
PX744322.1_L0_shared_seed_r1,PX744322.1,Allmania nodiflora,Eudicots,PX744322.1,train,L0_shared_seed,30,1470,1,3694743315,ATGTCACCACAAACAGAGACTAAAGCAAGT
PX924757.1_L0_shared_seed_r1,PX924757.1,Augea capensis,Eudicots,PX924757.1,train,L0_shared_seed,30,1470,1,4006169665,ATGTCACCACAAACAGAGACTAAAGCAAGT
PZ584713.1_L0_shared_seed_r1,PZ584713.1,Paulinella sp. B8128-1,SAR/other protist,PZ584713.1,train,L0_shared_seed,30,1470,1,1331363677,ATGTCACCACAAACAGAGACTAAAGCAAGT
AB050950.1_L0_shared_seed_r2,AB050950.1,Filibryum ogatae,Mosses,AB050950.1,train,L0_shared_seed,30,1470,2,940790086,ATGTCACCACAAACAGAGACTAAAGCAAGT
AB071411.1_L0_shared_seed_r2,AB071411.1,Mastopoma subfiliferum,Mosses,AB071411.1,train,L0_shared_seed,30,1470,2,2916950926,ATGTCACCACAAACAGAGACTAAAGCAAGT
AB159651.1_L0_shared_seed_r2,AB159651.1,Thorea gaudichaudii,Red algae,AB159651.1,train,L0_shared_seed,30,1470,2,732041605,ATGTCACCACAAACAGAGACTAAAGCAAGT
AB159659.1_L0_shared_seed_r2,AB159659.1,Nemalionopsis tortuosa,Red algae,AB159659.1,train,L0_shared_seed,30,1470,2,446302732,ATGTCACCACAAACAGAGACTAAAGCAAGT
AB540047.1_L0_shared_seed_r2,AB540047.1,Gloiopeltis sp. Nomozaki/2003,Red algae,AB540047.1,train,L0_shared_seed,30,1470,2,2477334422,ATGTCACCACAAACAGAGACTAAAGCAAGT
AB540051.1_L0_shared_seed_r2,AB540051.1,Gloiopeltis complanata,Red algae,AB540051.1,test,L0_shared_seed,30,1470,2,834748625,ATGTCACCACAAACAGAGACTAAAGCAAGT
AB540052.1_L0_shared_seed_r2,AB540052.1,Gloiopeltis complanata,Red algae,AB540052.1,train,L0_shared_seed,30,1470,2,3420376947,ATGTCACCACAAACAGAGACTAAAGCAAGT
AB853073.1_L0_shared_seed_r2,AB853073.1,Hypnodontopsis apiculatus,Mosses,AB853073.1,train,L0_shared_seed,30,1470,2,648486849,ATGTCACCACAAACAGAGACTAAAGCAAGT
AB853079.1_L0_shared_seed_r2,AB853079.1,Timmiella anomala,Mosses,AB853079.1,train,L0_shared_seed,30,1470,2,1706870937,ATGTCACCACAAACAGAGACTAAAGCAAGT
AB970712.1_L0_shared_seed_r2,AB970712.1,Clastobryellina orientalis,Mosses,AB970712.1,train,L0_shared_seed,30,1470,2,4282265229,ATGTCACCACAAACAGAGACTAAAGCAAGT
AY346095.1_L0_shared_seed_r2,AY346095.1,Acanthorrhynchium papillatum,Mosses,AY346095.1,train,L0_shared_seed,30,1470,2,1748623696,ATGTCACCACAAACAGAGACTAAAGCAAGT
AY858644.1_L0_shared_seed_r2,AY858644.1,Platanus orientalis,Other angiosperms,AY858644.1,test,L0_shared_seed,30,1470,2,3084755200,ATGTCACCACAAACAGAGACTAAAGCAAGT
AY996366.1_L0_shared_seed_r2,AY996366.1,Spermatochnus paradoxus,Brown algae,AY996366.1,train,L0_shared_seed,30,1470,2,3544196225,ATGTCACCACAAACAGAGACTAAAGCAAGT
EF547818.1_L0_shared_seed_r2,EF547818.1,Aneura sp. Shaw 702,Liverworts,EF547818.1,train,L0_shared_seed,30,1470,2,2533034414,ATGTCACCACAAACAGAGACTAAAGCAAGT
EF658643.1_L0_shared_seed_r2,EF658643.1,Laurencia intricata,Red algae,EF658643.1,train,L0_shared_seed,30,1470,2,3879312735,ATGTCACCACAAACAGAGACTAAAGCAAGT
EU713367.1_L0_shared_seed_r2,EU713367.1,Legousia pentagonia,Eudicots,EU713367.1,train,L0_shared_seed,30,1470,2,3236042326,ATGTCACCACAAACAGAGACTAAAGCAAGT
FJ438476.1_L0_shared_seed_r2,FJ438476.1,Haematococcus lacustris,Green algae,FJ438476.1,val,L0_shared_seed,30,1470,2,2769228983,ATGTCACCACAAACAGAGACTAAAGCAAGT
KT693213.1_L0_shared_seed_r2,KT693213.1,Hormotilopsis gelatinosa,Green algae,KT693213.1,train,L0_shared_seed,30,1470,2,280945148,ATGTCACCACAAACAGAGACTAAAGCAAGT
KU645801.1_L0_shared_seed_r2,KU645801.1,Passiflora quadrangularis,Eudicots,KU645801.1,train,L0_shared_seed,30,1470,2,3965651331,ATGTCACCACAAACAGAGACTAAAGCAAGT
KU645803.1_L0_shared_seed_r2,KU645803.1,Cananga odorata,Other angiosperms,KU645803.1,train,L0_shared_seed,30,1470,2,434011602,ATGTCACCACAAACAGAGACTAAAGCAAGT
KU645804.1_L0_shared_seed_r2,KU645804.1,Asimina incana,Other angiosperms,KU645804.1,val,L0_shared_seed,30,1470,2,807594901,ATGTCACCACAAACAGAGACTAAAGCAAGT
LC060504.1_L0_shared_seed_r2,LC060504.1,Acinetospora filamentosa,Brown algae,LC060504.1,train,L0_shared_seed,30,1470,2,3616362994,ATGTCACCACAAACAGAGACTAAAGCAAGT
LC060517.1_L0_shared_seed_r2,LC060517.1,Acinetospora asiatica,Brown algae,LC060517.1,train,L0_shared_seed,30,1470,2,361912665,ATGTCACCACAAACAGAGACTAAAGCAAGT
LC145073.1_L0_shared_seed_r2,LC145073.1,Haplomitrium hookeri,Liverworts,LC145073.1,val,L0_shared_seed,30,1470,2,203713467,ATGTCACCACAAACAGAGACTAAAGCAAGT
LC176260.1_L0_shared_seed_r2,LC176260.1,Weisiopsis anomala,Mosses,LC176260.1,val,L0_shared_seed,30,1470,2,1506969044,ATGTCACCACAAACAGAGACTAAAGCAAGT
LC200423.1_L0_shared_seed_r2,LC200423.1,Selenastrum capricornutum,Green algae,LC200423.1,val,L0_shared_seed,30,1470,2,2224822714,ATGTCACCACAAACAGAGACTAAAGCAAGT
LC270392.1_L0_shared_seed_r2,LC270392.1,Pohlia annotina,Mosses,LC270392.1,test,L0_shared_seed,30,1470,2,1432301433,ATGTCACCACAAACAGAGACTAAAGCAAGT
LC272005.1_L0_shared_seed_r2,LC272005.1,Fissidens subangustus,Mosses,LC272005.1,train,L0_shared_seed,30,1470,2,635920129,ATGTCACCACAAACAGAGACTAAAGCAAGT
LC376047.1_L0_shared_seed_r2,LC376047.1,Hattoria yakushimensis,Liverworts,LC376047.1,train,L0_shared_seed,30,1470,2,1322756492,ATGTCACCACAAACAGAGACTAAAGCAAGT
LC493039.1_L0_shared_seed_r2,LC493039.1,Colpomenia borea,Brown algae,LC493039.1,train,L0_shared_seed,30,1470,2,1729971505,ATGTCACCACAAACAGAGACTAAAGCAAGT
LC723702.1_L0_shared_seed_r2,LC723702.1,Schistochila sciurea,Liverworts,LC723702.1,train,L0_shared_seed,30,1470,2,973736189,ATGTCACCACAAACAGAGACTAAAGCAAGT
LC735540.1_L0_shared_seed_r2,LC735540.1,Centella asiatica,Eudicots,LC735540.1,train,L0_shared_seed,30,1470,2,2837875597,ATGTCACCACAAACAGAGACTAAAGCAAGT
LC791202.1_L0_shared_seed_r2,LC791202.1,Pleurozia subinflata,Liverworts,LC791202.1,val,L0_shared_seed,30,1470,2,3202051306,ATGTCACCACAAACAGAGACTAAAGCAAGT
LC858738.1_L0_shared_seed_r2,LC858738.1,Cyathodium tuberosum,Liverworts,LC858738.1,train,L0_shared_seed,30,1470,2,626987115,ATGTCACCACAAACAGAGACTAAAGCAAGT
LC858740.1_L0_shared_seed_r2,LC858740.1,Cyathodium cavernarum,Liverworts,LC858740.1,train,L0_shared_seed,30,1470,2,457530191,ATGTCACCACAAACAGAGACTAAAGCAAGT
LC859596.1_L0_shared_seed_r2,LC859596.1,Trichocolea japonica,Liverworts,LC859596.1,train,L0_shared_seed,30,1470,2,1701990623,ATGTCACCACAAACAGAGACTAAAGCAAGT
LC884819.1_L0_shared_seed_r2,LC884819.1,Cyanidium caldarium,Red algae,LC884819.1,train,L0_shared_seed,30,1470,2,1952429737,ATGTCACCACAAACAGAGACTAAAGCAAGT
LC899187.1_L0_shared_seed_r2,LC899187.1,Pyropia akasakae,Red algae,LC899187.1,train,L0_shared_seed,30,1470,2,1485984862,ATGTCACCACAAACAGAGACTAAAGCAAGT
LC924737.1_L0_shared_seed_r2,LC924737.1,Conocephalum orientale,Liverworts,LC924737.1,train,L0_shared_seed,30,1470,2,1496099701,ATGTCACCACAAACAGAGACTAAAGCAAGT
LC924765.1_L0_shared_seed_r2,LC924765.1,Porella ulophylla,Liverworts,LC924765.1,train,L0_shared_seed,30,1470,2,1922378975,ATGTCACCACAAACAGAGACTAAAGCAAGT
LC924778.1_L0_shared_seed_r2,LC924778.1,Acrolejeunea pusilla,Liverworts,LC924778.1,train,L0_shared_seed,30,1470,2,1705404980,ATGTCACCACAAACAGAGACTAAAGCAAGT
LC924831.1_L0_shared_seed_r2,LC924831.1,Ceratodon purpureus,Mosses,LC924831.1,train,L0_shared_seed,30,1470,2,3277448097,ATGTCACCACAAACAGAGACTAAAGCAAGT
LC924878.1_L0_shared_seed_r2,LC924878.1,Orthotrichum consobrinum,Mosses,LC924878.1,val,L0_shared_seed,30,1470,2,1917336871,ATGTCACCACAAACAGAGACTAAAGCAAGT
LC924944.1_L0_shared_seed_r2,LC924944.1,Pylaisiadelpha yokohamae,Mosses,LC924944.1,train,L0_shared_seed,30,1470,2,1606063797,ATGTCACCACAAACAGAGACTAAAGCAAGT
LC924950.1_L0_shared_seed_r2,LC924950.1,Calohypnum plumiforme,Mosses,LC924950.1,val,L0_shared_seed,30,1470,2,2976392865,ATGTCACCACAAACAGAGACTAAAGCAAGT
LC924964.1_L0_shared_seed_r2,LC924964.1,Myuroclada maximowiczii,Mosses,LC924964.1,train,L0_shared_seed,30,1470,2,768420901,ATGTCACCACAAACAGAGACTAAAGCAAGT
MG251837.1_L0_shared_seed_r2,MG251837.1,Hydroclathrus rapanuii,Brown algae,MG251837.1,train,L0_shared_seed,30,1470,2,3599352949,ATGTCACCACAAACAGAGACTAAAGCAAGT
MH172437.1_L0_shared_seed_r2,MH172437.1,Pectinopitys harmsiana,Conifers,MH172437.1,train,L0_shared_seed,30,1470,2,3868004974,ATGTCACCACAAACAGAGACTAAAGCAAGT
MH270460.1_L0_shared_seed_r2,MH270460.1,Macleaya microcarpa,Other angiosperms,MH270460.1,train,L0_shared_seed,30,1470,2,1414906981,ATGTCACCACAAACAGAGACTAAAGCAAGT
MH390671.1_L0_shared_seed_r2,MH390671.1,Quinchamalium chilense,Eudicots,MH390671.1,train,L0_shared_seed,30,1470,2,3284334766,ATGTCACCACAAACAGAGACTAAAGCAAGT
MH390672.1_L0_shared_seed_r2,MH390672.1,Schoepfia schreberi,Eudicots,MH390672.1,train,L0_shared_seed,30,1470,2,2641131716,ATGTCACCACAAACAGAGACTAAAGCAAGT
MH545292.1_L0_shared_seed_r2,MH545292.1,Batophora occidentalis,Green algae,MH545292.1,train,L0_shared_seed,30,1470,2,843920500,ATGTCACCACAAACAGAGACTAAAGCAAGT
MH545335.1_L0_shared_seed_r2,MH545335.1,Halicoryne sp. HV04044,Green algae,MH545335.1,train,L0_shared_seed,30,1470,2,4127638827,ATGTCACCACAAACAGAGACTAAAGCAAGT
MH616272.1_L0_shared_seed_r2,MH616272.1,Borya sphaerocephala,Monocots,MH616272.1,train,L0_shared_seed,30,1470,2,1424156745,ATGTCACCACAAACAGAGACTAAAGCAAGT
MH661965.1_L0_shared_seed_r2,MH661965.1,Epiblema grandiflorum,Monocots,MH661965.1,train,L0_shared_seed,30,1470,2,2300129853,ATGTCACCACAAACAGAGACTAAAGCAAGT
MK295219.1_L0_shared_seed_r2,MK295219.1,Chlorella sp. 64.01,Green algae,MK295219.1,train,L0_shared_seed,30,1470,2,608242365,ATGTCACCACAAACAGAGACTAAAGCAAGT
MK295220.1_L0_shared_seed_r2,MK295220.1,Pseudochlorella pringsheimii,Green algae,MK295220.1,train,L0_shared_seed,30,1470,2,3052079868,ATGTCACCACAAACAGAGACTAAAGCAAGT
MK806439.1_L0_shared_seed_r2,MK806439.1,Lepisorus jakonensis,Ferns,MK806439.1,train,L0_shared_seed,30,1470,2,4053381269,ATGTCACCACAAACAGAGACTAAAGCAAGT
MN030175.1_L0_shared_seed_r2,MN030175.1,Botrypus virginianus,Ferns,MN030175.1,train,L0_shared_seed,30,1470,2,544638553,ATGTCACCACAAACAGAGACTAAAGCAAGT
MN601490.1_L0_shared_seed_r2,MN601490.1,Clematis sp. DPP-2019a,Other angiosperms,MN601490.1,train,L0_shared_seed,30,1470,2,1916682413,ATGTCACCACAAACAGAGACTAAAGCAAGT
MN793055.1_L0_shared_seed_r2,MN793055.1,Chara vulgaris,Other green,MN793055.1,train,L0_shared_seed,30,1470,2,830468322,ATGTCACCACAAACAGAGACTAAAGCAAGT
MT439865.1_L0_shared_seed_r2,MT439865.1,Glomerochrysis psammophila,SAR/other protist,MT439865.1,val,L0_shared_seed,30,1470,2,1884128339,ATGTCACCACAAACAGAGACTAAAGCAAGT
MW267923.1_L0_shared_seed_r2,MW267923.1,Zygnema circumcarinatum,Other green,MW267923.1,train,L0_shared_seed,30,1470,2,2618056946,ATGTCACCACAAACAGAGACTAAAGCAAGT
MW524049.1_L0_shared_seed_r2,MW524049.1,Dryopteris fragrans,Ferns,MW524049.1,train,L0_shared_seed,30,1470,2,1709568795,ATGTCACCACAAACAGAGACTAAAGCAAGT
MZ133428.1_L0_shared_seed_r2,MZ133428.1,Corbierea radiosa,Green algae,MZ133428.1,train,L0_shared_seed,30,1470,2,2010143735,ATGTCACCACAAACAGAGACTAAAGCAAGT
MZ714562.1_L0_shared_seed_r2,MZ714562.1,Scutellaria indica var. tsusimensis,Eudicots,MZ714562.1,train,L0_shared_seed,30,1470,2,3645073224,ATGTCACCACAAACAGAGACTAAAGCAAGT
OK588964.1_L0_shared_seed_r2,OK588964.1,Hydrocleys nymphoides,Monocots,OK588964.1,train,L0_shared_seed,30,1470,2,1184255958,ATGTCACCACAAACAGAGACTAAAGCAAGT
OK588972.1_L0_shared_seed_r2,OK588972.1,Baldellia ranunculoides,Monocots,OK588972.1,train,L0_shared_seed,30,1470,2,1980077180,ATGTCACCACAAACAGAGACTAAAGCAAGT
OK588984.1_L0_shared_seed_r2,OK588984.1,Echinodorus paniculatus,Monocots,OK588984.1,train,L0_shared_seed,30,1470,2,3730973475,ATGTCACCACAAACAGAGACTAAAGCAAGT
OK588986.1_L0_shared_seed_r2,OK588986.1,Helanthium bolivianum,Monocots,OK588986.1,train,L0_shared_seed,30,1470,2,1517996863,ATGTCACCACAAACAGAGACTAAAGCAAGT
OK588987.1_L0_shared_seed_r2,OK588987.1,Limnocharis flava,Monocots,OK588987.1,train,L0_shared_seed,30,1470,2,1387850665,ATGTCACCACAAACAGAGACTAAAGCAAGT
OL504528.1_L0_shared_seed_r2,OL504528.1,Smilax weniae,Monocots,OL504528.1,train,L0_shared_seed,30,1470,2,51493682,ATGTCACCACAAACAGAGACTAAAGCAAGT
ON568338.1_L0_shared_seed_r2,ON568338.1,Scytosiphon sp. Atlantic complex sp. 1,Brown algae,ON568338.1,test,L0_shared_seed,30,1470,2,3787080812,ATGTCACCACAAACAGAGACTAAAGCAAGT
ON684489.1_L0_shared_seed_r2,ON684489.1,Juniperus navicularis,Conifers,ON684489.1,train,L0_shared_seed,30,1470,2,3080106198,ATGTCACCACAAACAGAGACTAAAGCAAGT
ON920851.1_L0_shared_seed_r2,ON920851.1,Pseudostaurastrum enorme,SAR/other protist,ON920851.1,train,L0_shared_seed,30,1470,2,1463715372,ATGTCACCACAAACAGAGACTAAAGCAAGT
ON933796.1_L0_shared_seed_r2,ON933796.1,Commiphora wightii,Eudicots,ON933796.1,train,L0_shared_seed,30,1470,2,1451336811,ATGTCACCACAAACAGAGACTAAAGCAAGT
OP237580.1_L0_shared_seed_r2,OP237580.1,Baolia bracteata,Eudicots,OP237580.1,train,L0_shared_seed,30,1470,2,387512385,ATGTCACCACAAACAGAGACTAAAGCAAGT
OP330067.1_L0_shared_seed_r2,OP330067.1,Asplenium trichomanes,Ferns,OP330067.1,train,L0_shared_seed,30,1470,2,2007259656,ATGTCACCACAAACAGAGACTAAAGCAAGT
OQ863300.1_L0_shared_seed_r2,OQ863300.1,Laurencia catarinensis,Red algae,OQ863300.1,train,L0_shared_seed,30,1470,2,3556685257,ATGTCACCACAAACAGAGACTAAAGCAAGT
OQ863312.1_L0_shared_seed_r2,OQ863312.1,Laurencia sp. A25,Red algae,OQ863312.1,train,L0_shared_seed,30,1470,2,1361660559,ATGTCACCACAAACAGAGACTAAAGCAAGT
OQ868456.1_L0_shared_seed_r2,OQ868456.1,Pteris pseudowulaiensis,Ferns,OQ868456.1,train,L0_shared_seed,30,1470,2,3023244139,ATGTCACCACAAACAGAGACTAAAGCAAGT
OR165438.1_L0_shared_seed_r2,OR165438.1,Cyanotis obtusa,Monocots,OR165438.1,test,L0_shared_seed,30,1470,2,4056738564,ATGTCACCACAAACAGAGACTAAAGCAAGT
OR165493.1_L0_shared_seed_r2,OR165493.1,Tradescantia fluminensis,Monocots,OR165493.1,train,L0_shared_seed,30,1470,2,3717968470,ATGTCACCACAAACAGAGACTAAAGCAAGT
OR359632.1_L0_shared_seed_r2,OR359632.1,Amoenothamnion planktonicum,Red algae,OR359632.1,train,L0_shared_seed,30,1470,2,3603741315,ATGTCACCACAAACAGAGACTAAAGCAAGT
PP263658.1_L0_shared_seed_r2,PP263658.1,Daphniphyllum macropodum subsp. humile,Eudicots,PP263658.1,val,L0_shared_seed,30,1470,2,409058158,ATGTCACCACAAACAGAGACTAAAGCAAGT
PQ031122.1_L0_shared_seed_r2,PQ031122.1,Mallomonas flora,SAR/other protist,PQ031122.1,train,L0_shared_seed,30,1470,2,466204881,ATGTCACCACAAACAGAGACTAAAGCAAGT
PQ031123.1_L0_shared_seed_r2,PQ031123.1,Mallomonas striata,SAR/other protist,PQ031123.1,train,L0_shared_seed,30,1470,2,241807745,ATGTCACCACAAACAGAGACTAAAGCAAGT
PQ031125.1_L0_shared_seed_r2,PQ031125.1,Mallomonas kalinae,SAR/other protist,PQ031125.1,train,L0_shared_seed,30,1470,2,1719579730,ATGTCACCACAAACAGAGACTAAAGCAAGT
PQ031131.1_L0_shared_seed_r2,PQ031131.1,Mallomonas annulata,SAR/other protist,PQ031131.1,train,L0_shared_seed,30,1470,2,2045120496,ATGTCACCACAAACAGAGACTAAAGCAAGT
PQ031145.1_L0_shared_seed_r2,PQ031145.1,Mallomonas splendens,SAR/other protist,PQ031145.1,val,L0_shared_seed,30,1470,2,3034772586,ATGTCACCACAAACAGAGACTAAAGCAAGT
PQ213023.1_L0_shared_seed_r2,PQ213023.1,Vaucheria litorea,SAR/other protist,PQ213023.1,train,L0_shared_seed,30,1470,2,1070246959,ATGTCACCACAAACAGAGACTAAAGCAAGT
PQ791840.1_L0_shared_seed_r2,PQ791840.1,Pelagomonas calceolata,SAR/other protist,PQ791840.1,train,L0_shared_seed,30,1470,2,3183488950,ATGTCACCACAAACAGAGACTAAAGCAAGT
PQ791846.1_L0_shared_seed_r2,PQ791846.1,Arachnochrysis pilardiaziae,SAR/other protist,PQ791846.1,train,L0_shared_seed,30,1470,2,2648506938,ATGTCACCACAAACAGAGACTAAAGCAAGT
PV575775.1_L0_shared_seed_r2,PV575775.1,Sargassum hemiphyllum var. chinense,Brown algae,PV575775.1,train,L0_shared_seed,30,1470,2,3234516191,ATGTCACCACAAACAGAGACTAAAGCAAGT
PV999901.1_L0_shared_seed_r2,PV999901.1,Pseudoderbesia sp. HV-2025c,Green algae,PV999901.1,train,L0_shared_seed,30,1470,2,3039903460,ATGTCACCACAAACAGAGACTAAAGCAAGT
PV999913.1_L0_shared_seed_r2,PV999913.1,Pseudoderbesia epilithica,Green algae,PV999913.1,train,L0_shared_seed,30,1470,2,691111640,ATGTCACCACAAACAGAGACTAAAGCAAGT
PX743792.1_L0_shared_seed_r2,PX743792.1,Stemona parviflora,Monocots,PX743792.1,val,L0_shared_seed,30,1470,2,642350335,ATGTCACCACAAACAGAGACTAAAGCAAGT
PX743818.1_L0_shared_seed_r2,PX743818.1,Corydalis caudata,Other angiosperms,PX743818.1,train,L0_shared_seed,30,1470,2,3167860145,ATGTCACCACAAACAGAGACTAAAGCAAGT
PX743828.1_L0_shared_seed_r2,PX743828.1,Arcangelisia gusanlung,Other angiosperms,PX743828.1,train,L0_shared_seed,30,1470,2,2199541159,ATGTCACCACAAACAGAGACTAAAGCAAGT
PX743839.1_L0_shared_seed_r2,PX743839.1,Thalictrum fortunei,Other angiosperms,PX743839.1,test,L0_shared_seed,30,1470,2,2795816671,ATGTCACCACAAACAGAGACTAAAGCAAGT
PX743843.1_L0_shared_seed_r2,PX743843.1,Sabia discolor,Other angiosperms,PX743843.1,train,L0_shared_seed,30,1470,2,1142760769,ATGTCACCACAAACAGAGACTAAAGCAAGT
PX743855.1_L0_shared_seed_r2,PX743855.1,Saxifraga unguiculata,Eudicots,PX743855.1,test,L0_shared_seed,30,1470,2,3721038743,ATGTCACCACAAACAGAGACTAAAGCAAGT
PX743950.1_L0_shared_seed_r2,PX743950.1,Myrica nana,Eudicots,PX743950.1,train,L0_shared_seed,30,1470,2,685073874,ATGTCACCACAAACAGAGACTAAAGCAAGT
PX743996.1_L0_shared_seed_r2,PX743996.1,Acalypha matsudae,Eudicots,PX743996.1,train,L0_shared_seed,30,1470,2,378730299,ATGTCACCACAAACAGAGACTAAAGCAAGT
PX743998.1_L0_shared_seed_r2,PX743998.1,Falconeria insignis,Eudicots,PX743998.1,train,L0_shared_seed,30,1470,2,1626467581,ATGTCACCACAAACAGAGACTAAAGCAAGT
PX744014.1_L0_shared_seed_r2,PX744014.1,Fordiophyton faberi,Eudicots,PX744014.1,train,L0_shared_seed,30,1470,2,248614871,ATGTCACCACAAACAGAGACTAAAGCAAGT
PX744018.1_L0_shared_seed_r2,PX744018.1,Acer albopurpurascens,Eudicots,PX744018.1,test,L0_shared_seed,30,1470,2,2244539589,ATGTCACCACAAACAGAGACTAAAGCAAGT
PX744022.1_L0_shared_seed_r2,PX744022.1,Lepisanthes hainanensis,Eudicots,PX744022.1,train,L0_shared_seed,30,1470,2,1206017410,ATGTCACCACAAACAGAGACTAAAGCAAGT
PX744047.1_L0_shared_seed_r2,PX744047.1,Buckleya henryi,Eudicots,PX744047.1,val,L0_shared_seed,30,1470,2,4041131658,ATGTCACCACAAACAGAGACTAAAGCAAGT
PX744060.1_L0_shared_seed_r2,PX744060.1,Arthrophytum longibracteatum,Eudicots,PX744060.1,train,L0_shared_seed,30,1470,2,2991683594,ATGTCACCACAAACAGAGACTAAAGCAAGT
PX744100.1_L0_shared_seed_r2,PX744100.1,Ardisia brevicaulis,Eudicots,PX744100.1,train,L0_shared_seed,30,1470,2,3073142119,ATGTCACCACAAACAGAGACTAAAGCAAGT
PX744121.1_L0_shared_seed_r2,PX744121.1,Rhododendron declivatum,Eudicots,PX744121.1,train,L0_shared_seed,30,1470,2,1344728557,ATGTCACCACAAACAGAGACTAAAGCAAGT
PX744240.1_L0_shared_seed_r2,PX744240.1,Pedicularis ikomai,Eudicots,PX744240.1,train,L0_shared_seed,30,1470,2,1285284241,ATGTCACCACAAACAGAGACTAAAGCAAGT
PX744248.1_L0_shared_seed_r2,PX744248.1,Adenophora wulingshanica,Eudicots,PX744248.1,train,L0_shared_seed,30,1470,2,2727427425,ATGTCACCACAAACAGAGACTAAAGCAAGT
PX744249.1_L0_shared_seed_r2,PX744249.1,Pentaphragma spicatum,Eudicots,PX744249.1,train,L0_shared_seed,30,1470,2,2227049902,ATGTCACCACAAACAGAGACTAAAGCAAGT
PX744267.1_L0_shared_seed_r2,PX744267.1,Leontopodium smithianum,Eudicots,PX744267.1,train,L0_shared_seed,30,1470,2,2894829535,ATGTCACCACAAACAGAGACTAAAGCAAGT
PX744315.1_L0_shared_seed_r2,PX744315.1,Platostoma hispidum,Eudicots,PX744315.1,train,L0_shared_seed,30,1470,2,422833359,ATGTCACCACAAACAGAGACTAAAGCAAGT
PX744322.1_L0_shared_seed_r2,PX744322.1,Allmania nodiflora,Eudicots,PX744322.1,train,L0_shared_seed,30,1470,2,983641882,ATGTCACCACAAACAGAGACTAAAGCAAGT
PX924757.1_L0_shared_seed_r2,PX924757.1,Augea capensis,Eudicots,PX924757.1,train,L0_shared_seed,30,1470,2,1096957014,ATGTCACCACAAACAGAGACTAAAGCAAGT
PZ584713.1_L0_shared_seed_r2,PZ584713.1,Paulinella sp. B8128-1,SAR/other protist,PZ584713.1,train,L0_shared_seed,30,1470,2,1568857672,ATGTCACCACAAACAGAGACTAAAGCAAGT
AB050950.1_L1_donor_90_r0,AB050950.1,Filibryum ogatae,Mosses,AB050950.1,train,L1_donor_90,90,1410,0,3051736154,ATGTCACCACAAACGGAGACTAAAGCAGGTGTTGGATTTAAAGCTGGTGTTAAAGATTACAGATTAACTTATTACACTCCAGATTATCAG
AB071411.1_L1_donor_90_r0,AB071411.1,Mastopoma subfiliferum,Mosses,AB071411.1,train,L1_donor_90,90,1410,0,3059418331,ATGTCACCACAAACGGAGACTAAAGCAGGTGTTGGATTTAAAGCTGGTGTTAAAGATTACAGATTAACCTATTACACTCCAGATTATCAG
AB159651.1_L1_donor_90_r0,AB159651.1,Thorea gaudichaudii,Red algae,AB159651.1,train,L1_donor_90,90,1410,0,4241401501,ATGTCTCAATCCGTAGAAGAACGGACAAGGATTAAAAACGAACGTTACGAATCTGGAGTAATACCATACGCAAAGATGGGTTACTGGGAT
AB159659.1_L1_donor_90_r0,AB159659.1,Nemalionopsis tortuosa,Red algae,AB159659.1,train,L1_donor_90,90,1410,0,74546137,ATGTCTCAATCCGTAGAAGAACGGACAAGGATCAAAAATGAACGCTATGAATCTGGCGTAATTCCATACGCAAAAATGGGTTACTGGGAT
AB540047.1_L1_donor_90_r0,AB540047.1,Gloiopeltis sp. Nomozaki/2003,Red algae,AB540047.1,train,L1_donor_90,90,1410,0,1763043705,ATGTCTCAATCTGTAGAAGAACGGACAAGAATCAAAGACGAACGTTACGAATCTGGAGTTATCCCATATGCTAAGATGGGCTATTGGGAT
AB540051.1_L1_donor_90_r0,AB540051.1,Gloiopeltis complanata,Red algae,AB540051.1,test,L1_donor_90,90,1410,0,1058165392,ATGTCTCAATCTGTAGAAGAACGGACAAGAATCAAAGACGAACGTTACGAATCTGGAGTTATCCCGTATGCTAAGATGGGCTATTGGGAT
AB540052.1_L1_donor_90_r0,AB540052.1,Gloiopeltis complanata,Red algae,AB540052.1,train,L1_donor_90,90,1410,0,71393541,ATGTCTCAATCTGTAGAAGAACGGACAAGAATCAAAGACGAACGTTACGAATCTGGAGTTATCCCGTACGCTAAAATGGGCTATTGGGAT
AB853073.1_L1_donor_90_r0,AB853073.1,Hypnodontopsis apiculatus,Mosses,AB853073.1,train,L1_donor_90,90,1410,0,3550912146,ATGTCACCACAAACGGAGACTAAAGCAGGTGTTGGATTTAGAGCTGGTGTTAAAGATTACAGATTAACTTATTACACTCCAGAGTATCAA
AB853079.1_L1_donor_90_r0,AB853079.1,Timmiella anomala,Mosses,AB853079.1,train,L1_donor_90,90,1410,0,1981848519,ATGTCACCACAAACGGAGACTAAAGCAGGTGTTGGATTTAAAGCTGGTGTTAAAGATTACAGATTAACTTATTACACTCCAGATTATCAG
AB970712.1_L1_donor_90_r0,AB970712.1,Clastobryellina orientalis,Mosses,AB970712.1,train,L1_donor_90,90,1410,0,2566520413,ATGTCACCACAAACGGAGACTAAAGCAGGTGTTGGATTTAAAGCTGGTGTTAAAGATTACAGATTAACTTATTACACCCCAGATTATCAG
AY346095.1_L1_donor_90_r0,AY346095.1,Acanthorrhynchium papillatum,Mosses,AY346095.1,train,L1_donor_90,90,1410,0,3217751150,ATGTCACCACAAACGGAGACTAGAGCAAGTGTTGGATTTAAAGCTGGTGTTAAAGATTACAGATTAAATTATTACACTCCAGATTATCAG
AY858644.1_L1_donor_90_r0,AY858644.1,Platanus orientalis,Other angiosperms,AY858644.1,test,L1_donor_90,90,1410,0,2557885429,ATGTCACCACAAACAGAAACTAAAGCAAGTGTTGGACTCAAAGCTGGTGTTAAAGATTACAAATTGACTTATTATACTCCTGACTATGAA
AY996366.1_L1_donor_90_r0,AY996366.1,Spermatochnus paradoxus,Brown algae,AY996366.1,train,L1_donor_90,90,1410,0,2384044032,ATGCCTGAAGATGTGCAGAATCGAACTCGAATAAAAAGTGAACGTTATGAATCAGGTGTTATCCCATATGCCAAAATGGGTTACTGGGAT
EF547818.1_L1_donor_90_r0,EF547818.1,Aneura sp. Shaw 702,Liverworts,EF547818.1,train,L1_donor_90,90,1410,0,854022439,ATGTCACCACAAACGGAGACTAAAGCAGGTGTTGGATTCAAAGCCGGTGTTAAAGATTATAGATTGACCTATTATACACCCGAGTACGAG
EF658643.1_L1_donor_90_r0,EF658643.1,Laurencia intricata,Red algae,EF658643.1,train,L1_donor_90,90,1410,0,2920304535,ATGTCTAACTCTGTAGAAGAACGGGCACGGATTAAAAACGAACGTTATGAATCTGGTGTAATTCCATACGCAAAAATGGGATATTTCCAC
EU713367.1_L1_donor_90_r0,EU713367.1,Legousia pentagonia,Eudicots,EU713367.1,train,L1_donor_90,90,1410,0,3151818620,ATGTCACCACAAACAGAGACTAAAGCAAATGTTGGATTTAAAGCTGGTGTTAAAGATTATAAATTAACTTATTATACTCCAGACTATGAA
FJ438476.1_L1_donor_90_r0,FJ438476.1,Haematococcus lacustris,Green algae,FJ438476.1,val,L1_donor_90,90,1410,0,4164745613,ATGGTTCCACAAACAGAAACAAGAGCAGGTGCTGGGTTTAAAGCTGGTGTAAAAGATTATCGTTTAACGTATTATACACCAGATTACGTT
KT693213.1_L1_donor_90_r0,KT693213.1,Hormotilopsis gelatinosa,Green algae,KT693213.1,train,L1_donor_90,90,1410,0,2538823716,ATGGCTCCACAAACAGAAACAAAAGCCGGGGCGGGATTTAAAGCAGGGGTTAAAGACTATAGATTAACTTACTATACACCTGACTACATC
KU645801.1_L1_donor_90_r0,KU645801.1,Passiflora quadrangularis,Eudicots,KU645801.1,train,L1_donor_90,90,1410,0,2458715195,ATGTCACCACAAACAGAGACTAAAGCAAGTGTTGGATTCAAGGCTGGTGTTAAAGATTATAAATTGACTTATTATACTCCTGAATATAAC
KU645803.1_L1_donor_90_r0,KU645803.1,Cananga odorata,Other angiosperms,KU645803.1,train,L1_donor_90,90,1410,0,652116064,ATGTCACCAAAAACAGAGACTAAAGCAAGTGTTGGATTCAAAGCTGGTGTTAAAGAGTACAAATTGACTTATTATACTCCTGAATATGAA
KU645804.1_L1_donor_90_r0,KU645804.1,Asimina incana,Other angiosperms,KU645804.1,val,L1_donor_90,90,1410,0,2074468173,ATGTCACCAAAAACAGAGACTAAAGCAAGTGTTGGGTTCAAAGCGGGTGTTAAAGAGTACAAATTGACTTATTATACTCCTGAATATGAA
LC060504.1_L1_donor_90_r0,LC060504.1,Acinetospora filamentosa,Brown algae,LC060504.1,train,L1_donor_90,90,1410,0,778567517,ATGCCTGAAGATGTGCAGAATCGAACTCGAATAAAAAGTGAACGTTATGAATCAGGTGTTATTCCATATGCAAAAATGGGATATTGGGAT
LC060517.1_L1_donor_90_r0,LC060517.1,Acinetospora asiatica,Brown algae,LC060517.1,train,L1_donor_90,90,1410,0,359026004,ATGCCTGAAGATGTGCAGAATCGAACTCGAATAAAAAGTGAACGTTATGAATCAGGTGTTATTCCATATGCAAAAATGGGATATTGGGAT
LC145073.1_L1_donor_90_r0,LC145073.1,Haplomitrium hookeri,Liverworts,LC145073.1,val,L1_donor_90,90,1410,0,747873526,ATGTCACCACAGACAGAAACTAGAGCAGGTGTTGGATTCAAAGCCGGTGTGAAAGATTACAGATTGACTTATTATACTCCCAATTACGAG
LC176260.1_L1_donor_90_r0,LC176260.1,Weisiopsis anomala,Mosses,LC176260.1,val,L1_donor_90,90,1410,0,3715599332,ATGTCACCACAAACGGAGACTAAAGCAGGTGTTGGATTTAAAGCTGGTGTTAAAGATTACAGATTAACTTATTACACTCCAGACTATCAG
LC200423.1_L1_donor_90_r0,LC200423.1,Selenastrum capricornutum,Green algae,LC200423.1,val,L1_donor_90,90,1410,0,1470925051,ATGGTTCCTCAAACAGAAACTAAAGCAGGCGCTGGATTTAAAGCTGGTGTAAAAGACTACCGTTTAACATACTACACTCCTGATTACGTT
LC270392.1_L1_donor_90_r0,LC270392.1,Pohlia annotina,Mosses,LC270392.1,test,L1_donor_90,90,1410,0,2415837893,ATGTCACCACAAACGGAGACTAAAGCAGGTGTTGGATTTAAAGCTGGTGTTAAAGATTACAGATTAACTTATTACACTCCAGATTATCAG
LC272005.1_L1_donor_90_r0,LC272005.1,Fissidens subangustus,Mosses,LC272005.1,train,L1_donor_90,90,1410,0,3884839045,ATGTCACCACAAACGGAGACTAAAGCAGGTGTTGGATTTAAAGCTGGTGTTAAAGATTACAGATTAACTTATTACACTCCAGATTATCAG
LC376047.1_L1_donor_90_r0,LC376047.1,Hattoria yakushimensis,Liverworts,LC376047.1,train,L1_donor_90,90,1410,0,2497801803,ATGTCACCACAAACGGAGACTAAAGCAGGTGTTGGATTCAAAGCTGGTGTTAAAGATTATAGATTAACTTACTATACGCCTGATTATGAG
LC493039.1_L1_donor_90_r0,LC493039.1,Colpomenia borea,Brown algae,LC493039.1,train,L1_donor_90,90,1410,0,2257301560,ATGCCTGAAGATGTGCAGAATCGAACTCGAATAAAAAGTGAACGTTACGAATCAGGTGTTATTCCATATGCCAAAATGGGATATTGGGAT
LC723702.1_L1_donor_90_r0,LC723702.1,Schistochila sciurea,Liverworts,LC723702.1,train,L1_donor_90,90,1410,0,4230426747,ATGTCACCACAAACGGAGACTAAAGCAGGTGTTGGATTCAAAGCTGGTGTTAAAGATTATAGATTAACTTATTATACTCCGGATTATGAA
LC735540.1_L1_donor_90_r0,LC735540.1,Centella asiatica,Eudicots,LC735540.1,train,L1_donor_90,90,1410,0,2553443300,ATGTCACCACAAACAGAGACTAAAGCAGGTGTTGGATTCAAAGCTGGGGTTAAAGATTACAAATTGACTTATTATACTCCTGACTATGAA
LC791202.1_L1_donor_90_r0,LC791202.1,Pleurozia subinflata,Liverworts,LC791202.1,val,L1_donor_90,90,1410,0,94378442,ATGTCACCACAAACGGAGACTAAAACAGGTGTTGGATTCAAAGCTGGTGTTAAAGATTATCGCTTAACTTATTATACTCCTGATTATCAG
LC858738.1_L1_donor_90_r0,LC858738.1,Cyathodium tuberosum,Liverworts,LC858738.1,train,L1_donor_90,90,1410,0,979594447,ATGTCACCACAAACGGAGACTAAAGCAGGTGCTGGATTCAAAGCTGGTGTTAAAGATTATCGATTAAATTATTACACTCCTGATTATGAG
LC858740.1_L1_donor_90_r0,LC858740.1,Cyathodium cavernarum,Liverworts,LC858740.1,train,L1_donor_90,90,1410,0,2125503470,ATGTCACCACAAACGGAGACTAAAGCAGGTGCTGGATTCAAAGCTGGTGTTAAAGATTATCGATTAACTTATTACACTCCTGATTATGAG
LC859596.1_L1_donor_90_r0,LC859596.1,Trichocolea japonica,Liverworts,LC859596.1,train,L1_donor_90,90,1410,0,2504270947,ATGTCACCACAAACGGAGACTAAAACAGGTGTTGGATTCAAAGCTGGTGTGAAAGATTATAGATTAACTTATTACACACCTGATTATGAG
LC884819.1_L1_donor_90_r0,LC884819.1,Cyanidium caldarium,Red algae,LC884819.1,train,L1_donor_90,90,1410,0,2569028550,ATGGCTCAGTCTGTGCAAGAACGAACACGTCTGAAAAATAAAAGGTATGAATCTGGCGTAATACCATATGCGAAAATGGGATATTGGGAT
LC899187.1_L1_donor_90_r0,LC899187.1,Pyropia akasakae,Red algae,LC899187.1,train,L1_donor_90,90,1410,0,3048092457,ATGTCTCAATCCGTAGAATCACGGACTAGGATTAAAAGCGAACGTTACGAATCTGGAGTAATCCCTTACGCTAAAATGGGCTACTGGGAT
LC924737.1_L1_donor_90_r0,LC924737.1,Conocephalum orientale,Liverworts,LC924737.1,train,L1_donor_90,90,1410,0,131572299,ATGTCACCACAAACGGAGACTAAAGCAGGTACTGGATTCAAAGCTGGTGTTAAAGATTATCGATTAACTTATTATACTCCGGATTATGAA
LC924765.1_L1_donor_90_r0,LC924765.1,Porella ulophylla,Liverworts,LC924765.1,train,L1_donor_90,90,1410,0,690566562,ATGTCACCACAAACGGAAACTAAAACAGGTGCTGGATTTAAAGCTGGTGTTAAAGATTATAGATCAACTTATTATACTCCCGACTATGAT
LC924778.1_L1_donor_90_r0,LC924778.1,Acrolejeunea pusilla,Liverworts,LC924778.1,train,L1_donor_90,90,1410,0,3293255577,ATGTCACCACAAACGGAGACTAAAGCAGGTGTTGGATTTAAAGCGGGCGTTAAGGATTATAGATTAACTTATTATACTCCTGAGTACCAG
LC924831.1_L1_donor_90_r0,LC924831.1,Ceratodon purpureus,Mosses,LC924831.1,train,L1_donor_90,90,1410,0,111385839,ATGTCACCACAAACGGAGACTAAAGCAGGTGTTGGATTTAAAGCTGGTGTTAAAGATTACAGATTAAATTATTACACTCCAGATTATCAG
LC924878.1_L1_donor_90_r0,LC924878.1,Orthotrichum consobrinum,Mosses,LC924878.1,val,L1_donor_90,90,1410,0,3276317339,ATGTCACCACAAACGGAGACTAAAGCAGGTGTTGGATTTAAAGCTGGTGTTAAAGATTACAGATTAACTTATTACACTCCAGATTATCAA
LC924944.1_L1_donor_90_r0,LC924944.1,Pylaisiadelpha yokohamae,Mosses,LC924944.1,train,L1_donor_90,90,1410,0,4188767720,ATGTCACCACAAACGGAGACCAAAGCAGGTGTTGGATTTAAAGCTGGTGTTAAAGATTACAGATTAACTTATTACACCCCAGATTATCAA
LC924950.1_L1_donor_90_r0,LC924950.1,Calohypnum plumiforme,Mosses,LC924950.1,val,L1_donor_90,90,1410,0,228847970,ATGTCACCACAAACGGAGACTAAAGCAGGTGTTGGATTTAAAGCTGGTGTTAAAGATTACAGATTAACTTATTACACTCCAGATTATCAG
LC924964.1_L1_donor_90_r0,LC924964.1,Myuroclada maximowiczii,Mosses,LC924964.1,train,L1_donor_90,90,1410,0,2309607911,ATGTCACCACAAACGGAGACTAAAGCAGGTGTTGGATTTAAAGCTGGTGTTAAAGATTACAGATTAACTTATTACACTCCAGATTATCAG
MG251837.1_L1_donor_90_r0,MG251837.1,Hydroclathrus rapanuii,Brown algae,MG251837.1,train,L1_donor_90,90,1410,0,4286927472,ATGCTTGAAGATGTGCAGAATCGAACTCGAATAAAAAGTGAACGTTACGAATCAGGTGTAATTCCATATGCCAAAATGGGGTATTGGGAT
MH172437.1_L1_donor_90_r0,MH172437.1,Pectinopitys harmsiana,Conifers,MH172437.1,train,L1_donor_90,90,1410,0,3319225795,ATGTCACCAAAAACAGAGACTAAAGTAAGTGCTGGGTTCAAAGCTGGTGTTAAAGATTACAGATTAACTTATTATACTCCGGACTATCAG
MH270460.1_L1_donor_90_r0,MH270460.1,Macleaya microcarpa,Other angiosperms,MH270460.1,train,L1_donor_90,90,1410,0,2263492859,ATGTCACCACAAACAGAGACTAAAGCAAGTGTTGGATTCAAAGCTGGTGTTAAAGATTACAAATTGACTTATTATACTCCTGACTATGAA
MH390671.1_L1_donor_90_r0,MH390671.1,Quinchamalium chilense,Eudicots,MH390671.1,train,L1_donor_90,90,1410,0,3964223576,ATGTCACCACAAACAGAGACTAAAGCGAGTGTTGGATTCAAAGCTGGTGTTAAAGAGTACAAATTGACTTATTATACTCCTGATTATGAA
MH390672.1_L1_donor_90_r0,MH390672.1,Schoepfia schreberi,Eudicots,MH390672.1,train,L1_donor_90,90,1410,0,904810336,ATGTCACCACAAACAGAGACTAAAGCAAGTGTTGGATTCAAAGCTGGTGTTAAAGAGTACAAATTGACTTATTATACTCCTGATTATGAA
MH545292.1_L1_donor_90_r0,MH545292.1,Batophora occidentalis,Green algae,MH545292.1,train,L1_donor_90,90,1410,0,2711748030,ATGGCTCCACAAACTGAGACTAAAGCAAGTGCTGGATTTAAAGCGGGTGTAAAAGATTATCGTTTAACATATTACACTCCTGATTATCAA
MH545335.1_L1_donor_90_r0,MH545335.1,Halicoryne sp. HV04044,Green algae,MH545335.1,train,L1_donor_90,90,1410,0,2190032788,ATGGGAACAACTGAAACGAAAGCAGGTGCTGGATTTAAAGCGGGTGTAAAAGATTATCGTCTAACGTACTATACACCTGATTATCAAGTA
MH616272.1_L1_donor_90_r0,MH616272.1,Borya sphaerocephala,Monocots,MH616272.1,train,L1_donor_90,90,1410,0,1549859108,ATGTCACCACAAACAGAGACTAAAGCAAATGTTGGATTTAAAGCTGGTGTTAAAGATTACAAATTGACTTATTATACTCCTGACTACGAC
MH661965.1_L1_donor_90_r0,MH661965.1,Epiblema grandiflorum,Monocots,MH661965.1,train,L1_donor_90,90,1410,0,521942558,ATGAGTTGTAGGGAGGGACTTATGTCACCACAAACAGAGACTAAAGCAAGCGTTGGATTTAAAGCTGGTGTTAAAGATTACAAATTGACT
MK295219.1_L1_donor_90_r0,MK295219.1,Chlorella sp. 64.01,Green algae,MK295219.1,train,L1_donor_90,90,1410,0,1034734943,ATGGCTCCACAAACTGAAACTAGAGCAGGTGCTGGATTTAAAGCAGGTGTTAAAGATTATCGTTTAACATACTATACTCCTGACTATCAA
MK295220.1_L1_donor_90_r0,MK295220.1,Pseudochlorella pringsheimii,Green algae,MK295220.1,train,L1_donor_90,90,1410,0,1502610675,ATGTCTCCACAAACTGAAACTAAAGCAAGGGTGGGTTTCAAAGCAGGTGTTAAAGACTACCGTTTAACTTACTATACTCCTGATTACCAA
MK806439.1_L1_donor_90_r0,MK806439.1,Lepisorus jakonensis,Ferns,MK806439.1,train,L1_donor_90,90,1410,0,219073766,ATGTCACCACAAACGGAGACTAAAGCGGGTGTTGGATTCAAAGCTGGTGTCAAAGATTATCGATTGACTTATTACACCCCCGAATACAAA
MN030175.1_L1_donor_90_r0,MN030175.1,Botrypus virginianus,Ferns,MN030175.1,train,L1_donor_90,90,1410,0,2048777421,ATGTCACCACAAACGGAGACTAAAGCAGGTGTTGGATTCAAAGCTGGTGTTAAAGATTATCGATTGACCTATTACACTCCCGATTACAAA
MN601490.1_L1_donor_90_r0,MN601490.1,Clematis sp. DPP-2019a,Other angiosperms,MN601490.1,train,L1_donor_90,90,1410,0,1367851639,ATGTCACCACAAACAGAGACTAAAGCGAGTGTTGGCTTCAAAGCAGGTGTTAAAGAGTACAAATTGAATTATTATACTCCTGAATATGAA
MN793055.1_L1_donor_90_r0,MN793055.1,Chara vulgaris,Other green,MN793055.1,train,L1_donor_90,90,1410,0,2167299022,ATGTCACCACAGACAGAAACTAAAACAAGTGCTGGATTTAAAGCAGGGGTAAAAGATTACAGATTAACTTACTATACTCCTGAGTATAAA
MT439865.1_L1_donor_90_r0,MT439865.1,Glomerochrysis psammophila,SAR/other protist,MT439865.1,val,L1_donor_90,90,1410,0,2950744524,ATGTCTCAATCTGTATCAGAACGTACACGTATTAAGAGCGAACGTTATGAATCTGGTGTAATCCCTTACGCTAAAATGGGTTACTGGGAT
MW267923.1_L1_donor_90_r0,MW267923.1,Zygnema circumcarinatum,Other green,MW267923.1,train,L1_donor_90,90,1410,0,3541078937,ATGTCACCACAAACAGAAACCAAAGCAGGTGCTGGATTTAAAGCAGGGGTAAAAGATTACCGACTTACCTATTACACTCCTGACTATGAA
MW524049.1_L1_donor_90_r0,MW524049.1,Dryopteris fragrans,Ferns,MW524049.1,train,L1_donor_90,90,1410,0,2076413862,ATGTCACCACAAACGGAGACTAAAGCAGGTGTTGGATTCAAAGCTGGTGTCAAAGATTATCGATTGACCTATTACACCCCCGAATACAAG
MZ133428.1_L1_donor_90_r0,MZ133428.1,Corbierea radiosa,Green algae,MZ133428.1,train,L1_donor_90,90,1410,0,4027163323,ATGGTTCCACAAACAGAAACAAGAGCTGGTGCTGGGTTTAAAGCTGGTGTTAAAGATTATCGATTAACGTATTATACACCAGATTACGTA
MZ714562.1_L1_donor_90_r0,MZ714562.1,Scutellaria indica var. tsusimensis,Eudicots,MZ714562.1,train,L1_donor_90,90,1410,0,3410048162,ATGTCACCACAAACTGAAACCAGAACAGGTACTGGCTTTAAAGCAGGCGTTAAGGACTATCGCCTAACTTACTACACTCCTGATTATGAG
OK588964.1_L1_donor_90_r0,OK588964.1,Hydrocleys nymphoides,Monocots,OK588964.1,train,L1_donor_90,90,1410,0,2398993940,ATGTCACCACAAACGGAGACTAAAACAGGTGTTGGATTCAAAGCTGGTGTTAAAGATTACAAATTGACTTATTATACTCCTGAATATCAA
OK588972.1_L1_donor_90_r0,OK588972.1,Baldellia ranunculoides,Monocots,OK588972.1,train,L1_donor_90,90,1410,0,3989967819,ATGTCACCACAAACAGAGACTAAAACAGGTGTTGGATTCAAAGCCGGTGTTAAAGATTACAAATTGACTTATTATACTCCTGAATATCAA
OK588984.1_L1_donor_90_r0,OK588984.1,Echinodorus paniculatus,Monocots,OK588984.1,train,L1_donor_90,90,1410,0,3663841609,ATGTCACCACAAACAGAGACTAAAACAGGTGTTGGATTCAAAGCAGGTGTTAAAGATTACAAATTGACCTATTATACTCCTGAATATCAA
OK588986.1_L1_donor_90_r0,OK588986.1,Helanthium bolivianum,Monocots,OK588986.1,train,L1_donor_90,90,1410,0,338102997,ATGTCACCGCAAACAGAGACTAAAACAGGTGTCGGATTCAAAGCTGGTGTTAAAGATTACAAATTGACTTATTATACTCCTGAATATCAA
OK588987.1_L1_donor_90_r0,OK588987.1,Limnocharis flava,Monocots,OK588987.1,train,L1_donor_90,90,1410,0,4205195930,ATGTCACCACAAACAGAGACTAAAACAGGTGTTGGATTCCAAGCAGGTGTAAAAGATTACAAATTAACTTATTATACTCCTGAATATCAA
OL504528.1_L1_donor_90_r0,OL504528.1,Smilax weniae,Monocots,OL504528.1,train,L1_donor_90,90,1410,0,1351417960,ATGTCACCACAAACAGAGACTAAAGCAAGTGTTGGATTCAAAGCTGGTGTTAAAGATTACAAATTGACTTATTATACTCCTGACTATGAA
ON568338.1_L1_donor_90_r0,ON568338.1,Scytosiphon sp. Atlantic complex sp. 1,Brown algae,ON568338.1,test,L1_donor_90,90,1410,0,2514099011,ATGCCTGAAGATGTGCAGAATCGAACTCGAATAAAAAGTGAACGTTACGAATCAGGTGTTATTCCATATGCCAAAATGGGATATTGGGAT
ON684489.1_L1_donor_90_r0,ON684489.1,Juniperus navicularis,Conifers,ON684489.1,train,L1_donor_90,90,1410,0,1020414196,ATGTCACCAAAAACAGAGACTAAAGCAAGTGTCGGATTCAAAGCGGGTGTTAAAGATTACAGATTAACTTATTATACTCCGGAATATCAG
ON920851.1_L1_donor_90_r0,ON920851.1,Pseudostaurastrum enorme,SAR/other protist,ON920851.1,train,L1_donor_90,90,1410,0,3535765630,ATGTTTCAATCTGTAGAAGAAAGAACACGAATTAAAAATGAACGTTATGAATCAGGTGTAATCCCTTACGCTGAAATGGGATATTGGGAT
ON933796.1_L1_donor_90_r0,ON933796.1,Commiphora wightii,Eudicots,ON933796.1,train,L1_donor_90,90,1410,0,260880175,ATGAGTTGTAGGGAGGGACTTATGTCACCACAAACAGAGACTAAAGCAAGTGTTGGATTCAAAGCCGGTGTTAAAGACTATAAATTGAAT
OP237580.1_L1_donor_90_r0,OP237580.1,Baolia bracteata,Eudicots,OP237580.1,train,L1_donor_90,90,1410,0,119438677,ATGTCACCACAAACAGAGACTAAAGCAAGTGTTGGATTTAAAGCGGGTGTTAAAGATTACAAATTGACTTATTATACTCCTGAGTATGAA
OP330067.1_L1_donor_90_r0,OP330067.1,Asplenium trichomanes,Ferns,OP330067.1,train,L1_donor_90,90,1410,0,1833292081,ATGTCGCCACAAACGGAGACTAAGGCGGGTGTTGGATTCAAAGCTGGTGTCAAAGATTACCGGCTGACTTATTACACCCCCGAATACAAA
OQ863300.1_L1_donor_90_r0,OQ863300.1,Laurencia catarinensis,Red algae,OQ863300.1,train,L1_donor_90,90,1410,0,4155677154,ATGTCTAACTCTGTAGAAGAACGGACACGGATTAAAAACGAACGTTATGAATCTGGTGTAATTCCATACGCAAAAATGGGATACTGGGAC
OQ863312.1_L1_donor_90_r0,OQ863312.1,Laurencia sp. A25,Red algae,OQ863312.1,train,L1_donor_90,90,1410,0,14494397,ATGTCTAACTCTGTAGAAGCACGGACACGGATTAAAAACGAACGTTATGAATCTGGTGTAATTCCATACGCAAAAATGGGATACTGGGAC
OQ868456.1_L1_donor_90_r0,OQ868456.1,Pteris pseudowulaiensis,Ferns,OQ868456.1,train,L1_donor_90,90,1410,0,2843890959,ATGTCGCCACAAACGGAGACTAAAGCAGGTGTTGGATTCAAAGCTGGTGTCAAAGATTATCGATTGACTTATTACACTCCCGAATACAAG
OR165438.1_L1_donor_90_r0,OR165438.1,Cyanotis obtusa,Monocots,OR165438.1,test,L1_donor_90,90,1410,0,1510196539,ATGTCACCACAAACAGAGACTAAAGCAAGTGTTGGATTTAAAGCGGGTGTTAAAGATTATAAATTGACTTATTATACTCCTGAGTACCAA
OR165493.1_L1_donor_90_r0,OR165493.1,Tradescantia fluminensis,Monocots,OR165493.1,train,L1_donor_90,90,1410,0,641138627,ATGTCACCACAAACAGAGACTAAAGCAAGTGTTGGATTTAAAGCGGGTGTTAAAGATTATAAATTGACTTATTATACTCCTGAGTACCAA
OR359632.1_L1_donor_90_r0,OR359632.1,Amoenothamnion planktonicum,Red algae,OR359632.1,train,L1_donor_90,90,1410,0,3869761222,ATGTCTAACTCTGTAGAAGAACGGACAAGAATTAAAAATGAACGTTATGAATCTGGTGTAATCCCTTATGCAAAAATGGGATATTGGGAT
PP263658.1_L1_donor_90_r0,PP263658.1,Daphniphyllum macropodum subsp. humile,Eudicots,PP263658.1,val,L1_donor_90,90,1410,0,2400334149,ATGAGTTGTAGGGAGGGACTTATGTCACCACAAACAGAGACTAAAGCAAGTGTTGGATTCAAAGCTGGTGTTAAAGATTACAAATTGACT
PQ031122.1_L1_donor_90_r0,PQ031122.1,Mallomonas flora,SAR/other protist,PQ031122.1,train,L1_donor_90,90,1410,0,1695700420,ATGAGTACAGGAGAAAGAACGCGTATTAAATCAGAACGTTATGAATCTGGAGTAATCCCATACAAAAAAATGGGTTATTGGGATGCAGAC
PQ031123.1_L1_donor_90_r0,PQ031123.1,Mallomonas striata,SAR/other protist,PQ031123.1,train,L1_donor_90,90,1410,0,3627255611,ATGAGTGATGCAGTAGAAAGAACACGTATTAAATCAGAACGTTATGAATCTGGAGTAATTCCATATAAAAAAATGGGTTATTGGGATGCA
PQ031125.1_L1_donor_90_r0,PQ031125.1,Mallomonas kalinae,SAR/other protist,PQ031125.1,train,L1_donor_90,90,1410,0,2936904870,ATGAGTGATGCATCAGAAAGAACGCGTATTAAATCAGAACGTTATGAATCTGGAGTAATTCCATACAAAAAAATGGGGTATTGGGATGCT
PQ031131.1_L1_donor_90_r0,PQ031131.1,Mallomonas annulata,SAR/other protist,PQ031131.1,train,L1_donor_90,90,1410,0,2388641864,ATGAGTGATGCAGTAGAAAGAACACGTATTAAATCAGAACGTTATGAATCAGGAGTAATTCCATACAAAAAAATGGGTTATTGGGATGCA
PQ031145.1_L1_donor_90_r0,PQ031145.1,Mallomonas splendens,SAR/other protist,PQ031145.1,val,L1_donor_90,90,1410,0,1158151450,ATGAGTGATGCATCAGAAAGAACGCGTATTAAATCAGAACGTTATGAATCTGGAGTAATTCCATACAAAAAAATGGGTTATTGGGATGCA
PQ213023.1_L1_donor_90_r0,PQ213023.1,Vaucheria litorea,SAR/other protist,PQ213023.1,train,L1_donor_90,90,1410,0,1271834539,ATGTCTAAGTCTGTACAAGAGCGTACTCGAATTAAAAGCCAACGTTATGAATCTGGTGTAATTCCTTATGCGAAAATGGGTTATTGGGAT
PQ791840.1_L1_donor_90_r0,PQ791840.1,Pelagomonas calceolata,SAR/other protist,PQ791840.1,train,L1_donor_90,90,1410,0,2717239295,ATGTCTCAAAATGTATCTGAACGTACAAGAATTAAAAGTGAACGTTACGAATCTGGTGTAATCCCTTACGCTAAAATGGGTTACTGGGAT
PQ791846.1_L1_donor_90_r0,PQ791846.1,Arachnochrysis pilardiaziae,SAR/other protist,PQ791846.1,train,L1_donor_90,90,1410,0,3524858139,ATGTCTCAATCTGTATCAGAACGTACACGAATTAAGAGCGAACGTTATGAATCTGGAGTAATTCCTTATGCTAAAATGGGTTACTGGGAT
PV575775.1_L1_donor_90_r0,PV575775.1,Sargassum hemiphyllum var. chinense,Brown algae,PV575775.1,train,L1_donor_90,90,1410,0,4269087805,ATGCCTGAGAACGTACAGGAAAGAACTCGAATAAAAAGTGAGCGTTATGAATCTGGTGTAATACCATATGCTAAAATGGGATATTGGGAT
PV999901.1_L1_donor_90_r0,PV999901.1,Pseudoderbesia sp. HV-2025c,Green algae,PV999901.1,train,L1_donor_90,90,1410,0,663769347,ATGGGTCCAAAAACAGAAACTAAGGCAGGTGCTGGTTTTAAGGCAGGGGTAAAAGATTATCGCCTCACTTATTATACACCAGACTATCAA
PV999913.1_L1_donor_90_r0,PV999913.1,Pseudoderbesia epilithica,Green algae,PV999913.1,train,L1_donor_90,90,1410,0,1335810498,ATGGCTCCAAAAACTGAAACAAAAGCAGGTGCAGGATTTAAAGCAGGGGTAAAAGACTATCGTTTAACTTACTATACACCGGATTATCAA
PX743792.1_L1_donor_90_r0,PX743792.1,Stemona parviflora,Monocots,PX743792.1,val,L1_donor_90,90,1410,0,2217252885,ATGTCACCACAAACAGAGACTAAAGCAAGTGTTGGATTCAAAGCTGGTGTTAAAGATTACAAATTGACTTATTATACTCCTGATTACGAA
PX743818.1_L1_donor_90_r0,PX743818.1,Corydalis caudata,Other angiosperms,PX743818.1,train,L1_donor_90,90,1410,0,1265001969,ATGAGTTGTAGGGAGGGACTTATGTCACCACAAACAGAGACTAAAGCAAGTGTTGGATTCAAAGCTGGTGTTAAAGATTACAAATTGACT
PX743828.1_L1_donor_90_r0,PX743828.1,Arcangelisia gusanlung,Other angiosperms,PX743828.1,train,L1_donor_90,90,1410,0,3276454204,ATGAGTTGTAGGGAGGGACTTATGTCACCACAAACAGAGACTAAAGCAAGTGTTGGATTCAAAGCTGGTGTTAAAGATTACAAATTGACT
PX743839.1_L1_donor_90_r0,PX743839.1,Thalictrum fortunei,Other angiosperms,PX743839.1,test,L1_donor_90,90,1410,0,3582823189,ATGTCACCACAAACAGAGACTAAAGCAAGTGTTGGCTTCAAAGCGGGTGTTAAAGATTACAAATTGACTTATTATACTCCTGAATATGAA
PX743843.1_L1_donor_90_r0,PX743843.1,Sabia discolor,Other angiosperms,PX743843.1,train,L1_donor_90,90,1410,0,2634863537,ATGTCACCACAAACAGAGACTAAAGCAAGTGCTGGATTCAAAGCTGGTGTTAAAGATTACAAATTGAATTATTATACTCCTGAATATAAC
PX743855.1_L1_donor_90_r0,PX743855.1,Saxifraga unguiculata,Eudicots,PX743855.1,test,L1_donor_90,90,1410,0,1369593180,ATGTCACCACAAACAGAGACTAAAGCGAGTGTTGGATTCAAAGCCGGTGTTAAAGATTACAAATTGACTTATTATACCCCTGATTATGAA
PX743950.1_L1_donor_90_r0,PX743950.1,Myrica nana,Eudicots,PX743950.1,train,L1_donor_90,90,1410,0,4086370689,ATGTCACCACAAACAGAGACTAAAGCAAGTGTTGGATTCAAAGCTGGTGTTAAAGATTATAAATTGACTTATTATACTCCTGACTATGAA
PX743996.1_L1_donor_90_r0,PX743996.1,Acalypha matsudae,Eudicots,PX743996.1,train,L1_donor_90,90,1410,0,3609760022,ATGTCACCACAAACAGAGACTAAAGCAAGTGTTGGGTTCAAGGCTGGTGTTAAAGATTATAAATTGACTTATTTTACTCCTGACTATCAA
PX743998.1_L1_donor_90_r0,PX743998.1,Falconeria insignis,Eudicots,PX743998.1,train,L1_donor_90,90,1410,0,1869705214,ATGTCACCACAAACAGAAACTAAAGCAAGTGTTGGATTCAAGGCTGGTGTTAAAGATTATAAATTGACTTATTATACTCCTGAATATGAA
PX744014.1_L1_donor_90_r0,PX744014.1,Fordiophyton faberi,Eudicots,PX744014.1,train,L1_donor_90,90,1410,0,3908512083,ATGTCACCACAAACAGAGACTAAAGCAAGTGTTGGATTCAAAGCTGGTGTTAAAGATTATAGACTGACTTATTATACTCCTGACTATCAA
PX744018.1_L1_donor_90_r0,PX744018.1,Acer albopurpurascens,Eudicots,PX744018.1,test,L1_donor_90,90,1410,0,443099565,ATGTCACCACAAACAAAGACTAAAGCAAGTGTTGGATTCAAAGCCATCGTTAAAGATTATAAATTGACTTATTATACTCTTGACTATGTA
PX744022.1_L1_donor_90_r0,PX744022.1,Lepisanthes hainanensis,Eudicots,PX744022.1,train,L1_donor_90,90,1410,0,1091013408,ATGTCACCACAAACAGAGACTAAAGCAAGTGTTGGATTCAAAGCCGGTGTTAAAGATTATAAATTGACTTATTATACTCCTGACTATGTA
PX744047.1_L1_donor_90_r0,PX744047.1,Buckleya henryi,Eudicots,PX744047.1,val,L1_donor_90,90,1410,0,3940445190,ATGTCACCACAAACAGAGACTAAAGCAAGTGTTGGATTCAAAGCGGGTGTTAAGGATTATAAATTGACTTATTATACTCCTGATTACGAA
PX744060.1_L1_donor_90_r0,PX744060.1,Arthrophytum longibracteatum,Eudicots,PX744060.1,train,L1_donor_90,90,1410,0,640879121,ATGTCACCACAAACCGAAACTAAAGCAAGTGTTGGATTTAAAGCTGGTGTTAAAGATTACAAATTGACTTATTATACTCCTGAGTATGAA
PX744100.1_L1_donor_90_r0,PX744100.1,Ardisia brevicaulis,Eudicots,PX744100.1,train,L1_donor_90,90,1410,0,2871779262,ATGTCACCACAAACAGAGACTAAAGCAGGTACTGGATTCAAAGCTGGTGTTAAAGATTACAAATTGACTTATTATACTCCTGAGTATGTA
PX744121.1_L1_donor_90_r0,PX744121.1,Rhododendron declivatum,Eudicots,PX744121.1,train,L1_donor_90,90,1410,0,3897358168,ATGTCACCACAAACAGAGACTAAAGCAAGTGTTGGATTCAAAGCTGGTGTTAAAGAGTACAAATTGAATTATTATACTCCTCAGTATGAA
PX744240.1_L1_donor_90_r0,PX744240.1,Pedicularis ikomai,Eudicots,PX744240.1,train,L1_donor_90,90,1410,0,3984190265,ATGAGTTGTAGGGAGGGATTTATGTCACCACAAACAGAAACTAAAGCAAGTGTTGGATTCAAAGCGGGTGTTAAAGAGTACAAATTGACT
PX744248.1_L1_donor_90_r0,PX744248.1,Adenophora wulingshanica,Eudicots,PX744248.1,train,L1_donor_90,90,1410,0,1924528060,ATGTCACCACAAACAGAGACGAAGGCAAATGTTGGATTTAAGGCTGGGGTTAAAGATTATAAATTAACTTATTATACTCCGGACTATGAA
PX744249.1_L1_donor_90_r0,PX744249.1,Pentaphragma spicatum,Eudicots,PX744249.1,train,L1_donor_90,90,1410,0,1938911176,ATGTCACCACAAACAGAAACTAAAGCAAGTGTTGGATTCAAAGCTGGTGTTAAAGATTATAAATTGACTTATTATACTCCTGACTATGAA
PX744267.1_L1_donor_90_r0,PX744267.1,Leontopodium smithianum,Eudicots,PX744267.1,train,L1_donor_90,90,1410,0,3189749670,ATGTCACCACAAACAGAGACTAAAGCAAGTGTTGGATTCAAAGCAGGTGTTAAAGATTATAAATTGACTTATTATACTCCTGAGTATGAA
PX744315.1_L1_donor_90_r0,PX744315.1,Platostoma hispidum,Eudicots,PX744315.1,train,L1_donor_90,90,1410,0,633957948,ATGAGTTGTAGGGAGGGATTTATGTCACCACAAACAGAGACTAAAGCAAGTGTTGGATTCAAAGCGGGTGTTAAAGAGTACAAATTGACT
PX744322.1_L1_donor_90_r0,PX744322.1,Allmania nodiflora,Eudicots,PX744322.1,train,L1_donor_90,90,1410,0,3684407875,ATGTCACCACAAACAGAGACTAAAGCAAGTGTTGGATTTAAAGCTGGTGTTAAAGATTACAAATTGACTTATTATACTCCTGAGTATGAA
PX924757.1_L1_donor_90_r0,PX924757.1,Augea capensis,Eudicots,PX924757.1,train,L1_donor_90,90,1410,0,1632744455,ATGTCACCACAAACAGAGACTAAAGCAAGTGTTGGATTCAAGGCTGGTGTTAAAGATTATAAATTGACTTATTATACTCCTGAATATGAA
PZ584713.1_L1_donor_90_r0,PZ584713.1,Paulinella sp. B8128-1,SAR/other protist,PZ584713.1,train,L1_donor_90,90,1410,0,2967181528,ATGAGCAAGAAGTACGACGCCGGGGTTAAGGAGTACAGAGACACTTACTGGACTCCTGACTATATTCCCCTTGACACTGATCTACTAGCC
AB050950.1_L1_donor_90_r1,AB050950.1,Filibryum ogatae,Mosses,AB050950.1,train,L1_donor_90,90,1410,1,2950423016,ATGTCACCACAAACGGAGACTAAAGCAGGTGTTGGATTTAAAGCTGGTGTTAAAGATTACAGATTAACTTATTACACTCCAGATTATCAG
AB071411.1_L1_donor_90_r1,AB071411.1,Mastopoma subfiliferum,Mosses,AB071411.1,train,L1_donor_90,90,1410,1,2934237304,ATGTCACCACAAACGGAGACTAAAGCAGGTGTTGGATTTAAAGCTGGTGTTAAAGATTACAGATTAACCTATTACACTCCAGATTATCAG
AB159651.1_L1_donor_90_r1,AB159651.1,Thorea gaudichaudii,Red algae,AB159651.1,train,L1_donor_90,90,1410,1,2822842258,ATGTCTCAATCCGTAGAAGAACGGACAAGGATTAAAAACGAACGTTACGAATCTGGAGTAATACCATACGCAAAGATGGGTTACTGGGAT
AB159659.1_L1_donor_90_r1,AB159659.1,Nemalionopsis tortuosa,Red algae,AB159659.1,train,L1_donor_90,90,1410,1,223407576,ATGTCTCAATCCGTAGAAGAACGGACAAGGATCAAAAATGAACGCTATGAATCTGGCGTAATTCCATACGCAAAAATGGGTTACTGGGAT
AB540047.1_L1_donor_90_r1,AB540047.1,Gloiopeltis sp. Nomozaki/2003,Red algae,AB540047.1,train,L1_donor_90,90,1410,1,3223736373,ATGTCTCAATCTGTAGAAGAACGGACAAGAATCAAAGACGAACGTTACGAATCTGGAGTTATCCCATATGCTAAGATGGGCTATTGGGAT
AB540051.1_L1_donor_90_r1,AB540051.1,Gloiopeltis complanata,Red algae,AB540051.1,test,L1_donor_90,90,1410,1,2335674937,ATGTCTCAATCTGTAGAAGAACGGACAAGAATCAAAGACGAACGTTACGAATCTGGAGTTATCCCGTATGCTAAGATGGGCTATTGGGAT
AB540052.1_L1_donor_90_r1,AB540052.1,Gloiopeltis complanata,Red algae,AB540052.1,train,L1_donor_90,90,1410,1,3466373886,ATGTCTCAATCTGTAGAAGAACGGACAAGAATCAAAGACGAACGTTACGAATCTGGAGTTATCCCGTACGCTAAAATGGGCTATTGGGAT
AB853073.1_L1_donor_90_r1,AB853073.1,Hypnodontopsis apiculatus,Mosses,AB853073.1,train,L1_donor_90,90,1410,1,283627012,ATGTCACCACAAACGGAGACTAAAGCAGGTGTTGGATTTAGAGCTGGTGTTAAAGATTACAGATTAACTTATTACACTCCAGAGTATCAA
AB853079.1_L1_donor_90_r1,AB853079.1,Timmiella anomala,Mosses,AB853079.1,train,L1_donor_90,90,1410,1,2736356164,ATGTCACCACAAACGGAGACTAAAGCAGGTGTTGGATTTAAAGCTGGTGTTAAAGATTACAGATTAACTTATTACACTCCAGATTATCAG
AB970712.1_L1_donor_90_r1,AB970712.1,Clastobryellina orientalis,Mosses,AB970712.1,train,L1_donor_90,90,1410,1,1612371755,ATGTCACCACAAACGGAGACTAAAGCAGGTGTTGGATTTAAAGCTGGTGTTAAAGATTACAGATTAACTTATTACACCCCAGATTATCAG
AY346095.1_L1_donor_90_r1,AY346095.1,Acanthorrhynchium papillatum,Mosses,AY346095.1,train,L1_donor_90,90,1410,1,69121674,ATGTCACCACAAACGGAGACTAGAGCAAGTGTTGGATTTAAAGCTGGTGTTAAAGATTACAGATTAAATTATTACACTCCAGATTATCAG
AY858644.1_L1_donor_90_r1,AY858644.1,Platanus orientalis,Other angiosperms,AY858644.1,test,L1_donor_90,90,1410,1,319339899,ATGTCACCACAAACAGAAACTAAAGCAAGTGTTGGACTCAAAGCTGGTGTTAAAGATTACAAATTGACTTATTATACTCCTGACTATGAA
AY996366.1_L1_donor_90_r1,AY996366.1,Spermatochnus paradoxus,Brown algae,AY996366.1,train,L1_donor_90,90,1410,1,485958781,ATGCCTGAAGATGTGCAGAATCGAACTCGAATAAAAAGTGAACGTTATGAATCAGGTGTTATCCCATATGCCAAAATGGGTTACTGGGAT
EF547818.1_L1_donor_90_r1,EF547818.1,Aneura sp. Shaw 702,Liverworts,EF547818.1,train,L1_donor_90,90,1410,1,39810377,ATGTCACCACAAACGGAGACTAAAGCAGGTGTTGGATTCAAAGCCGGTGTTAAAGATTATAGATTGACCTATTATACACCCGAGTACGAG
EF658643.1_L1_donor_90_r1,EF658643.1,Laurencia intricata,Red algae,EF658643.1,train,L1_donor_90,90,1410,1,2891837685,ATGTCTAACTCTGTAGAAGAACGGGCACGGATTAAAAACGAACGTTATGAATCTGGTGTAATTCCATACGCAAAAATGGGATATTTCCAC
EU713367.1_L1_donor_90_r1,EU713367.1,Legousia pentagonia,Eudicots,EU713367.1,train,L1_donor_90,90,1410,1,3180209176,ATGTCACCACAAACAGAGACTAAAGCAAATGTTGGATTTAAAGCTGGTGTTAAAGATTATAAATTAACTTATTATACTCCAGACTATGAA
FJ438476.1_L1_donor_90_r1,FJ438476.1,Haematococcus lacustris,Green algae,FJ438476.1,val,L1_donor_90,90,1410,1,4133239960,ATGGTTCCACAAACAGAAACAAGAGCAGGTGCTGGGTTTAAAGCTGGTGTAAAAGATTATCGTTTAACGTATTATACACCAGATTACGTT
KT693213.1_L1_donor_90_r1,KT693213.1,Hormotilopsis gelatinosa,Green algae,KT693213.1,train,L1_donor_90,90,1410,1,37948894,ATGGCTCCACAAACAGAAACAAAAGCCGGGGCGGGATTTAAAGCAGGGGTTAAAGACTATAGATTAACTTACTATACACCTGACTACATC
KU645801.1_L1_donor_90_r1,KU645801.1,Passiflora quadrangularis,Eudicots,KU645801.1,train,L1_donor_90,90,1410,1,2400617795,ATGTCACCACAAACAGAGACTAAAGCAAGTGTTGGATTCAAGGCTGGTGTTAAAGATTATAAATTGACTTATTATACTCCTGAATATAAC
KU645803.1_L1_donor_90_r1,KU645803.1,Cananga odorata,Other angiosperms,KU645803.1,train,L1_donor_90,90,1410,1,2221084890,ATGTCACCAAAAACAGAGACTAAAGCAAGTGTTGGATTCAAAGCTGGTGTTAAAGAGTACAAATTGACTTATTATACTCCTGAATATGAA
KU645804.1_L1_donor_90_r1,KU645804.1,Asimina incana,Other angiosperms,KU645804.1,val,L1_donor_90,90,1410,1,2714891203,ATGTCACCAAAAACAGAGACTAAAGCAAGTGTTGGGTTCAAAGCGGGTGTTAAAGAGTACAAATTGACTTATTATACTCCTGAATATGAA
LC060504.1_L1_donor_90_r1,LC060504.1,Acinetospora filamentosa,Brown algae,LC060504.1,train,L1_donor_90,90,1410,1,498687933,ATGCCTGAAGATGTGCAGAATCGAACTCGAATAAAAAGTGAACGTTATGAATCAGGTGTTATTCCATATGCAAAAATGGGATATTGGGAT
LC060517.1_L1_donor_90_r1,LC060517.1,Acinetospora asiatica,Brown algae,LC060517.1,train,L1_donor_90,90,1410,1,445331489,ATGCCTGAAGATGTGCAGAATCGAACTCGAATAAAAAGTGAACGTTATGAATCAGGTGTTATTCCATATGCAAAAATGGGATATTGGGAT
LC145073.1_L1_donor_90_r1,LC145073.1,Haplomitrium hookeri,Liverworts,LC145073.1,val,L1_donor_90,90,1410,1,2754256063,ATGTCACCACAGACAGAAACTAGAGCAGGTGTTGGATTCAAAGCCGGTGTGAAAGATTACAGATTGACTTATTATACTCCCAATTACGAG
LC176260.1_L1_donor_90_r1,LC176260.1,Weisiopsis anomala,Mosses,LC176260.1,val,L1_donor_90,90,1410,1,4207824655,ATGTCACCACAAACGGAGACTAAAGCAGGTGTTGGATTTAAAGCTGGTGTTAAAGATTACAGATTAACTTATTACACTCCAGACTATCAG
LC200423.1_L1_donor_90_r1,LC200423.1,Selenastrum capricornutum,Green algae,LC200423.1,val,L1_donor_90,90,1410,1,1039284919,ATGGTTCCTCAAACAGAAACTAAAGCAGGCGCTGGATTTAAAGCTGGTGTAAAAGACTACCGTTTAACATACTACACTCCTGATTACGTT
LC270392.1_L1_donor_90_r1,LC270392.1,Pohlia annotina,Mosses,LC270392.1,test,L1_donor_90,90,1410,1,1822102639,ATGTCACCACAAACGGAGACTAAAGCAGGTGTTGGATTTAAAGCTGGTGTTAAAGATTACAGATTAACTTATTACACTCCAGATTATCAG
LC272005.1_L1_donor_90_r1,LC272005.1,Fissidens subangustus,Mosses,LC272005.1,train,L1_donor_90,90,1410,1,1882225582,ATGTCACCACAAACGGAGACTAAAGCAGGTGTTGGATTTAAAGCTGGTGTTAAAGATTACAGATTAACTTATTACACTCCAGATTATCAG
LC376047.1_L1_donor_90_r1,LC376047.1,Hattoria yakushimensis,Liverworts,LC376047.1,train,L1_donor_90,90,1410,1,489257028,ATGTCACCACAAACGGAGACTAAAGCAGGTGTTGGATTCAAAGCTGGTGTTAAAGATTATAGATTAACTTACTATACGCCTGATTATGAG
LC493039.1_L1_donor_90_r1,LC493039.1,Colpomenia borea,Brown algae,LC493039.1,train,L1_donor_90,90,1410,1,2418864568,ATGCCTGAAGATGTGCAGAATCGAACTCGAATAAAAAGTGAACGTTACGAATCAGGTGTTATTCCATATGCCAAAATGGGATATTGGGAT
LC723702.1_L1_donor_90_r1,LC723702.1,Schistochila sciurea,Liverworts,LC723702.1,train,L1_donor_90,90,1410,1,2292156947,ATGTCACCACAAACGGAGACTAAAGCAGGTGTTGGATTCAAAGCTGGTGTTAAAGATTATAGATTAACTTATTATACTCCGGATTATGAA
LC735540.1_L1_donor_90_r1,LC735540.1,Centella asiatica,Eudicots,LC735540.1,train,L1_donor_90,90,1410,1,586081969,ATGTCACCACAAACAGAGACTAAAGCAGGTGTTGGATTCAAAGCTGGGGTTAAAGATTACAAATTGACTTATTATACTCCTGACTATGAA
LC791202.1_L1_donor_90_r1,LC791202.1,Pleurozia subinflata,Liverworts,LC791202.1,val,L1_donor_90,90,1410,1,3093637825,ATGTCACCACAAACGGAGACTAAAACAGGTGTTGGATTCAAAGCTGGTGTTAAAGATTATCGCTTAACTTATTATACTCCTGATTATCAG
LC858738.1_L1_donor_90_r1,LC858738.1,Cyathodium tuberosum,Liverworts,LC858738.1,train,L1_donor_90,90,1410,1,3236511815,ATGTCACCACAAACGGAGACTAAAGCAGGTGCTGGATTCAAAGCTGGTGTTAAAGATTATCGATTAAATTATTACACTCCTGATTATGAG
LC858740.1_L1_donor_90_r1,LC858740.1,Cyathodium cavernarum,Liverworts,LC858740.1,train,L1_donor_90,90,1410,1,1614252387,ATGTCACCACAAACGGAGACTAAAGCAGGTGCTGGATTCAAAGCTGGTGTTAAAGATTATCGATTAACTTATTACACTCCTGATTATGAG
LC859596.1_L1_donor_90_r1,LC859596.1,Trichocolea japonica,Liverworts,LC859596.1,train,L1_donor_90,90,1410,1,2745553852,ATGTCACCACAAACGGAGACTAAAACAGGTGTTGGATTCAAAGCTGGTGTGAAAGATTATAGATTAACTTATTACACACCTGATTATGAG
LC884819.1_L1_donor_90_r1,LC884819.1,Cyanidium caldarium,Red algae,LC884819.1,train,L1_donor_90,90,1410,1,4283924810,ATGGCTCAGTCTGTGCAAGAACGAACACGTCTGAAAAATAAAAGGTATGAATCTGGCGTAATACCATATGCGAAAATGGGATATTGGGAT
LC899187.1_L1_donor_90_r1,LC899187.1,Pyropia akasakae,Red algae,LC899187.1,train,L1_donor_90,90,1410,1,1478124600,ATGTCTCAATCCGTAGAATCACGGACTAGGATTAAAAGCGAACGTTACGAATCTGGAGTAATCCCTTACGCTAAAATGGGCTACTGGGAT
LC924737.1_L1_donor_90_r1,LC924737.1,Conocephalum orientale,Liverworts,LC924737.1,train,L1_donor_90,90,1410,1,2593158906,ATGTCACCACAAACGGAGACTAAAGCAGGTACTGGATTCAAAGCTGGTGTTAAAGATTATCGATTAACTTATTATACTCCGGATTATGAA
LC924765.1_L1_donor_90_r1,LC924765.1,Porella ulophylla,Liverworts,LC924765.1,train,L1_donor_90,90,1410,1,825901814,ATGTCACCACAAACGGAAACTAAAACAGGTGCTGGATTTAAAGCTGGTGTTAAAGATTATAGATCAACTTATTATACTCCCGACTATGAT
LC924778.1_L1_donor_90_r1,LC924778.1,Acrolejeunea pusilla,Liverworts,LC924778.1,train,L1_donor_90,90,1410,1,1670904294,ATGTCACCACAAACGGAGACTAAAGCAGGTGTTGGATTTAAAGCGGGCGTTAAGGATTATAGATTAACTTATTATACTCCTGAGTACCAG
LC924831.1_L1_donor_90_r1,LC924831.1,Ceratodon purpureus,Mosses,LC924831.1,train,L1_donor_90,90,1410,1,3670478726,ATGTCACCACAAACGGAGACTAAAGCAGGTGTTGGATTTAAAGCTGGTGTTAAAGATTACAGATTAAATTATTACACTCCAGATTATCAG
LC924878.1_L1_donor_90_r1,LC924878.1,Orthotrichum consobrinum,Mosses,LC924878.1,val,L1_donor_90,90,1410,1,4291890800,ATGTCACCACAAACGGAGACTAAAGCAGGTGTTGGATTTAAAGCTGGTGTTAAAGATTACAGATTAACTTATTACACTCCAGATTATCAA
LC924944.1_L1_donor_90_r1,LC924944.1,Pylaisiadelpha yokohamae,Mosses,LC924944.1,train,L1_donor_90,90,1410,1,2824385900,ATGTCACCACAAACGGAGACCAAAGCAGGTGTTGGATTTAAAGCTGGTGTTAAAGATTACAGATTAACTTATTACACCCCAGATTATCAA
LC924950.1_L1_donor_90_r1,LC924950.1,Calohypnum plumiforme,Mosses,LC924950.1,val,L1_donor_90,90,1410,1,878319910,ATGTCACCACAAACGGAGACTAAAGCAGGTGTTGGATTTAAAGCTGGTGTTAAAGATTACAGATTAACTTATTACACTCCAGATTATCAG
LC924964.1_L1_donor_90_r1,LC924964.1,Myuroclada maximowiczii,Mosses,LC924964.1,train,L1_donor_90,90,1410,1,2248269011,ATGTCACCACAAACGGAGACTAAAGCAGGTGTTGGATTTAAAGCTGGTGTTAAAGATTACAGATTAACTTATTACACTCCAGATTATCAG
MG251837.1_L1_donor_90_r1,MG251837.1,Hydroclathrus rapanuii,Brown algae,MG251837.1,train,L1_donor_90,90,1410,1,1399218224,ATGCTTGAAGATGTGCAGAATCGAACTCGAATAAAAAGTGAACGTTACGAATCAGGTGTAATTCCATATGCCAAAATGGGGTATTGGGAT
MH172437.1_L1_donor_90_r1,MH172437.1,Pectinopitys harmsiana,Conifers,MH172437.1,train,L1_donor_90,90,1410,1,2747298668,ATGTCACCAAAAACAGAGACTAAAGTAAGTGCTGGGTTCAAAGCTGGTGTTAAAGATTACAGATTAACTTATTATACTCCGGACTATCAG
MH270460.1_L1_donor_90_r1,MH270460.1,Macleaya microcarpa,Other angiosperms,MH270460.1,train,L1_donor_90,90,1410,1,3467700725,ATGTCACCACAAACAGAGACTAAAGCAAGTGTTGGATTCAAAGCTGGTGTTAAAGATTACAAATTGACTTATTATACTCCTGACTATGAA
MH390671.1_L1_donor_90_r1,MH390671.1,Quinchamalium chilense,Eudicots,MH390671.1,train,L1_donor_90,90,1410,1,270109831,ATGTCACCACAAACAGAGACTAAAGCGAGTGTTGGATTCAAAGCTGGTGTTAAAGAGTACAAATTGACTTATTATACTCCTGATTATGAA
MH390672.1_L1_donor_90_r1,MH390672.1,Schoepfia schreberi,Eudicots,MH390672.1,train,L1_donor_90,90,1410,1,474757662,ATGTCACCACAAACAGAGACTAAAGCAAGTGTTGGATTCAAAGCTGGTGTTAAAGAGTACAAATTGACTTATTATACTCCTGATTATGAA
MH545292.1_L1_donor_90_r1,MH545292.1,Batophora occidentalis,Green algae,MH545292.1,train,L1_donor_90,90,1410,1,3674161077,ATGGCTCCACAAACTGAGACTAAAGCAAGTGCTGGATTTAAAGCGGGTGTAAAAGATTATCGTTTAACATATTACACTCCTGATTATCAA
MH545335.1_L1_donor_90_r1,MH545335.1,Halicoryne sp. HV04044,Green algae,MH545335.1,train,L1_donor_90,90,1410,1,4174680610,ATGGGAACAACTGAAACGAAAGCAGGTGCTGGATTTAAAGCGGGTGTAAAAGATTATCGTCTAACGTACTATACACCTGATTATCAAGTA
MH616272.1_L1_donor_90_r1,MH616272.1,Borya sphaerocephala,Monocots,MH616272.1,train,L1_donor_90,90,1410,1,698834221,ATGTCACCACAAACAGAGACTAAAGCAAATGTTGGATTTAAAGCTGGTGTTAAAGATTACAAATTGACTTATTATACTCCTGACTACGAC
MH661965.1_L1_donor_90_r1,MH661965.1,Epiblema grandiflorum,Monocots,MH661965.1,train,L1_donor_90,90,1410,1,3407223946,ATGAGTTGTAGGGAGGGACTTATGTCACCACAAACAGAGACTAAAGCAAGCGTTGGATTTAAAGCTGGTGTTAAAGATTACAAATTGACT
MK295219.1_L1_donor_90_r1,MK295219.1,Chlorella sp. 64.01,Green algae,MK295219.1,train,L1_donor_90,90,1410,1,169136153,ATGGCTCCACAAACTGAAACTAGAGCAGGTGCTGGATTTAAAGCAGGTGTTAAAGATTATCGTTTAACATACTATACTCCTGACTATCAA
MK295220.1_L1_donor_90_r1,MK295220.1,Pseudochlorella pringsheimii,Green algae,MK295220.1,train,L1_donor_90,90,1410,1,1124212926,ATGTCTCCACAAACTGAAACTAAAGCAAGGGTGGGTTTCAAAGCAGGTGTTAAAGACTACCGTTTAACTTACTATACTCCTGATTACCAA
MK806439.1_L1_donor_90_r1,MK806439.1,Lepisorus jakonensis,Ferns,MK806439.1,train,L1_donor_90,90,1410,1,3572187474,ATGTCACCACAAACGGAGACTAAAGCGGGTGTTGGATTCAAAGCTGGTGTCAAAGATTATCGATTGACTTATTACACCCCCGAATACAAA
MN030175.1_L1_donor_90_r1,MN030175.1,Botrypus virginianus,Ferns,MN030175.1,train,L1_donor_90,90,1410,1,16930183,ATGTCACCACAAACGGAGACTAAAGCAGGTGTTGGATTCAAAGCTGGTGTTAAAGATTATCGATTGACCTATTACACTCCCGATTACAAA
MN601490.1_L1_donor_90_r1,MN601490.1,Clematis sp. DPP-2019a,Other angiosperms,MN601490.1,train,L1_donor_90,90,1410,1,1037757683,ATGTCACCACAAACAGAGACTAAAGCGAGTGTTGGCTTCAAAGCAGGTGTTAAAGAGTACAAATTGAATTATTATACTCCTGAATATGAA
MN793055.1_L1_donor_90_r1,MN793055.1,Chara vulgaris,Other green,MN793055.1,train,L1_donor_90,90,1410,1,114526946,ATGTCACCACAGACAGAAACTAAAACAAGTGCTGGATTTAAAGCAGGGGTAAAAGATTACAGATTAACTTACTATACTCCTGAGTATAAA
MT439865.1_L1_donor_90_r1,MT439865.1,Glomerochrysis psammophila,SAR/other protist,MT439865.1,val,L1_donor_90,90,1410,1,4062065941,ATGTCTCAATCTGTATCAGAACGTACACGTATTAAGAGCGAACGTTATGAATCTGGTGTAATCCCTTACGCTAAAATGGGTTACTGGGAT
MW267923.1_L1_donor_90_r1,MW267923.1,Zygnema circumcarinatum,Other green,MW267923.1,train,L1_donor_90,90,1410,1,1305299085,ATGTCACCACAAACAGAAACCAAAGCAGGTGCTGGATTTAAAGCAGGGGTAAAAGATTACCGACTTACCTATTACACTCCTGACTATGAA
MW524049.1_L1_donor_90_r1,MW524049.1,Dryopteris fragrans,Ferns,MW524049.1,train,L1_donor_90,90,1410,1,87622107,ATGTCACCACAAACGGAGACTAAAGCAGGTGTTGGATTCAAAGCTGGTGTCAAAGATTATCGATTGACCTATTACACCCCCGAATACAAG
MZ133428.1_L1_donor_90_r1,MZ133428.1,Corbierea radiosa,Green algae,MZ133428.1,train,L1_donor_90,90,1410,1,3590304331,ATGGTTCCACAAACAGAAACAAGAGCTGGTGCTGGGTTTAAAGCTGGTGTTAAAGATTATCGATTAACGTATTATACACCAGATTACGTA
MZ714562.1_L1_donor_90_r1,MZ714562.1,Scutellaria indica var. tsusimensis,Eudicots,MZ714562.1,train,L1_donor_90,90,1410,1,1918767779,ATGTCACCACAAACTGAAACCAGAACAGGTACTGGCTTTAAAGCAGGCGTTAAGGACTATCGCCTAACTTACTACACTCCTGATTATGAG
OK588964.1_L1_donor_90_r1,OK588964.1,Hydrocleys nymphoides,Monocots,OK588964.1,train,L1_donor_90,90,1410,1,3596455877,ATGTCACCACAAACGGAGACTAAAACAGGTGTTGGATTCAAAGCTGGTGTTAAAGATTACAAATTGACTTATTATACTCCTGAATATCAA
OK588972.1_L1_donor_90_r1,OK588972.1,Baldellia ranunculoides,Monocots,OK588972.1,train,L1_donor_90,90,1410,1,2138061125,ATGTCACCACAAACAGAGACTAAAACAGGTGTTGGATTCAAAGCCGGTGTTAAAGATTACAAATTGACTTATTATACTCCTGAATATCAA
OK588984.1_L1_donor_90_r1,OK588984.1,Echinodorus paniculatus,Monocots,OK588984.1,train,L1_donor_90,90,1410,1,4288918877,ATGTCACCACAAACAGAGACTAAAACAGGTGTTGGATTCAAAGCAGGTGTTAAAGATTACAAATTGACCTATTATACTCCTGAATATCAA
OK588986.1_L1_donor_90_r1,OK588986.1,Helanthium bolivianum,Monocots,OK588986.1,train,L1_donor_90,90,1410,1,520158989,ATGTCACCGCAAACAGAGACTAAAACAGGTGTCGGATTCAAAGCTGGTGTTAAAGATTACAAATTGACTTATTATACTCCTGAATATCAA
OK588987.1_L1_donor_90_r1,OK588987.1,Limnocharis flava,Monocots,OK588987.1,train,L1_donor_90,90,1410,1,3518784921,ATGTCACCACAAACAGAGACTAAAACAGGTGTTGGATTCCAAGCAGGTGTAAAAGATTACAAATTAACTTATTATACTCCTGAATATCAA
OL504528.1_L1_donor_90_r1,OL504528.1,Smilax weniae,Monocots,OL504528.1,train,L1_donor_90,90,1410,1,1789353404,ATGTCACCACAAACAGAGACTAAAGCAAGTGTTGGATTCAAAGCTGGTGTTAAAGATTACAAATTGACTTATTATACTCCTGACTATGAA
ON568338.1_L1_donor_90_r1,ON568338.1,Scytosiphon sp. Atlantic complex sp. 1,Brown algae,ON568338.1,test,L1_donor_90,90,1410,1,4069363415,ATGCCTGAAGATGTGCAGAATCGAACTCGAATAAAAAGTGAACGTTACGAATCAGGTGTTATTCCATATGCCAAAATGGGATATTGGGAT
ON684489.1_L1_donor_90_r1,ON684489.1,Juniperus navicularis,Conifers,ON684489.1,train,L1_donor_90,90,1410,1,2627716285,ATGTCACCAAAAACAGAGACTAAAGCAAGTGTCGGATTCAAAGCGGGTGTTAAAGATTACAGATTAACTTATTATACTCCGGAATATCAG
ON920851.1_L1_donor_90_r1,ON920851.1,Pseudostaurastrum enorme,SAR/other protist,ON920851.1,train,L1_donor_90,90,1410,1,3656672021,ATGTTTCAATCTGTAGAAGAAAGAACACGAATTAAAAATGAACGTTATGAATCAGGTGTAATCCCTTACGCTGAAATGGGATATTGGGAT
ON933796.1_L1_donor_90_r1,ON933796.1,Commiphora wightii,Eudicots,ON933796.1,train,L1_donor_90,90,1410,1,1770325797,ATGAGTTGTAGGGAGGGACTTATGTCACCACAAACAGAGACTAAAGCAAGTGTTGGATTCAAAGCCGGTGTTAAAGACTATAAATTGAAT
OP237580.1_L1_donor_90_r1,OP237580.1,Baolia bracteata,Eudicots,OP237580.1,train,L1_donor_90,90,1410,1,1625767297,ATGTCACCACAAACAGAGACTAAAGCAAGTGTTGGATTTAAAGCGGGTGTTAAAGATTACAAATTGACTTATTATACTCCTGAGTATGAA
OP330067.1_L1_donor_90_r1,OP330067.1,Asplenium trichomanes,Ferns,OP330067.1,train,L1_donor_90,90,1410,1,2986157866,ATGTCGCCACAAACGGAGACTAAGGCGGGTGTTGGATTCAAAGCTGGTGTCAAAGATTACCGGCTGACTTATTACACCCCCGAATACAAA
OQ863300.1_L1_donor_90_r1,OQ863300.1,Laurencia catarinensis,Red algae,OQ863300.1,train,L1_donor_90,90,1410,1,3670329182,ATGTCTAACTCTGTAGAAGAACGGACACGGATTAAAAACGAACGTTATGAATCTGGTGTAATTCCATACGCAAAAATGGGATACTGGGAC
OQ863312.1_L1_donor_90_r1,OQ863312.1,Laurencia sp. A25,Red algae,OQ863312.1,train,L1_donor_90,90,1410,1,1604252527,ATGTCTAACTCTGTAGAAGCACGGACACGGATTAAAAACGAACGTTATGAATCTGGTGTAATTCCATACGCAAAAATGGGATACTGGGAC
OQ868456.1_L1_donor_90_r1,OQ868456.1,Pteris pseudowulaiensis,Ferns,OQ868456.1,train,L1_donor_90,90,1410,1,6323113,ATGTCGCCACAAACGGAGACTAAAGCAGGTGTTGGATTCAAAGCTGGTGTCAAAGATTATCGATTGACTTATTACACTCCCGAATACAAG
OR165438.1_L1_donor_90_r1,OR165438.1,Cyanotis obtusa,Monocots,OR165438.1,test,L1_donor_90,90,1410,1,2185834566,ATGTCACCACAAACAGAGACTAAAGCAAGTGTTGGATTTAAAGCGGGTGTTAAAGATTATAAATTGACTTATTATACTCCTGAGTACCAA
OR165493.1_L1_donor_90_r1,OR165493.1,Tradescantia fluminensis,Monocots,OR165493.1,train,L1_donor_90,90,1410,1,4214498884,ATGTCACCACAAACAGAGACTAAAGCAAGTGTTGGATTTAAAGCGGGTGTTAAAGATTATAAATTGACTTATTATACTCCTGAGTACCAA
OR359632.1_L1_donor_90_r1,OR359632.1,Amoenothamnion planktonicum,Red algae,OR359632.1,train,L1_donor_90,90,1410,1,2616706689,ATGTCTAACTCTGTAGAAGAACGGACAAGAATTAAAAATGAACGTTATGAATCTGGTGTAATCCCTTATGCAAAAATGGGATATTGGGAT
PP263658.1_L1_donor_90_r1,PP263658.1,Daphniphyllum macropodum subsp. humile,Eudicots,PP263658.1,val,L1_donor_90,90,1410,1,4036719785,ATGAGTTGTAGGGAGGGACTTATGTCACCACAAACAGAGACTAAAGCAAGTGTTGGATTCAAAGCTGGTGTTAAAGATTACAAATTGACT
PQ031122.1_L1_donor_90_r1,PQ031122.1,Mallomonas flora,SAR/other protist,PQ031122.1,train,L1_donor_90,90,1410,1,536406323,ATGAGTACAGGAGAAAGAACGCGTATTAAATCAGAACGTTATGAATCTGGAGTAATCCCATACAAAAAAATGGGTTATTGGGATGCAGAC
PQ031123.1_L1_donor_90_r1,PQ031123.1,Mallomonas striata,SAR/other protist,PQ031123.1,train,L1_donor_90,90,1410,1,1872478869,ATGAGTGATGCAGTAGAAAGAACACGTATTAAATCAGAACGTTATGAATCTGGAGTAATTCCATATAAAAAAATGGGTTATTGGGATGCA
PQ031125.1_L1_donor_90_r1,PQ031125.1,Mallomonas kalinae,SAR/other protist,PQ031125.1,train,L1_donor_90,90,1410,1,2767040341,ATGAGTGATGCATCAGAAAGAACGCGTATTAAATCAGAACGTTATGAATCTGGAGTAATTCCATACAAAAAAATGGGGTATTGGGATGCT
PQ031131.1_L1_donor_90_r1,PQ031131.1,Mallomonas annulata,SAR/other protist,PQ031131.1,train,L1_donor_90,90,1410,1,2463730630,ATGAGTGATGCAGTAGAAAGAACACGTATTAAATCAGAACGTTATGAATCAGGAGTAATTCCATACAAAAAAATGGGTTATTGGGATGCA
PQ031145.1_L1_donor_90_r1,PQ031145.1,Mallomonas splendens,SAR/other protist,PQ031145.1,val,L1_donor_90,90,1410,1,3724552481,ATGAGTGATGCATCAGAAAGAACGCGTATTAAATCAGAACGTTATGAATCTGGAGTAATTCCATACAAAAAAATGGGTTATTGGGATGCA
PQ213023.1_L1_donor_90_r1,PQ213023.1,Vaucheria litorea,SAR/other protist,PQ213023.1,train,L1_donor_90,90,1410,1,1255089248,ATGTCTAAGTCTGTACAAGAGCGTACTCGAATTAAAAGCCAACGTTATGAATCTGGTGTAATTCCTTATGCGAAAATGGGTTATTGGGAT
PQ791840.1_L1_donor_90_r1,PQ791840.1,Pelagomonas calceolata,SAR/other protist,PQ791840.1,train,L1_donor_90,90,1410,1,3865295804,ATGTCTCAAAATGTATCTGAACGTACAAGAATTAAAAGTGAACGTTACGAATCTGGTGTAATCCCTTACGCTAAAATGGGTTACTGGGAT
PQ791846.1_L1_donor_90_r1,PQ791846.1,Arachnochrysis pilardiaziae,SAR/other protist,PQ791846.1,train,L1_donor_90,90,1410,1,1440475086,ATGTCTCAATCTGTATCAGAACGTACACGAATTAAGAGCGAACGTTATGAATCTGGAGTAATTCCTTATGCTAAAATGGGTTACTGGGAT
PV575775.1_L1_donor_90_r1,PV575775.1,Sargassum hemiphyllum var. chinense,Brown algae,PV575775.1,train,L1_donor_90,90,1410,1,1001839356,ATGCCTGAGAACGTACAGGAAAGAACTCGAATAAAAAGTGAGCGTTATGAATCTGGTGTAATACCATATGCTAAAATGGGATATTGGGAT
PV999901.1_L1_donor_90_r1,PV999901.1,Pseudoderbesia sp. HV-2025c,Green algae,PV999901.1,train,L1_donor_90,90,1410,1,296074404,ATGGGTCCAAAAACAGAAACTAAGGCAGGTGCTGGTTTTAAGGCAGGGGTAAAAGATTATCGCCTCACTTATTATACACCAGACTATCAA
PV999913.1_L1_donor_90_r1,PV999913.1,Pseudoderbesia epilithica,Green algae,PV999913.1,train,L1_donor_90,90,1410,1,705504164,ATGGCTCCAAAAACTGAAACAAAAGCAGGTGCAGGATTTAAAGCAGGGGTAAAAGACTATCGTTTAACTTACTATACACCGGATTATCAA
PX743792.1_L1_donor_90_r1,PX743792.1,Stemona parviflora,Monocots,PX743792.1,val,L1_donor_90,90,1410,1,1728232540,ATGTCACCACAAACAGAGACTAAAGCAAGTGTTGGATTCAAAGCTGGTGTTAAAGATTACAAATTGACTTATTATACTCCTGATTACGAA
PX743818.1_L1_donor_90_r1,PX743818.1,Corydalis caudata,Other angiosperms,PX743818.1,train,L1_donor_90,90,1410,1,53674199,ATGAGTTGTAGGGAGGGACTTATGTCACCACAAACAGAGACTAAAGCAAGTGTTGGATTCAAAGCTGGTGTTAAAGATTACAAATTGACT
PX743828.1_L1_donor_90_r1,PX743828.1,Arcangelisia gusanlung,Other angiosperms,PX743828.1,train,L1_donor_90,90,1410,1,3937994486,ATGAGTTGTAGGGAGGGACTTATGTCACCACAAACAGAGACTAAAGCAAGTGTTGGATTCAAAGCTGGTGTTAAAGATTACAAATTGACT
PX743839.1_L1_donor_90_r1,PX743839.1,Thalictrum fortunei,Other angiosperms,PX743839.1,test,L1_donor_90,90,1410,1,4116745323,ATGTCACCACAAACAGAGACTAAAGCAAGTGTTGGCTTCAAAGCGGGTGTTAAAGATTACAAATTGACTTATTATACTCCTGAATATGAA
PX743843.1_L1_donor_90_r1,PX743843.1,Sabia discolor,Other angiosperms,PX743843.1,train,L1_donor_90,90,1410,1,2156976779,ATGTCACCACAAACAGAGACTAAAGCAAGTGCTGGATTCAAAGCTGGTGTTAAAGATTACAAATTGAATTATTATACTCCTGAATATAAC
PX743855.1_L1_donor_90_r1,PX743855.1,Saxifraga unguiculata,Eudicots,PX743855.1,test,L1_donor_90,90,1410,1,1108572280,ATGTCACCACAAACAGAGACTAAAGCGAGTGTTGGATTCAAAGCCGGTGTTAAAGATTACAAATTGACTTATTATACCCCTGATTATGAA
PX743950.1_L1_donor_90_r1,PX743950.1,Myrica nana,Eudicots,PX743950.1,train,L1_donor_90,90,1410,1,2533309372,ATGTCACCACAAACAGAGACTAAAGCAAGTGTTGGATTCAAAGCTGGTGTTAAAGATTATAAATTGACTTATTATACTCCTGACTATGAA
PX743996.1_L1_donor_90_r1,PX743996.1,Acalypha matsudae,Eudicots,PX743996.1,train,L1_donor_90,90,1410,1,3049708463,ATGTCACCACAAACAGAGACTAAAGCAAGTGTTGGGTTCAAGGCTGGTGTTAAAGATTATAAATTGACTTATTTTACTCCTGACTATCAA
PX743998.1_L1_donor_90_r1,PX743998.1,Falconeria insignis,Eudicots,PX743998.1,train,L1_donor_90,90,1410,1,2403776575,ATGTCACCACAAACAGAAACTAAAGCAAGTGTTGGATTCAAGGCTGGTGTTAAAGATTATAAATTGACTTATTATACTCCTGAATATGAA
PX744014.1_L1_donor_90_r1,PX744014.1,Fordiophyton faberi,Eudicots,PX744014.1,train,L1_donor_90,90,1410,1,4025943248,ATGTCACCACAAACAGAGACTAAAGCAAGTGTTGGATTCAAAGCTGGTGTTAAAGATTATAGACTGACTTATTATACTCCTGACTATCAA
PX744018.1_L1_donor_90_r1,PX744018.1,Acer albopurpurascens,Eudicots,PX744018.1,test,L1_donor_90,90,1410,1,3967453609,ATGTCACCACAAACAAAGACTAAAGCAAGTGTTGGATTCAAAGCCATCGTTAAAGATTATAAATTGACTTATTATACTCTTGACTATGTA
PX744022.1_L1_donor_90_r1,PX744022.1,Lepisanthes hainanensis,Eudicots,PX744022.1,train,L1_donor_90,90,1410,1,2201982415,ATGTCACCACAAACAGAGACTAAAGCAAGTGTTGGATTCAAAGCCGGTGTTAAAGATTATAAATTGACTTATTATACTCCTGACTATGTA
PX744047.1_L1_donor_90_r1,PX744047.1,Buckleya henryi,Eudicots,PX744047.1,val,L1_donor_90,90,1410,1,662696652,ATGTCACCACAAACAGAGACTAAAGCAAGTGTTGGATTCAAAGCGGGTGTTAAGGATTATAAATTGACTTATTATACTCCTGATTACGAA
PX744060.1_L1_donor_90_r1,PX744060.1,Arthrophytum longibracteatum,Eudicots,PX744060.1,train,L1_donor_90,90,1410,1,106082627,ATGTCACCACAAACCGAAACTAAAGCAAGTGTTGGATTTAAAGCTGGTGTTAAAGATTACAAATTGACTTATTATACTCCTGAGTATGAA
PX744100.1_L1_donor_90_r1,PX744100.1,Ardisia brevicaulis,Eudicots,PX744100.1,train,L1_donor_90,90,1410,1,243764566,ATGTCACCACAAACAGAGACTAAAGCAGGTACTGGATTCAAAGCTGGTGTTAAAGATTACAAATTGACTTATTATACTCCTGAGTATGTA
PX744121.1_L1_donor_90_r1,PX744121.1,Rhododendron declivatum,Eudicots,PX744121.1,train,L1_donor_90,90,1410,1,3687472389,ATGTCACCACAAACAGAGACTAAAGCAAGTGTTGGATTCAAAGCTGGTGTTAAAGAGTACAAATTGAATTATTATACTCCTCAGTATGAA
PX744240.1_L1_donor_90_r1,PX744240.1,Pedicularis ikomai,Eudicots,PX744240.1,train,L1_donor_90,90,1410,1,4178425291,ATGAGTTGTAGGGAGGGATTTATGTCACCACAAACAGAAACTAAAGCAAGTGTTGGATTCAAAGCGGGTGTTAAAGAGTACAAATTGACT
PX744248.1_L1_donor_90_r1,PX744248.1,Adenophora wulingshanica,Eudicots,PX744248.1,train,L1_donor_90,90,1410,1,4101234485,ATGTCACCACAAACAGAGACGAAGGCAAATGTTGGATTTAAGGCTGGGGTTAAAGATTATAAATTAACTTATTATACTCCGGACTATGAA
PX744249.1_L1_donor_90_r1,PX744249.1,Pentaphragma spicatum,Eudicots,PX744249.1,train,L1_donor_90,90,1410,1,3650997682,ATGTCACCACAAACAGAAACTAAAGCAAGTGTTGGATTCAAAGCTGGTGTTAAAGATTATAAATTGACTTATTATACTCCTGACTATGAA
PX744267.1_L1_donor_90_r1,PX744267.1,Leontopodium smithianum,Eudicots,PX744267.1,train,L1_donor_90,90,1410,1,1793064446,ATGTCACCACAAACAGAGACTAAAGCAAGTGTTGGATTCAAAGCAGGTGTTAAAGATTATAAATTGACTTATTATACTCCTGAGTATGAA
PX744315.1_L1_donor_90_r1,PX744315.1,Platostoma hispidum,Eudicots,PX744315.1,train,L1_donor_90,90,1410,1,481231644,ATGAGTTGTAGGGAGGGATTTATGTCACCACAAACAGAGACTAAAGCAAGTGTTGGATTCAAAGCGGGTGTTAAAGAGTACAAATTGACT
PX744322.1_L1_donor_90_r1,PX744322.1,Allmania nodiflora,Eudicots,PX744322.1,train,L1_donor_90,90,1410,1,4022059443,ATGTCACCACAAACAGAGACTAAAGCAAGTGTTGGATTTAAAGCTGGTGTTAAAGATTACAAATTGACTTATTATACTCCTGAGTATGAA
PX924757.1_L1_donor_90_r1,PX924757.1,Augea capensis,Eudicots,PX924757.1,train,L1_donor_90,90,1410,1,2259299511,ATGTCACCACAAACAGAGACTAAAGCAAGTGTTGGATTCAAGGCTGGTGTTAAAGATTATAAATTGACTTATTATACTCCTGAATATGAA
PZ584713.1_L1_donor_90_r1,PZ584713.1,Paulinella sp. B8128-1,SAR/other protist,PZ584713.1,train,L1_donor_90,90,1410,1,3365876567,ATGAGCAAGAAGTACGACGCCGGGGTTAAGGAGTACAGAGACACTTACTGGACTCCTGACTATATTCCCCTTGACACTGATCTACTAGCC
AB050950.1_L1_donor_90_r2,AB050950.1,Filibryum ogatae,Mosses,AB050950.1,train,L1_donor_90,90,1410,2,245076336,ATGTCACCACAAACGGAGACTAAAGCAGGTGTTGGATTTAAAGCTGGTGTTAAAGATTACAGATTAACTTATTACACTCCAGATTATCAG
AB071411.1_L1_donor_90_r2,AB071411.1,Mastopoma subfiliferum,Mosses,AB071411.1,train,L1_donor_90,90,1410,2,1751552913,ATGTCACCACAAACGGAGACTAAAGCAGGTGTTGGATTTAAAGCTGGTGTTAAAGATTACAGATTAACCTATTACACTCCAGATTATCAG
AB159651.1_L1_donor_90_r2,AB159651.1,Thorea gaudichaudii,Red algae,AB159651.1,train,L1_donor_90,90,1410,2,2493507573,ATGTCTCAATCCGTAGAAGAACGGACAAGGATTAAAAACGAACGTTACGAATCTGGAGTAATACCATACGCAAAGATGGGTTACTGGGAT
AB159659.1_L1_donor_90_r2,AB159659.1,Nemalionopsis tortuosa,Red algae,AB159659.1,train,L1_donor_90,90,1410,2,1571738397,ATGTCTCAATCCGTAGAAGAACGGACAAGGATCAAAAATGAACGCTATGAATCTGGCGTAATTCCATACGCAAAAATGGGTTACTGGGAT
AB540047.1_L1_donor_90_r2,AB540047.1,Gloiopeltis sp. Nomozaki/2003,Red algae,AB540047.1,train,L1_donor_90,90,1410,2,692158103,ATGTCTCAATCTGTAGAAGAACGGACAAGAATCAAAGACGAACGTTACGAATCTGGAGTTATCCCATATGCTAAGATGGGCTATTGGGAT
AB540051.1_L1_donor_90_r2,AB540051.1,Gloiopeltis complanata,Red algae,AB540051.1,test,L1_donor_90,90,1410,2,246026629,ATGTCTCAATCTGTAGAAGAACGGACAAGAATCAAAGACGAACGTTACGAATCTGGAGTTATCCCGTATGCTAAGATGGGCTATTGGGAT
AB540052.1_L1_donor_90_r2,AB540052.1,Gloiopeltis complanata,Red algae,AB540052.1,train,L1_donor_90,90,1410,2,449805296,ATGTCTCAATCTGTAGAAGAACGGACAAGAATCAAAGACGAACGTTACGAATCTGGAGTTATCCCGTACGCTAAAATGGGCTATTGGGAT
AB853073.1_L1_donor_90_r2,AB853073.1,Hypnodontopsis apiculatus,Mosses,AB853073.1,train,L1_donor_90,90,1410,2,746176310,ATGTCACCACAAACGGAGACTAAAGCAGGTGTTGGATTTAGAGCTGGTGTTAAAGATTACAGATTAACTTATTACACTCCAGAGTATCAA
AB853079.1_L1_donor_90_r2,AB853079.1,Timmiella anomala,Mosses,AB853079.1,train,L1_donor_90,90,1410,2,1046470697,ATGTCACCACAAACGGAGACTAAAGCAGGTGTTGGATTTAAAGCTGGTGTTAAAGATTACAGATTAACTTATTACACTCCAGATTATCAG
AB970712.1_L1_donor_90_r2,AB970712.1,Clastobryellina orientalis,Mosses,AB970712.1,train,L1_donor_90,90,1410,2,2349005794,ATGTCACCACAAACGGAGACTAAAGCAGGTGTTGGATTTAAAGCTGGTGTTAAAGATTACAGATTAACTTATTACACCCCAGATTATCAG
AY346095.1_L1_donor_90_r2,AY346095.1,Acanthorrhynchium papillatum,Mosses,AY346095.1,train,L1_donor_90,90,1410,2,3738873903,ATGTCACCACAAACGGAGACTAGAGCAAGTGTTGGATTTAAAGCTGGTGTTAAAGATTACAGATTAAATTATTACACTCCAGATTATCAG
AY858644.1_L1_donor_90_r2,AY858644.1,Platanus orientalis,Other angiosperms,AY858644.1,test,L1_donor_90,90,1410,2,2619561926,ATGTCACCACAAACAGAAACTAAAGCAAGTGTTGGACTCAAAGCTGGTGTTAAAGATTACAAATTGACTTATTATACTCCTGACTATGAA
AY996366.1_L1_donor_90_r2,AY996366.1,Spermatochnus paradoxus,Brown algae,AY996366.1,train,L1_donor_90,90,1410,2,839013101,ATGCCTGAAGATGTGCAGAATCGAACTCGAATAAAAAGTGAACGTTATGAATCAGGTGTTATCCCATATGCCAAAATGGGTTACTGGGAT
EF547818.1_L1_donor_90_r2,EF547818.1,Aneura sp. Shaw 702,Liverworts,EF547818.1,train,L1_donor_90,90,1410,2,1955434336,ATGTCACCACAAACGGAGACTAAAGCAGGTGTTGGATTCAAAGCCGGTGTTAAAGATTATAGATTGACCTATTATACACCCGAGTACGAG
EF658643.1_L1_donor_90_r2,EF658643.1,Laurencia intricata,Red algae,EF658643.1,train,L1_donor_90,90,1410,2,781193403,ATGTCTAACTCTGTAGAAGAACGGGCACGGATTAAAAACGAACGTTATGAATCTGGTGTAATTCCATACGCAAAAATGGGATATTTCCAC
EU713367.1_L1_donor_90_r2,EU713367.1,Legousia pentagonia,Eudicots,EU713367.1,train,L1_donor_90,90,1410,2,206629630,ATGTCACCACAAACAGAGACTAAAGCAAATGTTGGATTTAAAGCTGGTGTTAAAGATTATAAATTAACTTATTATACTCCAGACTATGAA
FJ438476.1_L1_donor_90_r2,FJ438476.1,Haematococcus lacustris,Green algae,FJ438476.1,val,L1_donor_90,90,1410,2,4120537953,ATGGTTCCACAAACAGAAACAAGAGCAGGTGCTGGGTTTAAAGCTGGTGTAAAAGATTATCGTTTAACGTATTATACACCAGATTACGTT
KT693213.1_L1_donor_90_r2,KT693213.1,Hormotilopsis gelatinosa,Green algae,KT693213.1,train,L1_donor_90,90,1410,2,3223361318,ATGGCTCCACAAACAGAAACAAAAGCCGGGGCGGGATTTAAAGCAGGGGTTAAAGACTATAGATTAACTTACTATACACCTGACTACATC
KU645801.1_L1_donor_90_r2,KU645801.1,Passiflora quadrangularis,Eudicots,KU645801.1,train,L1_donor_90,90,1410,2,3076602042,ATGTCACCACAAACAGAGACTAAAGCAAGTGTTGGATTCAAGGCTGGTGTTAAAGATTATAAATTGACTTATTATACTCCTGAATATAAC
KU645803.1_L1_donor_90_r2,KU645803.1,Cananga odorata,Other angiosperms,KU645803.1,train,L1_donor_90,90,1410,2,1110557988,ATGTCACCAAAAACAGAGACTAAAGCAAGTGTTGGATTCAAAGCTGGTGTTAAAGAGTACAAATTGACTTATTATACTCCTGAATATGAA
KU645804.1_L1_donor_90_r2,KU645804.1,Asimina incana,Other angiosperms,KU645804.1,val,L1_donor_90,90,1410,2,2827992341,ATGTCACCAAAAACAGAGACTAAAGCAAGTGTTGGGTTCAAAGCGGGTGTTAAAGAGTACAAATTGACTTATTATACTCCTGAATATGAA
LC060504.1_L1_donor_90_r2,LC060504.1,Acinetospora filamentosa,Brown algae,LC060504.1,train,L1_donor_90,90,1410,2,842018365,ATGCCTGAAGATGTGCAGAATCGAACTCGAATAAAAAGTGAACGTTATGAATCAGGTGTTATTCCATATGCAAAAATGGGATATTGGGAT
LC060517.1_L1_donor_90_r2,LC060517.1,Acinetospora asiatica,Brown algae,LC060517.1,train,L1_donor_90,90,1410,2,4144074510,ATGCCTGAAGATGTGCAGAATCGAACTCGAATAAAAAGTGAACGTTATGAATCAGGTGTTATTCCATATGCAAAAATGGGATATTGGGAT
LC145073.1_L1_donor_90_r2,LC145073.1,Haplomitrium hookeri,Liverworts,LC145073.1,val,L1_donor_90,90,1410,2,583707632,ATGTCACCACAGACAGAAACTAGAGCAGGTGTTGGATTCAAAGCCGGTGTGAAAGATTACAGATTGACTTATTATACTCCCAATTACGAG
LC176260.1_L1_donor_90_r2,LC176260.1,Weisiopsis anomala,Mosses,LC176260.1,val,L1_donor_90,90,1410,2,396116661,ATGTCACCACAAACGGAGACTAAAGCAGGTGTTGGATTTAAAGCTGGTGTTAAAGATTACAGATTAACTTATTACACTCCAGACTATCAG
LC200423.1_L1_donor_90_r2,LC200423.1,Selenastrum capricornutum,Green algae,LC200423.1,val,L1_donor_90,90,1410,2,598092951,ATGGTTCCTCAAACAGAAACTAAAGCAGGCGCTGGATTTAAAGCTGGTGTAAAAGACTACCGTTTAACATACTACACTCCTGATTACGTT
LC270392.1_L1_donor_90_r2,LC270392.1,Pohlia annotina,Mosses,LC270392.1,test,L1_donor_90,90,1410,2,3491804106,ATGTCACCACAAACGGAGACTAAAGCAGGTGTTGGATTTAAAGCTGGTGTTAAAGATTACAGATTAACTTATTACACTCCAGATTATCAG
LC272005.1_L1_donor_90_r2,LC272005.1,Fissidens subangustus,Mosses,LC272005.1,train,L1_donor_90,90,1410,2,1377738363,ATGTCACCACAAACGGAGACTAAAGCAGGTGTTGGATTTAAAGCTGGTGTTAAAGATTACAGATTAACTTATTACACTCCAGATTATCAG
LC376047.1_L1_donor_90_r2,LC376047.1,Hattoria yakushimensis,Liverworts,LC376047.1,train,L1_donor_90,90,1410,2,47247161,ATGTCACCACAAACGGAGACTAAAGCAGGTGTTGGATTCAAAGCTGGTGTTAAAGATTATAGATTAACTTACTATACGCCTGATTATGAG
LC493039.1_L1_donor_90_r2,LC493039.1,Colpomenia borea,Brown algae,LC493039.1,train,L1_donor_90,90,1410,2,2750250362,ATGCCTGAAGATGTGCAGAATCGAACTCGAATAAAAAGTGAACGTTACGAATCAGGTGTTATTCCATATGCCAAAATGGGATATTGGGAT
LC723702.1_L1_donor_90_r2,LC723702.1,Schistochila sciurea,Liverworts,LC723702.1,train,L1_donor_90,90,1410,2,3996072797,ATGTCACCACAAACGGAGACTAAAGCAGGTGTTGGATTCAAAGCTGGTGTTAAAGATTATAGATTAACTTATTATACTCCGGATTATGAA
LC735540.1_L1_donor_90_r2,LC735540.1,Centella asiatica,Eudicots,LC735540.1,train,L1_donor_90,90,1410,2,1811375482,ATGTCACCACAAACAGAGACTAAAGCAGGTGTTGGATTCAAAGCTGGGGTTAAAGATTACAAATTGACTTATTATACTCCTGACTATGAA
LC791202.1_L1_donor_90_r2,LC791202.1,Pleurozia subinflata,Liverworts,LC791202.1,val,L1_donor_90,90,1410,2,3460466759,ATGTCACCACAAACGGAGACTAAAACAGGTGTTGGATTCAAAGCTGGTGTTAAAGATTATCGCTTAACTTATTATACTCCTGATTATCAG
LC858738.1_L1_donor_90_r2,LC858738.1,Cyathodium tuberosum,Liverworts,LC858738.1,train,L1_donor_90,90,1410,2,3343136462,ATGTCACCACAAACGGAGACTAAAGCAGGTGCTGGATTCAAAGCTGGTGTTAAAGATTATCGATTAAATTATTACACTCCTGATTATGAG
LC858740.1_L1_donor_90_r2,LC858740.1,Cyathodium cavernarum,Liverworts,LC858740.1,train,L1_donor_90,90,1410,2,2880353928,ATGTCACCACAAACGGAGACTAAAGCAGGTGCTGGATTCAAAGCTGGTGTTAAAGATTATCGATTAACTTATTACACTCCTGATTATGAG
LC859596.1_L1_donor_90_r2,LC859596.1,Trichocolea japonica,Liverworts,LC859596.1,train,L1_donor_90,90,1410,2,3454863545,ATGTCACCACAAACGGAGACTAAAACAGGTGTTGGATTCAAAGCTGGTGTGAAAGATTATAGATTAACTTATTACACACCTGATTATGAG
LC884819.1_L1_donor_90_r2,LC884819.1,Cyanidium caldarium,Red algae,LC884819.1,train,L1_donor_90,90,1410,2,588991588,ATGGCTCAGTCTGTGCAAGAACGAACACGTCTGAAAAATAAAAGGTATGAATCTGGCGTAATACCATATGCGAAAATGGGATATTGGGAT
LC899187.1_L1_donor_90_r2,LC899187.1,Pyropia akasakae,Red algae,LC899187.1,train,L1_donor_90,90,1410,2,2772329303,ATGTCTCAATCCGTAGAATCACGGACTAGGATTAAAAGCGAACGTTACGAATCTGGAGTAATCCCTTACGCTAAAATGGGCTACTGGGAT
LC924737.1_L1_donor_90_r2,LC924737.1,Conocephalum orientale,Liverworts,LC924737.1,train,L1_donor_90,90,1410,2,3198016562,ATGTCACCACAAACGGAGACTAAAGCAGGTACTGGATTCAAAGCTGGTGTTAAAGATTATCGATTAACTTATTATACTCCGGATTATGAA
LC924765.1_L1_donor_90_r2,LC924765.1,Porella ulophylla,Liverworts,LC924765.1,train,L1_donor_90,90,1410,2,2438271285,ATGTCACCACAAACGGAAACTAAAACAGGTGCTGGATTTAAAGCTGGTGTTAAAGATTATAGATCAACTTATTATACTCCCGACTATGAT
LC924778.1_L1_donor_90_r2,LC924778.1,Acrolejeunea pusilla,Liverworts,LC924778.1,train,L1_donor_90,90,1410,2,1626437534,ATGTCACCACAAACGGAGACTAAAGCAGGTGTTGGATTTAAAGCGGGCGTTAAGGATTATAGATTAACTTATTATACTCCTGAGTACCAG
LC924831.1_L1_donor_90_r2,LC924831.1,Ceratodon purpureus,Mosses,LC924831.1,train,L1_donor_90,90,1410,2,365282641,ATGTCACCACAAACGGAGACTAAAGCAGGTGTTGGATTTAAAGCTGGTGTTAAAGATTACAGATTAAATTATTACACTCCAGATTATCAG
LC924878.1_L1_donor_90_r2,LC924878.1,Orthotrichum consobrinum,Mosses,LC924878.1,val,L1_donor_90,90,1410,2,56098535,ATGTCACCACAAACGGAGACTAAAGCAGGTGTTGGATTTAAAGCTGGTGTTAAAGATTACAGATTAACTTATTACACTCCAGATTATCAA
LC924944.1_L1_donor_90_r2,LC924944.1,Pylaisiadelpha yokohamae,Mosses,LC924944.1,train,L1_donor_90,90,1410,2,820617612,ATGTCACCACAAACGGAGACCAAAGCAGGTGTTGGATTTAAAGCTGGTGTTAAAGATTACAGATTAACTTATTACACCCCAGATTATCAA
LC924950.1_L1_donor_90_r2,LC924950.1,Calohypnum plumiforme,Mosses,LC924950.1,val,L1_donor_90,90,1410,2,661322189,ATGTCACCACAAACGGAGACTAAAGCAGGTGTTGGATTTAAAGCTGGTGTTAAAGATTACAGATTAACTTATTACACTCCAGATTATCAG
LC924964.1_L1_donor_90_r2,LC924964.1,Myuroclada maximowiczii,Mosses,LC924964.1,train,L1_donor_90,90,1410,2,505687311,ATGTCACCACAAACGGAGACTAAAGCAGGTGTTGGATTTAAAGCTGGTGTTAAAGATTACAGATTAACTTATTACACTCCAGATTATCAG
MG251837.1_L1_donor_90_r2,MG251837.1,Hydroclathrus rapanuii,Brown algae,MG251837.1,train,L1_donor_90,90,1410,2,1822881217,ATGCTTGAAGATGTGCAGAATCGAACTCGAATAAAAAGTGAACGTTACGAATCAGGTGTAATTCCATATGCCAAAATGGGGTATTGGGAT
MH172437.1_L1_donor_90_r2,MH172437.1,Pectinopitys harmsiana,Conifers,MH172437.1,train,L1_donor_90,90,1410,2,1744869128,ATGTCACCAAAAACAGAGACTAAAGTAAGTGCTGGGTTCAAAGCTGGTGTTAAAGATTACAGATTAACTTATTATACTCCGGACTATCAG
MH270460.1_L1_donor_90_r2,MH270460.1,Macleaya microcarpa,Other angiosperms,MH270460.1,train,L1_donor_90,90,1410,2,2742188568,ATGTCACCACAAACAGAGACTAAAGCAAGTGTTGGATTCAAAGCTGGTGTTAAAGATTACAAATTGACTTATTATACTCCTGACTATGAA
MH390671.1_L1_donor_90_r2,MH390671.1,Quinchamalium chilense,Eudicots,MH390671.1,train,L1_donor_90,90,1410,2,896900398,ATGTCACCACAAACAGAGACTAAAGCGAGTGTTGGATTCAAAGCTGGTGTTAAAGAGTACAAATTGACTTATTATACTCCTGATTATGAA
MH390672.1_L1_donor_90_r2,MH390672.1,Schoepfia schreberi,Eudicots,MH390672.1,train,L1_donor_90,90,1410,2,4178215260,ATGTCACCACAAACAGAGACTAAAGCAAGTGTTGGATTCAAAGCTGGTGTTAAAGAGTACAAATTGACTTATTATACTCCTGATTATGAA
MH545292.1_L1_donor_90_r2,MH545292.1,Batophora occidentalis,Green algae,MH545292.1,train,L1_donor_90,90,1410,2,884950457,ATGGCTCCACAAACTGAGACTAAAGCAAGTGCTGGATTTAAAGCGGGTGTAAAAGATTATCGTTTAACATATTACACTCCTGATTATCAA
MH545335.1_L1_donor_90_r2,MH545335.1,Halicoryne sp. HV04044,Green algae,MH545335.1,train,L1_donor_90,90,1410,2,1654557401,ATGGGAACAACTGAAACGAAAGCAGGTGCTGGATTTAAAGCGGGTGTAAAAGATTATCGTCTAACGTACTATACACCTGATTATCAAGTA
MH616272.1_L1_donor_90_r2,MH616272.1,Borya sphaerocephala,Monocots,MH616272.1,train,L1_donor_90,90,1410,2,231474644,ATGTCACCACAAACAGAGACTAAAGCAAATGTTGGATTTAAAGCTGGTGTTAAAGATTACAAATTGACTTATTATACTCCTGACTACGAC
MH661965.1_L1_donor_90_r2,MH661965.1,Epiblema grandiflorum,Monocots,MH661965.1,train,L1_donor_90,90,1410,2,171439062,ATGAGTTGTAGGGAGGGACTTATGTCACCACAAACAGAGACTAAAGCAAGCGTTGGATTTAAAGCTGGTGTTAAAGATTACAAATTGACT
MK295219.1_L1_donor_90_r2,MK295219.1,Chlorella sp. 64.01,Green algae,MK295219.1,train,L1_donor_90,90,1410,2,89956148,ATGGCTCCACAAACTGAAACTAGAGCAGGTGCTGGATTTAAAGCAGGTGTTAAAGATTATCGTTTAACATACTATACTCCTGACTATCAA
MK295220.1_L1_donor_90_r2,MK295220.1,Pseudochlorella pringsheimii,Green algae,MK295220.1,train,L1_donor_90,90,1410,2,1652714218,ATGTCTCCACAAACTGAAACTAAAGCAAGGGTGGGTTTCAAAGCAGGTGTTAAAGACTACCGTTTAACTTACTATACTCCTGATTACCAA
MK806439.1_L1_donor_90_r2,MK806439.1,Lepisorus jakonensis,Ferns,MK806439.1,train,L1_donor_90,90,1410,2,88927604,ATGTCACCACAAACGGAGACTAAAGCGGGTGTTGGATTCAAAGCTGGTGTCAAAGATTATCGATTGACTTATTACACCCCCGAATACAAA
MN030175.1_L1_donor_90_r2,MN030175.1,Botrypus virginianus,Ferns,MN030175.1,train,L1_donor_90,90,1410,2,3640356127,ATGTCACCACAAACGGAGACTAAAGCAGGTGTTGGATTCAAAGCTGGTGTTAAAGATTATCGATTGACCTATTACACTCCCGATTACAAA
MN601490.1_L1_donor_90_r2,MN601490.1,Clematis sp. DPP-2019a,Other angiosperms,MN601490.1,train,L1_donor_90,90,1410,2,34911599,ATGTCACCACAAACAGAGACTAAAGCGAGTGTTGGCTTCAAAGCAGGTGTTAAAGAGTACAAATTGAATTATTATACTCCTGAATATGAA
MN793055.1_L1_donor_90_r2,MN793055.1,Chara vulgaris,Other green,MN793055.1,train,L1_donor_90,90,1410,2,993763982,ATGTCACCACAGACAGAAACTAAAACAAGTGCTGGATTTAAAGCAGGGGTAAAAGATTACAGATTAACTTACTATACTCCTGAGTATAAA
MT439865.1_L1_donor_90_r2,MT439865.1,Glomerochrysis psammophila,SAR/other protist,MT439865.1,val,L1_donor_90,90,1410,2,3228208658,ATGTCTCAATCTGTATCAGAACGTACACGTATTAAGAGCGAACGTTATGAATCTGGTGTAATCCCTTACGCTAAAATGGGTTACTGGGAT
MW267923.1_L1_donor_90_r2,MW267923.1,Zygnema circumcarinatum,Other green,MW267923.1,train,L1_donor_90,90,1410,2,4024888253,ATGTCACCACAAACAGAAACCAAAGCAGGTGCTGGATTTAAAGCAGGGGTAAAAGATTACCGACTTACCTATTACACTCCTGACTATGAA
MW524049.1_L1_donor_90_r2,MW524049.1,Dryopteris fragrans,Ferns,MW524049.1,train,L1_donor_90,90,1410,2,4076553051,ATGTCACCACAAACGGAGACTAAAGCAGGTGTTGGATTCAAAGCTGGTGTCAAAGATTATCGATTGACCTATTACACCCCCGAATACAAG
MZ133428.1_L1_donor_90_r2,MZ133428.1,Corbierea radiosa,Green algae,MZ133428.1,train,L1_donor_90,90,1410,2,3067975691,ATGGTTCCACAAACAGAAACAAGAGCTGGTGCTGGGTTTAAAGCTGGTGTTAAAGATTATCGATTAACGTATTATACACCAGATTACGTA
MZ714562.1_L1_donor_90_r2,MZ714562.1,Scutellaria indica var. tsusimensis,Eudicots,MZ714562.1,train,L1_donor_90,90,1410,2,1644329737,ATGTCACCACAAACTGAAACCAGAACAGGTACTGGCTTTAAAGCAGGCGTTAAGGACTATCGCCTAACTTACTACACTCCTGATTATGAG
OK588964.1_L1_donor_90_r2,OK588964.1,Hydrocleys nymphoides,Monocots,OK588964.1,train,L1_donor_90,90,1410,2,589531419,ATGTCACCACAAACGGAGACTAAAACAGGTGTTGGATTCAAAGCTGGTGTTAAAGATTACAAATTGACTTATTATACTCCTGAATATCAA
OK588972.1_L1_donor_90_r2,OK588972.1,Baldellia ranunculoides,Monocots,OK588972.1,train,L1_donor_90,90,1410,2,3227261737,ATGTCACCACAAACAGAGACTAAAACAGGTGTTGGATTCAAAGCCGGTGTTAAAGATTACAAATTGACTTATTATACTCCTGAATATCAA
OK588984.1_L1_donor_90_r2,OK588984.1,Echinodorus paniculatus,Monocots,OK588984.1,train,L1_donor_90,90,1410,2,3305046734,ATGTCACCACAAACAGAGACTAAAACAGGTGTTGGATTCAAAGCAGGTGTTAAAGATTACAAATTGACCTATTATACTCCTGAATATCAA
OK588986.1_L1_donor_90_r2,OK588986.1,Helanthium bolivianum,Monocots,OK588986.1,train,L1_donor_90,90,1410,2,1498064456,ATGTCACCGCAAACAGAGACTAAAACAGGTGTCGGATTCAAAGCTGGTGTTAAAGATTACAAATTGACTTATTATACTCCTGAATATCAA
OK588987.1_L1_donor_90_r2,OK588987.1,Limnocharis flava,Monocots,OK588987.1,train,L1_donor_90,90,1410,2,4243295162,ATGTCACCACAAACAGAGACTAAAACAGGTGTTGGATTCCAAGCAGGTGTAAAAGATTACAAATTAACTTATTATACTCCTGAATATCAA
OL504528.1_L1_donor_90_r2,OL504528.1,Smilax weniae,Monocots,OL504528.1,train,L1_donor_90,90,1410,2,3639090731,ATGTCACCACAAACAGAGACTAAAGCAAGTGTTGGATTCAAAGCTGGTGTTAAAGATTACAAATTGACTTATTATACTCCTGACTATGAA
ON568338.1_L1_donor_90_r2,ON568338.1,Scytosiphon sp. Atlantic complex sp. 1,Brown algae,ON568338.1,test,L1_donor_90,90,1410,2,3222861762,ATGCCTGAAGATGTGCAGAATCGAACTCGAATAAAAAGTGAACGTTACGAATCAGGTGTTATTCCATATGCCAAAATGGGATATTGGGAT
ON684489.1_L1_donor_90_r2,ON684489.1,Juniperus navicularis,Conifers,ON684489.1,train,L1_donor_90,90,1410,2,3457017585,ATGTCACCAAAAACAGAGACTAAAGCAAGTGTCGGATTCAAAGCGGGTGTTAAAGATTACAGATTAACTTATTATACTCCGGAATATCAG
ON920851.1_L1_donor_90_r2,ON920851.1,Pseudostaurastrum enorme,SAR/other protist,ON920851.1,train,L1_donor_90,90,1410,2,2417631946,ATGTTTCAATCTGTAGAAGAAAGAACACGAATTAAAAATGAACGTTATGAATCAGGTGTAATCCCTTACGCTGAAATGGGATATTGGGAT
ON933796.1_L1_donor_90_r2,ON933796.1,Commiphora wightii,Eudicots,ON933796.1,train,L1_donor_90,90,1410,2,2538005276,ATGAGTTGTAGGGAGGGACTTATGTCACCACAAACAGAGACTAAAGCAAGTGTTGGATTCAAAGCCGGTGTTAAAGACTATAAATTGAAT
OP237580.1_L1_donor_90_r2,OP237580.1,Baolia bracteata,Eudicots,OP237580.1,train,L1_donor_90,90,1410,2,4173671896,ATGTCACCACAAACAGAGACTAAAGCAAGTGTTGGATTTAAAGCGGGTGTTAAAGATTACAAATTGACTTATTATACTCCTGAGTATGAA
OP330067.1_L1_donor_90_r2,OP330067.1,Asplenium trichomanes,Ferns,OP330067.1,train,L1_donor_90,90,1410,2,1842891512,ATGTCGCCACAAACGGAGACTAAGGCGGGTGTTGGATTCAAAGCTGGTGTCAAAGATTACCGGCTGACTTATTACACCCCCGAATACAAA
OQ863300.1_L1_donor_90_r2,OQ863300.1,Laurencia catarinensis,Red algae,OQ863300.1,train,L1_donor_90,90,1410,2,446506946,ATGTCTAACTCTGTAGAAGAACGGACACGGATTAAAAACGAACGTTATGAATCTGGTGTAATTCCATACGCAAAAATGGGATACTGGGAC
OQ863312.1_L1_donor_90_r2,OQ863312.1,Laurencia sp. A25,Red algae,OQ863312.1,train,L1_donor_90,90,1410,2,1234837703,ATGTCTAACTCTGTAGAAGCACGGACACGGATTAAAAACGAACGTTATGAATCTGGTGTAATTCCATACGCAAAAATGGGATACTGGGAC
OQ868456.1_L1_donor_90_r2,OQ868456.1,Pteris pseudowulaiensis,Ferns,OQ868456.1,train,L1_donor_90,90,1410,2,3301836872,ATGTCGCCACAAACGGAGACTAAAGCAGGTGTTGGATTCAAAGCTGGTGTCAAAGATTATCGATTGACTTATTACACTCCCGAATACAAG
OR165438.1_L1_donor_90_r2,OR165438.1,Cyanotis obtusa,Monocots,OR165438.1,test,L1_donor_90,90,1410,2,4043816617,ATGTCACCACAAACAGAGACTAAAGCAAGTGTTGGATTTAAAGCGGGTGTTAAAGATTATAAATTGACTTATTATACTCCTGAGTACCAA
OR165493.1_L1_donor_90_r2,OR165493.1,Tradescantia fluminensis,Monocots,OR165493.1,train,L1_donor_90,90,1410,2,1126656971,ATGTCACCACAAACAGAGACTAAAGCAAGTGTTGGATTTAAAGCGGGTGTTAAAGATTATAAATTGACTTATTATACTCCTGAGTACCAA
OR359632.1_L1_donor_90_r2,OR359632.1,Amoenothamnion planktonicum,Red algae,OR359632.1,train,L1_donor_90,90,1410,2,3911815855,ATGTCTAACTCTGTAGAAGAACGGACAAGAATTAAAAATGAACGTTATGAATCTGGTGTAATCCCTTATGCAAAAATGGGATATTGGGAT
PP263658.1_L1_donor_90_r2,PP263658.1,Daphniphyllum macropodum subsp. humile,Eudicots,PP263658.1,val,L1_donor_90,90,1410,2,130469378,ATGAGTTGTAGGGAGGGACTTATGTCACCACAAACAGAGACTAAAGCAAGTGTTGGATTCAAAGCTGGTGTTAAAGATTACAAATTGACT
PQ031122.1_L1_donor_90_r2,PQ031122.1,Mallomonas flora,SAR/other protist,PQ031122.1,train,L1_donor_90,90,1410,2,327280959,ATGAGTACAGGAGAAAGAACGCGTATTAAATCAGAACGTTATGAATCTGGAGTAATCCCATACAAAAAAATGGGTTATTGGGATGCAGAC
PQ031123.1_L1_donor_90_r2,PQ031123.1,Mallomonas striata,SAR/other protist,PQ031123.1,train,L1_donor_90,90,1410,2,1039691614,ATGAGTGATGCAGTAGAAAGAACACGTATTAAATCAGAACGTTATGAATCTGGAGTAATTCCATATAAAAAAATGGGTTATTGGGATGCA
PQ031125.1_L1_donor_90_r2,PQ031125.1,Mallomonas kalinae,SAR/other protist,PQ031125.1,train,L1_donor_90,90,1410,2,1651926760,ATGAGTGATGCATCAGAAAGAACGCGTATTAAATCAGAACGTTATGAATCTGGAGTAATTCCATACAAAAAAATGGGGTATTGGGATGCT
PQ031131.1_L1_donor_90_r2,PQ031131.1,Mallomonas annulata,SAR/other protist,PQ031131.1,train,L1_donor_90,90,1410,2,1984778457,ATGAGTGATGCAGTAGAAAGAACACGTATTAAATCAGAACGTTATGAATCAGGAGTAATTCCATACAAAAAAATGGGTTATTGGGATGCA
PQ031145.1_L1_donor_90_r2,PQ031145.1,Mallomonas splendens,SAR/other protist,PQ031145.1,val,L1_donor_90,90,1410,2,609006242,ATGAGTGATGCATCAGAAAGAACGCGTATTAAATCAGAACGTTATGAATCTGGAGTAATTCCATACAAAAAAATGGGTTATTGGGATGCA
PQ213023.1_L1_donor_90_r2,PQ213023.1,Vaucheria litorea,SAR/other protist,PQ213023.1,train,L1_donor_90,90,1410,2,3985517321,ATGTCTAAGTCTGTACAAGAGCGTACTCGAATTAAAAGCCAACGTTATGAATCTGGTGTAATTCCTTATGCGAAAATGGGTTATTGGGAT
PQ791840.1_L1_donor_90_r2,PQ791840.1,Pelagomonas calceolata,SAR/other protist,PQ791840.1,train,L1_donor_90,90,1410,2,842658292,ATGTCTCAAAATGTATCTGAACGTACAAGAATTAAAAGTGAACGTTACGAATCTGGTGTAATCCCTTACGCTAAAATGGGTTACTGGGAT
PQ791846.1_L1_donor_90_r2,PQ791846.1,Arachnochrysis pilardiaziae,SAR/other protist,PQ791846.1,train,L1_donor_90,90,1410,2,1519979647,ATGTCTCAATCTGTATCAGAACGTACACGAATTAAGAGCGAACGTTATGAATCTGGAGTAATTCCTTATGCTAAAATGGGTTACTGGGAT
PV575775.1_L1_donor_90_r2,PV575775.1,Sargassum hemiphyllum var. chinense,Brown algae,PV575775.1,train,L1_donor_90,90,1410,2,2368154523,ATGCCTGAGAACGTACAGGAAAGAACTCGAATAAAAAGTGAGCGTTATGAATCTGGTGTAATACCATATGCTAAAATGGGATATTGGGAT
PV999901.1_L1_donor_90_r2,PV999901.1,Pseudoderbesia sp. HV-2025c,Green algae,PV999901.1,train,L1_donor_90,90,1410,2,173507628,ATGGGTCCAAAAACAGAAACTAAGGCAGGTGCTGGTTTTAAGGCAGGGGTAAAAGATTATCGCCTCACTTATTATACACCAGACTATCAA
PV999913.1_L1_donor_90_r2,PV999913.1,Pseudoderbesia epilithica,Green algae,PV999913.1,train,L1_donor_90,90,1410,2,156400752,ATGGCTCCAAAAACTGAAACAAAAGCAGGTGCAGGATTTAAAGCAGGGGTAAAAGACTATCGTTTAACTTACTATACACCGGATTATCAA
PX743792.1_L1_donor_90_r2,PX743792.1,Stemona parviflora,Monocots,PX743792.1,val,L1_donor_90,90,1410,2,1790936699,ATGTCACCACAAACAGAGACTAAAGCAAGTGTTGGATTCAAAGCTGGTGTTAAAGATTACAAATTGACTTATTATACTCCTGATTACGAA
PX743818.1_L1_donor_90_r2,PX743818.1,Corydalis caudata,Other angiosperms,PX743818.1,train,L1_donor_90,90,1410,2,3785403133,ATGAGTTGTAGGGAGGGACTTATGTCACCACAAACAGAGACTAAAGCAAGTGTTGGATTCAAAGCTGGTGTTAAAGATTACAAATTGACT
PX743828.1_L1_donor_90_r2,PX743828.1,Arcangelisia gusanlung,Other angiosperms,PX743828.1,train,L1_donor_90,90,1410,2,3383009319,ATGAGTTGTAGGGAGGGACTTATGTCACCACAAACAGAGACTAAAGCAAGTGTTGGATTCAAAGCTGGTGTTAAAGATTACAAATTGACT
PX743839.1_L1_donor_90_r2,PX743839.1,Thalictrum fortunei,Other angiosperms,PX743839.1,test,L1_donor_90,90,1410,2,3752105043,ATGTCACCACAAACAGAGACTAAAGCAAGTGTTGGCTTCAAAGCGGGTGTTAAAGATTACAAATTGACTTATTATACTCCTGAATATGAA
PX743843.1_L1_donor_90_r2,PX743843.1,Sabia discolor,Other angiosperms,PX743843.1,train,L1_donor_90,90,1410,2,3196100078,ATGTCACCACAAACAGAGACTAAAGCAAGTGCTGGATTCAAAGCTGGTGTTAAAGATTACAAATTGAATTATTATACTCCTGAATATAAC
PX743855.1_L1_donor_90_r2,PX743855.1,Saxifraga unguiculata,Eudicots,PX743855.1,test,L1_donor_90,90,1410,2,1100619951,ATGTCACCACAAACAGAGACTAAAGCGAGTGTTGGATTCAAAGCCGGTGTTAAAGATTACAAATTGACTTATTATACCCCTGATTATGAA
PX743950.1_L1_donor_90_r2,PX743950.1,Myrica nana,Eudicots,PX743950.1,train,L1_donor_90,90,1410,2,2842202978,ATGTCACCACAAACAGAGACTAAAGCAAGTGTTGGATTCAAAGCTGGTGTTAAAGATTATAAATTGACTTATTATACTCCTGACTATGAA
PX743996.1_L1_donor_90_r2,PX743996.1,Acalypha matsudae,Eudicots,PX743996.1,train,L1_donor_90,90,1410,2,3583755297,ATGTCACCACAAACAGAGACTAAAGCAAGTGTTGGGTTCAAGGCTGGTGTTAAAGATTATAAATTGACTTATTTTACTCCTGACTATCAA
PX743998.1_L1_donor_90_r2,PX743998.1,Falconeria insignis,Eudicots,PX743998.1,train,L1_donor_90,90,1410,2,1718109402,ATGTCACCACAAACAGAAACTAAAGCAAGTGTTGGATTCAAGGCTGGTGTTAAAGATTATAAATTGACTTATTATACTCCTGAATATGAA
PX744014.1_L1_donor_90_r2,PX744014.1,Fordiophyton faberi,Eudicots,PX744014.1,train,L1_donor_90,90,1410,2,185402933,ATGTCACCACAAACAGAGACTAAAGCAAGTGTTGGATTCAAAGCTGGTGTTAAAGATTATAGACTGACTTATTATACTCCTGACTATCAA
PX744018.1_L1_donor_90_r2,PX744018.1,Acer albopurpurascens,Eudicots,PX744018.1,test,L1_donor_90,90,1410,2,3971585689,ATGTCACCACAAACAAAGACTAAAGCAAGTGTTGGATTCAAAGCCATCGTTAAAGATTATAAATTGACTTATTATACTCTTGACTATGTA
PX744022.1_L1_donor_90_r2,PX744022.1,Lepisanthes hainanensis,Eudicots,PX744022.1,train,L1_donor_90,90,1410,2,1425807391,ATGTCACCACAAACAGAGACTAAAGCAAGTGTTGGATTCAAAGCCGGTGTTAAAGATTATAAATTGACTTATTATACTCCTGACTATGTA
PX744047.1_L1_donor_90_r2,PX744047.1,Buckleya henryi,Eudicots,PX744047.1,val,L1_donor_90,90,1410,2,1307544166,ATGTCACCACAAACAGAGACTAAAGCAAGTGTTGGATTCAAAGCGGGTGTTAAGGATTATAAATTGACTTATTATACTCCTGATTACGAA
PX744060.1_L1_donor_90_r2,PX744060.1,Arthrophytum longibracteatum,Eudicots,PX744060.1,train,L1_donor_90,90,1410,2,500759800,ATGTCACCACAAACCGAAACTAAAGCAAGTGTTGGATTTAAAGCTGGTGTTAAAGATTACAAATTGACTTATTATACTCCTGAGTATGAA
PX744100.1_L1_donor_90_r2,PX744100.1,Ardisia brevicaulis,Eudicots,PX744100.1,train,L1_donor_90,90,1410,2,3395735262,ATGTCACCACAAACAGAGACTAAAGCAGGTACTGGATTCAAAGCTGGTGTTAAAGATTACAAATTGACTTATTATACTCCTGAGTATGTA
PX744121.1_L1_donor_90_r2,PX744121.1,Rhododendron declivatum,Eudicots,PX744121.1,train,L1_donor_90,90,1410,2,850518458,ATGTCACCACAAACAGAGACTAAAGCAAGTGTTGGATTCAAAGCTGGTGTTAAAGAGTACAAATTGAATTATTATACTCCTCAGTATGAA
PX744240.1_L1_donor_90_r2,PX744240.1,Pedicularis ikomai,Eudicots,PX744240.1,train,L1_donor_90,90,1410,2,2446607718,ATGAGTTGTAGGGAGGGATTTATGTCACCACAAACAGAAACTAAAGCAAGTGTTGGATTCAAAGCGGGTGTTAAAGAGTACAAATTGACT
PX744248.1_L1_donor_90_r2,PX744248.1,Adenophora wulingshanica,Eudicots,PX744248.1,train,L1_donor_90,90,1410,2,3170706997,ATGTCACCACAAACAGAGACGAAGGCAAATGTTGGATTTAAGGCTGGGGTTAAAGATTATAAATTAACTTATTATACTCCGGACTATGAA
PX744249.1_L1_donor_90_r2,PX744249.1,Pentaphragma spicatum,Eudicots,PX744249.1,train,L1_donor_90,90,1410,2,3787812317,ATGTCACCACAAACAGAAACTAAAGCAAGTGTTGGATTCAAAGCTGGTGTTAAAGATTATAAATTGACTTATTATACTCCTGACTATGAA
PX744267.1_L1_donor_90_r2,PX744267.1,Leontopodium smithianum,Eudicots,PX744267.1,train,L1_donor_90,90,1410,2,1707165407,ATGTCACCACAAACAGAGACTAAAGCAAGTGTTGGATTCAAAGCAGGTGTTAAAGATTATAAATTGACTTATTATACTCCTGAGTATGAA
PX744315.1_L1_donor_90_r2,PX744315.1,Platostoma hispidum,Eudicots,PX744315.1,train,L1_donor_90,90,1410,2,2802838564,ATGAGTTGTAGGGAGGGATTTATGTCACCACAAACAGAGACTAAAGCAAGTGTTGGATTCAAAGCGGGTGTTAAAGAGTACAAATTGACT
PX744322.1_L1_donor_90_r2,PX744322.1,Allmania nodiflora,Eudicots,PX744322.1,train,L1_donor_90,90,1410,2,869298016,ATGTCACCACAAACAGAGACTAAAGCAAGTGTTGGATTTAAAGCTGGTGTTAAAGATTACAAATTGACTTATTATACTCCTGAGTATGAA
PX924757.1_L1_donor_90_r2,PX924757.1,Augea capensis,Eudicots,PX924757.1,train,L1_donor_90,90,1410,2,41407163,ATGTCACCACAAACAGAGACTAAAGCAAGTGTTGGATTCAAGGCTGGTGTTAAAGATTATAAATTGACTTATTATACTCCTGAATATGAA
PZ584713.1_L1_donor_90_r2,PZ584713.1,Paulinella sp. B8128-1,SAR/other protist,PZ584713.1,train,L1_donor_90,90,1410,2,2833865063,ATGAGCAAGAAGTACGACGCCGGGGTTAAGGAGTACAGAGACACTTACTGGACTCCTGACTATATTCCCCTTGACACTGATCTACTAGCC
AB050950.1_L2_donor_210_r0,AB050950.1,Filibryum ogatae,Mosses,AB050950.1,train,L2_donor_210,210,1290,0,1696440158,ATGTCACCACAAACGGAGACTAAAGCAGGTGTTGGATTTAAAGCTGGTGTTAAAGATTACAGATTAACTTATTACACTCCAGATTATCAGACTAAAGAAACTGATATTTTAGCAGCATTTCGAATGACTCCTCAACCAGGAGTACCCGCTGAAGAGGCGGGAGCTGCAGTAGCTGCGGAATCTTCCACTGGTACATGGACCACTGTTTGG
AB071411.1_L2_donor_210_r0,AB071411.1,Mastopoma subfiliferum,Mosses,AB071411.1,train,L2_donor_210,210,1290,0,782612795,ATGTCACCACAAACGGAGACTAAAGCAGGTGTTGGATTTAAAGCTGGTGTTAAAGATTACAGATTAACCTATTACACTCCAGATTATCAGACTAAAGAAACTGATATTTTAGCAGCATTTCGAATGACTCCTCAACCAGGAGTACCCGCTGAAGAGGCGGGAGCTGCAGTAGCTGCAGAATCTTCCACCGGTACATGGACCACTGTTTGG
AB159651.1_L2_donor_210_r0,AB159651.1,Thorea gaudichaudii,Red algae,AB159651.1,train,L2_donor_210,210,1290,0,3663427124,ATGTCTCAATCCGTAGAAGAACGGACAAGGATTAAAAACGAACGTTACGAATCTGGAGTAATACCATACGCAAAGATGGGTTACTGGGATCCTGACTACGTAATCAAAGATACCGATGTTCTAGCTTTATTTCGAGTTACTCCTCAACCGGGTGTAGATCCAATTGAAGCTTCTGCAGCTGTTGCAGGTGAATCATCAACAGCAACTTGG
AB159659.1_L2_donor_210_r0,AB159659.1,Nemalionopsis tortuosa,Red algae,AB159659.1,train,L2_donor_210,210,1290,0,2831606709,ATGTCTCAATCCGTAGAAGAACGGACAAGGATCAAAAATGAACGCTATGAATCTGGCGTAATTCCATACGCAAAAATGGGTTACTGGGATCCTGACTACGTAGTTAAAGATACTGATGTTTTAGCTTTATTTCGAGTTACTCCACAACCGGGAGTAGATCCAATAGAAGCATCTGCAGCTGTTGCCGGTGAGTCATCAACAGCAACTTGG
AB540047.1_L2_donor_210_r0,AB540047.1,Gloiopeltis sp. Nomozaki/2003,Red algae,AB540047.1,train,L2_donor_210,210,1290,0,1406382095,ATGTCTCAATCTGTAGAAGAACGGACAAGAATCAAAGACGAACGTTACGAATCTGGAGTTATCCCATATGCTAAGATGGGCTATTGGGATCCTGATTATGTTGTTAAAGAGACGGACGTACTAGCTTTATTCCGTGTAAGCCCGCAACCTGGTGTAGATCCTGTAGAAGCTTCTGCGGCAATAGCAGGCGAATCATCGACAGCAACATGG
AB540051.1_L2_donor_210_r0,AB540051.1,Gloiopeltis complanata,Red algae,AB540051.1,test,L2_donor_210,210,1290,0,2385886023,ATGTCTCAATCTGTAGAAGAACGGACAAGAATCAAAGACGAACGTTACGAATCTGGAGTTATCCCGTATGCTAAGATGGGCTATTGGGATCCTGATTATGTTGTTAAAGAAACTGATGTGCTAGCTTTATTTCGTGTAAGTCCACAACCTGGTGTAGATCCTGTAGAAGCTTCTGCAGCAATAGCGGGCGAATCATCAACGGCAACATGG
AB540052.1_L2_donor_210_r0,AB540052.1,Gloiopeltis complanata,Red algae,AB540052.1,train,L2_donor_210,210,1290,0,4049495355,ATGTCTCAATCTGTAGAAGAACGGACAAGAATCAAAGACGAACGTTACGAATCTGGAGTTATCCCGTACGCTAAAATGGGCTATTGGGATCCTGATTATGTTGTTAAAGAAACTGATGTACTAGCTTTATTTCGTGTAAGCCCACAGCCTGGTGTAGATCCTGTAGAAGCTTCTGCTGCAATAGCAGGCGAATCATCAACGGCAACATGG
AB853073.1_L2_donor_210_r0,AB853073.1,Hypnodontopsis apiculatus,Mosses,AB853073.1,train,L2_donor_210,210,1290,0,3357987383,ATGTCACCACAAACGGAGACTAAAGCAGGTGTTGGATTTAGAGCTGGTGTTAAAGATTACAGATTAACTTATTACACTCCAGAGTATCAAACTTTAGAAACTGATATTTTAGCAGCATTTCGAATGACTCCTCAACCAGGAGTACCACCTGAAGAAGCAGGAGCTGCAGTAGCTGCGGAATCTTCCACCGGTACATGGACCACTGTTTGG
AB853079.1_L2_donor_210_r0,AB853079.1,Timmiella anomala,Mosses,AB853079.1,train,L2_donor_210,210,1290,0,3754761140,ATGTCACCACAAACGGAGACTAAAGCAGGTGTTGGATTTAAAGCTGGTGTTAAAGATTACAGATTAACTTATTACACTCCAGATTATCAGACTAAAGAAACTGATATTTTAGCAGCATTTCGAATGACTCCTCAACCAGGAGTACCACCTGAAGAAGCAGGAGCTGCTGTAGCTGCTGAATCTTCCACTGGTACATGGACCACTGTTTGG
AB970712.1_L2_donor_210_r0,AB970712.1,Clastobryellina orientalis,Mosses,AB970712.1,train,L2_donor_210,210,1290,0,536903803,ATGTCACCACAAACGGAGACTAAAGCAGGTGTTGGATTTAAAGCTGGTGTTAAAGATTACAGATTAACTTATTACACCCCAGATTATCAGACTAAAGAAACTGATATTTTAGCAGCATTTCGAATGACGCCTCAACCAGGAGTACCCGCTGAAGAGGCAGGAGCTGCAGTAGCTGCGGAATCTTCCACTGGTACATGGACTACTGTTTGG
AY346095.1_L2_donor_210_r0,AY346095.1,Acanthorrhynchium papillatum,Mosses,AY346095.1,train,L2_donor_210,210,1290,0,2206182410,ATGTCACCACAAACGGAGACTAGAGCAAGTGTTGGATTTAAAGCTGGTGTTAAAGATTACAGATTAAATTATTACACTCCAGATTATCAGACTAAAGACACTGATATTTTAGCAGCATTTCGAATGACTCCTCAACCAGGAGTACCCGCTGAAGAGGCAGGAGCTGCAGTAGCTGCGGAATCTTCCACTGGTACATGGACCACTGTTTGG
AY858644.1_L2_donor_210_r0,AY858644.1,Platanus orientalis,Other angiosperms,AY858644.1,test,L2_donor_210,210,1290,0,3401061406,ATGTCACCACAAACAGAAACTAAAGCAAGTGTTGGACTCAAAGCTGGTGTTAAAGATTACAAATTGACTTATTATACTCCTGACTATGAAACCAAAGATACTGATATCTTGGCAGCATTCCGAGTAACTCCTCAACCTGGAGTTCCACCTGAGGAAGCAGGAGCCGCGGTAGCTGCCGAATCTTCTACTGGTACATGGACAACTGTGTGG
AY996366.1_L2_donor_210_r0,AY996366.1,Spermatochnus paradoxus,Brown algae,AY996366.1,train,L2_donor_210,210,1290,0,1397288353,ATGCCTGAAGATGTGCAGAATCGAACTCGAATAAAAAGTGAACGTTATGAATCAGGTGTTATCCCATATGCCAAAATGGGTTACTGGGATGCTGATTATAATGTTAAAGAAACTGATATTCTAGCTCTTTTTCGTATCACTCCACAACCAGGCGTAGATCCCGTTGAGGCTGCTGCTGCTGTTGCCGGTGAATCTTCTACTGCAACATGG
EF547818.1_L2_donor_210_r0,EF547818.1,Aneura sp. Shaw 702,Liverworts,EF547818.1,train,L2_donor_210,210,1290,0,2074388581,ATGTCACCACAAACGGAGACTAAAGCAGGTGTTGGATTCAAAGCCGGTGTTAAAGATTATAGATTGACCTATTATACACCCGAGTACGAGACGAAAGAAACGGATATTTTAGCAGCATTTCGTATGACCCCTCAACCCGGAGTACCACCGGAAGAAGCTGGGGCTGCGGTAGCTGCCGAATCCTCCACCGGTACTTGGACCACAGTTTGG
EF658643.1_L2_donor_210_r0,EF658643.1,Laurencia intricata,Red algae,EF658643.1,train,L2_donor_210,210,1290,0,4294152391,ATGTCTAACTCTGTAGAAGAACGGGCACGGATTAAAAACGAACGTTATGAATCTGGTGTAATTCCATACGCAAAAATGGGATATTTCCACCCTAACTATGTAGTTAAAGATACAGATATATTAGCTCTATTTAGAGTTAGTCCACAACCAGGAGTAGATCCAGTAGAGGCTTCAGCAGCAGTTGCAGGTGAATCATCTACTGCAACATGG
EU713367.1_L2_donor_210_r0,EU713367.1,Legousia pentagonia,Eudicots,EU713367.1,train,L2_donor_210,210,1290,0,3102836360,ATGTCACCACAAACAGAGACTAAAGCAAATGTTGGATTTAAAGCTGGTGTTAAAGATTATAAATTAACTTATTATACTCCAGACTATGAAACCAAAAATACCGATATTTTGGCAGCCTTTCGAGTAACTCCTCAACCCGGAGTTCCCCCGGAAGAAGCAGGGGCCGCAGTAGCTGCCGAATCGTCTACTGGGACATGGACAACTGTGTGG
FJ438476.1_L2_donor_210_r0,FJ438476.1,Haematococcus lacustris,Green algae,FJ438476.1,val,L2_donor_210,210,1290,0,1150808604,ATGGTTCCACAAACAGAAACAAGAGCAGGTGCTGGGTTTAAAGCTGGTGTAAAAGATTATCGTTTAACGTATTATACACCAGATTACGTTGTTAGAGATACTGATATTTTAGCAGCGTTCCGTATGACACCACAACCAGGTGTACCACCAGAAGAATGTGGTGCAGCAGTAGCAGCTGAATCATCAACAGGTACTTGGACAACAGTATGG
KT693213.1_L2_donor_210_r0,KT693213.1,Hormotilopsis gelatinosa,Green algae,KT693213.1,train,L2_donor_210,210,1290,0,3420872042,ATGGCTCCACAAACAGAAACAAAAGCCGGGGCGGGATTTAAAGCAGGGGTTAAAGACTATAGATTAACTTACTATACACCTGACTACATCGTTAAGGACACTGACATCCTTGCTGCTTTCCGTATGACTCCGCAACCAGGTGTTCCACCTGAAGAATGTGGTGCAGCTGTTGCTGCTGAGTCTTCAACTGGTACATGGACTACTGTATGG
KU645801.1_L2_donor_210_r0,KU645801.1,Passiflora quadrangularis,Eudicots,KU645801.1,train,L2_donor_210,210,1290,0,3006434506,ATGTCACCACAAACAGAGACTAAAGCAAGTGTTGGATTCAAGGCTGGTGTTAAAGATTATAAATTGACTTATTATACTCCTGAATATAACCCCAAAGATACTGATATCTTGGCAGCATTCCGAGTAACTCCTCAACCTGGAGTTCCCGCTGAGGAAGCGGGAGCTGCAGTAGCTGCTGAATCTTCTACTGGTACATGGACAACCGTGTGG
KU645803.1_L2_donor_210_r0,KU645803.1,Cananga odorata,Other angiosperms,KU645803.1,train,L2_donor_210,210,1290,0,305771250,ATGTCACCAAAAACAGAGACTAAAGCAAGTGTTGGATTCAAAGCTGGTGTTAAAGAGTACAAATTGACTTATTATACTCCTGAATATGAAACCAAGGATACTGATATCTTGGCAGCATTCCGAGTAACCCCTCAACCCGGAGTTCCGCCTGAGGAAGCAGGGGCTGCGGTAGCTGCCGAATCTTCTACTGGTACATGGACAACTGTGTGG
KU645804.1_L2_donor_210_r0,KU645804.1,Asimina incana,Other angiosperms,KU645804.1,val,L2_donor_210,210,1290,0,2820026625,ATGTCACCAAAAACAGAGACTAAAGCAAGTGTTGGGTTCAAAGCGGGTGTTAAAGAGTACAAATTGACTTATTATACTCCTGAATATGAAACCAAAGATACTGATATCTTGGCAGCATTCCGAGTAACCCCTCAACCCGGAGTTCCGCCCGAGGAAGCAGGGGCTGCGGTAGCTGCCGAATCCTCTACTGGTACATGGACAACTGTGTGG
LC060504.1_L2_donor_210_r0,LC060504.1,Acinetospora filamentosa,Brown algae,LC060504.1,train,L2_donor_210,210,1290,0,1226931280,ATGCCTGAAGATGTGCAGAATCGAACTCGAATAAAAAGTGAACGTTATGAATCAGGTGTTATTCCATATGCAAAAATGGGATATTGGGATGCTGATTATAACGTTAAAGAAACTGATATTCTAGCTCTTTTTCGTATCACACCACAACCAGGCGTAGATCCCGTTGAAGCTGCTGCTGCTGTTGCCGGTGAATCTTCTACTGCAACATGG
LC060517.1_L2_donor_210_r0,LC060517.1,Acinetospora asiatica,Brown algae,LC060517.1,train,L2_donor_210,210,1290,0,323698557,ATGCCTGAAGATGTGCAGAATCGAACTCGAATAAAAAGTGAACGTTATGAATCAGGTGTTATTCCATATGCAAAAATGGGATATTGGGATGCTGATTATAACGTTAAAGAAACTGATATTCTAGCTCTTTTTCGTATCACACCACAACCAGGCGTAGATCCCGTTGAAGCTGCTGCTGCTGTTGCCGGTGAATCTTCTACTGCGACATGG
LC145073.1_L2_donor_210_r0,LC145073.1,Haplomitrium hookeri,Liverworts,LC145073.1,val,L2_donor_210,210,1290,0,2485752575,ATGTCACCACAGACAGAAACTAGAGCAGGTGTTGGATTCAAAGCCGGTGTGAAAGATTACAGATTGACTTATTATACTCCCAATTACGAGACCAAAGACACCGACATCTTGGCAGCATTCCGAATGACTCCTCAACCTGGAGTGCCACCCGAAGAAGCTGGAGCGGCAGTAGCTGCCGAATCTTCCACAGGTACATGGACCACCGTTTGG
LC176260.1_L2_donor_210_r0,LC176260.1,Weisiopsis anomala,Mosses,LC176260.1,val,L2_donor_210,210,1290,0,1523426165,ATGTCACCACAAACGGAGACTAAAGCAGGTGTTGGATTTAAAGCTGGTGTTAAAGATTACAGATTAACTTATTACACTCCAGACTATCAGACTAAAGAAACTGATATTTTAGCAGCATTTCGAATGACTCCTCAACCAGGAGTACCAGCTGAAGAAGCAGGAGCTGCAGTAGCTGCGGAATCATCTACTGGTACATGGACTACTGTTTGG
LC200423.1_L2_donor_210_r0,LC200423.1,Selenastrum capricornutum,Green algae,LC200423.1,val,L2_donor_210,210,1290,0,780355565,ATGGTTCCTCAAACAGAAACTAAAGCAGGCGCTGGATTTAAAGCTGGTGTAAAAGACTACCGTTTAACATACTACACTCCTGATTACGTTGTTAAAGAAACTGACGTATTAGCTGCATTCCGTATGACTCCACAACCAGGTGTTCCACCTGAAGAGTGTGGTGCTGCCGTAGCTGCAGAATCATCAACAGGTACTTGGACAACAGTATGG
LC270392.1_L2_donor_210_r0,LC270392.1,Pohlia annotina,Mosses,LC270392.1,test,L2_donor_210,210,1290,0,3845541103,ATGTCACCACAAACGGAGACTAAAGCAGGTGTTGGATTTAAAGCTGGTGTTAAAGATTACAGATTAACTTATTACACTCCAGATTATCAGACTAAAGAAACTGATATTTTAGCAGCATTTCGAATGACTCCTCAACCAGGAGTACCAGCTGAAGAGGCAGGAGCGGCAGTAGCTGCGGAATCTTCCACTGGTACATGGACTACTGTTTGG
LC272005.1_L2_donor_210_r0,LC272005.1,Fissidens subangustus,Mosses,LC272005.1,train,L2_donor_210,210,1290,0,3473107555,ATGTCACCACAAACGGAGACTAAAGCAGGTGTTGGATTTAAAGCTGGTGTTAAAGATTACAGATTAACTTATTACACTCCAGATTATCAGACTAAAGAAACTGATATTTTAGCAGCATTTCGAATGACTCCTCAACCAGGGGTCCCATCTGAAGAAGCAGGAGCTGCAGTAGCTGCGGAATCTTCTACTGGTACATGGACCACTGTTTGG
LC376047.1_L2_donor_210_r0,LC376047.1,Hattoria yakushimensis,Liverworts,LC376047.1,train,L2_donor_210,210,1290,0,2175018807,ATGTCACCACAAACGGAGACTAAAGCAGGTGTTGGATTCAAAGCTGGTGTTAAAGATTATAGATTAACTTACTATACGCCTGATTATGAGACGAAAGAAACAGATATTTTGGCAGCATTTCGTATGACTCCTCAGCCTGGAGTACCACCTGAAGAAGCAGGAGCAGCAGTAGCTGCCGAATCTTCAACTGGGACATGGACTACTGTTTGG
LC493039.1_L2_donor_210_r0,LC493039.1,Colpomenia borea,Brown algae,LC493039.1,train,L2_donor_210,210,1290,0,295609391,ATGCCTGAAGATGTGCAGAATCGAACTCGAATAAAAAGTGAACGTTACGAATCAGGTGTTATTCCATATGCCAAAATGGGATATTGGGATGCTGATTATAACGTTAAAGAAACTGATATTCTAGCTCTTTTTCGTATCACTCCACAACCAGGTGTAGATCCCGTTGAAGCTGCCGCTGCTGTTGCCGGCGAATCTTCTACTGCAACATGG
LC723702.1_L2_donor_210_r0,LC723702.1,Schistochila sciurea,Liverworts,LC723702.1,train,L2_donor_210,210,1290,0,4271503651,ATGTCACCACAAACGGAGACTAAAGCAGGTGTTGGATTCAAAGCTGGTGTTAAAGATTATAGATTAACTTATTATACTCCGGATTATGAAACGAAAGATACGGATATTTTGGCAGCGTTTCGTATGACCCCTCAACCTGGAGTTCCAGCCGAAGAAGCAGGTGCAGCGGTTGCTGCCGAATCTTCCACAGGTACTTGGACTACAGTTTGG
LC735540.1_L2_donor_210_r0,LC735540.1,Centella asiatica,Eudicots,LC735540.1,train,L2_donor_210,210,1290,0,392486990,ATGTCACCACAAACAGAGACTAAAGCAGGTGTTGGATTCAAAGCTGGGGTTAAAGATTACAAATTGACTTATTATACTCCTGACTATGAAACCAAAGATACTGATATCTTGGCAGCATTCCGAGTAACTCCTCAACCTGGAGTTCCACCTGAAGAAGCAGGGGCCGCGGTAGCTGCCGAATCTTCTACTGGTACATGGACAACTGTGTGG
LC791202.1_L2_donor_210_r0,LC791202.1,Pleurozia subinflata,Liverworts,LC791202.1,val,L2_donor_210,210,1290,0,423285786,ATGTCACCACAAACGGAGACTAAAACAGGTGTTGGATTCAAAGCTGGTGTTAAAGATTATCGCTTAACTTATTATACTCCTGATTATCAGACGAAGGAGACAGATATTTTAGCAGCATTTCGTATGACTCCGCAACCTGGAGTACCGGCACAAGAAGCAGGAGCTGCAGTAGCCGCTGAGTCTTCTACTGGTACTTGGACTACAGTTTGG
LC858738.1_L2_donor_210_r0,LC858738.1,Cyathodium tuberosum,Liverworts,LC858738.1,train,L2_donor_210,210,1290,0,3687215676,ATGTCACCACAAACGGAGACTAAAGCAGGTGCTGGATTCAAAGCTGGTGTTAAAGATTATCGATTAAATTATTACACTCCTGATTATGAGACCAAAGATACAGATATTTTGGCAGCATCTAGAATGACTCCTCAACCTGGTGTACCACCGGAAGAAGCAGGAGCAGCTGTTGCTGCTGAATCTTCTACTGGTACATGGACTACAGTCTGG
LC858740.1_L2_donor_210_r0,LC858740.1,Cyathodium cavernarum,Liverworts,LC858740.1,train,L2_donor_210,210,1290,0,1503939617,ATGTCACCACAAACGGAGACTAAAGCAGGTGCTGGATTCAAAGCTGGTGTTAAAGATTATCGATTAACTTATTACACTCCTGATTATGAGACCAAAGATACAGATATTTTGGCAGCATTCAGAATGACTCCTCAACCTGGCGTACCAGCGGAAGAAGCGGGAGCAGCTGTTGCTGCTGAATCTTCCACCGGTACATGGACTACAGTCTGG
LC859596.1_L2_donor_210_r0,LC859596.1,Trichocolea japonica,Liverworts,LC859596.1,train,L2_donor_210,210,1290,0,3426920530,ATGTCACCACAAACGGAGACTAAAACAGGTGTTGGATTCAAAGCTGGTGTGAAAGATTATAGATTAACTTATTACACACCTGATTATGAGACGAAAGAGACAGATATTTTGGCAGCATTTCGTATGACTCCTCAACCAGGAGTACCACCTGAAGAAGCAGGAGCAGCAGTAGCTGCTGAATCTTCGACTGGTACGTGGACCACGGTTTGG
LC884819.1_L2_donor_210_r0,LC884819.1,Cyanidium caldarium,Red algae,LC884819.1,train,L2_donor_210,210,1290,0,2075823168,ATGGCTCAGTCTGTGCAAGAACGAACACGTCTGAAAAATAAAAGGTATGAATCTGGCGTAATACCATATGCGAAAATGGGATATTGGGATCCGAACTATGTTGTAAAAGACACTGATATCTTAGCACTATTTAGAGTTACTCCTCAACCTGGGGTTGACCCTATTGAAGCTTCTGCCGCGGTAGCAGGAGAATCTTCAACAGCTACATGG
LC899187.1_L2_donor_210_r0,LC899187.1,Pyropia akasakae,Red algae,LC899187.1,train,L2_donor_210,210,1290,0,3974727018,ATGTCTCAATCCGTAGAATCACGGACTAGGATTAAAAGCGAACGTTACGAATCTGGAGTAATCCCTTACGCTAAAATGGGCTACTGGGATGCTGACTATGTAATTAAAGAAACAGATATTTTAGCTCTTTTCAGAATCACTCCTCAACCAGGTGTTGACCCGATTGAAGCATCTGCTGCAATTGCAGGTGAATCTTCAACAGCTACTTGG
LC924737.1_L2_donor_210_r0,LC924737.1,Conocephalum orientale,Liverworts,LC924737.1,train,L2_donor_210,210,1290,0,4239672666,ATGTCACCACAAACGGAGACTAAAGCAGGTACTGGATTCAAAGCTGGTGTTAAAGATTATCGATTAACTTATTATACTCCGGATTATGAAACTAAAGATACGGATATTTTAGCAGCATTTAGAATGACTCCTCAGCCTGGGGTACCAGCAGAAGAAGCAGGAGCAGCAGTTGCTGCTGAATCTTCTACTGGTACATGGACTACAGTTTGG
LC924765.1_L2_donor_210_r0,LC924765.1,Porella ulophylla,Liverworts,LC924765.1,train,L2_donor_210,210,1290,0,1520401281,ATGTCACCACAAACGGAAACTAAAACAGGTGCTGGATTTAAAGCTGGTGTTAAAGATTATAGATCAACTTATTATACTCCCGACTATGATACAAAGGAGACAGATATTTTAGCAGCATTTCGTATGACTCCTCAACCTGGAGTACCAGAACAAGAAGCAGGAGCAGCAGTAGCTGCTGAATCTTCCACCGGTACATGGACTACGGTTTGG
LC924778.1_L2_donor_210_r0,LC924778.1,Acrolejeunea pusilla,Liverworts,LC924778.1,train,L2_donor_210,210,1290,0,1486662536,ATGTCACCACAAACGGAGACTAAAGCAGGTGTTGGATTTAAAGCGGGCGTTAAGGATTATAGATTAACTTATTATACTCCTGAGTACCAGGTAAAGGCGACAGATATTTTGGCAGCATTTCGTATGACTCCTCAAGCCGGAGTACCAGCAGAAGAGGCAGGAGCAGCTGTAGCTGCTGAATCTTCAACTGGTACATGGACTACGGTTTGG
LC924831.1_L2_donor_210_r0,LC924831.1,Ceratodon purpureus,Mosses,LC924831.1,train,L2_donor_210,210,1290,0,241171640,ATGTCACCACAAACGGAGACTAAAGCAGGTGTTGGATTTAAAGCTGGTGTTAAAGATTACAGATTAAATTATTACACTCCAGATTATCAGACTAAAGATACTGATATTTTAGCAGCATTTCGAATGACTCCTCAACCAGGAGTACCACCTGAAGAAGCAGGAGCTGCAGTAGCTGCGGAATCTTCCACTGGTACATGGACCACTGTTTGG
LC924878.1_L2_donor_210_r0,LC924878.1,Orthotrichum consobrinum,Mosses,LC924878.1,val,L2_donor_210,210,1290,0,2311253417,ATGTCACCACAAACGGAGACTAAAGCAGGTGTTGGATTTAAAGCTGGTGTTAAAGATTACAGATTAACTTATTACACTCCAGATTATCAAACTAAAGAAACTGATATTTTAGCAGCATTTCGAATGACTCCTCAACCAGGAGTGCCAGCTGAAGAAGCAGGAGCTGCAGTAGCTGCAGAATCTTCTACTGGTACATGGACTACTGTTTGG
LC924944.1_L2_donor_210_r0,LC924944.1,Pylaisiadelpha yokohamae,Mosses,LC924944.1,train,L2_donor_210,210,1290,0,2497032682,ATGTCACCACAAACGGAGACCAAAGCAGGTGTTGGATTTAAAGCTGGTGTTAAAGATTACAGATTAACTTATTACACCCCAGATTATCAAACTAAAGACACTGATATTTTGGCAGCATTTCGGATGACGCCTCAACCAGGAGTACCCGCTGAAGAGGCAGGAGCTGCAGTAGCTGCGGAATCCTCCACCGGTACATGGACCACTGTTTGG
LC924950.1_L2_donor_210_r0,LC924950.1,Calohypnum plumiforme,Mosses,LC924950.1,val,L2_donor_210,210,1290,0,2169809706,ATGTCACCACAAACGGAGACTAAAGCAGGTGTTGGATTTAAAGCTGGTGTTAAAGATTACAGATTAACTTATTACACTCCAGATTATCAGACTACAGCAACTGATATTTTAGCAGCATTTCGAATGACTCCTCAACCAGGAGTACCCGCTGAAGAGGCGGGAGCTGCAGTAGCTGCGGAATCCTCCACTGGTACATGGACCACTGTTTGG
LC924964.1_L2_donor_210_r0,LC924964.1,Myuroclada maximowiczii,Mosses,LC924964.1,train,L2_donor_210,210,1290,0,24603363,ATGTCACCACAAACGGAGACTAAAGCAGGTGTTGGATTTAAAGCTGGTGTTAAAGATTACAGATTAACTTATTACACTCCAGATTATCAGACTAAAGAAACTGATATTTTAGCAGCATTTCGAATGACTCCTCAACCAGGAGTACCCGCTGAAGAGGCAGGAGCTGCAGTAGCTGCGGAATCTTCCACTGGTACATGGACCACCGTTTGG
MG251837.1_L2_donor_210_r0,MG251837.1,Hydroclathrus rapanuii,Brown algae,MG251837.1,train,L2_donor_210,210,1290,0,208239945,ATGCTTGAAGATGTGCAGAATCGAACTCGAATAAAAAGTGAACGTTACGAATCAGGTGTAATTCCATATGCCAAAATGGGGTATTGGGATGCTGATTATAACGTTAAAGATACTGATATTCTAGCTCTTTTTCGTATCACTCCACAGCCAGGTGTAGATCCCGTTGAAGCTGCCGCTGCTGTTGCCGGCGAATCTTCTACTGCAACATGG
MH172437.1_L2_donor_210_r0,MH172437.1,Pectinopitys harmsiana,Conifers,MH172437.1,train,L2_donor_210,210,1290,0,2186294819,ATGTCACCAAAAACAGAGACTAAAGTAAGTGCTGGGTTCAAAGCTGGTGTTAAAGATTACAGATTAACTTATTATACTCCGGACTATCAGACCCAAGAGACTGATATCTTGGCAGCATTCCGAGTCACTCCTCAACCCGGAGTGCCCCCCGAGGAAGCAGGAGCGGCAGTAGCTGCCGAATCTTCCACTGGTACATGGACTACTGTTTGG
MH270460.1_L2_donor_210_r0,MH270460.1,Macleaya microcarpa,Other angiosperms,MH270460.1,train,L2_donor_210,210,1290,0,864258868,ATGTCACCACAAACAGAGACTAAAGCAAGTGTTGGATTCAAAGCTGGTGTTAAAGATTACAAATTGACTTATTATACTCCTGACTATGAAACCAAAGATACTGATATCTTGGCAGCATTCCGAGTAACTCCTCAACCTGGAGTTCCGCCTGAGGAAGCAGGGGCCGCGGTAGCTGCCGAATCTTCTACTGGTACATGGACAACTGTGTGG
MH390671.1_L2_donor_210_r0,MH390671.1,Quinchamalium chilense,Eudicots,MH390671.1,train,L2_donor_210,210,1290,0,3674863678,ATGTCACCACAAACAGAGACTAAAGCGAGTGTTGGATTCAAAGCTGGTGTTAAAGAGTACAAATTGACTTATTATACTCCTGATTATGAAACCAAAGATACTGATATCTTGGCAGCATTCCGAGTAACTCCGCAACCTGGAGTTCCACCCGAAGAAGCGGGGGCTGCCGTAGCTGCTGAATCTTCTACTGGTACATGGACAACTGTATGG
MH390672.1_L2_donor_210_r0,MH390672.1,Schoepfia schreberi,Eudicots,MH390672.1,train,L2_donor_210,210,1290,0,842191380,ATGTCACCACAAACAGAGACTAAAGCAAGTGTTGGATTCAAAGCTGGTGTTAAAGAGTACAAATTGACTTATTATACTCCTGATTATGAAACCAAAGATACTGATATCTTGGCAGCATTCCGAGTAACTCCTCAACCCGGAGTTCCACCCGAGGAAGCGGGGGCCGCGGTAGCTGCCGAATCCTCTACTGGTACATGGACAACTGTGTGG
MH545292.1_L2_donor_210_r0,MH545292.1,Batophora occidentalis,Green algae,MH545292.1,train,L2_donor_210,210,1290,0,2472253853,ATGGCTCCACAAACTGAGACTAAAGCAAGTGCTGGATTTAAAGCGGGTGTAAAAGATTATCGTTTAACATATTACACTCCTGATTATCAAGTACAAGACACTGATATTTTAGCTGCGTTTCGAATGACTCCACAACCTGGAGTACCAGCAGAAGAATGTGCTGCTGCAGTTGCCGCTGAATCTTCAACAGGTACTTGGACAACAGTATGG
MH545335.1_L2_donor_210_r0,MH545335.1,Halicoryne sp. HV04044,Green algae,MH545335.1,train,L2_donor_210,210,1290,0,2534950796,ATGGGAACAACTGAAACGAAAGCAGGTGCTGGATTTAAAGCGGGTGTAAAAGATTATCGTCTAACGTACTATACACCTGATTATCAAGTACAAGATACAGATATTTTAGCAGCATTTCGAATGACGCCTCAGCCAGGAGTTCCAGCGGAAGAATGTGCCGCTGCTGTAGCTGCTGAATCTTCAACAGGTACTTGGACTACTGTTTGGACA
MH616272.1_L2_donor_210_r0,MH616272.1,Borya sphaerocephala,Monocots,MH616272.1,train,L2_donor_210,210,1290,0,3949415618,ATGTCACCACAAACAGAGACTAAAGCAAATGTTGGATTTAAAGCTGGTGTTAAAGATTACAAATTGACTTATTATACTCCTGACTACGACACCAAAGATACTGATATTTTGGCAGCATTTCGAGTAACTCCTCAACCAGGAGTTCCGCCTGAAGAAGCAGGGGCCGCGGTAGCTGCCGAATCTTCTACTGGTACATGGACAACTGTGTGG
MH661965.1_L2_donor_210_r0,MH661965.1,Epiblema grandiflorum,Monocots,MH661965.1,train,L2_donor_210,210,1290,0,3458327079,ATGAGTTGTAGGGAGGGACTTATGTCACCACAAACAGAGACTAAAGCAAGCGTTGGATTTAAAGCTGGTGTTAAAGATTACAAATTGACTTATTATACTCCTGACTACGAAACAAAAGATACTGATATCTTGGCAGCATTCCGAGTAACTCCTCAACCGGGAGTTCCGCCTGAAGAAGCGGGAGCTGCGGTAGCAGCCGAATCTTCTACT
MK295219.1_L2_donor_210_r0,MK295219.1,Chlorella sp. 64.01,Green algae,MK295219.1,train,L2_donor_210,210,1290,0,2797994458,ATGGCTCCACAAACTGAAACTAGAGCAGGTGCTGGATTTAAAGCAGGTGTTAAAGATTATCGTTTAACATACTATACTCCTGACTATCAACCAAAAGAAACTGATATTCTTGCAGCATTCCGTATGACACCACAACCAGGTGTACCACCGGAAGAAGCTGGTGCAGCGGTAGCAGCAGAATCTTCAACAGGTACTTGGACGACTGTATGG
MK295220.1_L2_donor_210_r0,MK295220.1,Pseudochlorella pringsheimii,Green algae,MK295220.1,train,L2_donor_210,210,1290,0,1955833248,ATGTCTCCACAAACTGAAACTAAAGCAAGGGTGGGTTTCAAAGCAGGTGTTAAAGACTACCGTTTAACTTACTATACTCCTGATTACCAACCAAAAGATACTGATATTCTTGCAGCGTTCCGTATGACTCCTCAACCAGGTGTTCCACCAGAAGAAGCTGGTGCAGCGGTAGCAGCAGAATCATCAACTGGTACTTGGACGACTGTATGG
MK806439.1_L2_donor_210_r0,MK806439.1,Lepisorus jakonensis,Ferns,MK806439.1,train,L2_donor_210,210,1290,0,3622573220,ATGTCACCACAAACGGAGACTAAAGCGGGTGTTGGATTCAAAGCTGGTGTCAAAGATTATCGATTGACTTATTACACCCCCGAATACAAAACCAAAGATACCGATATCTTAGCAGCATTTCGAATGACCCCACAACCTGGAGTACCGGCTGAGGAAGCTGGAGCTGCGGTAGCTGCAGAATCCTCCACAGGTACGTGGACCACTGTATGG
MN030175.1_L2_donor_210_r0,MN030175.1,Botrypus virginianus,Ferns,MN030175.1,train,L2_donor_210,210,1290,0,2975618710,ATGTCACCACAAACGGAGACTAAAGCAGGTGTTGGATTCAAAGCTGGTGTTAAAGATTATCGATTGACCTATTACACTCCCGATTACAAAACCAAGGATACTGATATCCTAGCAGCTTTTCGAATGACTCCCCAACCTGGAGTGCCAGCTGAGGAAGCGGGAGCCGCGGTAGCTGCTGAATCTTCCACCGGTACGTGGACCACCGTATGG
MN601490.1_L2_donor_210_r0,MN601490.1,Clematis sp. DPP-2019a,Other angiosperms,MN601490.1,train,L2_donor_210,210,1290,0,1476474161,ATGTCACCACAAACAGAGACTAAAGCGAGTGTTGGCTTCAAAGCAGGTGTTAAAGAGTACAAATTGAATTATTATACTCCTGAATATGAACCCAAAGAAACTGATACCTTGGCGGCATTCCGAGTAAGTCCTCAACCTGGAGTTCCACCTGAAGAAGCAGGGGCTGCTGTAGCTGCCGAATCTTCTACGGGTACATGGACAACTGTGTGG
MN793055.1_L2_donor_210_r0,MN793055.1,Chara vulgaris,Other green,MN793055.1,train,L2_donor_210,210,1290,0,2693748782,ATGTCACCACAGACAGAAACTAAAACAAGTGCTGGATTTAAAGCAGGGGTAAAAGATTACAGATTAACTTACTATACTCCTGAGTATAAAACTAAAGATACTGACATTTTAGCTGCATTTCGTGTAACTCCACAACCTGGCGTTCCACCTGAAGAAGCAGGTGCTGCAGTAGCTGCAGAATCTTCCACTGGTACATGGACTACTGTTTGG
MT439865.1_L2_donor_210_r0,MT439865.1,Glomerochrysis psammophila,SAR/other protist,MT439865.1,val,L2_donor_210,210,1290,0,2799488881,ATGTCTCAATCTGTATCAGAACGTACACGTATTAAGAGCGAACGTTATGAATCTGGTGTAATCCCTTACGCTAAAATGGGTTACTGGGATTCTAGTTACACAATCAAGAGTACGGATGTTCTTGCATTATTCCGTATTACACCTCAACCGGGCGTAGATCCAGTTGAAGCTGCTGCTGCCGTAGCGGGTGAATCTTCAACAGCTACATGG
MW267923.1_L2_donor_210_r0,MW267923.1,Zygnema circumcarinatum,Other green,MW267923.1,train,L2_donor_210,210,1290,0,1933971636,ATGTCACCACAAACAGAAACCAAAGCAGGTGCTGGATTTAAAGCAGGGGTAAAAGATTACCGACTTACCTATTACACTCCTGACTATGAAACTAAGGAAACCGATATCCTTGCTGCATTCCGTATGACTCCTCAACCTGGAGTTCCACCGGAAGAAGCAGGTGCTGCTGTAGCAGCAGAGTCCTCTACTGGTACATGGACTACTGTTTGG
MW524049.1_L2_donor_210_r0,MW524049.1,Dryopteris fragrans,Ferns,MW524049.1,train,L2_donor_210,210,1290,0,1322301992,ATGTCACCACAAACGGAGACTAAAGCAGGTGTTGGATTCAAAGCTGGTGTCAAAGATTATCGATTGACCTATTACACCCCCGAATACAAGACCAAAGATACCGATATCTTAGCAGCCTTTAGAATGACCCCACAACCCGGAGTACCGGCTGAGGAAGCCGGAGCTGCGGTAGCTGCGGAATCCTCCACGGGTACGTGGACCACTGTATGG
MZ133428.1_L2_donor_210_r0,MZ133428.1,Corbierea radiosa,Green algae,MZ133428.1,train,L2_donor_210,210,1290,0,3739929204,ATGGTTCCACAAACAGAAACAAGAGCTGGTGCTGGGTTTAAAGCTGGTGTTAAAGATTATCGATTAACGTATTATACACCAGATTACGTAGTGAAAGACACTGATATTTTAGCTGCTTTCCGTATGACTCCACAACCAGGTGTTCCACCAGAAGAATGTGGTGCAGCTGTTGCAGCTGAATCATCAACAGGTACTTGGACAACTGTATGG
MZ714562.1_L2_donor_210_r0,MZ714562.1,Scutellaria indica var. tsusimensis,Eudicots,MZ714562.1,train,L2_donor_210,210,1290,0,1441862633,ATGTCACCACAAACTGAAACCAGAACAGGTACTGGCTTTAAAGCAGGCGTTAAGGACTATCGCCTAACTTACTACACTCCTGATTATGAGACCAAAGAGACTGATATCCTAGCTGCATTTCGGATGACTCCTCAACCTGGAGTTCCTCCTGAAGAAGCAGGTGCTGCGGTTGCAGCTGAATCTTCAACCGGTACCTGGACCACTGTATGG
OK588964.1_L2_donor_210_r0,OK588964.1,Hydrocleys nymphoides,Monocots,OK588964.1,train,L2_donor_210,210,1290,0,2792327543,ATGTCACCACAAACGGAGACTAAAACAGGTGTTGGATTCAAAGCTGGTGTTAAAGATTACAAATTGACTTATTATACTCCTGAATATCAAACAAAAGATACTGATATCTTGGCAGCATTCCGAGTAACCCCGCAACCCGGAGTTCCACCTGAGGAAGCAGGGGCCGCAGTAGCTGCCGAATCTTCTACTGGTACATGGACAACCGTGTGG
OK588972.1_L2_donor_210_r0,OK588972.1,Baldellia ranunculoides,Monocots,OK588972.1,train,L2_donor_210,210,1290,0,3165568327,ATGTCACCACAAACAGAGACTAAAACAGGTGTTGGATTCAAAGCCGGTGTTAAAGATTACAAATTGACTTATTATACTCCTGAATATCAAACCAAAGATACTGATATCTTGGCAGCATTCCGAGTAACTCCGCAACCGGGAGTTCCACCTGAGGAAGCAGGTGCCGCGGTAGCTGCCGAATCTTCTACTGGTACATGGACAACTGTGTGG
OK588984.1_L2_donor_210_r0,OK588984.1,Echinodorus paniculatus,Monocots,OK588984.1,train,L2_donor_210,210,1290,0,2949678531,ATGTCACCACAAACAGAGACTAAAACAGGTGTTGGATTCAAAGCAGGTGTTAAAGATTACAAATTGACCTATTATACTCCTGAATATCAAACCAAAGATACTGATATCTTGGCAGCATTCCGAGTAACCCCGCAACCCGGAGTTCCACCTGAAGAAGCAGGGGCCGCAGTAGCTGCCGAATCTTCTACTGGTACATGGACAACTGTGTGG
OK588986.1_L2_donor_210_r0,OK588986.1,Helanthium bolivianum,Monocots,OK588986.1,train,L2_donor_210,210,1290,0,1091141744,ATGTCACCGCAAACAGAGACTAAAACAGGTGTCGGATTCAAAGCTGGTGTTAAAGATTACAAATTGACTTATTATACTCCTGAATATCAAACCAAAGATACTGATATCTTGGCAGCATTCCGAGTAACCCCGCAACCTGGAGTTCCACCTGAGGAAGCAGGGGCCGCCGTAGCGGCCGAATCTTCTACTGGTACATGGACAACCGTGTGG
OK588987.1_L2_donor_210_r0,OK588987.1,Limnocharis flava,Monocots,OK588987.1,train,L2_donor_210,210,1290,0,1561418890,ATGTCACCACAAACAGAGACTAAAACAGGTGTTGGATTCCAAGCAGGTGTAAAAGATTACAAATTAACTTATTATACTCCTGAATATCAAACAAAAGATACTGATATCTTGGCAGCATTCCGAGTAACCCCGCAACCCGGGGTTCCACCTGAGGAAGCTGGGGCCGCAGTAGCCGCCGAATCCTCGACCGGTACATGGACAACTGTGTGG
OL504528.1_L2_donor_210_r0,OL504528.1,Smilax weniae,Monocots,OL504528.1,train,L2_donor_210,210,1290,0,2673971414,ATGTCACCACAAACAGAGACTAAAGCAAGTGTTGGATTCAAAGCTGGTGTTAAAGATTACAAATTGACTTATTATACTCCTGACTATGAAACCAAAGATACTGATATCTTGGCAGCATTCCGAGTAACTCCTCAACCCGGAGTTCCGCCTGAAGAGGCAGGGGCAGCGGTAGCCGCAGAATCTTCTACTGGTACATGGACAACTGTGTGG
ON568338.1_L2_donor_210_r0,ON568338.1,Scytosiphon sp. Atlantic complex sp. 1,Brown algae,ON568338.1,test,L2_donor_210,210,1290,0,3586288304,ATGCCTGAAGATGTGCAGAATCGAACTCGAATAAAAAGTGAACGTTACGAATCAGGTGTTATTCCATATGCCAAAATGGGATATTGGGATGCCGATTATAACGTTAAAGAAACTGATATTCTAGCTCTTTTTCGTATCACTCCACAACCAGGTGTAGATCCCGTTGAAGCTGCCGCTGCTGTTGCCGGCGAATCTTCTACTGCAACATGG
ON684489.1_L2_donor_210_r0,ON684489.1,Juniperus navicularis,Conifers,ON684489.1,train,L2_donor_210,210,1290,0,467670138,ATGTCACCAAAAACAGAGACTAAAGCAAGTGTCGGATTCAAAGCGGGTGTTAAAGATTACAGATTAACTTATTATACTCCGGAATATCAGACCAAAGATACTGATATCTTGGCAGCATTCCGAGTCACTCCTCAACCTGGAGTGCCCCCCGAAGAAGCGGGAGCAGCGGTAGCTGCCGAATCTTCCACTGGTACGTGGACCACTGTTTGG
ON920851.1_L2_donor_210_r0,ON920851.1,Pseudostaurastrum enorme,SAR/other protist,ON920851.1,train,L2_donor_210,210,1290,0,221618128,ATGTTTCAATCTGTAGAAGAAAGAACACGAATTAAAAATGAACGTTATGAATCAGGTGTAATCCCTTACGCTGAAATGGGATATTGGGATGCTAATTATACAGTTAAAGATACTGATGTATTAGCTTTATTCCGTATTACTCCACAACCTGGTGTTGATCCTATTGAAGCGGCAGCAGCGGTAGCTGGTGAATCTTCAACAGCAACATGG
ON933796.1_L2_donor_210_r0,ON933796.1,Commiphora wightii,Eudicots,ON933796.1,train,L2_donor_210,210,1290,0,1530857799,ATGAGTTGTAGGGAGGGACTTATGTCACCACAAACAGAGACTAAAGCAAGTGTTGGATTCAAAGCCGGTGTTAAAGACTATAAATTGAATTATTATACTCCTCAATATCAAACCAAAGATACTGATATCTTGGCAGCATTCCGAGTAACTCCTCAACCCGGAGTTCCACCCGAGGAAGCGGGGGCCGCGGTAGCTGCGGAATCTTCTACT
OP237580.1_L2_donor_210_r0,OP237580.1,Baolia bracteata,Eudicots,OP237580.1,train,L2_donor_210,210,1290,0,289916729,ATGTCACCACAAACAGAGACTAAAGCAAGTGTTGGATTTAAAGCGGGTGTTAAAGATTACAAATTGACTTATTATACTCCTGAGTATGAAACCCAAGATACTGATATCTTGGCAGCATTCCGAGTAACTCCTCAACCTGGAGTTCCACCCGAAGAAGCAGGGGCTGCAGTAGCTGCCGAATCTTCTACTGGTACATGGACAACTGTATGG
OP330067.1_L2_donor_210_r0,OP330067.1,Asplenium trichomanes,Ferns,OP330067.1,train,L2_donor_210,210,1290,0,3177777369,ATGTCGCCACAAACGGAGACTAAGGCGGGTGTTGGATTCAAAGCTGGTGTCAAAGATTACCGGCTGACTTATTACACCCCCGAATACAAAGTTAAAGATACTGATATTTTGGCAGCTTTTCGGATGACCCCACAACCCGGAGTACCAGCTGAAGAAGCTGGAGCTGCAGTAGCTGCGGAGTCCTCTACAGGTACGTGGACCACTGTTTGG
OQ863300.1_L2_donor_210_r0,OQ863300.1,Laurencia catarinensis,Red algae,OQ863300.1,train,L2_donor_210,210,1290,0,2160890925,ATGTCTAACTCTGTAGAAGAACGGACACGGATTAAAAACGAACGTTATGAATCTGGTGTAATTCCATACGCAAAAATGGGATACTGGGACCCTAACTATGTAGTTAAAGATACAGATATATTAGCTCTGTTTAGAGTTAGTCCACAACCAGGAGTAGATCCAGTAGAAGCTTCTGCAGCCGTTGCAGGTGAATCATCTACTGCAACATGG
OQ863312.1_L2_donor_210_r0,OQ863312.1,Laurencia sp. A25,Red algae,OQ863312.1,train,L2_donor_210,210,1290,0,3297176353,ATGTCTAACTCTGTAGAAGCACGGACACGGATTAAAAACGAACGTTATGAATCTGGTGTAATTCCATACGCAAAAATGGGATACTGGGACCCTAACTACGTAGTTAAAGATACAGATATATTAGCTCTATTTAGAGTTAGTCCACAACCAGGAGTAGATCCAGTAGAGGCTTCTGCAGCAGTTGCAGGTGAATCATCTACTGCAACATGG
OQ868456.1_L2_donor_210_r0,OQ868456.1,Pteris pseudowulaiensis,Ferns,OQ868456.1,train,L2_donor_210,210,1290,0,4173931688,ATGTCGCCACAAACGGAGACTAAAGCAGGTGTTGGATTCAAAGCTGGTGTCAAAGATTATCGATTGACTTATTACACTCCCGAATACAAGACCAAAGATACTGATATATTAGCGGCTTTCCGAATGACCCCACAACCTGGAGTACCAGCTGAGGAGGCCGGAGCTGCAGTAGCTGCGGAATCCTCTACGGGTACCTGGACCACGGTATGG
OR165438.1_L2_donor_210_r0,OR165438.1,Cyanotis obtusa,Monocots,OR165438.1,test,L2_donor_210,210,1290,0,245536839,ATGTCACCACAAACAGAGACTAAAGCAAGTGTTGGATTTAAAGCGGGTGTTAAAGATTATAAATTGACTTATTATACTCCTGAGTACCAAACCAAAGATACTGATATATTGGCAGCATTCCGAGTAACTCCTCAACCAGGAGTTCCGCCTGAGGAAGCAGGTGCTGCGGTAGCTGCCGAATCTTCTACTGGTACATGGACAACCGTGTGG
OR165493.1_L2_donor_210_r0,OR165493.1,Tradescantia fluminensis,Monocots,OR165493.1,train,L2_donor_210,210,1290,0,4252109701,ATGTCACCACAAACAGAGACTAAAGCAAGTGTTGGATTTAAAGCGGGTGTTAAAGATTATAAATTGACTTATTATACTCCTGAGTACCAAACTAAAGATACTGATATATTGGCAGCATTCCGAGTAACTCCTCAACCAGGAGTTCCGCCGGAGGAAGCAGGGGCTGCGGTAGCTGCGGAATCTTCTACTGGTACATGGACAACTGTGTGG
OR359632.1_L2_donor_210_r0,OR359632.1,Amoenothamnion planktonicum,Red algae,OR359632.1,train,L2_donor_210,210,1290,0,2534342325,ATGTCTAACTCTGTAGAAGAACGGACAAGAATTAAAAATGAACGTTATGAATCTGGTGTAATCCCTTATGCAAAAATGGGATATTGGGATCCAGAATATGTGGTTAAAGATACAGACGTATTAGCTCTGTTTCGTGTATCTCCACAGCCAGGCGTTGACCCAATTGAAGCTTCTGCTGCAGTTGCTGGTGAATCATCTACTGCTACTTGG
PP263658.1_L2_donor_210_r0,PP263658.1,Daphniphyllum macropodum subsp. humile,Eudicots,PP263658.1,val,L2_donor_210,210,1290,0,3480226825,ATGAGTTGTAGGGAGGGACTTATGTCACCACAAACAGAGACTAAAGCAAGTGTTGGATTCAAAGCTGGTGTTAAAGATTACAAATTGACTTATTATACTCCTGACTATGACACCAAAGATACTGATATCTTGGCAGCATTCCGAGTAACTCCTCAACCTGGAGTTCCACCTGAGGAAGCAGGGGCCGCGGTAGCTGCGGAATCTTCTACT
PQ031122.1_L2_donor_210_r0,PQ031122.1,Mallomonas flora,SAR/other protist,PQ031122.1,train,L2_donor_210,210,1290,0,2351014404,ATGAGTACAGGAGAAAGAACGCGTATTAAATCAGAACGTTATGAATCTGGAGTAATCCCATACAAAAAAATGGGTTATTGGGATGCAGACTACACAGTTAAAGATACTGATGTTTTATGTCTTTTCCGTATTACACCACAACCAGGAGTTGATCCAGTTGAAGCTGCAGCAGCTGTTGCTGGAGAATCATCAACTGCTACTTGGACTGTT
PQ031123.1_L2_donor_210_r0,PQ031123.1,Mallomonas striata,SAR/other protist,PQ031123.1,train,L2_donor_210,210,1290,0,4231844038,ATGAGTGATGCAGTAGAAAGAACACGTATTAAATCAGAACGTTATGAATCTGGAGTAATTCCATATAAAAAAATGGGTTATTGGGATGCAGACTATACAGTGAAAGAAACTGATGTTCTTTGTCTTTTCCGTATTACACCACAACCAGGTGTTGACCCAGTAGAAGCTGCTGCAGCTGTAGCTGGAGAATCATCTACAGCTACATGGACA
PQ031125.1_L2_donor_210_r0,PQ031125.1,Mallomonas kalinae,SAR/other protist,PQ031125.1,train,L2_donor_210,210,1290,0,3852161720,ATGAGTGATGCATCAGAAAGAACGCGTATTAAATCAGAACGTTATGAATCTGGAGTAATTCCATACAAAAAAATGGGGTATTGGGATGCTGATTATTCAGTAAAAGAAACTGACGTTTTATGTCTTTTCCGTATTACACCACAACCAGGAGTTGATCCTATTGAAGCTGCTGCAGCTGTAGCTGGAGAATCTTCAACAGCAACTTGGACA
PQ031131.1_L2_donor_210_r0,PQ031131.1,Mallomonas annulata,SAR/other protist,PQ031131.1,train,L2_donor_210,210,1290,0,1214463512,ATGAGTGATGCAGTAGAAAGAACACGTATTAAATCAGAACGTTATGAATCAGGAGTAATTCCATACAAAAAAATGGGTTATTGGGATGCAGACTATACAATTAAAGATAGTGATGTATTATGTCTTTTCCGTTTAACACCACAACCAGGAGTTGACCCAGTTGAAGCTGCTGCAGCTGTTGCTGGAGAATCATCTACTGCTACTTGGACA
PQ031145.1_L2_donor_210_r0,PQ031145.1,Mallomonas splendens,SAR/other protist,PQ031145.1,val,L2_donor_210,210,1290,0,4246228936,ATGAGTGATGCATCAGAAAGAACGCGTATTAAATCAGAACGTTATGAATCTGGAGTAATTCCATACAAAAAAATGGGTTATTGGGATGCAGATTACACAGTAAAAGATTCTGATGTATTATGTCTTTTCCGTTTAACACCACAACCAGGTGTTGACCCGATTGAAGCAGCAGCTGCTGTTGCTGGAGAATCTTCTACAGCTACTTGGACT
PQ213023.1_L2_donor_210_r0,PQ213023.1,Vaucheria litorea,SAR/other protist,PQ213023.1,train,L2_donor_210,210,1290,0,146320825,ATGTCTAAGTCTGTACAAGAGCGTACTCGAATTAAAAGCCAACGTTATGAATCTGGTGTAATTCCTTATGCGAAAATGGGTTATTGGGATGCATTTTATAATGTAAAACATACGGATGTATTAGCGTTATTTCGTATTACTCCGCAACCTGGTGTAGATCCTGTAGAAGCAGCAGCAGCTGTTGCTGGTGAATCTTCAACTGCGACTTGG
PQ791840.1_L2_donor_210_r0,PQ791840.1,Pelagomonas calceolata,SAR/other protist,PQ791840.1,train,L2_donor_210,210,1290,0,2796680593,ATGTCTCAAAATGTATCTGAACGTACAAGAATTAAAAGTGAACGTTACGAATCTGGTGTAATCCCTTACGCTAAAATGGGTTACTGGGATGCTAACTACGCAGTTAAGACAACTGACTTATTAGCATTATTCCGTATCACTCCACAACCAGGTGTTGACCCAGTTGAAGCTGCTGCTGCAGTTGCTGGTGAGTCTTCTACTGCAACATGG
PQ791846.1_L2_donor_210_r0,PQ791846.1,Arachnochrysis pilardiaziae,SAR/other protist,PQ791846.1,train,L2_donor_210,210,1290,0,2762454454,ATGTCTCAATCTGTATCAGAACGTACACGAATTAAGAGCGAACGTTATGAATCTGGAGTAATTCCTTATGCTAAAATGGGTTACTGGGATTCTAACTATACCATTAAGACTACTGATGTTCTTGCGCTATTCCGTATTACTCCTCAACCAGGTGTGGACCCGGTTGAAGCGGCTGCAGCTGTAGCAGGGGAGTCTTCAACAGCTACATGG
PV575775.1_L2_donor_210_r0,PV575775.1,Sargassum hemiphyllum var. chinense,Brown algae,PV575775.1,train,L2_donor_210,210,1290,0,811867222,ATGCCTGAGAACGTACAGGAAAGAACTCGAATAAAAAGTGAGCGTTATGAATCTGGTGTAATACCATATGCTAAAATGGGATATTGGGATGCAGATTACAAGGTTAAAGAAACTGATATTCTAGCTCTATTTCGTATAACTCCTCAACCAGGTGTAGATCCTCTAGAAGCTGCGGCTGCTGTTGCCGGTGAATCTTCTACAGCAACATGG
PV999901.1_L2_donor_210_r0,PV999901.1,Pseudoderbesia sp. HV-2025c,Green algae,PV999901.1,train,L2_donor_210,210,1290,0,3915919757,ATGGGTCCAAAAACAGAAACTAAGGCAGGTGCTGGTTTTAAGGCAGGGGTAAAAGATTATCGCCTCACTTATTATACACCAGACTATCAAGTGAAAGACACAGATGTGTTAGCTGCATTTCGTATGACTCCGCAACCTGGGGTACCCGCTGAAGAGTGTGGTGCAGCGGTAGCCGCGGAATCTTCAACAGGGACATGGACAACTGTATGG
PV999913.1_L2_donor_210_r0,PV999913.1,Pseudoderbesia epilithica,Green algae,PV999913.1,train,L2_donor_210,210,1290,0,413459522,ATGGCTCCAAAAACTGAAACAAAAGCAGGTGCAGGATTTAAAGCAGGGGTAAAAGACTATCGTTTAACTTACTATACACCGGATTATCAAACAAAAGATACAGATATTCTTGCTGCTTTTCGTATGACTCCACAGCCAGGTGTACCACCAGAAGAATGTGGCGCTGCTGTAGCTGCAGAATCCTCAACAGGAACATGGACAACGGTATGG
PX743792.1_L2_donor_210_r0,PX743792.1,Stemona parviflora,Monocots,PX743792.1,val,L2_donor_210,210,1290,0,3920465987,ATGTCACCACAAACAGAGACTAAAGCAAGTGTTGGATTCAAAGCTGGTGTTAAAGATTACAAATTGACTTATTATACTCCTGATTACGAAACCAAGGATACTGATATCTTGGCAGCATTTCGAGTAACTCCTCAACCCGGAGTTCCGCCTGAAGAAGCAGGGGCTGCGGTAGCTGCTGAATCTTCTACTGGTACATGGACAACTGTGTGG
PX743818.1_L2_donor_210_r0,PX743818.1,Corydalis caudata,Other angiosperms,PX743818.1,train,L2_donor_210,210,1290,0,1220682193,ATGAGTTGTAGGGAGGGACTTATGTCACCACAAACAGAGACTAAAGCAAGTGTTGGATTCAAAGCTGGTGTTAAAGATTACAAATTGACTTATTATACTCCTGACTATGAAACAAAAGATACTGATATCTTGGCAGCATTCCGAGTCACTCCTCAACCTGGAGTTCCACCTGAGGAAGCAGGGGCCGCGGTAGCTGCCGAAAGTAACTTG
PX743828.1_L2_donor_210_r0,PX743828.1,Arcangelisia gusanlung,Other angiosperms,PX743828.1,train,L2_donor_210,210,1290,0,27675999,ATGAGTTGTAGGGAGGGACTTATGTCACCACAAACAGAGACTAAAGCAAGTGTTGGATTCAAAGCTGGTGTTAAAGATTACAAATTGACTTATTATACTCCTGACTATGTAACCAAAGATACTGATACGCTAGCAGCATTCCGAGTAACTCCTCAACCTGGAGTTCCGCCTGAAGAAGCGGGGGCTGCGGTAGCTGCCGAATCTTCTACA
PX743839.1_L2_donor_210_r0,PX743839.1,Thalictrum fortunei,Other angiosperms,PX743839.1,test,L2_donor_210,210,1290,0,3636529690,ATGTCACCACAAACAGAGACTAAAGCAAGTGTTGGCTTCAAAGCGGGTGTTAAAGATTACAAATTGACTTATTATACTCCTGAATATGAACCCAAAGATACTGATACCTTGGCGGCATTCCGAGTAACTCCTCAACCGGGAGTTCCTGCTGAAGAAGCAGGGGCTGCTGTAGCTGCCGAATCTTCTACAGGTACATGGACAACTGTGTGG
PX743843.1_L2_donor_210_r0,PX743843.1,Sabia discolor,Other angiosperms,PX743843.1,train,L2_donor_210,210,1290,0,4204162247,ATGTCACCACAAACAGAGACTAAAGCAAGTGCTGGATTCAAAGCTGGTGTTAAAGATTACAAATTGAATTATTATACTCCTGAATATAACACCCTAGACACTGATATCTTGGCAGCATTCCGAGTAACTCCTCAACCAGGAGTTCCACCTGAGGAAGCAGGCGCCGCGGTAGCTGCCGAATCTTCTACTGGTACATGGACAACTGTGTGG
PX743855.1_L2_donor_210_r0,PX743855.1,Saxifraga unguiculata,Eudicots,PX743855.1,test,L2_donor_210,210,1290,0,1052349935,ATGTCACCACAAACAGAGACTAAAGCGAGTGTTGGATTCAAAGCCGGTGTTAAAGATTACAAATTGACTTATTATACCCCTGATTATGAAACCAAAGATACTGATATCTTGGCAGCATTCCGAGTAACTCCTCAACCTGGAGTTCCACCTGAGGAAGCAGGGGCCGCAGTAGCTGCTGAATCTTCTACTGGCACATGGACAACTGTATGG
PX743950.1_L2_donor_210_r0,PX743950.1,Myrica nana,Eudicots,PX743950.1,train,L2_donor_210,210,1290,0,216380320,ATGTCACCACAAACAGAGACTAAAGCAAGTGTTGGATTCAAAGCTGGTGTTAAAGATTATAAATTGACTTATTATACTCCTGACTATGAAACCAAGGATACTGATATCTTGGCAGCGTTCCGAGTAACTCCTCAACCTGGAGTTCCGCCTGAGGAAGCAGGGGCAGCAGTAGCTGCTGAATCTTCTACTGGTACATGGACAACTGTGTGG
PX743996.1_L2_donor_210_r0,PX743996.1,Acalypha matsudae,Eudicots,PX743996.1,train,L2_donor_210,210,1290,0,3202151869,ATGTCACCACAAACAGAGACTAAAGCAAGTGTTGGGTTCAAGGCTGGTGTTAAAGATTATAAATTGACTTATTTTACTCCTGACTATCAAACCAAAGATACTGATATCTTGGCAGCATTCCGAGTAACTCCTCAACCTGGAGTTCCGCCGGAGGAAGCAGGAGCTGCGGTAGCTGCTGAATCTTCTACTGGTACATGGACAACTGTGTGG
PX743998.1_L2_donor_210_r0,PX743998.1,Falconeria insignis,Eudicots,PX743998.1,train,L2_donor_210,210,1290,0,2088480647,ATGTCACCACAAACAGAAACTAAAGCAAGTGTTGGATTCAAGGCTGGTGTTAAAGATTATAAATTGACTTATTATACTCCTGAATATGAAACCAAAGATACTGATATCTTGGCAGCATTCCGAGTAACTCCTCAACCTGGAGTTCCGCCTGAGGAAGCAGGAGCTGCGGTAGCTGCTGAATCTTCTACTGGTACATGGACAACTGTGTGG
PX744014.1_L2_donor_210_r0,PX744014.1,Fordiophyton faberi,Eudicots,PX744014.1,train,L2_donor_210,210,1290,0,1475289656,ATGTCACCACAAACAGAGACTAAAGCAAGTGTTGGATTCAAAGCTGGTGTTAAAGATTATAGACTGACTTATTATACTCCTGACTATCAAGTCAAACCTACTGATACCTTGGCAGCATTCCGAGTAACTCCGCAACCAGGAGTTCCGCCTGAAGAAGCAGGGGCTGCGGTAGCTGCTGAATCTTCTACTGGTACATGGACAACTGTGTGG
PX744018.1_L2_donor_210_r0,PX744018.1,Acer albopurpurascens,Eudicots,PX744018.1,test,L2_donor_210,210,1290,0,3769123702,ATGTCACCACAAACAAAGACTAAAGCAAGTGTTGGATTCAAAGCCATCGTTAAAGATTATAAATTGACTTATTATACTCTTGACTATGTAACCAAAGATACTTATATCTTGGCAGCATTCCAAGTAACTCCTCAACCCGGGGTTCCGCCCGAGGAAGCCGGGGCCGCGGTAGCTGCGGAATCTTCTACTGGTACATGGACAACTGTGTGG
PX744022.1_L2_donor_210_r0,PX744022.1,Lepisanthes hainanensis,Eudicots,PX744022.1,train,L2_donor_210,210,1290,0,243825319,ATGTCACCACAAACAGAGACTAAAGCAAGTGTTGGATTCAAAGCCGGTGTTAAAGATTATAAATTGACTTATTATACTCCTGACTATGTAACCAAAGATACTGATATCTTGGCAGCATTCCGAGTAACTCCTCAACCCGGGGTTCCACCCGAGGAAGCAGGGGCCGCGGTAGCTGCGGAATCTTCTACTGGTACATGGACAACTGTGTGG
PX744047.1_L2_donor_210_r0,PX744047.1,Buckleya henryi,Eudicots,PX744047.1,val,L2_donor_210,210,1290,0,2291041998,ATGTCACCACAAACAGAGACTAAAGCAAGTGTTGGATTCAAAGCGGGTGTTAAGGATTATAAATTGACTTATTATACTCCTGATTACGAAACCAAAGATACTGATATCTTGGCAGCATTCCGAGTAACTCCTCAACCCGGAGTTCCGCCTGAGGAAGCGGGGGCCGCGGTAGCTGCCGAATCTTCTACTGGTACATGGACGACTGTGTGG
PX744060.1_L2_donor_210_r0,PX744060.1,Arthrophytum longibracteatum,Eudicots,PX744060.1,train,L2_donor_210,210,1290,0,3654443933,ATGTCACCACAAACCGAAACTAAAGCAAGTGTTGGATTTAAAGCTGGTGTTAAAGATTACAAATTGACTTATTATACTCCTGAGTATGAAACCAAAGATACTGATATCTTGGCAGCATTCCGAGTAACTCCTCAACCTGGAGTTCCACCTGAAGAAGCAGGGGCTGCAGTAGCTGCCGAATCTTCTACTGGTACATGGACAACCGTATGG
PX744100.1_L2_donor_210_r0,PX744100.1,Ardisia brevicaulis,Eudicots,PX744100.1,train,L2_donor_210,210,1290,0,2789676244,ATGTCACCACAAACAGAGACTAAAGCAGGTACTGGATTCAAAGCTGGTGTTAAAGATTACAAATTGACTTATTATACTCCTGAGTATGTAACCAAGGATACTGATATTTTGGCAGCATTCCGAGTAACTCCTCAACCCGGAGTTCCGCCCGAAGAAGCAGGGGCCGCAGTAGCTGCCGAATCTTCTACTGGTACATGGACAACCGTGTGG
PX744121.1_L2_donor_210_r0,PX744121.1,Rhododendron declivatum,Eudicots,PX744121.1,train,L2_donor_210,210,1290,0,992370994,ATGTCACCACAAACAGAGACTAAAGCAAGTGTTGGATTCAAAGCTGGTGTTAAAGAGTACAAATTGAATTATTATACTCCTCAGTATGAAACCAAAGATACTGATATCTTGGCAGCATTCCGAGTAACTCCTCAACCGGGAGTTCCACCTGAAGAAGCAGGGGCCGCGGTAGCTGCGGAATCTTCTACTGGTACATGGACAACAGTGTGG
PX744240.1_L2_donor_210_r0,PX744240.1,Pedicularis ikomai,Eudicots,PX744240.1,train,L2_donor_210,210,1290,0,2102308053,ATGAGTTGTAGGGAGGGATTTATGTCACCACAAACAGAAACTAAAGCAAGTGTTGGATTCAAAGCGGGTGTTAAAGAGTACAAATTGACTTATTATACTCCTGAATACGAAACCAAAGATACTGATATCTTGGCAGCATTCCGAGTAACTCCTCAACCCGGAGTTCCGCCTGAAGAAGCAGGGGCTGCAGTAGCTGCCGAATCTTCTACT
PX744248.1_L2_donor_210_r0,PX744248.1,Adenophora wulingshanica,Eudicots,PX744248.1,train,L2_donor_210,210,1290,0,1685303226,ATGTCACCACAAACAGAGACGAAGGCAAATGTTGGATTTAAGGCTGGGGTTAAAGATTATAAATTAACTTATTATACTCCGGACTATGAAACCAAGGATACCGATATTTTGGCAGCCTTTCGAGTCACTCCTCAACCCGGAGTTCCCCCGGAAGAAGCAGGGGCCGCAGTAGCTGCCGAATCGTCTACTGGTACATGGACAACTGTGTGG
PX744249.1_L2_donor_210_r0,PX744249.1,Pentaphragma spicatum,Eudicots,PX744249.1,train,L2_donor_210,210,1290,0,2026967181,ATGTCACCACAAACAGAAACTAAAGCAAGTGTTGGATTCAAAGCTGGTGTTAAAGATTATAAATTGACTTATTATACTCCTGACTATGAAACCAAAGATACTGATATCTTGGCAGCATTCCGAGTAACTCCTCAACCTGGAGTTCCACCTGAAGAAGCAGGGGCCGCAGTAGCTGCCGAATCTTCTACTGGTACATGGACAACTGTGTGG
PX744267.1_L2_donor_210_r0,PX744267.1,Leontopodium smithianum,Eudicots,PX744267.1,train,L2_donor_210,210,1290,0,2446804406,ATGTCACCACAAACAGAGACTAAAGCAAGTGTTGGATTCAAAGCAGGTGTTAAAGATTATAAATTGACTTATTATACTCCTGAGTATGAAACCAAGGATACTGATATCTTGGCAGCATTTCGAGTAACTCCTCAACCTGGAGTTCCGCCTGAAGAAGCAGGGGCCGCAGTAGCTGCCGAATCTTCTACTGGTACATGGACAACTGTGTGG
PX744315.1_L2_donor_210_r0,PX744315.1,Platostoma hispidum,Eudicots,PX744315.1,train,L2_donor_210,210,1290,0,515372900,ATGAGTTGTAGGGAGGGATTTATGTCACCACAAACAGAGACTAAAGCAAGTGTTGGATTCAAAGCGGGTGTTAAAGAGTACAAATTGACTTATTATACTCCTGAATACGAAACCAAAGATACTGATATCTTGGCAGCATTCCGAGTAACTCCTCAACCTGGAGTTCCGCCTGAAGAAGCAGGGGCCGCGGTAGCTGCCGAATCTTCTACT
PX744322.1_L2_donor_210_r0,PX744322.1,Allmania nodiflora,Eudicots,PX744322.1,train,L2_donor_210,210,1290,0,1503746589,ATGTCACCACAAACAGAGACTAAAGCAAGTGTTGGATTTAAAGCTGGTGTTAAAGATTACAAATTGACTTATTATACTCCTGAGTATGAAACCCTAGATACTGATATCTTGGCAGCATTCCGAGTAACTCCTCAACCTGGAGTTCCACCTGAAGAAGCAGGGGCTGCAGTAGCTGCCGAATCTTCTACTGGTACATGGACAACTGTATGG
PX924757.1_L2_donor_210_r0,PX924757.1,Augea capensis,Eudicots,PX924757.1,train,L2_donor_210,210,1290,0,2367894845,ATGTCACCACAAACAGAGACTAAAGCAAGTGTTGGATTCAAGGCTGGTGTTAAAGATTATAAATTGACTTATTATACTCCTGAATATGAAACAAAGGATACTGATATTTTGGCAGCCTTCCGAGTAACTCCTCAACCTGGAGTTCCACCTGAGGAAGCAGGGGCTGCAGTAGCTGCTGAATCTTCTACTGGTACATGGACAACCGTGTGG
PZ584713.1_L2_donor_210_r0,PZ584713.1,Paulinella sp. B8128-1,SAR/other protist,PZ584713.1,train,L2_donor_210,210,1290,0,2768239163,ATGAGCAAGAAGTACGACGCCGGGGTTAAGGAGTACAGAGACACTTACTGGACTCCTGACTATATTCCCCTTGACACTGATCTACTAGCCTGTTTTAAATGTACTGGACAAGCGGGTGTTCCTCGTGAAGAAGTTGCAGCAGCTGTAGCTGCTGAATCTTCTACTGGTACTTGGTCTACTGTATGGTCTGAGTTACTTACAGATCTAGAC
AB050950.1_L2_donor_210_r1,AB050950.1,Filibryum ogatae,Mosses,AB050950.1,train,L2_donor_210,210,1290,1,3850793301,ATGTCACCACAAACGGAGACTAAAGCAGGTGTTGGATTTAAAGCTGGTGTTAAAGATTACAGATTAACTTATTACACTCCAGATTATCAGACTAAAGAAACTGATATTTTAGCAGCATTTCGAATGACTCCTCAACCAGGAGTACCCGCTGAAGAGGCGGGAGCTGCAGTAGCTGCGGAATCTTCCACTGGTACATGGACCACTGTTTGG
AB071411.1_L2_donor_210_r1,AB071411.1,Mastopoma subfiliferum,Mosses,AB071411.1,train,L2_donor_210,210,1290,1,725592067,ATGTCACCACAAACGGAGACTAAAGCAGGTGTTGGATTTAAAGCTGGTGTTAAAGATTACAGATTAACCTATTACACTCCAGATTATCAGACTAAAGAAACTGATATTTTAGCAGCATTTCGAATGACTCCTCAACCAGGAGTACCCGCTGAAGAGGCGGGAGCTGCAGTAGCTGCAGAATCTTCCACCGGTACATGGACCACTGTTTGG
AB159651.1_L2_donor_210_r1,AB159651.1,Thorea gaudichaudii,Red algae,AB159651.1,train,L2_donor_210,210,1290,1,3952059385,ATGTCTCAATCCGTAGAAGAACGGACAAGGATTAAAAACGAACGTTACGAATCTGGAGTAATACCATACGCAAAGATGGGTTACTGGGATCCTGACTACGTAATCAAAGATACCGATGTTCTAGCTTTATTTCGAGTTACTCCTCAACCGGGTGTAGATCCAATTGAAGCTTCTGCAGCTGTTGCAGGTGAATCATCAACAGCAACTTGG
AB159659.1_L2_donor_210_r1,AB159659.1,Nemalionopsis tortuosa,Red algae,AB159659.1,train,L2_donor_210,210,1290,1,1477259982,ATGTCTCAATCCGTAGAAGAACGGACAAGGATCAAAAATGAACGCTATGAATCTGGCGTAATTCCATACGCAAAAATGGGTTACTGGGATCCTGACTACGTAGTTAAAGATACTGATGTTTTAGCTTTATTTCGAGTTACTCCACAACCGGGAGTAGATCCAATAGAAGCATCTGCAGCTGTTGCCGGTGAGTCATCAACAGCAACTTGG
AB540047.1_L2_donor_210_r1,AB540047.1,Gloiopeltis sp. Nomozaki/2003,Red algae,AB540047.1,train,L2_donor_210,210,1290,1,466327689,ATGTCTCAATCTGTAGAAGAACGGACAAGAATCAAAGACGAACGTTACGAATCTGGAGTTATCCCATATGCTAAGATGGGCTATTGGGATCCTGATTATGTTGTTAAAGAGACGGACGTACTAGCTTTATTCCGTGTAAGCCCGCAACCTGGTGTAGATCCTGTAGAAGCTTCTGCGGCAATAGCAGGCGAATCATCGACAGCAACATGG
AB540051.1_L2_donor_210_r1,AB540051.1,Gloiopeltis complanata,Red algae,AB540051.1,test,L2_donor_210,210,1290,1,31792230,ATGTCTCAATCTGTAGAAGAACGGACAAGAATCAAAGACGAACGTTACGAATCTGGAGTTATCCCGTATGCTAAGATGGGCTATTGGGATCCTGATTATGTTGTTAAAGAAACTGATGTGCTAGCTTTATTTCGTGTAAGTCCACAACCTGGTGTAGATCCTGTAGAAGCTTCTGCAGCAATAGCGGGCGAATCATCAACGGCAACATGG
AB540052.1_L2_donor_210_r1,AB540052.1,Gloiopeltis complanata,Red algae,AB540052.1,train,L2_donor_210,210,1290,1,3146539963,ATGTCTCAATCTGTAGAAGAACGGACAAGAATCAAAGACGAACGTTACGAATCTGGAGTTATCCCGTACGCTAAAATGGGCTATTGGGATCCTGATTATGTTGTTAAAGAAACTGATGTACTAGCTTTATTTCGTGTAAGCCCACAGCCTGGTGTAGATCCTGTAGAAGCTTCTGCTGCAATAGCAGGCGAATCATCAACGGCAACATGG
AB853073.1_L2_donor_210_r1,AB853073.1,Hypnodontopsis apiculatus,Mosses,AB853073.1,train,L2_donor_210,210,1290,1,3986262735,ATGTCACCACAAACGGAGACTAAAGCAGGTGTTGGATTTAGAGCTGGTGTTAAAGATTACAGATTAACTTATTACACTCCAGAGTATCAAACTTTAGAAACTGATATTTTAGCAGCATTTCGAATGACTCCTCAACCAGGAGTACCACCTGAAGAAGCAGGAGCTGCAGTAGCTGCGGAATCTTCCACCGGTACATGGACCACTGTTTGG
AB853079.1_L2_donor_210_r1,AB853079.1,Timmiella anomala,Mosses,AB853079.1,train,L2_donor_210,210,1290,1,1368590338,ATGTCACCACAAACGGAGACTAAAGCAGGTGTTGGATTTAAAGCTGGTGTTAAAGATTACAGATTAACTTATTACACTCCAGATTATCAGACTAAAGAAACTGATATTTTAGCAGCATTTCGAATGACTCCTCAACCAGGAGTACCACCTGAAGAAGCAGGAGCTGCTGTAGCTGCTGAATCTTCCACTGGTACATGGACCACTGTTTGG
AB970712.1_L2_donor_210_r1,AB970712.1,Clastobryellina orientalis,Mosses,AB970712.1,train,L2_donor_210,210,1290,1,192374959,ATGTCACCACAAACGGAGACTAAAGCAGGTGTTGGATTTAAAGCTGGTGTTAAAGATTACAGATTAACTTATTACACCCCAGATTATCAGACTAAAGAAACTGATATTTTAGCAGCATTTCGAATGACGCCTCAACCAGGAGTACCCGCTGAAGAGGCAGGAGCTGCAGTAGCTGCGGAATCTTCCACTGGTACATGGACTACTGTTTGG
AY346095.1_L2_donor_210_r1,AY346095.1,Acanthorrhynchium papillatum,Mosses,AY346095.1,train,L2_donor_210,210,1290,1,1804669455,ATGTCACCACAAACGGAGACTAGAGCAAGTGTTGGATTTAAAGCTGGTGTTAAAGATTACAGATTAAATTATTACACTCCAGATTATCAGACTAAAGACACTGATATTTTAGCAGCATTTCGAATGACTCCTCAACCAGGAGTACCCGCTGAAGAGGCAGGAGCTGCAGTAGCTGCGGAATCTTCCACTGGTACATGGACCACTGTTTGG
AY858644.1_L2_donor_210_r1,AY858644.1,Platanus orientalis,Other angiosperms,AY858644.1,test,L2_donor_210,210,1290,1,1383142616,ATGTCACCACAAACAGAAACTAAAGCAAGTGTTGGACTCAAAGCTGGTGTTAAAGATTACAAATTGACTTATTATACTCCTGACTATGAAACCAAAGATACTGATATCTTGGCAGCATTCCGAGTAACTCCTCAACCTGGAGTTCCACCTGAGGAAGCAGGAGCCGCGGTAGCTGCCGAATCTTCTACTGGTACATGGACAACTGTGTGG
AY996366.1_L2_donor_210_r1,AY996366.1,Spermatochnus paradoxus,Brown algae,AY996366.1,train,L2_donor_210,210,1290,1,3604776324,ATGCCTGAAGATGTGCAGAATCGAACTCGAATAAAAAGTGAACGTTATGAATCAGGTGTTATCCCATATGCCAAAATGGGTTACTGGGATGCTGATTATAATGTTAAAGAAACTGATATTCTAGCTCTTTTTCGTATCACTCCACAACCAGGCGTAGATCCCGTTGAGGCTGCTGCTGCTGTTGCCGGTGAATCTTCTACTGCAACATGG
EF547818.1_L2_donor_210_r1,EF547818.1,Aneura sp. Shaw 702,Liverworts,EF547818.1,train,L2_donor_210,210,1290,1,2251694624,ATGTCACCACAAACGGAGACTAAAGCAGGTGTTGGATTCAAAGCCGGTGTTAAAGATTATAGATTGACCTATTATACACCCGAGTACGAGACGAAAGAAACGGATATTTTAGCAGCATTTCGTATGACCCCTCAACCCGGAGTACCACCGGAAGAAGCTGGGGCTGCGGTAGCTGCCGAATCCTCCACCGGTACTTGGACCACAGTTTGG
EF658643.1_L2_donor_210_r1,EF658643.1,Laurencia intricata,Red algae,EF658643.1,train,L2_donor_210,210,1290,1,1603475544,ATGTCTAACTCTGTAGAAGAACGGGCACGGATTAAAAACGAACGTTATGAATCTGGTGTAATTCCATACGCAAAAATGGGATATTTCCACCCTAACTATGTAGTTAAAGATACAGATATATTAGCTCTATTTAGAGTTAGTCCACAACCAGGAGTAGATCCAGTAGAGGCTTCAGCAGCAGTTGCAGGTGAATCATCTACTGCAACATGG
EU713367.1_L2_donor_210_r1,EU713367.1,Legousia pentagonia,Eudicots,EU713367.1,train,L2_donor_210,210,1290,1,331878748,ATGTCACCACAAACAGAGACTAAAGCAAATGTTGGATTTAAAGCTGGTGTTAAAGATTATAAATTAACTTATTATACTCCAGACTATGAAACCAAAAATACCGATATTTTGGCAGCCTTTCGAGTAACTCCTCAACCCGGAGTTCCCCCGGAAGAAGCAGGGGCCGCAGTAGCTGCCGAATCGTCTACTGGGACATGGACAACTGTGTGG
FJ438476.1_L2_donor_210_r1,FJ438476.1,Haematococcus lacustris,Green algae,FJ438476.1,val,L2_donor_210,210,1290,1,3946834444,ATGGTTCCACAAACAGAAACAAGAGCAGGTGCTGGGTTTAAAGCTGGTGTAAAAGATTATCGTTTAACGTATTATACACCAGATTACGTTGTTAGAGATACTGATATTTTAGCAGCGTTCCGTATGACACCACAACCAGGTGTACCACCAGAAGAATGTGGTGCAGCAGTAGCAGCTGAATCATCAACAGGTACTTGGACAACAGTATGG
KT693213.1_L2_donor_210_r1,KT693213.1,Hormotilopsis gelatinosa,Green algae,KT693213.1,train,L2_donor_210,210,1290,1,2396850179,ATGGCTCCACAAACAGAAACAAAAGCCGGGGCGGGATTTAAAGCAGGGGTTAAAGACTATAGATTAACTTACTATACACCTGACTACATCGTTAAGGACACTGACATCCTTGCTGCTTTCCGTATGACTCCGCAACCAGGTGTTCCACCTGAAGAATGTGGTGCAGCTGTTGCTGCTGAGTCTTCAACTGGTACATGGACTACTGTATGG
KU645801.1_L2_donor_210_r1,KU645801.1,Passiflora quadrangularis,Eudicots,KU645801.1,train,L2_donor_210,210,1290,1,437067163,ATGTCACCACAAACAGAGACTAAAGCAAGTGTTGGATTCAAGGCTGGTGTTAAAGATTATAAATTGACTTATTATACTCCTGAATATAACCCCAAAGATACTGATATCTTGGCAGCATTCCGAGTAACTCCTCAACCTGGAGTTCCCGCTGAGGAAGCGGGAGCTGCAGTAGCTGCTGAATCTTCTACTGGTACATGGACAACCGTGTGG
KU645803.1_L2_donor_210_r1,KU645803.1,Cananga odorata,Other angiosperms,KU645803.1,train,L2_donor_210,210,1290,1,1598053980,ATGTCACCAAAAACAGAGACTAAAGCAAGTGTTGGATTCAAAGCTGGTGTTAAAGAGTACAAATTGACTTATTATACTCCTGAATATGAAACCAAGGATACTGATATCTTGGCAGCATTCCGAGTAACCCCTCAACCCGGAGTTCCGCCTGAGGAAGCAGGGGCTGCGGTAGCTGCCGAATCTTCTACTGGTACATGGACAACTGTGTGG
KU645804.1_L2_donor_210_r1,KU645804.1,Asimina incana,Other angiosperms,KU645804.1,val,L2_donor_210,210,1290,1,234924247,ATGTCACCAAAAACAGAGACTAAAGCAAGTGTTGGGTTCAAAGCGGGTGTTAAAGAGTACAAATTGACTTATTATACTCCTGAATATGAAACCAAAGATACTGATATCTTGGCAGCATTCCGAGTAACCCCTCAACCCGGAGTTCCGCCCGAGGAAGCAGGGGCTGCGGTAGCTGCCGAATCCTCTACTGGTACATGGACAACTGTGTGG
LC060504.1_L2_donor_210_r1,LC060504.1,Acinetospora filamentosa,Brown algae,LC060504.1,train,L2_donor_210,210,1290,1,192226894,ATGCCTGAAGATGTGCAGAATCGAACTCGAATAAAAAGTGAACGTTATGAATCAGGTGTTATTCCATATGCAAAAATGGGATATTGGGATGCTGATTATAACGTTAAAGAAACTGATATTCTAGCTCTTTTTCGTATCACACCACAACCAGGCGTAGATCCCGTTGAAGCTGCTGCTGCTGTTGCCGGTGAATCTTCTACTGCAACATGG
LC060517.1_L2_donor_210_r1,LC060517.1,Acinetospora asiatica,Brown algae,LC060517.1,train,L2_donor_210,210,1290,1,2507119936,ATGCCTGAAGATGTGCAGAATCGAACTCGAATAAAAAGTGAACGTTATGAATCAGGTGTTATTCCATATGCAAAAATGGGATATTGGGATGCTGATTATAACGTTAAAGAAACTGATATTCTAGCTCTTTTTCGTATCACACCACAACCAGGCGTAGATCCCGTTGAAGCTGCTGCTGCTGTTGCCGGTGAATCTTCTACTGCGACATGG
LC145073.1_L2_donor_210_r1,LC145073.1,Haplomitrium hookeri,Liverworts,LC145073.1,val,L2_donor_210,210,1290,1,3182602165,ATGTCACCACAGACAGAAACTAGAGCAGGTGTTGGATTCAAAGCCGGTGTGAAAGATTACAGATTGACTTATTATACTCCCAATTACGAGACCAAAGACACCGACATCTTGGCAGCATTCCGAATGACTCCTCAACCTGGAGTGCCACCCGAAGAAGCTGGAGCGGCAGTAGCTGCCGAATCTTCCACAGGTACATGGACCACCGTTTGG
LC176260.1_L2_donor_210_r1,LC176260.1,Weisiopsis anomala,Mosses,LC176260.1,val,L2_donor_210,210,1290,1,1447194101,ATGTCACCACAAACGGAGACTAAAGCAGGTGTTGGATTTAAAGCTGGTGTTAAAGATTACAGATTAACTTATTACACTCCAGACTATCAGACTAAAGAAACTGATATTTTAGCAGCATTTCGAATGACTCCTCAACCAGGAGTACCAGCTGAAGAAGCAGGAGCTGCAGTAGCTGCGGAATCATCTACTGGTACATGGACTACTGTTTGG
LC200423.1_L2_donor_210_r1,LC200423.1,Selenastrum capricornutum,Green algae,LC200423.1,val,L2_donor_210,210,1290,1,667379435,ATGGTTCCTCAAACAGAAACTAAAGCAGGCGCTGGATTTAAAGCTGGTGTAAAAGACTACCGTTTAACATACTACACTCCTGATTACGTTGTTAAAGAAACTGACGTATTAGCTGCATTCCGTATGACTCCACAACCAGGTGTTCCACCTGAAGAGTGTGGTGCTGCCGTAGCTGCAGAATCATCAACAGGTACTTGGACAACAGTATGG
LC270392.1_L2_donor_210_r1,LC270392.1,Pohlia annotina,Mosses,LC270392.1,test,L2_donor_210,210,1290,1,2226924031,ATGTCACCACAAACGGAGACTAAAGCAGGTGTTGGATTTAAAGCTGGTGTTAAAGATTACAGATTAACTTATTACACTCCAGATTATCAGACTAAAGAAACTGATATTTTAGCAGCATTTCGAATGACTCCTCAACCAGGAGTACCAGCTGAAGAGGCAGGAGCGGCAGTAGCTGCGGAATCTTCCACTGGTACATGGACTACTGTTTGG
LC272005.1_L2_donor_210_r1,LC272005.1,Fissidens subangustus,Mosses,LC272005.1,train,L2_donor_210,210,1290,1,1330356110,ATGTCACCACAAACGGAGACTAAAGCAGGTGTTGGATTTAAAGCTGGTGTTAAAGATTACAGATTAACTTATTACACTCCAGATTATCAGACTAAAGAAACTGATATTTTAGCAGCATTTCGAATGACTCCTCAACCAGGGGTCCCATCTGAAGAAGCAGGAGCTGCAGTAGCTGCGGAATCTTCTACTGGTACATGGACCACTGTTTGG
LC376047.1_L2_donor_210_r1,LC376047.1,Hattoria yakushimensis,Liverworts,LC376047.1,train,L2_donor_210,210,1290,1,4284748928,ATGTCACCACAAACGGAGACTAAAGCAGGTGTTGGATTCAAAGCTGGTGTTAAAGATTATAGATTAACTTACTATACGCCTGATTATGAGACGAAAGAAACAGATATTTTGGCAGCATTTCGTATGACTCCTCAGCCTGGAGTACCACCTGAAGAAGCAGGAGCAGCAGTAGCTGCCGAATCTTCAACTGGGACATGGACTACTGTTTGG
LC493039.1_L2_donor_210_r1,LC493039.1,Colpomenia borea,Brown algae,LC493039.1,train,L2_donor_210,210,1290,1,3978664044,ATGCCTGAAGATGTGCAGAATCGAACTCGAATAAAAAGTGAACGTTACGAATCAGGTGTTATTCCATATGCCAAAATGGGATATTGGGATGCTGATTATAACGTTAAAGAAACTGATATTCTAGCTCTTTTTCGTATCACTCCACAACCAGGTGTAGATCCCGTTGAAGCTGCCGCTGCTGTTGCCGGCGAATCTTCTACTGCAACATGG
LC723702.1_L2_donor_210_r1,LC723702.1,Schistochila sciurea,Liverworts,LC723702.1,train,L2_donor_210,210,1290,1,2965320974,ATGTCACCACAAACGGAGACTAAAGCAGGTGTTGGATTCAAAGCTGGTGTTAAAGATTATAGATTAACTTATTATACTCCGGATTATGAAACGAAAGATACGGATATTTTGGCAGCGTTTCGTATGACCCCTCAACCTGGAGTTCCAGCCGAAGAAGCAGGTGCAGCGGTTGCTGCCGAATCTTCCACAGGTACTTGGACTACAGTTTGG
LC735540.1_L2_donor_210_r1,LC735540.1,Centella asiatica,Eudicots,LC735540.1,train,L2_donor_210,210,1290,1,4020329911,ATGTCACCACAAACAGAGACTAAAGCAGGTGTTGGATTCAAAGCTGGGGTTAAAGATTACAAATTGACTTATTATACTCCTGACTATGAAACCAAAGATACTGATATCTTGGCAGCATTCCGAGTAACTCCTCAACCTGGAGTTCCACCTGAAGAAGCAGGGGCCGCGGTAGCTGCCGAATCTTCTACTGGTACATGGACAACTGTGTGG
LC791202.1_L2_donor_210_r1,LC791202.1,Pleurozia subinflata,Liverworts,LC791202.1,val,L2_donor_210,210,1290,1,3686017171,ATGTCACCACAAACGGAGACTAAAACAGGTGTTGGATTCAAAGCTGGTGTTAAAGATTATCGCTTAACTTATTATACTCCTGATTATCAGACGAAGGAGACAGATATTTTAGCAGCATTTCGTATGACTCCGCAACCTGGAGTACCGGCACAAGAAGCAGGAGCTGCAGTAGCCGCTGAGTCTTCTACTGGTACTTGGACTACAGTTTGG
LC858738.1_L2_donor_210_r1,LC858738.1,Cyathodium tuberosum,Liverworts,LC858738.1,train,L2_donor_210,210,1290,1,39455380,ATGTCACCACAAACGGAGACTAAAGCAGGTGCTGGATTCAAAGCTGGTGTTAAAGATTATCGATTAAATTATTACACTCCTGATTATGAGACCAAAGATACAGATATTTTGGCAGCATCTAGAATGACTCCTCAACCTGGTGTACCACCGGAAGAAGCAGGAGCAGCTGTTGCTGCTGAATCTTCTACTGGTACATGGACTACAGTCTGG
LC858740.1_L2_donor_210_r1,LC858740.1,Cyathodium cavernarum,Liverworts,LC858740.1,train,L2_donor_210,210,1290,1,153927535,ATGTCACCACAAACGGAGACTAAAGCAGGTGCTGGATTCAAAGCTGGTGTTAAAGATTATCGATTAACTTATTACACTCCTGATTATGAGACCAAAGATACAGATATTTTGGCAGCATTCAGAATGACTCCTCAACCTGGCGTACCAGCGGAAGAAGCGGGAGCAGCTGTTGCTGCTGAATCTTCCACCGGTACATGGACTACAGTCTGG
LC859596.1_L2_donor_210_r1,LC859596.1,Trichocolea japonica,Liverworts,LC859596.1,train,L2_donor_210,210,1290,1,898514801,ATGTCACCACAAACGGAGACTAAAACAGGTGTTGGATTCAAAGCTGGTGTGAAAGATTATAGATTAACTTATTACACACCTGATTATGAGACGAAAGAGACAGATATTTTGGCAGCATTTCGTATGACTCCTCAACCAGGAGTACCACCTGAAGAAGCAGGAGCAGCAGTAGCTGCTGAATCTTCGACTGGTACGTGGACCACGGTTTGG
LC884819.1_L2_donor_210_r1,LC884819.1,Cyanidium caldarium,Red algae,LC884819.1,train,L2_donor_210,210,1290,1,2470385993,ATGGCTCAGTCTGTGCAAGAACGAACACGTCTGAAAAATAAAAGGTATGAATCTGGCGTAATACCATATGCGAAAATGGGATATTGGGATCCGAACTATGTTGTAAAAGACACTGATATCTTAGCACTATTTAGAGTTACTCCTCAACCTGGGGTTGACCCTATTGAAGCTTCTGCCGCGGTAGCAGGAGAATCTTCAACAGCTACATGG
LC899187.1_L2_donor_210_r1,LC899187.1,Pyropia akasakae,Red algae,LC899187.1,train,L2_donor_210,210,1290,1,2246338403,ATGTCTCAATCCGTAGAATCACGGACTAGGATTAAAAGCGAACGTTACGAATCTGGAGTAATCCCTTACGCTAAAATGGGCTACTGGGATGCTGACTATGTAATTAAAGAAACAGATATTTTAGCTCTTTTCAGAATCACTCCTCAACCAGGTGTTGACCCGATTGAAGCATCTGCTGCAATTGCAGGTGAATCTTCAACAGCTACTTGG
LC924737.1_L2_donor_210_r1,LC924737.1,Conocephalum orientale,Liverworts,LC924737.1,train,L2_donor_210,210,1290,1,1044747275,ATGTCACCACAAACGGAGACTAAAGCAGGTACTGGATTCAAAGCTGGTGTTAAAGATTATCGATTAACTTATTATACTCCGGATTATGAAACTAAAGATACGGATATTTTAGCAGCATTTAGAATGACTCCTCAGCCTGGGGTACCAGCAGAAGAAGCAGGAGCAGCAGTTGCTGCTGAATCTTCTACTGGTACATGGACTACAGTTTGG
LC924765.1_L2_donor_210_r1,LC924765.1,Porella ulophylla,Liverworts,LC924765.1,train,L2_donor_210,210,1290,1,485905991,ATGTCACCACAAACGGAAACTAAAACAGGTGCTGGATTTAAAGCTGGTGTTAAAGATTATAGATCAACTTATTATACTCCCGACTATGATACAAAGGAGACAGATATTTTAGCAGCATTTCGTATGACTCCTCAACCTGGAGTACCAGAACAAGAAGCAGGAGCAGCAGTAGCTGCTGAATCTTCCACCGGTACATGGACTACGGTTTGG
LC924778.1_L2_donor_210_r1,LC924778.1,Acrolejeunea pusilla,Liverworts,LC924778.1,train,L2_donor_210,210,1290,1,994293051,ATGTCACCACAAACGGAGACTAAAGCAGGTGTTGGATTTAAAGCGGGCGTTAAGGATTATAGATTAACTTATTATACTCCTGAGTACCAGGTAAAGGCGACAGATATTTTGGCAGCATTTCGTATGACTCCTCAAGCCGGAGTACCAGCAGAAGAGGCAGGAGCAGCTGTAGCTGCTGAATCTTCAACTGGTACATGGACTACGGTTTGG
LC924831.1_L2_donor_210_r1,LC924831.1,Ceratodon purpureus,Mosses,LC924831.1,train,L2_donor_210,210,1290,1,3058877765,ATGTCACCACAAACGGAGACTAAAGCAGGTGTTGGATTTAAAGCTGGTGTTAAAGATTACAGATTAAATTATTACACTCCAGATTATCAGACTAAAGATACTGATATTTTAGCAGCATTTCGAATGACTCCTCAACCAGGAGTACCACCTGAAGAAGCAGGAGCTGCAGTAGCTGCGGAATCTTCCACTGGTACATGGACCACTGTTTGG
LC924878.1_L2_donor_210_r1,LC924878.1,Orthotrichum consobrinum,Mosses,LC924878.1,val,L2_donor_210,210,1290,1,2297376334,ATGTCACCACAAACGGAGACTAAAGCAGGTGTTGGATTTAAAGCTGGTGTTAAAGATTACAGATTAACTTATTACACTCCAGATTATCAAACTAAAGAAACTGATATTTTAGCAGCATTTCGAATGACTCCTCAACCAGGAGTGCCAGCTGAAGAAGCAGGAGCTGCAGTAGCTGCAGAATCTTCTACTGGTACATGGACTACTGTTTGG
LC924944.1_L2_donor_210_r1,LC924944.1,Pylaisiadelpha yokohamae,Mosses,LC924944.1,train,L2_donor_210,210,1290,1,382430438,ATGTCACCACAAACGGAGACCAAAGCAGGTGTTGGATTTAAAGCTGGTGTTAAAGATTACAGATTAACTTATTACACCCCAGATTATCAAACTAAAGACACTGATATTTTGGCAGCATTTCGGATGACGCCTCAACCAGGAGTACCCGCTGAAGAGGCAGGAGCTGCAGTAGCTGCGGAATCCTCCACCGGTACATGGACCACTGTTTGG
LC924950.1_L2_donor_210_r1,LC924950.1,Calohypnum plumiforme,Mosses,LC924950.1,val,L2_donor_210,210,1290,1,1276424278,ATGTCACCACAAACGGAGACTAAAGCAGGTGTTGGATTTAAAGCTGGTGTTAAAGATTACAGATTAACTTATTACACTCCAGATTATCAGACTACAGCAACTGATATTTTAGCAGCATTTCGAATGACTCCTCAACCAGGAGTACCCGCTGAAGAGGCGGGAGCTGCAGTAGCTGCGGAATCCTCCACTGGTACATGGACCACTGTTTGG
LC924964.1_L2_donor_210_r1,LC924964.1,Myuroclada maximowiczii,Mosses,LC924964.1,train,L2_donor_210,210,1290,1,1756833959,ATGTCACCACAAACGGAGACTAAAGCAGGTGTTGGATTTAAAGCTGGTGTTAAAGATTACAGATTAACTTATTACACTCCAGATTATCAGACTAAAGAAACTGATATTTTAGCAGCATTTCGAATGACTCCTCAACCAGGAGTACCCGCTGAAGAGGCAGGAGCTGCAGTAGCTGCGGAATCTTCCACTGGTACATGGACCACCGTTTGG
MG251837.1_L2_donor_210_r1,MG251837.1,Hydroclathrus rapanuii,Brown algae,MG251837.1,train,L2_donor_210,210,1290,1,3339840214,ATGCTTGAAGATGTGCAGAATCGAACTCGAATAAAAAGTGAACGTTACGAATCAGGTGTAATTCCATATGCCAAAATGGGGTATTGGGATGCTGATTATAACGTTAAAGATACTGATATTCTAGCTCTTTTTCGTATCACTCCACAGCCAGGTGTAGATCCCGTTGAAGCTGCCGCTGCTGTTGCCGGCGAATCTTCTACTGCAACATGG
MH172437.1_L2_donor_210_r1,MH172437.1,Pectinopitys harmsiana,Conifers,MH172437.1,train,L2_donor_210,210,1290,1,334933333,ATGTCACCAAAAACAGAGACTAAAGTAAGTGCTGGGTTCAAAGCTGGTGTTAAAGATTACAGATTAACTTATTATACTCCGGACTATCAGACCCAAGAGACTGATATCTTGGCAGCATTCCGAGTCACTCCTCAACCCGGAGTGCCCCCCGAGGAAGCAGGAGCGGCAGTAGCTGCCGAATCTTCCACTGGTACATGGACTACTGTTTGG
MH270460.1_L2_donor_210_r1,MH270460.1,Macleaya microcarpa,Other angiosperms,MH270460.1,train,L2_donor_210,210,1290,1,985479964,ATGTCACCACAAACAGAGACTAAAGCAAGTGTTGGATTCAAAGCTGGTGTTAAAGATTACAAATTGACTTATTATACTCCTGACTATGAAACCAAAGATACTGATATCTTGGCAGCATTCCGAGTAACTCCTCAACCTGGAGTTCCGCCTGAGGAAGCAGGGGCCGCGGTAGCTGCCGAATCTTCTACTGGTACATGGACAACTGTGTGG
MH390671.1_L2_donor_210_r1,MH390671.1,Quinchamalium chilense,Eudicots,MH390671.1,train,L2_donor_210,210,1290,1,1501070651,ATGTCACCACAAACAGAGACTAAAGCGAGTGTTGGATTCAAAGCTGGTGTTAAAGAGTACAAATTGACTTATTATACTCCTGATTATGAAACCAAAGATACTGATATCTTGGCAGCATTCCGAGTAACTCCGCAACCTGGAGTTCCACCCGAAGAAGCGGGGGCTGCCGTAGCTGCTGAATCTTCTACTGGTACATGGACAACTGTATGG
MH390672.1_L2_donor_210_r1,MH390672.1,Schoepfia schreberi,Eudicots,MH390672.1,train,L2_donor_210,210,1290,1,2228011490,ATGTCACCACAAACAGAGACTAAAGCAAGTGTTGGATTCAAAGCTGGTGTTAAAGAGTACAAATTGACTTATTATACTCCTGATTATGAAACCAAAGATACTGATATCTTGGCAGCATTCCGAGTAACTCCTCAACCCGGAGTTCCACCCGAGGAAGCGGGGGCCGCGGTAGCTGCCGAATCCTCTACTGGTACATGGACAACTGTGTGG
MH545292.1_L2_donor_210_r1,MH545292.1,Batophora occidentalis,Green algae,MH545292.1,train,L2_donor_210,210,1290,1,741659527,ATGGCTCCACAAACTGAGACTAAAGCAAGTGCTGGATTTAAAGCGGGTGTAAAAGATTATCGTTTAACATATTACACTCCTGATTATCAAGTACAAGACACTGATATTTTAGCTGCGTTTCGAATGACTCCACAACCTGGAGTACCAGCAGAAGAATGTGCTGCTGCAGTTGCCGCTGAATCTTCAACAGGTACTTGGACAACAGTATGG
MH545335.1_L2_donor_210_r1,MH545335.1,Halicoryne sp. HV04044,Green algae,MH545335.1,train,L2_donor_210,210,1290,1,130415420,ATGGGAACAACTGAAACGAAAGCAGGTGCTGGATTTAAAGCGGGTGTAAAAGATTATCGTCTAACGTACTATACACCTGATTATCAAGTACAAGATACAGATATTTTAGCAGCATTTCGAATGACGCCTCAGCCAGGAGTTCCAGCGGAAGAATGTGCCGCTGCTGTAGCTGCTGAATCTTCAACAGGTACTTGGACTACTGTTTGGACA
MH616272.1_L2_donor_210_r1,MH616272.1,Borya sphaerocephala,Monocots,MH616272.1,train,L2_donor_210,210,1290,1,1383469626,ATGTCACCACAAACAGAGACTAAAGCAAATGTTGGATTTAAAGCTGGTGTTAAAGATTACAAATTGACTTATTATACTCCTGACTACGACACCAAAGATACTGATATTTTGGCAGCATTTCGAGTAACTCCTCAACCAGGAGTTCCGCCTGAAGAAGCAGGGGCCGCGGTAGCTGCCGAATCTTCTACTGGTACATGGACAACTGTGTGG
MH661965.1_L2_donor_210_r1,MH661965.1,Epiblema grandiflorum,Monocots,MH661965.1,train,L2_donor_210,210,1290,1,1057968167,ATGAGTTGTAGGGAGGGACTTATGTCACCACAAACAGAGACTAAAGCAAGCGTTGGATTTAAAGCTGGTGTTAAAGATTACAAATTGACTTATTATACTCCTGACTACGAAACAAAAGATACTGATATCTTGGCAGCATTCCGAGTAACTCCTCAACCGGGAGTTCCGCCTGAAGAAGCGGGAGCTGCGGTAGCAGCCGAATCTTCTACT
MK295219.1_L2_donor_210_r1,MK295219.1,Chlorella sp. 64.01,Green algae,MK295219.1,train,L2_donor_210,210,1290,1,50567962,ATGGCTCCACAAACTGAAACTAGAGCAGGTGCTGGATTTAAAGCAGGTGTTAAAGATTATCGTTTAACATACTATACTCCTGACTATCAACCAAAAGAAACTGATATTCTTGCAGCATTCCGTATGACACCACAACCAGGTGTACCACCGGAAGAAGCTGGTGCAGCGGTAGCAGCAGAATCTTCAACAGGTACTTGGACGACTGTATGG
MK295220.1_L2_donor_210_r1,MK295220.1,Pseudochlorella pringsheimii,Green algae,MK295220.1,train,L2_donor_210,210,1290,1,2929750152,ATGTCTCCACAAACTGAAACTAAAGCAAGGGTGGGTTTCAAAGCAGGTGTTAAAGACTACCGTTTAACTTACTATACTCCTGATTACCAACCAAAAGATACTGATATTCTTGCAGCGTTCCGTATGACTCCTCAACCAGGTGTTCCACCAGAAGAAGCTGGTGCAGCGGTAGCAGCAGAATCATCAACTGGTACTTGGACGACTGTATGG
MK806439.1_L2_donor_210_r1,MK806439.1,Lepisorus jakonensis,Ferns,MK806439.1,train,L2_donor_210,210,1290,1,2219822811,ATGTCACCACAAACGGAGACTAAAGCGGGTGTTGGATTCAAAGCTGGTGTCAAAGATTATCGATTGACTTATTACACCCCCGAATACAAAACCAAAGATACCGATATCTTAGCAGCATTTCGAATGACCCCACAACCTGGAGTACCGGCTGAGGAAGCTGGAGCTGCGGTAGCTGCAGAATCCTCCACAGGTACGTGGACCACTGTATGG
MN030175.1_L2_donor_210_r1,MN030175.1,Botrypus virginianus,Ferns,MN030175.1,train,L2_donor_210,210,1290,1,4080977670,ATGTCACCACAAACGGAGACTAAAGCAGGTGTTGGATTCAAAGCTGGTGTTAAAGATTATCGATTGACCTATTACACTCCCGATTACAAAACCAAGGATACTGATATCCTAGCAGCTTTTCGAATGACTCCCCAACCTGGAGTGCCAGCTGAGGAAGCGGGAGCCGCGGTAGCTGCTGAATCTTCCACCGGTACGTGGACCACCGTATGG
MN601490.1_L2_donor_210_r1,MN601490.1,Clematis sp. DPP-2019a,Other angiosperms,MN601490.1,train,L2_donor_210,210,1290,1,1495238140,ATGTCACCACAAACAGAGACTAAAGCGAGTGTTGGCTTCAAAGCAGGTGTTAAAGAGTACAAATTGAATTATTATACTCCTGAATATGAACCCAAAGAAACTGATACCTTGGCGGCATTCCGAGTAAGTCCTCAACCTGGAGTTCCACCTGAAGAAGCAGGGGCTGCTGTAGCTGCCGAATCTTCTACGGGTACATGGACAACTGTGTGG
MN793055.1_L2_donor_210_r1,MN793055.1,Chara vulgaris,Other green,MN793055.1,train,L2_donor_210,210,1290,1,861331465,ATGTCACCACAGACAGAAACTAAAACAAGTGCTGGATTTAAAGCAGGGGTAAAAGATTACAGATTAACTTACTATACTCCTGAGTATAAAACTAAAGATACTGACATTTTAGCTGCATTTCGTGTAACTCCACAACCTGGCGTTCCACCTGAAGAAGCAGGTGCTGCAGTAGCTGCAGAATCTTCCACTGGTACATGGACTACTGTTTGG
MT439865.1_L2_donor_210_r1,MT439865.1,Glomerochrysis psammophila,SAR/other protist,MT439865.1,val,L2_donor_210,210,1290,1,3490903702,ATGTCTCAATCTGTATCAGAACGTACACGTATTAAGAGCGAACGTTATGAATCTGGTGTAATCCCTTACGCTAAAATGGGTTACTGGGATTCTAGTTACACAATCAAGAGTACGGATGTTCTTGCATTATTCCGTATTACACCTCAACCGGGCGTAGATCCAGTTGAAGCTGCTGCTGCCGTAGCGGGTGAATCTTCAACAGCTACATGG
MW267923.1_L2_donor_210_r1,MW267923.1,Zygnema circumcarinatum,Other green,MW267923.1,train,L2_donor_210,210,1290,1,1593297920,ATGTCACCACAAACAGAAACCAAAGCAGGTGCTGGATTTAAAGCAGGGGTAAAAGATTACCGACTTACCTATTACACTCCTGACTATGAAACTAAGGAAACCGATATCCTTGCTGCATTCCGTATGACTCCTCAACCTGGAGTTCCACCGGAAGAAGCAGGTGCTGCTGTAGCAGCAGAGTCCTCTACTGGTACATGGACTACTGTTTGG
MW524049.1_L2_donor_210_r1,MW524049.1,Dryopteris fragrans,Ferns,MW524049.1,train,L2_donor_210,210,1290,1,3013386380,ATGTCACCACAAACGGAGACTAAAGCAGGTGTTGGATTCAAAGCTGGTGTCAAAGATTATCGATTGACCTATTACACCCCCGAATACAAGACCAAAGATACCGATATCTTAGCAGCCTTTAGAATGACCCCACAACCCGGAGTACCGGCTGAGGAAGCCGGAGCTGCGGTAGCTGCGGAATCCTCCACGGGTACGTGGACCACTGTATGG
MZ133428.1_L2_donor_210_r1,MZ133428.1,Corbierea radiosa,Green algae,MZ133428.1,train,L2_donor_210,210,1290,1,2969631731,ATGGTTCCACAAACAGAAACAAGAGCTGGTGCTGGGTTTAAAGCTGGTGTTAAAGATTATCGATTAACGTATTATACACCAGATTACGTAGTGAAAGACACTGATATTTTAGCTGCTTTCCGTATGACTCCACAACCAGGTGTTCCACCAGAAGAATGTGGTGCAGCTGTTGCAGCTGAATCATCAACAGGTACTTGGACAACTGTATGG
MZ714562.1_L2_donor_210_r1,MZ714562.1,Scutellaria indica var. tsusimensis,Eudicots,MZ714562.1,train,L2_donor_210,210,1290,1,4273813337,ATGTCACCACAAACTGAAACCAGAACAGGTACTGGCTTTAAAGCAGGCGTTAAGGACTATCGCCTAACTTACTACACTCCTGATTATGAGACCAAAGAGACTGATATCCTAGCTGCATTTCGGATGACTCCTCAACCTGGAGTTCCTCCTGAAGAAGCAGGTGCTGCGGTTGCAGCTGAATCTTCAACCGGTACCTGGACCACTGTATGG
OK588964.1_L2_donor_210_r1,OK588964.1,Hydrocleys nymphoides,Monocots,OK588964.1,train,L2_donor_210,210,1290,1,2423771841,ATGTCACCACAAACGGAGACTAAAACAGGTGTTGGATTCAAAGCTGGTGTTAAAGATTACAAATTGACTTATTATACTCCTGAATATCAAACAAAAGATACTGATATCTTGGCAGCATTCCGAGTAACCCCGCAACCCGGAGTTCCACCTGAGGAAGCAGGGGCCGCAGTAGCTGCCGAATCTTCTACTGGTACATGGACAACCGTGTGG
OK588972.1_L2_donor_210_r1,OK588972.1,Baldellia ranunculoides,Monocots,OK588972.1,train,L2_donor_210,210,1290,1,2309811173,ATGTCACCACAAACAGAGACTAAAACAGGTGTTGGATTCAAAGCCGGTGTTAAAGATTACAAATTGACTTATTATACTCCTGAATATCAAACCAAAGATACTGATATCTTGGCAGCATTCCGAGTAACTCCGCAACCGGGAGTTCCACCTGAGGAAGCAGGTGCCGCGGTAGCTGCCGAATCTTCTACTGGTACATGGACAACTGTGTGG
OK588984.1_L2_donor_210_r1,OK588984.1,Echinodorus paniculatus,Monocots,OK588984.1,train,L2_donor_210,210,1290,1,2493618569,ATGTCACCACAAACAGAGACTAAAACAGGTGTTGGATTCAAAGCAGGTGTTAAAGATTACAAATTGACCTATTATACTCCTGAATATCAAACCAAAGATACTGATATCTTGGCAGCATTCCGAGTAACCCCGCAACCCGGAGTTCCACCTGAAGAAGCAGGGGCCGCAGTAGCTGCCGAATCTTCTACTGGTACATGGACAACTGTGTGG
OK588986.1_L2_donor_210_r1,OK588986.1,Helanthium bolivianum,Monocots,OK588986.1,train,L2_donor_210,210,1290,1,4041262460,ATGTCACCGCAAACAGAGACTAAAACAGGTGTCGGATTCAAAGCTGGTGTTAAAGATTACAAATTGACTTATTATACTCCTGAATATCAAACCAAAGATACTGATATCTTGGCAGCATTCCGAGTAACCCCGCAACCTGGAGTTCCACCTGAGGAAGCAGGGGCCGCCGTAGCGGCCGAATCTTCTACTGGTACATGGACAACCGTGTGG
OK588987.1_L2_donor_210_r1,OK588987.1,Limnocharis flava,Monocots,OK588987.1,train,L2_donor_210,210,1290,1,3862114363,ATGTCACCACAAACAGAGACTAAAACAGGTGTTGGATTCCAAGCAGGTGTAAAAGATTACAAATTAACTTATTATACTCCTGAATATCAAACAAAAGATACTGATATCTTGGCAGCATTCCGAGTAACCCCGCAACCCGGGGTTCCACCTGAGGAAGCTGGGGCCGCAGTAGCCGCCGAATCCTCGACCGGTACATGGACAACTGTGTGG
OL504528.1_L2_donor_210_r1,OL504528.1,Smilax weniae,Monocots,OL504528.1,train,L2_donor_210,210,1290,1,562399980,ATGTCACCACAAACAGAGACTAAAGCAAGTGTTGGATTCAAAGCTGGTGTTAAAGATTACAAATTGACTTATTATACTCCTGACTATGAAACCAAAGATACTGATATCTTGGCAGCATTCCGAGTAACTCCTCAACCCGGAGTTCCGCCTGAAGAGGCAGGGGCAGCGGTAGCCGCAGAATCTTCTACTGGTACATGGACAACTGTGTGG
ON568338.1_L2_donor_210_r1,ON568338.1,Scytosiphon sp. Atlantic complex sp. 1,Brown algae,ON568338.1,test,L2_donor_210,210,1290,1,1409172339,ATGCCTGAAGATGTGCAGAATCGAACTCGAATAAAAAGTGAACGTTACGAATCAGGTGTTATTCCATATGCCAAAATGGGATATTGGGATGCCGATTATAACGTTAAAGAAACTGATATTCTAGCTCTTTTTCGTATCACTCCACAACCAGGTGTAGATCCCGTTGAAGCTGCCGCTGCTGTTGCCGGCGAATCTTCTACTGCAACATGG
ON684489.1_L2_donor_210_r1,ON684489.1,Juniperus navicularis,Conifers,ON684489.1,train,L2_donor_210,210,1290,1,4188716496,ATGTCACCAAAAACAGAGACTAAAGCAAGTGTCGGATTCAAAGCGGGTGTTAAAGATTACAGATTAACTTATTATACTCCGGAATATCAGACCAAAGATACTGATATCTTGGCAGCATTCCGAGTCACTCCTCAACCTGGAGTGCCCCCCGAAGAAGCGGGAGCAGCGGTAGCTGCCGAATCTTCCACTGGTACGTGGACCACTGTTTGG
ON920851.1_L2_donor_210_r1,ON920851.1,Pseudostaurastrum enorme,SAR/other protist,ON920851.1,train,L2_donor_210,210,1290,1,2176241684,ATGTTTCAATCTGTAGAAGAAAGAACACGAATTAAAAATGAACGTTATGAATCAGGTGTAATCCCTTACGCTGAAATGGGATATTGGGATGCTAATTATACAGTTAAAGATACTGATGTATTAGCTTTATTCCGTATTACTCCACAACCTGGTGTTGATCCTATTGAAGCGGCAGCAGCGGTAGCTGGTGAATCTTCAACAGCAACATGG
ON933796.1_L2_donor_210_r1,ON933796.1,Commiphora wightii,Eudicots,ON933796.1,train,L2_donor_210,210,1290,1,3760993891,ATGAGTTGTAGGGAGGGACTTATGTCACCACAAACAGAGACTAAAGCAAGTGTTGGATTCAAAGCCGGTGTTAAAGACTATAAATTGAATTATTATACTCCTCAATATCAAACCAAAGATACTGATATCTTGGCAGCATTCCGAGTAACTCCTCAACCCGGAGTTCCACCCGAGGAAGCGGGGGCCGCGGTAGCTGCGGAATCTTCTACT
OP237580.1_L2_donor_210_r1,OP237580.1,Baolia bracteata,Eudicots,OP237580.1,train,L2_donor_210,210,1290,1,3401020831,ATGTCACCACAAACAGAGACTAAAGCAAGTGTTGGATTTAAAGCGGGTGTTAAAGATTACAAATTGACTTATTATACTCCTGAGTATGAAACCCAAGATACTGATATCTTGGCAGCATTCCGAGTAACTCCTCAACCTGGAGTTCCACCCGAAGAAGCAGGGGCTGCAGTAGCTGCCGAATCTTCTACTGGTACATGGACAACTGTATGG
OP330067.1_L2_donor_210_r1,OP330067.1,Asplenium trichomanes,Ferns,OP330067.1,train,L2_donor_210,210,1290,1,3825141917,ATGTCGCCACAAACGGAGACTAAGGCGGGTGTTGGATTCAAAGCTGGTGTCAAAGATTACCGGCTGACTTATTACACCCCCGAATACAAAGTTAAAGATACTGATATTTTGGCAGCTTTTCGGATGACCCCACAACCCGGAGTACCAGCTGAAGAAGCTGGAGCTGCAGTAGCTGCGGAGTCCTCTACAGGTACGTGGACCACTGTTTGG
OQ863300.1_L2_donor_210_r1,OQ863300.1,Laurencia catarinensis,Red algae,OQ863300.1,train,L2_donor_210,210,1290,1,3195061242,ATGTCTAACTCTGTAGAAGAACGGACACGGATTAAAAACGAACGTTATGAATCTGGTGTAATTCCATACGCAAAAATGGGATACTGGGACCCTAACTATGTAGTTAAAGATACAGATATATTAGCTCTGTTTAGAGTTAGTCCACAACCAGGAGTAGATCCAGTAGAAGCTTCTGCAGCCGTTGCAGGTGAATCATCTACTGCAACATGG
OQ863312.1_L2_donor_210_r1,OQ863312.1,Laurencia sp. A25,Red algae,OQ863312.1,train,L2_donor_210,210,1290,1,1170614587,ATGTCTAACTCTGTAGAAGCACGGACACGGATTAAAAACGAACGTTATGAATCTGGTGTAATTCCATACGCAAAAATGGGATACTGGGACCCTAACTACGTAGTTAAAGATACAGATATATTAGCTCTATTTAGAGTTAGTCCACAACCAGGAGTAGATCCAGTAGAGGCTTCTGCAGCAGTTGCAGGTGAATCATCTACTGCAACATGG
OQ868456.1_L2_donor_210_r1,OQ868456.1,Pteris pseudowulaiensis,Ferns,OQ868456.1,train,L2_donor_210,210,1290,1,1654117351,ATGTCGCCACAAACGGAGACTAAAGCAGGTGTTGGATTCAAAGCTGGTGTCAAAGATTATCGATTGACTTATTACACTCCCGAATACAAGACCAAAGATACTGATATATTAGCGGCTTTCCGAATGACCCCACAACCTGGAGTACCAGCTGAGGAGGCCGGAGCTGCAGTAGCTGCGGAATCCTCTACGGGTACCTGGACCACGGTATGG
OR165438.1_L2_donor_210_r1,OR165438.1,Cyanotis obtusa,Monocots,OR165438.1,test,L2_donor_210,210,1290,1,2640465867,ATGTCACCACAAACAGAGACTAAAGCAAGTGTTGGATTTAAAGCGGGTGTTAAAGATTATAAATTGACTTATTATACTCCTGAGTACCAAACCAAAGATACTGATATATTGGCAGCATTCCGAGTAACTCCTCAACCAGGAGTTCCGCCTGAGGAAGCAGGTGCTGCGGTAGCTGCCGAATCTTCTACTGGTACATGGACAACCGTGTGG
OR165493.1_L2_donor_210_r1,OR165493.1,Tradescantia fluminensis,Monocots,OR165493.1,train,L2_donor_210,210,1290,1,1427173827,ATGTCACCACAAACAGAGACTAAAGCAAGTGTTGGATTTAAAGCGGGTGTTAAAGATTATAAATTGACTTATTATACTCCTGAGTACCAAACTAAAGATACTGATATATTGGCAGCATTCCGAGTAACTCCTCAACCAGGAGTTCCGCCGGAGGAAGCAGGGGCTGCGGTAGCTGCGGAATCTTCTACTGGTACATGGACAACTGTGTGG
OR359632.1_L2_donor_210_r1,OR359632.1,Amoenothamnion planktonicum,Red algae,OR359632.1,train,L2_donor_210,210,1290,1,3984885658,ATGTCTAACTCTGTAGAAGAACGGACAAGAATTAAAAATGAACGTTATGAATCTGGTGTAATCCCTTATGCAAAAATGGGATATTGGGATCCAGAATATGTGGTTAAAGATACAGACGTATTAGCTCTGTTTCGTGTATCTCCACAGCCAGGCGTTGACCCAATTGAAGCTTCTGCTGCAGTTGCTGGTGAATCATCTACTGCTACTTGG
PP263658.1_L2_donor_210_r1,PP263658.1,Daphniphyllum macropodum subsp. humile,Eudicots,PP263658.1,val,L2_donor_210,210,1290,1,3359356097,ATGAGTTGTAGGGAGGGACTTATGTCACCACAAACAGAGACTAAAGCAAGTGTTGGATTCAAAGCTGGTGTTAAAGATTACAAATTGACTTATTATACTCCTGACTATGACACCAAAGATACTGATATCTTGGCAGCATTCCGAGTAACTCCTCAACCTGGAGTTCCACCTGAGGAAGCAGGGGCCGCGGTAGCTGCGGAATCTTCTACT
PQ031122.1_L2_donor_210_r1,PQ031122.1,Mallomonas flora,SAR/other protist,PQ031122.1,train,L2_donor_210,210,1290,1,2667208002,ATGAGTACAGGAGAAAGAACGCGTATTAAATCAGAACGTTATGAATCTGGAGTAATCCCATACAAAAAAATGGGTTATTGGGATGCAGACTACACAGTTAAAGATACTGATGTTTTATGTCTTTTCCGTATTACACCACAACCAGGAGTTGATCCAGTTGAAGCTGCAGCAGCTGTTGCTGGAGAATCATCAACTGCTACTTGGACTGTT
PQ031123.1_L2_donor_210_r1,PQ031123.1,Mallomonas striata,SAR/other protist,PQ031123.1,train,L2_donor_210,210,1290,1,460892901,ATGAGTGATGCAGTAGAAAGAACACGTATTAAATCAGAACGTTATGAATCTGGAGTAATTCCATATAAAAAAATGGGTTATTGGGATGCAGACTATACAGTGAAAGAAACTGATGTTCTTTGTCTTTTCCGTATTACACCACAACCAGGTGTTGACCCAGTAGAAGCTGCTGCAGCTGTAGCTGGAGAATCATCTACAGCTACATGGACA
PQ031125.1_L2_donor_210_r1,PQ031125.1,Mallomonas kalinae,SAR/other protist,PQ031125.1,train,L2_donor_210,210,1290,1,3229729449,ATGAGTGATGCATCAGAAAGAACGCGTATTAAATCAGAACGTTATGAATCTGGAGTAATTCCATACAAAAAAATGGGGTATTGGGATGCTGATTATTCAGTAAAAGAAACTGACGTTTTATGTCTTTTCCGTATTACACCACAACCAGGAGTTGATCCTATTGAAGCTGCTGCAGCTGTAGCTGGAGAATCTTCAACAGCAACTTGGACA
PQ031131.1_L2_donor_210_r1,PQ031131.1,Mallomonas annulata,SAR/other protist,PQ031131.1,train,L2_donor_210,210,1290,1,3421151001,ATGAGTGATGCAGTAGAAAGAACACGTATTAAATCAGAACGTTATGAATCAGGAGTAATTCCATACAAAAAAATGGGTTATTGGGATGCAGACTATACAATTAAAGATAGTGATGTATTATGTCTTTTCCGTTTAACACCACAACCAGGAGTTGACCCAGTTGAAGCTGCTGCAGCTGTTGCTGGAGAATCATCTACTGCTACTTGGACA
PQ031145.1_L2_donor_210_r1,PQ031145.1,Mallomonas splendens,SAR/other protist,PQ031145.1,val,L2_donor_210,210,1290,1,1533060866,ATGAGTGATGCATCAGAAAGAACGCGTATTAAATCAGAACGTTATGAATCTGGAGTAATTCCATACAAAAAAATGGGTTATTGGGATGCAGATTACACAGTAAAAGATTCTGATGTATTATGTCTTTTCCGTTTAACACCACAACCAGGTGTTGACCCGATTGAAGCAGCAGCTGCTGTTGCTGGAGAATCTTCTACAGCTACTTGGACT
PQ213023.1_L2_donor_210_r1,PQ213023.1,Vaucheria litorea,SAR/other protist,PQ213023.1,train,L2_donor_210,210,1290,1,3188416477,ATGTCTAAGTCTGTACAAGAGCGTACTCGAATTAAAAGCCAACGTTATGAATCTGGTGTAATTCCTTATGCGAAAATGGGTTATTGGGATGCATTTTATAATGTAAAACATACGGATGTATTAGCGTTATTTCGTATTACTCCGCAACCTGGTGTAGATCCTGTAGAAGCAGCAGCAGCTGTTGCTGGTGAATCTTCAACTGCGACTTGG
PQ791840.1_L2_donor_210_r1,PQ791840.1,Pelagomonas calceolata,SAR/other protist,PQ791840.1,train,L2_donor_210,210,1290,1,4166820193,ATGTCTCAAAATGTATCTGAACGTACAAGAATTAAAAGTGAACGTTACGAATCTGGTGTAATCCCTTACGCTAAAATGGGTTACTGGGATGCTAACTACGCAGTTAAGACAACTGACTTATTAGCATTATTCCGTATCACTCCACAACCAGGTGTTGACCCAGTTGAAGCTGCTGCTGCAGTTGCTGGTGAGTCTTCTACTGCAACATGG
PQ791846.1_L2_donor_210_r1,PQ791846.1,Arachnochrysis pilardiaziae,SAR/other protist,PQ791846.1,train,L2_donor_210,210,1290,1,4167710184,ATGTCTCAATCTGTATCAGAACGTACACGAATTAAGAGCGAACGTTATGAATCTGGAGTAATTCCTTATGCTAAAATGGGTTACTGGGATTCTAACTATACCATTAAGACTACTGATGTTCTTGCGCTATTCCGTATTACTCCTCAACCAGGTGTGGACCCGGTTGAAGCGGCTGCAGCTGTAGCAGGGGAGTCTTCAACAGCTACATGG
PV575775.1_L2_donor_210_r1,PV575775.1,Sargassum hemiphyllum var. chinense,Brown algae,PV575775.1,train,L2_donor_210,210,1290,1,2324215013,ATGCCTGAGAACGTACAGGAAAGAACTCGAATAAAAAGTGAGCGTTATGAATCTGGTGTAATACCATATGCTAAAATGGGATATTGGGATGCAGATTACAAGGTTAAAGAAACTGATATTCTAGCTCTATTTCGTATAACTCCTCAACCAGGTGTAGATCCTCTAGAAGCTGCGGCTGCTGTTGCCGGTGAATCTTCTACAGCAACATGG
PV999901.1_L2_donor_210_r1,PV999901.1,Pseudoderbesia sp. HV-2025c,Green algae,PV999901.1,train,L2_donor_210,210,1290,1,799353564,ATGGGTCCAAAAACAGAAACTAAGGCAGGTGCTGGTTTTAAGGCAGGGGTAAAAGATTATCGCCTCACTTATTATACACCAGACTATCAAGTGAAAGACACAGATGTGTTAGCTGCATTTCGTATGACTCCGCAACCTGGGGTACCCGCTGAAGAGTGTGGTGCAGCGGTAGCCGCGGAATCTTCAACAGGGACATGGACAACTGTATGG
PV999913.1_L2_donor_210_r1,PV999913.1,Pseudoderbesia epilithica,Green algae,PV999913.1,train,L2_donor_210,210,1290,1,3727078627,ATGGCTCCAAAAACTGAAACAAAAGCAGGTGCAGGATTTAAAGCAGGGGTAAAAGACTATCGTTTAACTTACTATACACCGGATTATCAAACAAAAGATACAGATATTCTTGCTGCTTTTCGTATGACTCCACAGCCAGGTGTACCACCAGAAGAATGTGGCGCTGCTGTAGCTGCAGAATCCTCAACAGGAACATGGACAACGGTATGG
PX743792.1_L2_donor_210_r1,PX743792.1,Stemona parviflora,Monocots,PX743792.1,val,L2_donor_210,210,1290,1,4147398251,ATGTCACCACAAACAGAGACTAAAGCAAGTGTTGGATTCAAAGCTGGTGTTAAAGATTACAAATTGACTTATTATACTCCTGATTACGAAACCAAGGATACTGATATCTTGGCAGCATTTCGAGTAACTCCTCAACCCGGAGTTCCGCCTGAAGAAGCAGGGGCTGCGGTAGCTGCTGAATCTTCTACTGGTACATGGACAACTGTGTGG
PX743818.1_L2_donor_210_r1,PX743818.1,Corydalis caudata,Other angiosperms,PX743818.1,train,L2_donor_210,210,1290,1,606260732,ATGAGTTGTAGGGAGGGACTTATGTCACCACAAACAGAGACTAAAGCAAGTGTTGGATTCAAAGCTGGTGTTAAAGATTACAAATTGACTTATTATACTCCTGACTATGAAACAAAAGATACTGATATCTTGGCAGCATTCCGAGTCACTCCTCAACCTGGAGTTCCACCTGAGGAAGCAGGGGCCGCGGTAGCTGCCGAAAGTAACTTG
PX743828.1_L2_donor_210_r1,PX743828.1,Arcangelisia gusanlung,Other angiosperms,PX743828.1,train,L2_donor_210,210,1290,1,4000432500,ATGAGTTGTAGGGAGGGACTTATGTCACCACAAACAGAGACTAAAGCAAGTGTTGGATTCAAAGCTGGTGTTAAAGATTACAAATTGACTTATTATACTCCTGACTATGTAACCAAAGATACTGATACGCTAGCAGCATTCCGAGTAACTCCTCAACCTGGAGTTCCGCCTGAAGAAGCGGGGGCTGCGGTAGCTGCCGAATCTTCTACA
PX743839.1_L2_donor_210_r1,PX743839.1,Thalictrum fortunei,Other angiosperms,PX743839.1,test,L2_donor_210,210,1290,1,3842507026,ATGTCACCACAAACAGAGACTAAAGCAAGTGTTGGCTTCAAAGCGGGTGTTAAAGATTACAAATTGACTTATTATACTCCTGAATATGAACCCAAAGATACTGATACCTTGGCGGCATTCCGAGTAACTCCTCAACCGGGAGTTCCTGCTGAAGAAGCAGGGGCTGCTGTAGCTGCCGAATCTTCTACAGGTACATGGACAACTGTGTGG
PX743843.1_L2_donor_210_r1,PX743843.1,Sabia discolor,Other angiosperms,PX743843.1,train,L2_donor_210,210,1290,1,1961905105,ATGTCACCACAAACAGAGACTAAAGCAAGTGCTGGATTCAAAGCTGGTGTTAAAGATTACAAATTGAATTATTATACTCCTGAATATAACACCCTAGACACTGATATCTTGGCAGCATTCCGAGTAACTCCTCAACCAGGAGTTCCACCTGAGGAAGCAGGCGCCGCGGTAGCTGCCGAATCTTCTACTGGTACATGGACAACTGTGTGG
PX743855.1_L2_donor_210_r1,PX743855.1,Saxifraga unguiculata,Eudicots,PX743855.1,test,L2_donor_210,210,1290,1,3476541547,ATGTCACCACAAACAGAGACTAAAGCGAGTGTTGGATTCAAAGCCGGTGTTAAAGATTACAAATTGACTTATTATACCCCTGATTATGAAACCAAAGATACTGATATCTTGGCAGCATTCCGAGTAACTCCTCAACCTGGAGTTCCACCTGAGGAAGCAGGGGCCGCAGTAGCTGCTGAATCTTCTACTGGCACATGGACAACTGTATGG
PX743950.1_L2_donor_210_r1,PX743950.1,Myrica nana,Eudicots,PX743950.1,train,L2_donor_210,210,1290,1,3846270818,ATGTCACCACAAACAGAGACTAAAGCAAGTGTTGGATTCAAAGCTGGTGTTAAAGATTATAAATTGACTTATTATACTCCTGACTATGAAACCAAGGATACTGATATCTTGGCAGCGTTCCGAGTAACTCCTCAACCTGGAGTTCCGCCTGAGGAAGCAGGGGCAGCAGTAGCTGCTGAATCTTCTACTGGTACATGGACAACTGTGTGG
PX743996.1_L2_donor_210_r1,PX743996.1,Acalypha matsudae,Eudicots,PX743996.1,train,L2_donor_210,210,1290,1,866310288,ATGTCACCACAAACAGAGACTAAAGCAAGTGTTGGGTTCAAGGCTGGTGTTAAAGATTATAAATTGACTTATTTTACTCCTGACTATCAAACCAAAGATACTGATATCTTGGCAGCATTCCGAGTAACTCCTCAACCTGGAGTTCCGCCGGAGGAAGCAGGAGCTGCGGTAGCTGCTGAATCTTCTACTGGTACATGGACAACTGTGTGG
PX743998.1_L2_donor_210_r1,PX743998.1,Falconeria insignis,Eudicots,PX743998.1,train,L2_donor_210,210,1290,1,960812797,ATGTCACCACAAACAGAAACTAAAGCAAGTGTTGGATTCAAGGCTGGTGTTAAAGATTATAAATTGACTTATTATACTCCTGAATATGAAACCAAAGATACTGATATCTTGGCAGCATTCCGAGTAACTCCTCAACCTGGAGTTCCGCCTGAGGAAGCAGGAGCTGCGGTAGCTGCTGAATCTTCTACTGGTACATGGACAACTGTGTGG
PX744014.1_L2_donor_210_r1,PX744014.1,Fordiophyton faberi,Eudicots,PX744014.1,train,L2_donor_210,210,1290,1,1181392449,ATGTCACCACAAACAGAGACTAAAGCAAGTGTTGGATTCAAAGCTGGTGTTAAAGATTATAGACTGACTTATTATACTCCTGACTATCAAGTCAAACCTACTGATACCTTGGCAGCATTCCGAGTAACTCCGCAACCAGGAGTTCCGCCTGAAGAAGCAGGGGCTGCGGTAGCTGCTGAATCTTCTACTGGTACATGGACAACTGTGTGG
PX744018.1_L2_donor_210_r1,PX744018.1,Acer albopurpurascens,Eudicots,PX744018.1,test,L2_donor_210,210,1290,1,3112679770,ATGTCACCACAAACAAAGACTAAAGCAAGTGTTGGATTCAAAGCCATCGTTAAAGATTATAAATTGACTTATTATACTCTTGACTATGTAACCAAAGATACTTATATCTTGGCAGCATTCCAAGTAACTCCTCAACCCGGGGTTCCGCCCGAGGAAGCCGGGGCCGCGGTAGCTGCGGAATCTTCTACTGGTACATGGACAACTGTGTGG
PX744022.1_L2_donor_210_r1,PX744022.1,Lepisanthes hainanensis,Eudicots,PX744022.1,train,L2_donor_210,210,1290,1,3192048347,ATGTCACCACAAACAGAGACTAAAGCAAGTGTTGGATTCAAAGCCGGTGTTAAAGATTATAAATTGACTTATTATACTCCTGACTATGTAACCAAAGATACTGATATCTTGGCAGCATTCCGAGTAACTCCTCAACCCGGGGTTCCACCCGAGGAAGCAGGGGCCGCGGTAGCTGCGGAATCTTCTACTGGTACATGGACAACTGTGTGG
PX744047.1_L2_donor_210_r1,PX744047.1,Buckleya henryi,Eudicots,PX744047.1,val,L2_donor_210,210,1290,1,2716689848,ATGTCACCACAAACAGAGACTAAAGCAAGTGTTGGATTCAAAGCGGGTGTTAAGGATTATAAATTGACTTATTATACTCCTGATTACGAAACCAAAGATACTGATATCTTGGCAGCATTCCGAGTAACTCCTCAACCCGGAGTTCCGCCTGAGGAAGCGGGGGCCGCGGTAGCTGCCGAATCTTCTACTGGTACATGGACGACTGTGTGG
PX744060.1_L2_donor_210_r1,PX744060.1,Arthrophytum longibracteatum,Eudicots,PX744060.1,train,L2_donor_210,210,1290,1,2742421006,ATGTCACCACAAACCGAAACTAAAGCAAGTGTTGGATTTAAAGCTGGTGTTAAAGATTACAAATTGACTTATTATACTCCTGAGTATGAAACCAAAGATACTGATATCTTGGCAGCATTCCGAGTAACTCCTCAACCTGGAGTTCCACCTGAAGAAGCAGGGGCTGCAGTAGCTGCCGAATCTTCTACTGGTACATGGACAACCGTATGG
PX744100.1_L2_donor_210_r1,PX744100.1,Ardisia brevicaulis,Eudicots,PX744100.1,train,L2_donor_210,210,1290,1,2170420548,ATGTCACCACAAACAGAGACTAAAGCAGGTACTGGATTCAAAGCTGGTGTTAAAGATTACAAATTGACTTATTATACTCCTGAGTATGTAACCAAGGATACTGATATTTTGGCAGCATTCCGAGTAACTCCTCAACCCGGAGTTCCGCCCGAAGAAGCAGGGGCCGCAGTAGCTGCCGAATCTTCTACTGGTACATGGACAACCGTGTGG
PX744121.1_L2_donor_210_r1,PX744121.1,Rhododendron declivatum,Eudicots,PX744121.1,train,L2_donor_210,210,1290,1,2011751999,ATGTCACCACAAACAGAGACTAAAGCAAGTGTTGGATTCAAAGCTGGTGTTAAAGAGTACAAATTGAATTATTATACTCCTCAGTATGAAACCAAAGATACTGATATCTTGGCAGCATTCCGAGTAACTCCTCAACCGGGAGTTCCACCTGAAGAAGCAGGGGCCGCGGTAGCTGCGGAATCTTCTACTGGTACATGGACAACAGTGTGG
PX744240.1_L2_donor_210_r1,PX744240.1,Pedicularis ikomai,Eudicots,PX744240.1,train,L2_donor_210,210,1290,1,33250972,ATGAGTTGTAGGGAGGGATTTATGTCACCACAAACAGAAACTAAAGCAAGTGTTGGATTCAAAGCGGGTGTTAAAGAGTACAAATTGACTTATTATACTCCTGAATACGAAACCAAAGATACTGATATCTTGGCAGCATTCCGAGTAACTCCTCAACCCGGAGTTCCGCCTGAAGAAGCAGGGGCTGCAGTAGCTGCCGAATCTTCTACT
PX744248.1_L2_donor_210_r1,PX744248.1,Adenophora wulingshanica,Eudicots,PX744248.1,train,L2_donor_210,210,1290,1,4235413866,ATGTCACCACAAACAGAGACGAAGGCAAATGTTGGATTTAAGGCTGGGGTTAAAGATTATAAATTAACTTATTATACTCCGGACTATGAAACCAAGGATACCGATATTTTGGCAGCCTTTCGAGTCACTCCTCAACCCGGAGTTCCCCCGGAAGAAGCAGGGGCCGCAGTAGCTGCCGAATCGTCTACTGGTACATGGACAACTGTGTGG
PX744249.1_L2_donor_210_r1,PX744249.1,Pentaphragma spicatum,Eudicots,PX744249.1,train,L2_donor_210,210,1290,1,723471370,ATGTCACCACAAACAGAAACTAAAGCAAGTGTTGGATTCAAAGCTGGTGTTAAAGATTATAAATTGACTTATTATACTCCTGACTATGAAACCAAAGATACTGATATCTTGGCAGCATTCCGAGTAACTCCTCAACCTGGAGTTCCACCTGAAGAAGCAGGGGCCGCAGTAGCTGCCGAATCTTCTACTGGTACATGGACAACTGTGTGG
PX744267.1_L2_donor_210_r1,PX744267.1,Leontopodium smithianum,Eudicots,PX744267.1,train,L2_donor_210,210,1290,1,3274680703,ATGTCACCACAAACAGAGACTAAAGCAAGTGTTGGATTCAAAGCAGGTGTTAAAGATTATAAATTGACTTATTATACTCCTGAGTATGAAACCAAGGATACTGATATCTTGGCAGCATTTCGAGTAACTCCTCAACCTGGAGTTCCGCCTGAAGAAGCAGGGGCCGCAGTAGCTGCCGAATCTTCTACTGGTACATGGACAACTGTGTGG
PX744315.1_L2_donor_210_r1,PX744315.1,Platostoma hispidum,Eudicots,PX744315.1,train,L2_donor_210,210,1290,1,2220775380,ATGAGTTGTAGGGAGGGATTTATGTCACCACAAACAGAGACTAAAGCAAGTGTTGGATTCAAAGCGGGTGTTAAAGAGTACAAATTGACTTATTATACTCCTGAATACGAAACCAAAGATACTGATATCTTGGCAGCATTCCGAGTAACTCCTCAACCTGGAGTTCCGCCTGAAGAAGCAGGGGCCGCGGTAGCTGCCGAATCTTCTACT
PX744322.1_L2_donor_210_r1,PX744322.1,Allmania nodiflora,Eudicots,PX744322.1,train,L2_donor_210,210,1290,1,1902435666,ATGTCACCACAAACAGAGACTAAAGCAAGTGTTGGATTTAAAGCTGGTGTTAAAGATTACAAATTGACTTATTATACTCCTGAGTATGAAACCCTAGATACTGATATCTTGGCAGCATTCCGAGTAACTCCTCAACCTGGAGTTCCACCTGAAGAAGCAGGGGCTGCAGTAGCTGCCGAATCTTCTACTGGTACATGGACAACTGTATGG
PX924757.1_L2_donor_210_r1,PX924757.1,Augea capensis,Eudicots,PX924757.1,train,L2_donor_210,210,1290,1,1020316376,ATGTCACCACAAACAGAGACTAAAGCAAGTGTTGGATTCAAGGCTGGTGTTAAAGATTATAAATTGACTTATTATACTCCTGAATATGAAACAAAGGATACTGATATTTTGGCAGCCTTCCGAGTAACTCCTCAACCTGGAGTTCCACCTGAGGAAGCAGGGGCTGCAGTAGCTGCTGAATCTTCTACTGGTACATGGACAACCGTGTGG
PZ584713.1_L2_donor_210_r1,PZ584713.1,Paulinella sp. B8128-1,SAR/other protist,PZ584713.1,train,L2_donor_210,210,1290,1,731778664,ATGAGCAAGAAGTACGACGCCGGGGTTAAGGAGTACAGAGACACTTACTGGACTCCTGACTATATTCCCCTTGACACTGATCTACTAGCCTGTTTTAAATGTACTGGACAAGCGGGTGTTCCTCGTGAAGAAGTTGCAGCAGCTGTAGCTGCTGAATCTTCTACTGGTACTTGGTCTACTGTATGGTCTGAGTTACTTACAGATCTAGAC
AB050950.1_L2_donor_210_r2,AB050950.1,Filibryum ogatae,Mosses,AB050950.1,train,L2_donor_210,210,1290,2,1993216054,ATGTCACCACAAACGGAGACTAAAGCAGGTGTTGGATTTAAAGCTGGTGTTAAAGATTACAGATTAACTTATTACACTCCAGATTATCAGACTAAAGAAACTGATATTTTAGCAGCATTTCGAATGACTCCTCAACCAGGAGTACCCGCTGAAGAGGCGGGAGCTGCAGTAGCTGCGGAATCTTCCACTGGTACATGGACCACTGTTTGG
AB071411.1_L2_donor_210_r2,AB071411.1,Mastopoma subfiliferum,Mosses,AB071411.1,train,L2_donor_210,210,1290,2,377639776,ATGTCACCACAAACGGAGACTAAAGCAGGTGTTGGATTTAAAGCTGGTGTTAAAGATTACAGATTAACCTATTACACTCCAGATTATCAGACTAAAGAAACTGATATTTTAGCAGCATTTCGAATGACTCCTCAACCAGGAGTACCCGCTGAAGAGGCGGGAGCTGCAGTAGCTGCAGAATCTTCCACCGGTACATGGACCACTGTTTGG
AB159651.1_L2_donor_210_r2,AB159651.1,Thorea gaudichaudii,Red algae,AB159651.1,train,L2_donor_210,210,1290,2,1880609967,ATGTCTCAATCCGTAGAAGAACGGACAAGGATTAAAAACGAACGTTACGAATCTGGAGTAATACCATACGCAAAGATGGGTTACTGGGATCCTGACTACGTAATCAAAGATACCGATGTTCTAGCTTTATTTCGAGTTACTCCTCAACCGGGTGTAGATCCAATTGAAGCTTCTGCAGCTGTTGCAGGTGAATCATCAACAGCAACTTGG
AB159659.1_L2_donor_210_r2,AB159659.1,Nemalionopsis tortuosa,Red algae,AB159659.1,train,L2_donor_210,210,1290,2,542387215,ATGTCTCAATCCGTAGAAGAACGGACAAGGATCAAAAATGAACGCTATGAATCTGGCGTAATTCCATACGCAAAAATGGGTTACTGGGATCCTGACTACGTAGTTAAAGATACTGATGTTTTAGCTTTATTTCGAGTTACTCCACAACCGGGAGTAGATCCAATAGAAGCATCTGCAGCTGTTGCCGGTGAGTCATCAACAGCAACTTGG
AB540047.1_L2_donor_210_r2,AB540047.1,Gloiopeltis sp. Nomozaki/2003,Red algae,AB540047.1,train,L2_donor_210,210,1290,2,3769529384,ATGTCTCAATCTGTAGAAGAACGGACAAGAATCAAAGACGAACGTTACGAATCTGGAGTTATCCCATATGCTAAGATGGGCTATTGGGATCCTGATTATGTTGTTAAAGAGACGGACGTACTAGCTTTATTCCGTGTAAGCCCGCAACCTGGTGTAGATCCTGTAGAAGCTTCTGCGGCAATAGCAGGCGAATCATCGACAGCAACATGG
AB540051.1_L2_donor_210_r2,AB540051.1,Gloiopeltis complanata,Red algae,AB540051.1,test,L2_donor_210,210,1290,2,964265511,ATGTCTCAATCTGTAGAAGAACGGACAAGAATCAAAGACGAACGTTACGAATCTGGAGTTATCCCGTATGCTAAGATGGGCTATTGGGATCCTGATTATGTTGTTAAAGAAACTGATGTGCTAGCTTTATTTCGTGTAAGTCCACAACCTGGTGTAGATCCTGTAGAAGCTTCTGCAGCAATAGCGGGCGAATCATCAACGGCAACATGG
AB540052.1_L2_donor_210_r2,AB540052.1,Gloiopeltis complanata,Red algae,AB540052.1,train,L2_donor_210,210,1290,2,3074196375,ATGTCTCAATCTGTAGAAGAACGGACAAGAATCAAAGACGAACGTTACGAATCTGGAGTTATCCCGTACGCTAAAATGGGCTATTGGGATCCTGATTATGTTGTTAAAGAAACTGATGTACTAGCTTTATTTCGTGTAAGCCCACAGCCTGGTGTAGATCCTGTAGAAGCTTCTGCTGCAATAGCAGGCGAATCATCAACGGCAACATGG
AB853073.1_L2_donor_210_r2,AB853073.1,Hypnodontopsis apiculatus,Mosses,AB853073.1,train,L2_donor_210,210,1290,2,1163622061,ATGTCACCACAAACGGAGACTAAAGCAGGTGTTGGATTTAGAGCTGGTGTTAAAGATTACAGATTAACTTATTACACTCCAGAGTATCAAACTTTAGAAACTGATATTTTAGCAGCATTTCGAATGACTCCTCAACCAGGAGTACCACCTGAAGAAGCAGGAGCTGCAGTAGCTGCGGAATCTTCCACCGGTACATGGACCACTGTTTGG
AB853079.1_L2_donor_210_r2,AB853079.1,Timmiella anomala,Mosses,AB853079.1,train,L2_donor_210,210,1290,2,2361927893,ATGTCACCACAAACGGAGACTAAAGCAGGTGTTGGATTTAAAGCTGGTGTTAAAGATTACAGATTAACTTATTACACTCCAGATTATCAGACTAAAGAAACTGATATTTTAGCAGCATTTCGAATGACTCCTCAACCAGGAGTACCACCTGAAGAAGCAGGAGCTGCTGTAGCTGCTGAATCTTCCACTGGTACATGGACCACTGTTTGG
AB970712.1_L2_donor_210_r2,AB970712.1,Clastobryellina orientalis,Mosses,AB970712.1,train,L2_donor_210,210,1290,2,3133278691,ATGTCACCACAAACGGAGACTAAAGCAGGTGTTGGATTTAAAGCTGGTGTTAAAGATTACAGATTAACTTATTACACCCCAGATTATCAGACTAAAGAAACTGATATTTTAGCAGCATTTCGAATGACGCCTCAACCAGGAGTACCCGCTGAAGAGGCAGGAGCTGCAGTAGCTGCGGAATCTTCCACTGGTACATGGACTACTGTTTGG
AY346095.1_L2_donor_210_r2,AY346095.1,Acanthorrhynchium papillatum,Mosses,AY346095.1,train,L2_donor_210,210,1290,2,2981369354,ATGTCACCACAAACGGAGACTAGAGCAAGTGTTGGATTTAAAGCTGGTGTTAAAGATTACAGATTAAATTATTACACTCCAGATTATCAGACTAAAGACACTGATATTTTAGCAGCATTTCGAATGACTCCTCAACCAGGAGTACCCGCTGAAGAGGCAGGAGCTGCAGTAGCTGCGGAATCTTCCACTGGTACATGGACCACTGTTTGG
AY858644.1_L2_donor_210_r2,AY858644.1,Platanus orientalis,Other angiosperms,AY858644.1,test,L2_donor_210,210,1290,2,2622796669,ATGTCACCACAAACAGAAACTAAAGCAAGTGTTGGACTCAAAGCTGGTGTTAAAGATTACAAATTGACTTATTATACTCCTGACTATGAAACCAAAGATACTGATATCTTGGCAGCATTCCGAGTAACTCCTCAACCTGGAGTTCCACCTGAGGAAGCAGGAGCCGCGGTAGCTGCCGAATCTTCTACTGGTACATGGACAACTGTGTGG
AY996366.1_L2_donor_210_r2,AY996366.1,Spermatochnus paradoxus,Brown algae,AY996366.1,train,L2_donor_210,210,1290,2,253825153,ATGCCTGAAGATGTGCAGAATCGAACTCGAATAAAAAGTGAACGTTATGAATCAGGTGTTATCCCATATGCCAAAATGGGTTACTGGGATGCTGATTATAATGTTAAAGAAACTGATATTCTAGCTCTTTTTCGTATCACTCCACAACCAGGCGTAGATCCCGTTGAGGCTGCTGCTGCTGTTGCCGGTGAATCTTCTACTGCAACATGG
EF547818.1_L2_donor_210_r2,EF547818.1,Aneura sp. Shaw 702,Liverworts,EF547818.1,train,L2_donor_210,210,1290,2,3792928139,ATGTCACCACAAACGGAGACTAAAGCAGGTGTTGGATTCAAAGCCGGTGTTAAAGATTATAGATTGACCTATTATACACCCGAGTACGAGACGAAAGAAACGGATATTTTAGCAGCATTTCGTATGACCCCTCAACCCGGAGTACCACCGGAAGAAGCTGGGGCTGCGGTAGCTGCCGAATCCTCCACCGGTACTTGGACCACAGTTTGG
EF658643.1_L2_donor_210_r2,EF658643.1,Laurencia intricata,Red algae,EF658643.1,train,L2_donor_210,210,1290,2,3548216953,ATGTCTAACTCTGTAGAAGAACGGGCACGGATTAAAAACGAACGTTATGAATCTGGTGTAATTCCATACGCAAAAATGGGATATTTCCACCCTAACTATGTAGTTAAAGATACAGATATATTAGCTCTATTTAGAGTTAGTCCACAACCAGGAGTAGATCCAGTAGAGGCTTCAGCAGCAGTTGCAGGTGAATCATCTACTGCAACATGG
EU713367.1_L2_donor_210_r2,EU713367.1,Legousia pentagonia,Eudicots,EU713367.1,train,L2_donor_210,210,1290,2,3118002690,ATGTCACCACAAACAGAGACTAAAGCAAATGTTGGATTTAAAGCTGGTGTTAAAGATTATAAATTAACTTATTATACTCCAGACTATGAAACCAAAAATACCGATATTTTGGCAGCCTTTCGAGTAACTCCTCAACCCGGAGTTCCCCCGGAAGAAGCAGGGGCCGCAGTAGCTGCCGAATCGTCTACTGGGACATGGACAACTGTGTGG
FJ438476.1_L2_donor_210_r2,FJ438476.1,Haematococcus lacustris,Green algae,FJ438476.1,val,L2_donor_210,210,1290,2,1437953914,ATGGTTCCACAAACAGAAACAAGAGCAGGTGCTGGGTTTAAAGCTGGTGTAAAAGATTATCGTTTAACGTATTATACACCAGATTACGTTGTTAGAGATACTGATATTTTAGCAGCGTTCCGTATGACACCACAACCAGGTGTACCACCAGAAGAATGTGGTGCAGCAGTAGCAGCTGAATCATCAACAGGTACTTGGACAACAGTATGG
KT693213.1_L2_donor_210_r2,KT693213.1,Hormotilopsis gelatinosa,Green algae,KT693213.1,train,L2_donor_210,210,1290,2,1534581951,ATGGCTCCACAAACAGAAACAAAAGCCGGGGCGGGATTTAAAGCAGGGGTTAAAGACTATAGATTAACTTACTATACACCTGACTACATCGTTAAGGACACTGACATCCTTGCTGCTTTCCGTATGACTCCGCAACCAGGTGTTCCACCTGAAGAATGTGGTGCAGCTGTTGCTGCTGAGTCTTCAACTGGTACATGGACTACTGTATGG
KU645801.1_L2_donor_210_r2,KU645801.1,Passiflora quadrangularis,Eudicots,KU645801.1,train,L2_donor_210,210,1290,2,4076767396,ATGTCACCACAAACAGAGACTAAAGCAAGTGTTGGATTCAAGGCTGGTGTTAAAGATTATAAATTGACTTATTATACTCCTGAATATAACCCCAAAGATACTGATATCTTGGCAGCATTCCGAGTAACTCCTCAACCTGGAGTTCCCGCTGAGGAAGCGGGAGCTGCAGTAGCTGCTGAATCTTCTACTGGTACATGGACAACCGTGTGG
KU645803.1_L2_donor_210_r2,KU645803.1,Cananga odorata,Other angiosperms,KU645803.1,train,L2_donor_210,210,1290,2,2490603711,ATGTCACCAAAAACAGAGACTAAAGCAAGTGTTGGATTCAAAGCTGGTGTTAAAGAGTACAAATTGACTTATTATACTCCTGAATATGAAACCAAGGATACTGATATCTTGGCAGCATTCCGAGTAACCCCTCAACCCGGAGTTCCGCCTGAGGAAGCAGGGGCTGCGGTAGCTGCCGAATCTTCTACTGGTACATGGACAACTGTGTGG
KU645804.1_L2_donor_210_r2,KU645804.1,Asimina incana,Other angiosperms,KU645804.1,val,L2_donor_210,210,1290,2,4175028550,ATGTCACCAAAAACAGAGACTAAAGCAAGTGTTGGGTTCAAAGCGGGTGTTAAAGAGTACAAATTGACTTATTATACTCCTGAATATGAAACCAAAGATACTGATATCTTGGCAGCATTCCGAGTAACCCCTCAACCCGGAGTTCCGCCCGAGGAAGCAGGGGCTGCGGTAGCTGCCGAATCCTCTACTGGTACATGGACAACTGTGTGG
LC060504.1_L2_donor_210_r2,LC060504.1,Acinetospora filamentosa,Brown algae,LC060504.1,train,L2_donor_210,210,1290,2,1206407746,ATGCCTGAAGATGTGCAGAATCGAACTCGAATAAAAAGTGAACGTTATGAATCAGGTGTTATTCCATATGCAAAAATGGGATATTGGGATGCTGATTATAACGTTAAAGAAACTGATATTCTAGCTCTTTTTCGTATCACACCACAACCAGGCGTAGATCCCGTTGAAGCTGCTGCTGCTGTTGCCGGTGAATCTTCTACTGCAACATGG
LC060517.1_L2_donor_210_r2,LC060517.1,Acinetospora asiatica,Brown algae,LC060517.1,train,L2_donor_210,210,1290,2,2841830913,ATGCCTGAAGATGTGCAGAATCGAACTCGAATAAAAAGTGAACGTTATGAATCAGGTGTTATTCCATATGCAAAAATGGGATATTGGGATGCTGATTATAACGTTAAAGAAACTGATATTCTAGCTCTTTTTCGTATCACACCACAACCAGGCGTAGATCCCGTTGAAGCTGCTGCTGCTGTTGCCGGTGAATCTTCTACTGCGACATGG
LC145073.1_L2_donor_210_r2,LC145073.1,Haplomitrium hookeri,Liverworts,LC145073.1,val,L2_donor_210,210,1290,2,891736308,ATGTCACCACAGACAGAAACTAGAGCAGGTGTTGGATTCAAAGCCGGTGTGAAAGATTACAGATTGACTTATTATACTCCCAATTACGAGACCAAAGACACCGACATCTTGGCAGCATTCCGAATGACTCCTCAACCTGGAGTGCCACCCGAAGAAGCTGGAGCGGCAGTAGCTGCCGAATCTTCCACAGGTACATGGACCACCGTTTGG
LC176260.1_L2_donor_210_r2,LC176260.1,Weisiopsis anomala,Mosses,LC176260.1,val,L2_donor_210,210,1290,2,2920027667,ATGTCACCACAAACGGAGACTAAAGCAGGTGTTGGATTTAAAGCTGGTGTTAAAGATTACAGATTAACTTATTACACTCCAGACTATCAGACTAAAGAAACTGATATTTTAGCAGCATTTCGAATGACTCCTCAACCAGGAGTACCAGCTGAAGAAGCAGGAGCTGCAGTAGCTGCGGAATCATCTACTGGTACATGGACTACTGTTTGG
LC200423.1_L2_donor_210_r2,LC200423.1,Selenastrum capricornutum,Green algae,LC200423.1,val,L2_donor_210,210,1290,2,247877184,ATGGTTCCTCAAACAGAAACTAAAGCAGGCGCTGGATTTAAAGCTGGTGTAAAAGACTACCGTTTAACATACTACACTCCTGATTACGTTGTTAAAGAAACTGACGTATTAGCTGCATTCCGTATGACTCCACAACCAGGTGTTCCACCTGAAGAGTGTGGTGCTGCCGTAGCTGCAGAATCATCAACAGGTACTTGGACAACAGTATGG
LC270392.1_L2_donor_210_r2,LC270392.1,Pohlia annotina,Mosses,LC270392.1,test,L2_donor_210,210,1290,2,44645912,ATGTCACCACAAACGGAGACTAAAGCAGGTGTTGGATTTAAAGCTGGTGTTAAAGATTACAGATTAACTTATTACACTCCAGATTATCAGACTAAAGAAACTGATATTTTAGCAGCATTTCGAATGACTCCTCAACCAGGAGTACCAGCTGAAGAGGCAGGAGCGGCAGTAGCTGCGGAATCTTCCACTGGTACATGGACTACTGTTTGG
LC272005.1_L2_donor_210_r2,LC272005.1,Fissidens subangustus,Mosses,LC272005.1,train,L2_donor_210,210,1290,2,615367791,ATGTCACCACAAACGGAGACTAAAGCAGGTGTTGGATTTAAAGCTGGTGTTAAAGATTACAGATTAACTTATTACACTCCAGATTATCAGACTAAAGAAACTGATATTTTAGCAGCATTTCGAATGACTCCTCAACCAGGGGTCCCATCTGAAGAAGCAGGAGCTGCAGTAGCTGCGGAATCTTCTACTGGTACATGGACCACTGTTTGG
LC376047.1_L2_donor_210_r2,LC376047.1,Hattoria yakushimensis,Liverworts,LC376047.1,train,L2_donor_210,210,1290,2,647449911,ATGTCACCACAAACGGAGACTAAAGCAGGTGTTGGATTCAAAGCTGGTGTTAAAGATTATAGATTAACTTACTATACGCCTGATTATGAGACGAAAGAAACAGATATTTTGGCAGCATTTCGTATGACTCCTCAGCCTGGAGTACCACCTGAAGAAGCAGGAGCAGCAGTAGCTGCCGAATCTTCAACTGGGACATGGACTACTGTTTGG
LC493039.1_L2_donor_210_r2,LC493039.1,Colpomenia borea,Brown algae,LC493039.1,train,L2_donor_210,210,1290,2,1006243260,ATGCCTGAAGATGTGCAGAATCGAACTCGAATAAAAAGTGAACGTTACGAATCAGGTGTTATTCCATATGCCAAAATGGGATATTGGGATGCTGATTATAACGTTAAAGAAACTGATATTCTAGCTCTTTTTCGTATCACTCCACAACCAGGTGTAGATCCCGTTGAAGCTGCCGCTGCTGTTGCCGGCGAATCTTCTACTGCAACATGG
LC723702.1_L2_donor_210_r2,LC723702.1,Schistochila sciurea,Liverworts,LC723702.1,train,L2_donor_210,210,1290,2,1144639455,ATGTCACCACAAACGGAGACTAAAGCAGGTGTTGGATTCAAAGCTGGTGTTAAAGATTATAGATTAACTTATTATACTCCGGATTATGAAACGAAAGATACGGATATTTTGGCAGCGTTTCGTATGACCCCTCAACCTGGAGTTCCAGCCGAAGAAGCAGGTGCAGCGGTTGCTGCCGAATCTTCCACAGGTACTTGGACTACAGTTTGG
LC735540.1_L2_donor_210_r2,LC735540.1,Centella asiatica,Eudicots,LC735540.1,train,L2_donor_210,210,1290,2,3891630446,ATGTCACCACAAACAGAGACTAAAGCAGGTGTTGGATTCAAAGCTGGGGTTAAAGATTACAAATTGACTTATTATACTCCTGACTATGAAACCAAAGATACTGATATCTTGGCAGCATTCCGAGTAACTCCTCAACCTGGAGTTCCACCTGAAGAAGCAGGGGCCGCGGTAGCTGCCGAATCTTCTACTGGTACATGGACAACTGTGTGG
LC791202.1_L2_donor_210_r2,LC791202.1,Pleurozia subinflata,Liverworts,LC791202.1,val,L2_donor_210,210,1290,2,1906546920,ATGTCACCACAAACGGAGACTAAAACAGGTGTTGGATTCAAAGCTGGTGTTAAAGATTATCGCTTAACTTATTATACTCCTGATTATCAGACGAAGGAGACAGATATTTTAGCAGCATTTCGTATGACTCCGCAACCTGGAGTACCGGCACAAGAAGCAGGAGCTGCAGTAGCCGCTGAGTCTTCTACTGGTACTTGGACTACAGTTTGG
LC858738.1_L2_donor_210_r2,LC858738.1,Cyathodium tuberosum,Liverworts,LC858738.1,train,L2_donor_210,210,1290,2,2639622456,ATGTCACCACAAACGGAGACTAAAGCAGGTGCTGGATTCAAAGCTGGTGTTAAAGATTATCGATTAAATTATTACACTCCTGATTATGAGACCAAAGATACAGATATTTTGGCAGCATCTAGAATGACTCCTCAACCTGGTGTACCACCGGAAGAAGCAGGAGCAGCTGTTGCTGCTGAATCTTCTACTGGTACATGGACTACAGTCTGG
LC858740.1_L2_donor_210_r2,LC858740.1,Cyathodium cavernarum,Liverworts,LC858740.1,train,L2_donor_210,210,1290,2,114158387,ATGTCACCACAAACGGAGACTAAAGCAGGTGCTGGATTCAAAGCTGGTGTTAAAGATTATCGATTAACTTATTACACTCCTGATTATGAGACCAAAGATACAGATATTTTGGCAGCATTCAGAATGACTCCTCAACCTGGCGTACCAGCGGAAGAAGCGGGAGCAGCTGTTGCTGCTGAATCTTCCACCGGTACATGGACTACAGTCTGG
LC859596.1_L2_donor_210_r2,LC859596.1,Trichocolea japonica,Liverworts,LC859596.1,train,L2_donor_210,210,1290,2,2448909088,ATGTCACCACAAACGGAGACTAAAACAGGTGTTGGATTCAAAGCTGGTGTGAAAGATTATAGATTAACTTATTACACACCTGATTATGAGACGAAAGAGACAGATATTTTGGCAGCATTTCGTATGACTCCTCAACCAGGAGTACCACCTGAAGAAGCAGGAGCAGCAGTAGCTGCTGAATCTTCGACTGGTACGTGGACCACGGTTTGG
LC884819.1_L2_donor_210_r2,LC884819.1,Cyanidium caldarium,Red algae,LC884819.1,train,L2_donor_210,210,1290,2,2573147191,ATGGCTCAGTCTGTGCAAGAACGAACACGTCTGAAAAATAAAAGGTATGAATCTGGCGTAATACCATATGCGAAAATGGGATATTGGGATCCGAACTATGTTGTAAAAGACACTGATATCTTAGCACTATTTAGAGTTACTCCTCAACCTGGGGTTGACCCTATTGAAGCTTCTGCCGCGGTAGCAGGAGAATCTTCAACAGCTACATGG
LC899187.1_L2_donor_210_r2,LC899187.1,Pyropia akasakae,Red algae,LC899187.1,train,L2_donor_210,210,1290,2,571327105,ATGTCTCAATCCGTAGAATCACGGACTAGGATTAAAAGCGAACGTTACGAATCTGGAGTAATCCCTTACGCTAAAATGGGCTACTGGGATGCTGACTATGTAATTAAAGAAACAGATATTTTAGCTCTTTTCAGAATCACTCCTCAACCAGGTGTTGACCCGATTGAAGCATCTGCTGCAATTGCAGGTGAATCTTCAACAGCTACTTGG
LC924737.1_L2_donor_210_r2,LC924737.1,Conocephalum orientale,Liverworts,LC924737.1,train,L2_donor_210,210,1290,2,691926406,ATGTCACCACAAACGGAGACTAAAGCAGGTACTGGATTCAAAGCTGGTGTTAAAGATTATCGATTAACTTATTATACTCCGGATTATGAAACTAAAGATACGGATATTTTAGCAGCATTTAGAATGACTCCTCAGCCTGGGGTACCAGCAGAAGAAGCAGGAGCAGCAGTTGCTGCTGAATCTTCTACTGGTACATGGACTACAGTTTGG
LC924765.1_L2_donor_210_r2,LC924765.1,Porella ulophylla,Liverworts,LC924765.1,train,L2_donor_210,210,1290,2,2451293569,ATGTCACCACAAACGGAAACTAAAACAGGTGCTGGATTTAAAGCTGGTGTTAAAGATTATAGATCAACTTATTATACTCCCGACTATGATACAAAGGAGACAGATATTTTAGCAGCATTTCGTATGACTCCTCAACCTGGAGTACCAGAACAAGAAGCAGGAGCAGCAGTAGCTGCTGAATCTTCCACCGGTACATGGACTACGGTTTGG
LC924778.1_L2_donor_210_r2,LC924778.1,Acrolejeunea pusilla,Liverworts,LC924778.1,train,L2_donor_210,210,1290,2,2395945003,ATGTCACCACAAACGGAGACTAAAGCAGGTGTTGGATTTAAAGCGGGCGTTAAGGATTATAGATTAACTTATTATACTCCTGAGTACCAGGTAAAGGCGACAGATATTTTGGCAGCATTTCGTATGACTCCTCAAGCCGGAGTACCAGCAGAAGAGGCAGGAGCAGCTGTAGCTGCTGAATCTTCAACTGGTACATGGACTACGGTTTGG
LC924831.1_L2_donor_210_r2,LC924831.1,Ceratodon purpureus,Mosses,LC924831.1,train,L2_donor_210,210,1290,2,15466024,ATGTCACCACAAACGGAGACTAAAGCAGGTGTTGGATTTAAAGCTGGTGTTAAAGATTACAGATTAAATTATTACACTCCAGATTATCAGACTAAAGATACTGATATTTTAGCAGCATTTCGAATGACTCCTCAACCAGGAGTACCACCTGAAGAAGCAGGAGCTGCAGTAGCTGCGGAATCTTCCACTGGTACATGGACCACTGTTTGG
LC924878.1_L2_donor_210_r2,LC924878.1,Orthotrichum consobrinum,Mosses,LC924878.1,val,L2_donor_210,210,1290,2,1366887983,ATGTCACCACAAACGGAGACTAAAGCAGGTGTTGGATTTAAAGCTGGTGTTAAAGATTACAGATTAACTTATTACACTCCAGATTATCAAACTAAAGAAACTGATATTTTAGCAGCATTTCGAATGACTCCTCAACCAGGAGTGCCAGCTGAAGAAGCAGGAGCTGCAGTAGCTGCAGAATCTTCTACTGGTACATGGACTACTGTTTGG
LC924944.1_L2_donor_210_r2,LC924944.1,Pylaisiadelpha yokohamae,Mosses,LC924944.1,train,L2_donor_210,210,1290,2,922324812,ATGTCACCACAAACGGAGACCAAAGCAGGTGTTGGATTTAAAGCTGGTGTTAAAGATTACAGATTAACTTATTACACCCCAGATTATCAAACTAAAGACACTGATATTTTGGCAGCATTTCGGATGACGCCTCAACCAGGAGTACCCGCTGAAGAGGCAGGAGCTGCAGTAGCTGCGGAATCCTCCACCGGTACATGGACCACTGTTTGG
LC924950.1_L2_donor_210_r2,LC924950.1,Calohypnum plumiforme,Mosses,LC924950.1,val,L2_donor_210,210,1290,2,1721101129,ATGTCACCACAAACGGAGACTAAAGCAGGTGTTGGATTTAAAGCTGGTGTTAAAGATTACAGATTAACTTATTACACTCCAGATTATCAGACTACAGCAACTGATATTTTAGCAGCATTTCGAATGACTCCTCAACCAGGAGTACCCGCTGAAGAGGCGGGAGCTGCAGTAGCTGCGGAATCCTCCACTGGTACATGGACCACTGTTTGG
LC924964.1_L2_donor_210_r2,LC924964.1,Myuroclada maximowiczii,Mosses,LC924964.1,train,L2_donor_210,210,1290,2,3661033322,ATGTCACCACAAACGGAGACTAAAGCAGGTGTTGGATTTAAAGCTGGTGTTAAAGATTACAGATTAACTTATTACACTCCAGATTATCAGACTAAAGAAACTGATATTTTAGCAGCATTTCGAATGACTCCTCAACCAGGAGTACCCGCTGAAGAGGCAGGAGCTGCAGTAGCTGCGGAATCTTCCACTGGTACATGGACCACCGTTTGG
MG251837.1_L2_donor_210_r2,MG251837.1,Hydroclathrus rapanuii,Brown algae,MG251837.1,train,L2_donor_210,210,1290,2,2132821213,ATGCTTGAAGATGTGCAGAATCGAACTCGAATAAAAAGTGAACGTTACGAATCAGGTGTAATTCCATATGCCAAAATGGGGTATTGGGATGCTGATTATAACGTTAAAGATACTGATATTCTAGCTCTTTTTCGTATCACTCCACAGCCAGGTGTAGATCCCGTTGAAGCTGCCGCTGCTGTTGCCGGCGAATCTTCTACTGCAACATGG
MH172437.1_L2_donor_210_r2,MH172437.1,Pectinopitys harmsiana,Conifers,MH172437.1,train,L2_donor_210,210,1290,2,1552583149,ATGTCACCAAAAACAGAGACTAAAGTAAGTGCTGGGTTCAAAGCTGGTGTTAAAGATTACAGATTAACTTATTATACTCCGGACTATCAGACCCAAGAGACTGATATCTTGGCAGCATTCCGAGTCACTCCTCAACCCGGAGTGCCCCCCGAGGAAGCAGGAGCGGCAGTAGCTGCCGAATCTTCCACTGGTACATGGACTACTGTTTGG
MH270460.1_L2_donor_210_r2,MH270460.1,Macleaya microcarpa,Other angiosperms,MH270460.1,train,L2_donor_210,210,1290,2,3980613995,ATGTCACCACAAACAGAGACTAAAGCAAGTGTTGGATTCAAAGCTGGTGTTAAAGATTACAAATTGACTTATTATACTCCTGACTATGAAACCAAAGATACTGATATCTTGGCAGCATTCCGAGTAACTCCTCAACCTGGAGTTCCGCCTGAGGAAGCAGGGGCCGCGGTAGCTGCCGAATCTTCTACTGGTACATGGACAACTGTGTGG
MH390671.1_L2_donor_210_r2,MH390671.1,Quinchamalium chilense,Eudicots,MH390671.1,train,L2_donor_210,210,1290,2,1703024974,ATGTCACCACAAACAGAGACTAAAGCGAGTGTTGGATTCAAAGCTGGTGTTAAAGAGTACAAATTGACTTATTATACTCCTGATTATGAAACCAAAGATACTGATATCTTGGCAGCATTCCGAGTAACTCCGCAACCTGGAGTTCCACCCGAAGAAGCGGGGGCTGCCGTAGCTGCTGAATCTTCTACTGGTACATGGACAACTGTATGG
MH390672.1_L2_donor_210_r2,MH390672.1,Schoepfia schreberi,Eudicots,MH390672.1,train,L2_donor_210,210,1290,2,2701283574,ATGTCACCACAAACAGAGACTAAAGCAAGTGTTGGATTCAAAGCTGGTGTTAAAGAGTACAAATTGACTTATTATACTCCTGATTATGAAACCAAAGATACTGATATCTTGGCAGCATTCCGAGTAACTCCTCAACCCGGAGTTCCACCCGAGGAAGCGGGGGCCGCGGTAGCTGCCGAATCCTCTACTGGTACATGGACAACTGTGTGG
MH545292.1_L2_donor_210_r2,MH545292.1,Batophora occidentalis,Green algae,MH545292.1,train,L2_donor_210,210,1290,2,820544077,ATGGCTCCACAAACTGAGACTAAAGCAAGTGCTGGATTTAAAGCGGGTGTAAAAGATTATCGTTTAACATATTACACTCCTGATTATCAAGTACAAGACACTGATATTTTAGCTGCGTTTCGAATGACTCCACAACCTGGAGTACCAGCAGAAGAATGTGCTGCTGCAGTTGCCGCTGAATCTTCAACAGGTACTTGGACAACAGTATGG
MH545335.1_L2_donor_210_r2,MH545335.1,Halicoryne sp. HV04044,Green algae,MH545335.1,train,L2_donor_210,210,1290,2,1353466080,ATGGGAACAACTGAAACGAAAGCAGGTGCTGGATTTAAAGCGGGTGTAAAAGATTATCGTCTAACGTACTATACACCTGATTATCAAGTACAAGATACAGATATTTTAGCAGCATTTCGAATGACGCCTCAGCCAGGAGTTCCAGCGGAAGAATGTGCCGCTGCTGTAGCTGCTGAATCTTCAACAGGTACTTGGACTACTGTTTGGACA
MH616272.1_L2_donor_210_r2,MH616272.1,Borya sphaerocephala,Monocots,MH616272.1,train,L2_donor_210,210,1290,2,135614248,ATGTCACCACAAACAGAGACTAAAGCAAATGTTGGATTTAAAGCTGGTGTTAAAGATTACAAATTGACTTATTATACTCCTGACTACGACACCAAAGATACTGATATTTTGGCAGCATTTCGAGTAACTCCTCAACCAGGAGTTCCGCCTGAAGAAGCAGGGGCCGCGGTAGCTGCCGAATCTTCTACTGGTACATGGACAACTGTGTGG
MH661965.1_L2_donor_210_r2,MH661965.1,Epiblema grandiflorum,Monocots,MH661965.1,train,L2_donor_210,210,1290,2,1508756733,ATGAGTTGTAGGGAGGGACTTATGTCACCACAAACAGAGACTAAAGCAAGCGTTGGATTTAAAGCTGGTGTTAAAGATTACAAATTGACTTATTATACTCCTGACTACGAAACAAAAGATACTGATATCTTGGCAGCATTCCGAGTAACTCCTCAACCGGGAGTTCCGCCTGAAGAAGCGGGAGCTGCGGTAGCAGCCGAATCTTCTACT
MK295219.1_L2_donor_210_r2,MK295219.1,Chlorella sp. 64.01,Green algae,MK295219.1,train,L2_donor_210,210,1290,2,3437783276,ATGGCTCCACAAACTGAAACTAGAGCAGGTGCTGGATTTAAAGCAGGTGTTAAAGATTATCGTTTAACATACTATACTCCTGACTATCAACCAAAAGAAACTGATATTCTTGCAGCATTCCGTATGACACCACAACCAGGTGTACCACCGGAAGAAGCTGGTGCAGCGGTAGCAGCAGAATCTTCAACAGGTACTTGGACGACTGTATGG
MK295220.1_L2_donor_210_r2,MK295220.1,Pseudochlorella pringsheimii,Green algae,MK295220.1,train,L2_donor_210,210,1290,2,3023330647,ATGTCTCCACAAACTGAAACTAAAGCAAGGGTGGGTTTCAAAGCAGGTGTTAAAGACTACCGTTTAACTTACTATACTCCTGATTACCAACCAAAAGATACTGATATTCTTGCAGCGTTCCGTATGACTCCTCAACCAGGTGTTCCACCAGAAGAAGCTGGTGCAGCGGTAGCAGCAGAATCATCAACTGGTACTTGGACGACTGTATGG
MK806439.1_L2_donor_210_r2,MK806439.1,Lepisorus jakonensis,Ferns,MK806439.1,train,L2_donor_210,210,1290,2,3995843405,ATGTCACCACAAACGGAGACTAAAGCGGGTGTTGGATTCAAAGCTGGTGTCAAAGATTATCGATTGACTTATTACACCCCCGAATACAAAACCAAAGATACCGATATCTTAGCAGCATTTCGAATGACCCCACAACCTGGAGTACCGGCTGAGGAAGCTGGAGCTGCGGTAGCTGCAGAATCCTCCACAGGTACGTGGACCACTGTATGG
MN030175.1_L2_donor_210_r2,MN030175.1,Botrypus virginianus,Ferns,MN030175.1,train,L2_donor_210,210,1290,2,202299040,ATGTCACCACAAACGGAGACTAAAGCAGGTGTTGGATTCAAAGCTGGTGTTAAAGATTATCGATTGACCTATTACACTCCCGATTACAAAACCAAGGATACTGATATCCTAGCAGCTTTTCGAATGACTCCCCAACCTGGAGTGCCAGCTGAGGAAGCGGGAGCCGCGGTAGCTGCTGAATCTTCCACCGGTACGTGGACCACCGTATGG
MN601490.1_L2_donor_210_r2,MN601490.1,Clematis sp. DPP-2019a,Other angiosperms,MN601490.1,train,L2_donor_210,210,1290,2,973091048,ATGTCACCACAAACAGAGACTAAAGCGAGTGTTGGCTTCAAAGCAGGTGTTAAAGAGTACAAATTGAATTATTATACTCCTGAATATGAACCCAAAGAAACTGATACCTTGGCGGCATTCCGAGTAAGTCCTCAACCTGGAGTTCCACCTGAAGAAGCAGGGGCTGCTGTAGCTGCCGAATCTTCTACGGGTACATGGACAACTGTGTGG
MN793055.1_L2_donor_210_r2,MN793055.1,Chara vulgaris,Other green,MN793055.1,train,L2_donor_210,210,1290,2,2450609961,ATGTCACCACAGACAGAAACTAAAACAAGTGCTGGATTTAAAGCAGGGGTAAAAGATTACAGATTAACTTACTATACTCCTGAGTATAAAACTAAAGATACTGACATTTTAGCTGCATTTCGTGTAACTCCACAACCTGGCGTTCCACCTGAAGAAGCAGGTGCTGCAGTAGCTGCAGAATCTTCCACTGGTACATGGACTACTGTTTGG
MT439865.1_L2_donor_210_r2,MT439865.1,Glomerochrysis psammophila,SAR/other protist,MT439865.1,val,L2_donor_210,210,1290,2,3725340799,ATGTCTCAATCTGTATCAGAACGTACACGTATTAAGAGCGAACGTTATGAATCTGGTGTAATCCCTTACGCTAAAATGGGTTACTGGGATTCTAGTTACACAATCAAGAGTACGGATGTTCTTGCATTATTCCGTATTACACCTCAACCGGGCGTAGATCCAGTTGAAGCTGCTGCTGCCGTAGCGGGTGAATCTTCAACAGCTACATGG
MW267923.1_L2_donor_210_r2,MW267923.1,Zygnema circumcarinatum,Other green,MW267923.1,train,L2_donor_210,210,1290,2,3098488138,ATGTCACCACAAACAGAAACCAAAGCAGGTGCTGGATTTAAAGCAGGGGTAAAAGATTACCGACTTACCTATTACACTCCTGACTATGAAACTAAGGAAACCGATATCCTTGCTGCATTCCGTATGACTCCTCAACCTGGAGTTCCACCGGAAGAAGCAGGTGCTGCTGTAGCAGCAGAGTCCTCTACTGGTACATGGACTACTGTTTGG
MW524049.1_L2_donor_210_r2,MW524049.1,Dryopteris fragrans,Ferns,MW524049.1,train,L2_donor_210,210,1290,2,2101735621,ATGTCACCACAAACGGAGACTAAAGCAGGTGTTGGATTCAAAGCTGGTGTCAAAGATTATCGATTGACCTATTACACCCCCGAATACAAGACCAAAGATACCGATATCTTAGCAGCCTTTAGAATGACCCCACAACCCGGAGTACCGGCTGAGGAAGCCGGAGCTGCGGTAGCTGCGGAATCCTCCACGGGTACGTGGACCACTGTATGG
MZ133428.1_L2_donor_210_r2,MZ133428.1,Corbierea radiosa,Green algae,MZ133428.1,train,L2_donor_210,210,1290,2,489653100,ATGGTTCCACAAACAGAAACAAGAGCTGGTGCTGGGTTTAAAGCTGGTGTTAAAGATTATCGATTAACGTATTATACACCAGATTACGTAGTGAAAGACACTGATATTTTAGCTGCTTTCCGTATGACTCCACAACCAGGTGTTCCACCAGAAGAATGTGGTGCAGCTGTTGCAGCTGAATCATCAACAGGTACTTGGACAACTGTATGG
MZ714562.1_L2_donor_210_r2,MZ714562.1,Scutellaria indica var. tsusimensis,Eudicots,MZ714562.1,train,L2_donor_210,210,1290,2,4162143687,ATGTCACCACAAACTGAAACCAGAACAGGTACTGGCTTTAAAGCAGGCGTTAAGGACTATCGCCTAACTTACTACACTCCTGATTATGAGACCAAAGAGACTGATATCCTAGCTGCATTTCGGATGACTCCTCAACCTGGAGTTCCTCCTGAAGAAGCAGGTGCTGCGGTTGCAGCTGAATCTTCAACCGGTACCTGGACCACTGTATGG
OK588964.1_L2_donor_210_r2,OK588964.1,Hydrocleys nymphoides,Monocots,OK588964.1,train,L2_donor_210,210,1290,2,3692714881,ATGTCACCACAAACGGAGACTAAAACAGGTGTTGGATTCAAAGCTGGTGTTAAAGATTACAAATTGACTTATTATACTCCTGAATATCAAACAAAAGATACTGATATCTTGGCAGCATTCCGAGTAACCCCGCAACCCGGAGTTCCACCTGAGGAAGCAGGGGCCGCAGTAGCTGCCGAATCTTCTACTGGTACATGGACAACCGTGTGG
OK588972.1_L2_donor_210_r2,OK588972.1,Baldellia ranunculoides,Monocots,OK588972.1,train,L2_donor_210,210,1290,2,3964809429,ATGTCACCACAAACAGAGACTAAAACAGGTGTTGGATTCAAAGCCGGTGTTAAAGATTACAAATTGACTTATTATACTCCTGAATATCAAACCAAAGATACTGATATCTTGGCAGCATTCCGAGTAACTCCGCAACCGGGAGTTCCACCTGAGGAAGCAGGTGCCGCGGTAGCTGCCGAATCTTCTACTGGTACATGGACAACTGTGTGG
OK588984.1_L2_donor_210_r2,OK588984.1,Echinodorus paniculatus,Monocots,OK588984.1,train,L2_donor_210,210,1290,2,201262349,ATGTCACCACAAACAGAGACTAAAACAGGTGTTGGATTCAAAGCAGGTGTTAAAGATTACAAATTGACCTATTATACTCCTGAATATCAAACCAAAGATACTGATATCTTGGCAGCATTCCGAGTAACCCCGCAACCCGGAGTTCCACCTGAAGAAGCAGGGGCCGCAGTAGCTGCCGAATCTTCTACTGGTACATGGACAACTGTGTGG
OK588986.1_L2_donor_210_r2,OK588986.1,Helanthium bolivianum,Monocots,OK588986.1,train,L2_donor_210,210,1290,2,635969916,ATGTCACCGCAAACAGAGACTAAAACAGGTGTCGGATTCAAAGCTGGTGTTAAAGATTACAAATTGACTTATTATACTCCTGAATATCAAACCAAAGATACTGATATCTTGGCAGCATTCCGAGTAACCCCGCAACCTGGAGTTCCACCTGAGGAAGCAGGGGCCGCCGTAGCGGCCGAATCTTCTACTGGTACATGGACAACCGTGTGG
OK588987.1_L2_donor_210_r2,OK588987.1,Limnocharis flava,Monocots,OK588987.1,train,L2_donor_210,210,1290,2,989650483,ATGTCACCACAAACAGAGACTAAAACAGGTGTTGGATTCCAAGCAGGTGTAAAAGATTACAAATTAACTTATTATACTCCTGAATATCAAACAAAAGATACTGATATCTTGGCAGCATTCCGAGTAACCCCGCAACCCGGGGTTCCACCTGAGGAAGCTGGGGCCGCAGTAGCCGCCGAATCCTCGACCGGTACATGGACAACTGTGTGG
OL504528.1_L2_donor_210_r2,OL504528.1,Smilax weniae,Monocots,OL504528.1,train,L2_donor_210,210,1290,2,57758365,ATGTCACCACAAACAGAGACTAAAGCAAGTGTTGGATTCAAAGCTGGTGTTAAAGATTACAAATTGACTTATTATACTCCTGACTATGAAACCAAAGATACTGATATCTTGGCAGCATTCCGAGTAACTCCTCAACCCGGAGTTCCGCCTGAAGAGGCAGGGGCAGCGGTAGCCGCAGAATCTTCTACTGGTACATGGACAACTGTGTGG
ON568338.1_L2_donor_210_r2,ON568338.1,Scytosiphon sp. Atlantic complex sp. 1,Brown algae,ON568338.1,test,L2_donor_210,210,1290,2,868947268,ATGCCTGAAGATGTGCAGAATCGAACTCGAATAAAAAGTGAACGTTACGAATCAGGTGTTATTCCATATGCCAAAATGGGATATTGGGATGCCGATTATAACGTTAAAGAAACTGATATTCTAGCTCTTTTTCGTATCACTCCACAACCAGGTGTAGATCCCGTTGAAGCTGCCGCTGCTGTTGCCGGCGAATCTTCTACTGCAACATGG
ON684489.1_L2_donor_210_r2,ON684489.1,Juniperus navicularis,Conifers,ON684489.1,train,L2_donor_210,210,1290,2,155808208,ATGTCACCAAAAACAGAGACTAAAGCAAGTGTCGGATTCAAAGCGGGTGTTAAAGATTACAGATTAACTTATTATACTCCGGAATATCAGACCAAAGATACTGATATCTTGGCAGCATTCCGAGTCACTCCTCAACCTGGAGTGCCCCCCGAAGAAGCGGGAGCAGCGGTAGCTGCCGAATCTTCCACTGGTACGTGGACCACTGTTTGG
ON920851.1_L2_donor_210_r2,ON920851.1,Pseudostaurastrum enorme,SAR/other protist,ON920851.1,train,L2_donor_210,210,1290,2,3905556985,ATGTTTCAATCTGTAGAAGAAAGAACACGAATTAAAAATGAACGTTATGAATCAGGTGTAATCCCTTACGCTGAAATGGGATATTGGGATGCTAATTATACAGTTAAAGATACTGATGTATTAGCTTTATTCCGTATTACTCCACAACCTGGTGTTGATCCTATTGAAGCGGCAGCAGCGGTAGCTGGTGAATCTTCAACAGCAACATGG
ON933796.1_L2_donor_210_r2,ON933796.1,Commiphora wightii,Eudicots,ON933796.1,train,L2_donor_210,210,1290,2,2451228391,ATGAGTTGTAGGGAGGGACTTATGTCACCACAAACAGAGACTAAAGCAAGTGTTGGATTCAAAGCCGGTGTTAAAGACTATAAATTGAATTATTATACTCCTCAATATCAAACCAAAGATACTGATATCTTGGCAGCATTCCGAGTAACTCCTCAACCCGGAGTTCCACCCGAGGAAGCGGGGGCCGCGGTAGCTGCGGAATCTTCTACT
OP237580.1_L2_donor_210_r2,OP237580.1,Baolia bracteata,Eudicots,OP237580.1,train,L2_donor_210,210,1290,2,320488861,ATGTCACCACAAACAGAGACTAAAGCAAGTGTTGGATTTAAAGCGGGTGTTAAAGATTACAAATTGACTTATTATACTCCTGAGTATGAAACCCAAGATACTGATATCTTGGCAGCATTCCGAGTAACTCCTCAACCTGGAGTTCCACCCGAAGAAGCAGGGGCTGCAGTAGCTGCCGAATCTTCTACTGGTACATGGACAACTGTATGG
OP330067.1_L2_donor_210_r2,OP330067.1,Asplenium trichomanes,Ferns,OP330067.1,train,L2_donor_210,210,1290,2,3406289819,ATGTCGCCACAAACGGAGACTAAGGCGGGTGTTGGATTCAAAGCTGGTGTCAAAGATTACCGGCTGACTTATTACACCCCCGAATACAAAGTTAAAGATACTGATATTTTGGCAGCTTTTCGGATGACCCCACAACCCGGAGTACCAGCTGAAGAAGCTGGAGCTGCAGTAGCTGCGGAGTCCTCTACAGGTACGTGGACCACTGTTTGG
OQ863300.1_L2_donor_210_r2,OQ863300.1,Laurencia catarinensis,Red algae,OQ863300.1,train,L2_donor_210,210,1290,2,60297961,ATGTCTAACTCTGTAGAAGAACGGACACGGATTAAAAACGAACGTTATGAATCTGGTGTAATTCCATACGCAAAAATGGGATACTGGGACCCTAACTATGTAGTTAAAGATACAGATATATTAGCTCTGTTTAGAGTTAGTCCACAACCAGGAGTAGATCCAGTAGAAGCTTCTGCAGCCGTTGCAGGTGAATCATCTACTGCAACATGG
OQ863312.1_L2_donor_210_r2,OQ863312.1,Laurencia sp. A25,Red algae,OQ863312.1,train,L2_donor_210,210,1290,2,453477321,ATGTCTAACTCTGTAGAAGCACGGACACGGATTAAAAACGAACGTTATGAATCTGGTGTAATTCCATACGCAAAAATGGGATACTGGGACCCTAACTACGTAGTTAAAGATACAGATATATTAGCTCTATTTAGAGTTAGTCCACAACCAGGAGTAGATCCAGTAGAGGCTTCTGCAGCAGTTGCAGGTGAATCATCTACTGCAACATGG
OQ868456.1_L2_donor_210_r2,OQ868456.1,Pteris pseudowulaiensis,Ferns,OQ868456.1,train,L2_donor_210,210,1290,2,2868238719,ATGTCGCCACAAACGGAGACTAAAGCAGGTGTTGGATTCAAAGCTGGTGTCAAAGATTATCGATTGACTTATTACACTCCCGAATACAAGACCAAAGATACTGATATATTAGCGGCTTTCCGAATGACCCCACAACCTGGAGTACCAGCTGAGGAGGCCGGAGCTGCAGTAGCTGCGGAATCCTCTACGGGTACCTGGACCACGGTATGG
OR165438.1_L2_donor_210_r2,OR165438.1,Cyanotis obtusa,Monocots,OR165438.1,test,L2_donor_210,210,1290,2,1540027906,ATGTCACCACAAACAGAGACTAAAGCAAGTGTTGGATTTAAAGCGGGTGTTAAAGATTATAAATTGACTTATTATACTCCTGAGTACCAAACCAAAGATACTGATATATTGGCAGCATTCCGAGTAACTCCTCAACCAGGAGTTCCGCCTGAGGAAGCAGGTGCTGCGGTAGCTGCCGAATCTTCTACTGGTACATGGACAACCGTGTGG
OR165493.1_L2_donor_210_r2,OR165493.1,Tradescantia fluminensis,Monocots,OR165493.1,train,L2_donor_210,210,1290,2,353620785,ATGTCACCACAAACAGAGACTAAAGCAAGTGTTGGATTTAAAGCGGGTGTTAAAGATTATAAATTGACTTATTATACTCCTGAGTACCAAACTAAAGATACTGATATATTGGCAGCATTCCGAGTAACTCCTCAACCAGGAGTTCCGCCGGAGGAAGCAGGGGCTGCGGTAGCTGCGGAATCTTCTACTGGTACATGGACAACTGTGTGG
OR359632.1_L2_donor_210_r2,OR359632.1,Amoenothamnion planktonicum,Red algae,OR359632.1,train,L2_donor_210,210,1290,2,1262707562,ATGTCTAACTCTGTAGAAGAACGGACAAGAATTAAAAATGAACGTTATGAATCTGGTGTAATCCCTTATGCAAAAATGGGATATTGGGATCCAGAATATGTGGTTAAAGATACAGACGTATTAGCTCTGTTTCGTGTATCTCCACAGCCAGGCGTTGACCCAATTGAAGCTTCTGCTGCAGTTGCTGGTGAATCATCTACTGCTACTTGG
PP263658.1_L2_donor_210_r2,PP263658.1,Daphniphyllum macropodum subsp. humile,Eudicots,PP263658.1,val,L2_donor_210,210,1290,2,568122701,ATGAGTTGTAGGGAGGGACTTATGTCACCACAAACAGAGACTAAAGCAAGTGTTGGATTCAAAGCTGGTGTTAAAGATTACAAATTGACTTATTATACTCCTGACTATGACACCAAAGATACTGATATCTTGGCAGCATTCCGAGTAACTCCTCAACCTGGAGTTCCACCTGAGGAAGCAGGGGCCGCGGTAGCTGCGGAATCTTCTACT
PQ031122.1_L2_donor_210_r2,PQ031122.1,Mallomonas flora,SAR/other protist,PQ031122.1,train,L2_donor_210,210,1290,2,1244884035,ATGAGTACAGGAGAAAGAACGCGTATTAAATCAGAACGTTATGAATCTGGAGTAATCCCATACAAAAAAATGGGTTATTGGGATGCAGACTACACAGTTAAAGATACTGATGTTTTATGTCTTTTCCGTATTACACCACAACCAGGAGTTGATCCAGTTGAAGCTGCAGCAGCTGTTGCTGGAGAATCATCAACTGCTACTTGGACTGTT
PQ031123.1_L2_donor_210_r2,PQ031123.1,Mallomonas striata,SAR/other protist,PQ031123.1,train,L2_donor_210,210,1290,2,1125967819,ATGAGTGATGCAGTAGAAAGAACACGTATTAAATCAGAACGTTATGAATCTGGAGTAATTCCATATAAAAAAATGGGTTATTGGGATGCAGACTATACAGTGAAAGAAACTGATGTTCTTTGTCTTTTCCGTATTACACCACAACCAGGTGTTGACCCAGTAGAAGCTGCTGCAGCTGTAGCTGGAGAATCATCTACAGCTACATGGACA
PQ031125.1_L2_donor_210_r2,PQ031125.1,Mallomonas kalinae,SAR/other protist,PQ031125.1,train,L2_donor_210,210,1290,2,167306967,ATGAGTGATGCATCAGAAAGAACGCGTATTAAATCAGAACGTTATGAATCTGGAGTAATTCCATACAAAAAAATGGGGTATTGGGATGCTGATTATTCAGTAAAAGAAACTGACGTTTTATGTCTTTTCCGTATTACACCACAACCAGGAGTTGATCCTATTGAAGCTGCTGCAGCTGTAGCTGGAGAATCTTCAACAGCAACTTGGACA
PQ031131.1_L2_donor_210_r2,PQ031131.1,Mallomonas annulata,SAR/other protist,PQ031131.1,train,L2_donor_210,210,1290,2,2262701027,ATGAGTGATGCAGTAGAAAGAACACGTATTAAATCAGAACGTTATGAATCAGGAGTAATTCCATACAAAAAAATGGGTTATTGGGATGCAGACTATACAATTAAAGATAGTGATGTATTATGTCTTTTCCGTTTAACACCACAACCAGGAGTTGACCCAGTTGAAGCTGCTGCAGCTGTTGCTGGAGAATCATCTACTGCTACTTGGACA
PQ031145.1_L2_donor_210_r2,PQ031145.1,Mallomonas splendens,SAR/other protist,PQ031145.1,val,L2_donor_210,210,1290,2,199869175,ATGAGTGATGCATCAGAAAGAACGCGTATTAAATCAGAACGTTATGAATCTGGAGTAATTCCATACAAAAAAATGGGTTATTGGGATGCAGATTACACAGTAAAAGATTCTGATGTATTATGTCTTTTCCGTTTAACACCACAACCAGGTGTTGACCCGATTGAAGCAGCAGCTGCTGTTGCTGGAGAATCTTCTACAGCTACTTGGACT
PQ213023.1_L2_donor_210_r2,PQ213023.1,Vaucheria litorea,SAR/other protist,PQ213023.1,train,L2_donor_210,210,1290,2,521013663,ATGTCTAAGTCTGTACAAGAGCGTACTCGAATTAAAAGCCAACGTTATGAATCTGGTGTAATTCCTTATGCGAAAATGGGTTATTGGGATGCATTTTATAATGTAAAACATACGGATGTATTAGCGTTATTTCGTATTACTCCGCAACCTGGTGTAGATCCTGTAGAAGCAGCAGCAGCTGTTGCTGGTGAATCTTCAACTGCGACTTGG
PQ791840.1_L2_donor_210_r2,PQ791840.1,Pelagomonas calceolata,SAR/other protist,PQ791840.1,train,L2_donor_210,210,1290,2,71919226,ATGTCTCAAAATGTATCTGAACGTACAAGAATTAAAAGTGAACGTTACGAATCTGGTGTAATCCCTTACGCTAAAATGGGTTACTGGGATGCTAACTACGCAGTTAAGACAACTGACTTATTAGCATTATTCCGTATCACTCCACAACCAGGTGTTGACCCAGTTGAAGCTGCTGCTGCAGTTGCTGGTGAGTCTTCTACTGCAACATGG
PQ791846.1_L2_donor_210_r2,PQ791846.1,Arachnochrysis pilardiaziae,SAR/other protist,PQ791846.1,train,L2_donor_210,210,1290,2,82400778,ATGTCTCAATCTGTATCAGAACGTACACGAATTAAGAGCGAACGTTATGAATCTGGAGTAATTCCTTATGCTAAAATGGGTTACTGGGATTCTAACTATACCATTAAGACTACTGATGTTCTTGCGCTATTCCGTATTACTCCTCAACCAGGTGTGGACCCGGTTGAAGCGGCTGCAGCTGTAGCAGGGGAGTCTTCAACAGCTACATGG
PV575775.1_L2_donor_210_r2,PV575775.1,Sargassum hemiphyllum var. chinense,Brown algae,PV575775.1,train,L2_donor_210,210,1290,2,444442448,ATGCCTGAGAACGTACAGGAAAGAACTCGAATAAAAAGTGAGCGTTATGAATCTGGTGTAATACCATATGCTAAAATGGGATATTGGGATGCAGATTACAAGGTTAAAGAAACTGATATTCTAGCTCTATTTCGTATAACTCCTCAACCAGGTGTAGATCCTCTAGAAGCTGCGGCTGCTGTTGCCGGTGAATCTTCTACAGCAACATGG
PV999901.1_L2_donor_210_r2,PV999901.1,Pseudoderbesia sp. HV-2025c,Green algae,PV999901.1,train,L2_donor_210,210,1290,2,2106214554,ATGGGTCCAAAAACAGAAACTAAGGCAGGTGCTGGTTTTAAGGCAGGGGTAAAAGATTATCGCCTCACTTATTATACACCAGACTATCAAGTGAAAGACACAGATGTGTTAGCTGCATTTCGTATGACTCCGCAACCTGGGGTACCCGCTGAAGAGTGTGGTGCAGCGGTAGCCGCGGAATCTTCAACAGGGACATGGACAACTGTATGG
PV999913.1_L2_donor_210_r2,PV999913.1,Pseudoderbesia epilithica,Green algae,PV999913.1,train,L2_donor_210,210,1290,2,326523574,ATGGCTCCAAAAACTGAAACAAAAGCAGGTGCAGGATTTAAAGCAGGGGTAAAAGACTATCGTTTAACTTACTATACACCGGATTATCAAACAAAAGATACAGATATTCTTGCTGCTTTTCGTATGACTCCACAGCCAGGTGTACCACCAGAAGAATGTGGCGCTGCTGTAGCTGCAGAATCCTCAACAGGAACATGGACAACGGTATGG
PX743792.1_L2_donor_210_r2,PX743792.1,Stemona parviflora,Monocots,PX743792.1,val,L2_donor_210,210,1290,2,3696907945,ATGTCACCACAAACAGAGACTAAAGCAAGTGTTGGATTCAAAGCTGGTGTTAAAGATTACAAATTGACTTATTATACTCCTGATTACGAAACCAAGGATACTGATATCTTGGCAGCATTTCGAGTAACTCCTCAACCCGGAGTTCCGCCTGAAGAAGCAGGGGCTGCGGTAGCTGCTGAATCTTCTACTGGTACATGGACAACTGTGTGG
PX743818.1_L2_donor_210_r2,PX743818.1,Corydalis caudata,Other angiosperms,PX743818.1,train,L2_donor_210,210,1290,2,10631391,ATGAGTTGTAGGGAGGGACTTATGTCACCACAAACAGAGACTAAAGCAAGTGTTGGATTCAAAGCTGGTGTTAAAGATTACAAATTGACTTATTATACTCCTGACTATGAAACAAAAGATACTGATATCTTGGCAGCATTCCGAGTCACTCCTCAACCTGGAGTTCCACCTGAGGAAGCAGGGGCCGCGGTAGCTGCCGAAAGTAACTTG
PX743828.1_L2_donor_210_r2,PX743828.1,Arcangelisia gusanlung,Other angiosperms,PX743828.1,train,L2_donor_210,210,1290,2,3973354907,ATGAGTTGTAGGGAGGGACTTATGTCACCACAAACAGAGACTAAAGCAAGTGTTGGATTCAAAGCTGGTGTTAAAGATTACAAATTGACTTATTATACTCCTGACTATGTAACCAAAGATACTGATACGCTAGCAGCATTCCGAGTAACTCCTCAACCTGGAGTTCCGCCTGAAGAAGCGGGGGCTGCGGTAGCTGCCGAATCTTCTACA
PX743839.1_L2_donor_210_r2,PX743839.1,Thalictrum fortunei,Other angiosperms,PX743839.1,test,L2_donor_210,210,1290,2,3385481695,ATGTCACCACAAACAGAGACTAAAGCAAGTGTTGGCTTCAAAGCGGGTGTTAAAGATTACAAATTGACTTATTATACTCCTGAATATGAACCCAAAGATACTGATACCTTGGCGGCATTCCGAGTAACTCCTCAACCGGGAGTTCCTGCTGAAGAAGCAGGGGCTGCTGTAGCTGCCGAATCTTCTACAGGTACATGGACAACTGTGTGG
PX743843.1_L2_donor_210_r2,PX743843.1,Sabia discolor,Other angiosperms,PX743843.1,train,L2_donor_210,210,1290,2,468512004,ATGTCACCACAAACAGAGACTAAAGCAAGTGCTGGATTCAAAGCTGGTGTTAAAGATTACAAATTGAATTATTATACTCCTGAATATAACACCCTAGACACTGATATCTTGGCAGCATTCCGAGTAACTCCTCAACCAGGAGTTCCACCTGAGGAAGCAGGCGCCGCGGTAGCTGCCGAATCTTCTACTGGTACATGGACAACTGTGTGG
PX743855.1_L2_donor_210_r2,PX743855.1,Saxifraga unguiculata,Eudicots,PX743855.1,test,L2_donor_210,210,1290,2,1858983433,ATGTCACCACAAACAGAGACTAAAGCGAGTGTTGGATTCAAAGCCGGTGTTAAAGATTACAAATTGACTTATTATACCCCTGATTATGAAACCAAAGATACTGATATCTTGGCAGCATTCCGAGTAACTCCTCAACCTGGAGTTCCACCTGAGGAAGCAGGGGCCGCAGTAGCTGCTGAATCTTCTACTGGCACATGGACAACTGTATGG
PX743950.1_L2_donor_210_r2,PX743950.1,Myrica nana,Eudicots,PX743950.1,train,L2_donor_210,210,1290,2,3924152474,ATGTCACCACAAACAGAGACTAAAGCAAGTGTTGGATTCAAAGCTGGTGTTAAAGATTATAAATTGACTTATTATACTCCTGACTATGAAACCAAGGATACTGATATCTTGGCAGCGTTCCGAGTAACTCCTCAACCTGGAGTTCCGCCTGAGGAAGCAGGGGCAGCAGTAGCTGCTGAATCTTCTACTGGTACATGGACAACTGTGTGG
PX743996.1_L2_donor_210_r2,PX743996.1,Acalypha matsudae,Eudicots,PX743996.1,train,L2_donor_210,210,1290,2,2313326902,ATGTCACCACAAACAGAGACTAAAGCAAGTGTTGGGTTCAAGGCTGGTGTTAAAGATTATAAATTGACTTATTTTACTCCTGACTATCAAACCAAAGATACTGATATCTTGGCAGCATTCCGAGTAACTCCTCAACCTGGAGTTCCGCCGGAGGAAGCAGGAGCTGCGGTAGCTGCTGAATCTTCTACTGGTACATGGACAACTGTGTGG
PX743998.1_L2_donor_210_r2,PX743998.1,Falconeria insignis,Eudicots,PX743998.1,train,L2_donor_210,210,1290,2,1136074941,ATGTCACCACAAACAGAAACTAAAGCAAGTGTTGGATTCAAGGCTGGTGTTAAAGATTATAAATTGACTTATTATACTCCTGAATATGAAACCAAAGATACTGATATCTTGGCAGCATTCCGAGTAACTCCTCAACCTGGAGTTCCGCCTGAGGAAGCAGGAGCTGCGGTAGCTGCTGAATCTTCTACTGGTACATGGACAACTGTGTGG
PX744014.1_L2_donor_210_r2,PX744014.1,Fordiophyton faberi,Eudicots,PX744014.1,train,L2_donor_210,210,1290,2,2205644689,ATGTCACCACAAACAGAGACTAAAGCAAGTGTTGGATTCAAAGCTGGTGTTAAAGATTATAGACTGACTTATTATACTCCTGACTATCAAGTCAAACCTACTGATACCTTGGCAGCATTCCGAGTAACTCCGCAACCAGGAGTTCCGCCTGAAGAAGCAGGGGCTGCGGTAGCTGCTGAATCTTCTACTGGTACATGGACAACTGTGTGG
PX744018.1_L2_donor_210_r2,PX744018.1,Acer albopurpurascens,Eudicots,PX744018.1,test,L2_donor_210,210,1290,2,334479933,ATGTCACCACAAACAAAGACTAAAGCAAGTGTTGGATTCAAAGCCATCGTTAAAGATTATAAATTGACTTATTATACTCTTGACTATGTAACCAAAGATACTTATATCTTGGCAGCATTCCAAGTAACTCCTCAACCCGGGGTTCCGCCCGAGGAAGCCGGGGCCGCGGTAGCTGCGGAATCTTCTACTGGTACATGGACAACTGTGTGG
PX744022.1_L2_donor_210_r2,PX744022.1,Lepisanthes hainanensis,Eudicots,PX744022.1,train,L2_donor_210,210,1290,2,1109944544,ATGTCACCACAAACAGAGACTAAAGCAAGTGTTGGATTCAAAGCCGGTGTTAAAGATTATAAATTGACTTATTATACTCCTGACTATGTAACCAAAGATACTGATATCTTGGCAGCATTCCGAGTAACTCCTCAACCCGGGGTTCCACCCGAGGAAGCAGGGGCCGCGGTAGCTGCGGAATCTTCTACTGGTACATGGACAACTGTGTGG
PX744047.1_L2_donor_210_r2,PX744047.1,Buckleya henryi,Eudicots,PX744047.1,val,L2_donor_210,210,1290,2,380640480,ATGTCACCACAAACAGAGACTAAAGCAAGTGTTGGATTCAAAGCGGGTGTTAAGGATTATAAATTGACTTATTATACTCCTGATTACGAAACCAAAGATACTGATATCTTGGCAGCATTCCGAGTAACTCCTCAACCCGGAGTTCCGCCTGAGGAAGCGGGGGCCGCGGTAGCTGCCGAATCTTCTACTGGTACATGGACGACTGTGTGG
PX744060.1_L2_donor_210_r2,PX744060.1,Arthrophytum longibracteatum,Eudicots,PX744060.1,train,L2_donor_210,210,1290,2,2578592477,ATGTCACCACAAACCGAAACTAAAGCAAGTGTTGGATTTAAAGCTGGTGTTAAAGATTACAAATTGACTTATTATACTCCTGAGTATGAAACCAAAGATACTGATATCTTGGCAGCATTCCGAGTAACTCCTCAACCTGGAGTTCCACCTGAAGAAGCAGGGGCTGCAGTAGCTGCCGAATCTTCTACTGGTACATGGACAACCGTATGG
PX744100.1_L2_donor_210_r2,PX744100.1,Ardisia brevicaulis,Eudicots,PX744100.1,train,L2_donor_210,210,1290,2,2957576766,ATGTCACCACAAACAGAGACTAAAGCAGGTACTGGATTCAAAGCTGGTGTTAAAGATTACAAATTGACTTATTATACTCCTGAGTATGTAACCAAGGATACTGATATTTTGGCAGCATTCCGAGTAACTCCTCAACCCGGAGTTCCGCCCGAAGAAGCAGGGGCCGCAGTAGCTGCCGAATCTTCTACTGGTACATGGACAACCGTGTGG
PX744121.1_L2_donor_210_r2,PX744121.1,Rhododendron declivatum,Eudicots,PX744121.1,train,L2_donor_210,210,1290,2,3351406874,ATGTCACCACAAACAGAGACTAAAGCAAGTGTTGGATTCAAAGCTGGTGTTAAAGAGTACAAATTGAATTATTATACTCCTCAGTATGAAACCAAAGATACTGATATCTTGGCAGCATTCCGAGTAACTCCTCAACCGGGAGTTCCACCTGAAGAAGCAGGGGCCGCGGTAGCTGCGGAATCTTCTACTGGTACATGGACAACAGTGTGG
PX744240.1_L2_donor_210_r2,PX744240.1,Pedicularis ikomai,Eudicots,PX744240.1,train,L2_donor_210,210,1290,2,939225056,ATGAGTTGTAGGGAGGGATTTATGTCACCACAAACAGAAACTAAAGCAAGTGTTGGATTCAAAGCGGGTGTTAAAGAGTACAAATTGACTTATTATACTCCTGAATACGAAACCAAAGATACTGATATCTTGGCAGCATTCCGAGTAACTCCTCAACCCGGAGTTCCGCCTGAAGAAGCAGGGGCTGCAGTAGCTGCCGAATCTTCTACT
PX744248.1_L2_donor_210_r2,PX744248.1,Adenophora wulingshanica,Eudicots,PX744248.1,train,L2_donor_210,210,1290,2,3881812397,ATGTCACCACAAACAGAGACGAAGGCAAATGTTGGATTTAAGGCTGGGGTTAAAGATTATAAATTAACTTATTATACTCCGGACTATGAAACCAAGGATACCGATATTTTGGCAGCCTTTCGAGTCACTCCTCAACCCGGAGTTCCCCCGGAAGAAGCAGGGGCCGCAGTAGCTGCCGAATCGTCTACTGGTACATGGACAACTGTGTGG
PX744249.1_L2_donor_210_r2,PX744249.1,Pentaphragma spicatum,Eudicots,PX744249.1,train,L2_donor_210,210,1290,2,2202932007,ATGTCACCACAAACAGAAACTAAAGCAAGTGTTGGATTCAAAGCTGGTGTTAAAGATTATAAATTGACTTATTATACTCCTGACTATGAAACCAAAGATACTGATATCTTGGCAGCATTCCGAGTAACTCCTCAACCTGGAGTTCCACCTGAAGAAGCAGGGGCCGCAGTAGCTGCCGAATCTTCTACTGGTACATGGACAACTGTGTGG
PX744267.1_L2_donor_210_r2,PX744267.1,Leontopodium smithianum,Eudicots,PX744267.1,train,L2_donor_210,210,1290,2,151183494,ATGTCACCACAAACAGAGACTAAAGCAAGTGTTGGATTCAAAGCAGGTGTTAAAGATTATAAATTGACTTATTATACTCCTGAGTATGAAACCAAGGATACTGATATCTTGGCAGCATTTCGAGTAACTCCTCAACCTGGAGTTCCGCCTGAAGAAGCAGGGGCCGCAGTAGCTGCCGAATCTTCTACTGGTACATGGACAACTGTGTGG
PX744315.1_L2_donor_210_r2,PX744315.1,Platostoma hispidum,Eudicots,PX744315.1,train,L2_donor_210,210,1290,2,2082552944,ATGAGTTGTAGGGAGGGATTTATGTCACCACAAACAGAGACTAAAGCAAGTGTTGGATTCAAAGCGGGTGTTAAAGAGTACAAATTGACTTATTATACTCCTGAATACGAAACCAAAGATACTGATATCTTGGCAGCATTCCGAGTAACTCCTCAACCTGGAGTTCCGCCTGAAGAAGCAGGGGCCGCGGTAGCTGCCGAATCTTCTACT
PX744322.1_L2_donor_210_r2,PX744322.1,Allmania nodiflora,Eudicots,PX744322.1,train,L2_donor_210,210,1290,2,3956642085,ATGTCACCACAAACAGAGACTAAAGCAAGTGTTGGATTTAAAGCTGGTGTTAAAGATTACAAATTGACTTATTATACTCCTGAGTATGAAACCCTAGATACTGATATCTTGGCAGCATTCCGAGTAACTCCTCAACCTGGAGTTCCACCTGAAGAAGCAGGGGCTGCAGTAGCTGCCGAATCTTCTACTGGTACATGGACAACTGTATGG
PX924757.1_L2_donor_210_r2,PX924757.1,Augea capensis,Eudicots,PX924757.1,train,L2_donor_210,210,1290,2,1069333889,ATGTCACCACAAACAGAGACTAAAGCAAGTGTTGGATTCAAGGCTGGTGTTAAAGATTATAAATTGACTTATTATACTCCTGAATATGAAACAAAGGATACTGATATTTTGGCAGCCTTCCGAGTAACTCCTCAACCTGGAGTTCCACCTGAGGAAGCAGGGGCTGCAGTAGCTGCTGAATCTTCTACTGGTACATGGACAACCGTGTGG
PZ584713.1_L2_donor_210_r2,PZ584713.1,Paulinella sp. B8128-1,SAR/other protist,PZ584713.1,train,L2_donor_210,210,1290,2,2589955901,ATGAGCAAGAAGTACGACGCCGGGGTTAAGGAGTACAGAGACACTTACTGGACTCCTGACTATATTCCCCTTGACACTGATCTACTAGCCTGTTTTAAATGTACTGGACAAGCGGGTGTTCCTCGTGAAGAAGTTGCAGCAGCTGTAGCTGCTGAATCTTCTACTGGTACTTGGTCTACTGTATGGTCTGAGTTACTTACAGATCTAGAC
AB050950.1_L3_donor_450_r0,AB050950.1,Filibryum ogatae,Mosses,AB050950.1,train,L3_donor_450,450,1050,0,1016892760,ATGTCACCACAAACGGAGACTAAAGCAGGTGTTGGATTTAAAGCTGGTGTTAAAGATTACAGATTAACTTATTACACTCCAGATTATCAGACTAAAGAAACTGATATTTTAGCAGCATTTCGAATGACTCCTCAACCAGGAGTACCCGCTGAAGAGGCGGGAGCTGCAGTAGCTGCGGAATCTTCCACTGGTACATGGACCACTGTTTGGACTGATGGACTTACCAGTCTCGATCGCTACAAAGGACGATGCTATGATCTTGAAGCAGTTCCTGGAGAAGAGAATCAATATATTGCTTATGTTGCTTACCCATTAGATTTATTTGAAGAAGGTTCTGTTACCAATTTATTTACTTCTATTGTTGGTAATGTTTTCGGATTTAAAGCCTTACGAGCTTTACGTCTAGAAGATTTACGTATTCCTCCAGCTTATTCCAAAACTTTCCAAGGT
AB071411.1_L3_donor_450_r0,AB071411.1,Mastopoma subfiliferum,Mosses,AB071411.1,train,L3_donor_450,450,1050,0,2270859237,ATGTCACCACAAACGGAGACTAAAGCAGGTGTTGGATTTAAAGCTGGTGTTAAAGATTACAGATTAACCTATTACACTCCAGATTATCAGACTAAAGAAACTGATATTTTAGCAGCATTTCGAATGACTCCTCAACCAGGAGTACCCGCTGAAGAGGCGGGAGCTGCAGTAGCTGCAGAATCTTCCACCGGTACATGGACCACTGTTTGGACCGATGGACTTACTAGTCTTGATCGTTATAAAGGACGATGCTATGATCTTGAAGCAGTTCCTGGAGAAGAAAATCAATATATTGCTTATGTTGCTTACCCATTAGATCTATTTGAAGAAGGTTCAGTTACCAATTTATTTACTTCTATCGTTGGTAATGTTTTTGGATTTAAAGCTTTGCGAGCTTTACGTCTGGAAGATTTACGTATTCCTCCAGCTTATTCCAAAACTTTTCAAGGC
AB159651.1_L3_donor_450_r0,AB159651.1,Thorea gaudichaudii,Red algae,AB159651.1,train,L3_donor_450,450,1050,0,579019823,ATGTCTCAATCCGTAGAAGAACGGACAAGGATTAAAAACGAACGTTACGAATCTGGAGTAATACCATACGCAAAGATGGGTTACTGGGATCCTGACTACGTAATCAAAGATACCGATGTTCTAGCTTTATTTCGAGTTACTCCTCAACCGGGTGTAGATCCAATTGAAGCTTCTGCAGCTGTTGCAGGTGAATCATCAACAGCAACTTGGACAGTAGTTTGGACAGACCTTCTAACAGCTTGCGACCTTTATAGAGCAAAAGCATACAAAGTAGATGCAGTACCAAATAACTCTGAGCAATACTTCGCATACATTGCTTATGACATAGATTTATTTGAAGAAGGTTCTATAGCAAACTTAACCGCATCAATTATAGGAAATGTATTCGGATTTAAGGCTGTAAAAGCATTGCGTCTTGAAGACATGCGTTTACCTATTGCTTATCTGAAA
AB159659.1_L3_donor_450_r0,AB159659.1,Nemalionopsis tortuosa,Red algae,AB159659.1,train,L3_donor_450,450,1050,0,4115961210,ATGTCTCAATCCGTAGAAGAACGGACAAGGATCAAAAATGAACGCTATGAATCTGGCGTAATTCCATACGCAAAAATGGGTTACTGGGATCCTGACTACGTAGTTAAAGATACTGATGTTTTAGCTTTATTTCGAGTTACTCCACAACCGGGAGTAGATCCAATAGAAGCATCTGCAGCTGTTGCCGGTGAGTCATCAACAGCAACTTGGACAGTAGTTTGGACAGATCTTTTAACTGCTTGTGACCTTTACAGAGCAAAAGCCTATAAAGTAGATGCTGTGCCAAATAGTTCCGAGCAATATTTTGCATATATTGCATATGACATTGACTTATTTGAAGAAGGTTCTATTGCAAACTTAACAGCATCTATCATAGGTAATGTATTCGGCTTTAAAGCTGTTAAAGCATTACGTCTTGAAGATATGCGATTACCCGTAGCATATTTAAAA
AB540047.1_L3_donor_450_r0,AB540047.1,Gloiopeltis sp. Nomozaki/2003,Red algae,AB540047.1,train,L3_donor_450,450,1050,0,2732233729,ATGTCTCAATCTGTAGAAGAACGGACAAGAATCAAAGACGAACGTTACGAATCTGGAGTTATCCCATATGCTAAGATGGGCTATTGGGATCCTGATTATGTTGTTAAAGAGACGGACGTACTAGCTTTATTCCGTGTAAGCCCGCAACCTGGTGTAGATCCTGTAGAAGCTTCTGCGGCAATAGCAGGCGAATCATCGACAGCAACATGGACAGTAGTTTGGACAGACCTTTTAACAGCTTGTGATTTATATAGAGCTAAAGCGTATAAGGTTGATGCAGTACCAAATACATCTGAGCAATACTTTGCATACATAGCCTATGATATTGATCTATTTGAAGAAGGATCTATCGCTAACTTAACAGCTTCAATTATTGGCAACGTCTTTGGATTTAAAGCTGTTAAAGCTCTAAGATTAGAAGATATGCGTTTACCCGTTGCTTATCTAAAG
AB540051.1_L3_donor_450_r0,AB540051.1,Gloiopeltis complanata,Red algae,AB540051.1,test,L3_donor_450,450,1050,0,2095412633,ATGTCTCAATCTGTAGAAGAACGGACAAGAATCAAAGACGAACGTTACGAATCTGGAGTTATCCCGTATGCTAAGATGGGCTATTGGGATCCTGATTATGTTGTTAAAGAAACTGATGTGCTAGCTTTATTTCGTGTAAGTCCACAACCTGGTGTAGATCCTGTAGAAGCTTCTGCAGCAATAGCGGGCGAATCATCAACGGCAACATGGACAGTAGTTTGGACAGACCTTTTAACAGCTTGTGATTTATATAGAGCTAAAGCATATAAGGTTGATGCAGTACCAAATACGTCTGATCAGTACTTTGCATACATAGCTTATGATATTGATTTATTTGAAGAAGGATCTATCGCTAACTTAACAGCTTCAATTATTGGCAACGTCTTTGGATTTAAAGCTGTTAAAGCTCTAAGATTGGAAGATATGCGTTTACCTGTTGCCTATTTAAAG
AB540052.1_L3_donor_450_r0,AB540052.1,Gloiopeltis complanata,Red algae,AB540052.1,train,L3_donor_450,450,1050,0,1392310457,ATGTCTCAATCTGTAGAAGAACGGACAAGAATCAAAGACGAACGTTACGAATCTGGAGTTATCCCGTACGCTAAAATGGGCTATTGGGATCCTGATTATGTTGTTAAAGAAACTGATGTACTAGCTTTATTTCGTGTAAGCCCACAGCCTGGTGTAGATCCTGTAGAAGCTTCTGCTGCAATAGCAGGCGAATCATCAACGGCAACATGGACAGTAGTTTGGACAGATCTTTTAACAGCATGTGATTTATATAGAGCTAAAGCATACAAAGTTGATGCAGTACCAAACACATCGGATCAATATTTTGCATACATAGCTTATGATATTGATTTATTTGAAGAAGGATCTATCGCTAACTTAACAGCTTCAATTATAGGCAACGTCTTTGGATTTAAAGCTGTTAAAGCTCTAAGATTGGAAGATATGCGTTTACCCGTTGCCTATCTAAAG
AB853073.1_L3_donor_450_r0,AB853073.1,Hypnodontopsis apiculatus,Mosses,AB853073.1,train,L3_donor_450,450,1050,0,1422981562,ATGTCACCACAAACGGAGACTAAAGCAGGTGTTGGATTTAGAGCTGGTGTTAAAGATTACAGATTAACTTATTACACTCCAGAGTATCAAACTTTAGAAACTGATATTTTAGCAGCATTTCGAATGACTCCTCAACCAGGAGTACCACCTGAAGAAGCAGGAGCTGCAGTAGCTGCGGAATCTTCCACCGGTACATGGACCACTGTTTGGACTGATGGACTTACTAGTCTTGATCGTTATAAAGGTCGATGCTATGATATTGAAGCAGTTGCTGGAGAAGAAAATCAATATATCGCTTATGTTGCTTACCCATTAGATTTATTTGAAGAAGGTTCCGTTACTAATTTATTTACTTCTATTGTTGGTAATGTTTTTGGATTTAAAGCTTTACGAGCTTTACGTCTAGAAGATTTGCGTATTCCTCCATCTTATACCAAAACTTTCCAAGGC
AB853079.1_L3_donor_450_r0,AB853079.1,Timmiella anomala,Mosses,AB853079.1,train,L3_donor_450,450,1050,0,4036331770,ATGTCACCACAAACGGAGACTAAAGCAGGTGTTGGATTTAAAGCTGGTGTTAAAGATTACAGATTAACTTATTACACTCCAGATTATCAGACTAAAGAAACTGATATTTTAGCAGCATTTCGAATGACTCCTCAACCAGGAGTACCACCTGAAGAAGCAGGAGCTGCTGTAGCTGCTGAATCTTCCACTGGTACATGGACCACTGTTTGGACTGATGGACTTACTAGTCTTGATCGTTATAAAGGTCGATGCTATGATATTGAAGCAGTTCCTGGAGAAGAAAATCAATATATCGCTTATGTTGCTTACCCCTTAGATTTATTTGAAGAAGGTTCTGTTACCAATTTATTTACTTCTATTGTTGGTAATGTTTTTGGATTTAAAGCTTTACGAGCTTTACGTCTAGAAGATTTACGTATTCCTCCAGCTTATTCCAAAACTTTCCAAGGT
AB970712.1_L3_donor_450_r0,AB970712.1,Clastobryellina orientalis,Mosses,AB970712.1,train,L3_donor_450,450,1050,0,3523624761,ATGTCACCACAAACGGAGACTAAAGCAGGTGTTGGATTTAAAGCTGGTGTTAAAGATTACAGATTAACTTATTACACCCCAGATTATCAGACTAAAGAAACTGATATTTTAGCAGCATTTCGAATGACGCCTCAACCAGGAGTACCCGCTGAAGAGGCAGGAGCTGCAGTAGCTGCGGAATCTTCCACTGGTACATGGACTACTGTTTGGACTGATGGACTTACCAGTCTTGATCGTTATAAAGGACGATGCTATGATCTTGAAGCTGTTCGTGGAGAAGAAAATCAATTTATTGCTTATGTTGCTTACCCATTAGATCTATTTGAAGAAGGTTCTGTTACCAATTTATTTACTTCTATTGTTGGTAATGTTTTTGGATTTAAAGCCTTACGAGCTTTGCGTCTAGAAGATTTACGTATTCCTCCAGCTTATTCCAAAACTTTCCAAGGC
AY346095.1_L3_donor_450_r0,AY346095.1,Acanthorrhynchium papillatum,Mosses,AY346095.1,train,L3_donor_450,450,1050,0,2480571333,ATGTCACCACAAACGGAGACTAGAGCAAGTGTTGGATTTAAAGCTGGTGTTAAAGATTACAGATTAAATTATTACACTCCAGATTATCAGACTAAAGACACTGATATTTTAGCAGCATTTCGAATGACTCCTCAACCAGGAGTACCCGCTGAAGAGGCAGGAGCTGCAGTAGCTGCGGAATCTTCCACTGGTACATGGACCACTGTTTGGACTGATGGACTTACCAGTCTTGATCGTTATAAAGGACGATGCTATGATCTTGAAGCAGTTCCTGGAGAAGAGAATCAATATATTGCTTATGTTGCTTACCCATTAGATCTATTTGAAGAAGGTTCTGTTACCAATTTATTTACCTCTATTGTTGGTAATGTTTTTGGATTTAAAGCTTTACGAGCTTTACGTCTAGAAGATTTACGTATCCCTCCATCTTATTCCAAAACTTTCCAAGGC
AY858644.1_L3_donor_450_r0,AY858644.1,Platanus orientalis,Other angiosperms,AY858644.1,test,L3_donor_450,450,1050,0,1015140978,ATGTCACCACAAACAGAAACTAAAGCAAGTGTTGGACTCAAAGCTGGTGTTAAAGATTACAAATTGACTTATTATACTCCTGACTATGAAACCAAAGATACTGATATCTTGGCAGCATTCCGAGTAACTCCTCAACCTGGAGTTCCACCTGAGGAAGCAGGAGCCGCGGTAGCTGCCGAATCTTCTACTGGTACATGGACAACTGTGTGGACCGATGGACTTACTAGCCTTGATCGTTACAAAGGACGATGCTACCACATCGAGCCCGTTGCTGGAGAAGAAAATCAATATATTGCTTATGTAGCTTACCCTTTAGACCTTTTTGAAGAAGGTTCTGTTACTAACATGTTTACTTCCATTGTGGGTAATGTATTTGGGTTCAAAGCCCTACGTGCTCTACGTCTGGAGGATCTGCGAATCCCTCCTGCTTATTCTAAAACCTTCCAAGGA
AY996366.1_L3_donor_450_r0,AY996366.1,Spermatochnus paradoxus,Brown algae,AY996366.1,train,L3_donor_450,450,1050,0,3086740089,ATGCCTGAAGATGTGCAGAATCGAACTCGAATAAAAAGTGAACGTTATGAATCAGGTGTTATCCCATATGCCAAAATGGGTTACTGGGATGCTGATTATAATGTTAAAGAAACTGATATTCTAGCTCTTTTTCGTATCACTCCACAACCAGGCGTAGATCCCGTTGAGGCTGCTGCTGCTGTTGCCGGTGAATCTTCTACTGCAACATGGACAGTAGTTTGGACAGATTTATTAACTGCTTGTGATATCTATAGAGCGAAAGCATATAGAGTAGATCCAGTACCTGGAACAAGTGATCAATTCTTTGCTTATATAGCTTACGAATGTGATTTATTTGAGGAAGGTTCTCTTGCTAACTTAACAGCATCTATTATTGGGAACGTGTTCGGTTTTAAAGCTGTTAAAGCGTTACGTTTAGAAGATATGAGAATTCCTTACGCTTACTTAAAA
EF547818.1_L3_donor_450_r0,EF547818.1,Aneura sp. Shaw 702,Liverworts,EF547818.1,train,L3_donor_450,450,1050,0,3614287867,ATGTCACCACAAACGGAGACTAAAGCAGGTGTTGGATTCAAAGCCGGTGTTAAAGATTATAGATTGACCTATTATACACCCGAGTACGAGACGAAAGAAACGGATATTTTAGCAGCATTTCGTATGACCCCTCAACCCGGAGTACCACCGGAAGAAGCTGGGGCTGCGGTAGCTGCCGAATCCTCCACCGGTACTTGGACCACAGTTTGGACTGACGGCCTCACGAGTCTTGATCGTTACAAGGGTCGATGTTATGACATCGAACCTGTCGCCGGGGAAGATAATCAATATATCGCCTACGTGGCTTATCCCCTAGATTTGTTCGAAGAGGGTTCTGTTACAAATTTGTTCACCTCCATCGTCGGTAATGTATTCGGATTTAAGGCATTACGAGCCCTACGTCTTGAAGATTTACGAATCCCTCCGTCTTATGTAAAAACTTTTCAAGGT
EF658643.1_L3_donor_450_r0,EF658643.1,Laurencia intricata,Red algae,EF658643.1,train,L3_donor_450,450,1050,0,4136554172,ATGTCTAACTCTGTAGAAGAACGGGCACGGATTAAAAACGAACGTTATGAATCTGGTGTAATTCCATACGCAAAAATGGGATATTTCCACCCTAACTATGTAGTTAAAGATACAGATATATTAGCTCTATTTAGAGTTAGTCCACAACCAGGAGTAGATCCAGTAGAGGCTTCAGCAGCAGTTGCAGGTGAATCATCTACTGCAACATGGACTGTTGTATGGACAGATTTACTAACAGCTTGCGATTTATATCGTGCAAAAGCATATAAAGTAGATGCTGTACCAAATACTTCTGATCAATATTTTGCATACATAGCTTATGATATTGATTTATTTGAAGAAGGATCTATTGCTAATTTAACTGCTTCTATAATTGGTAATGTATTTGGATTTAAAGCAGTTAAAGCATTAAGACTTGAAGATATGCGTATTCCTGTAGCATACTTAAAA
EU713367.1_L3_donor_450_r0,EU713367.1,Legousia pentagonia,Eudicots,EU713367.1,train,L3_donor_450,450,1050,0,3797308683,ATGTCACCACAAACAGAGACTAAAGCAAATGTTGGATTTAAAGCTGGTGTTAAAGATTATAAATTAACTTATTATACTCCAGACTATGAAACCAAAAATACCGATATTTTGGCAGCCTTTCGAGTAACTCCTCAACCCGGAGTTCCCCCGGAAGAAGCAGGGGCCGCAGTAGCTGCCGAATCGTCTACTGGGACATGGACAACTGTGTGGACTGATGGGCTTACGAGCCTTGATCGTTACAAAGGGAGATGCTATCACATCGAGCCCGTTGCTGGCGAAGAAAATCAATTTATTGCTTATGTAGCTTACCCATTAGACCTTTTTGAAGAAGGTTCGGTTACTAACATGTTTACTTCCATTGTGGGTAATGTATTTGGATTTAAAGCACTGCGTGCTCTACGTCTAGAAGATTTGCGAATCCCACCCGCCTATATTAAAACATTTCAAGGC
FJ438476.1_L3_donor_450_r0,FJ438476.1,Haematococcus lacustris,Green algae,FJ438476.1,val,L3_donor_450,450,1050,0,3658069479,ATGGTTCCACAAACAGAAACAAGAGCAGGTGCTGGGTTTAAAGCTGGTGTAAAAGATTATCGTTTAACGTATTATACACCAGATTACGTTGTTAGAGATACTGATATTTTAGCAGCGTTCCGTATGACACCACAACCAGGTGTACCACCAGAAGAATGTGGTGCAGCAGTAGCAGCTGAATCATCAACAGGTACTTGGACAACAGTATGGACAGATGGCTTAACAAGTTTAGACCGTTACAAAGGTAGATGCTACGACATCGAGCCAGTACCAGGCGAGGAAAACCAATACATCGCTTACGTAGCTTACCCTATCGATTTATTTGAAGAAGGTTCGGTAACTAACATGTTTACTTCAATTGTAGGAAACGTATTTGGGTTTAAAGCATTACGTGCATTACGTTTAGAAGATTTACGTATTCCACCAGCATATGTAAAAACATTCTCAGGA
KT693213.1_L3_donor_450_r0,KT693213.1,Hormotilopsis gelatinosa,Green algae,KT693213.1,train,L3_donor_450,450,1050,0,595662931,ATGGCTCCACAAACAGAAACAAAAGCCGGGGCGGGATTTAAAGCAGGGGTTAAAGACTATAGATTAACTTACTATACACCTGACTACATCGTTAAGGACACTGACATCCTTGCTGCTTTCCGTATGACTCCGCAACCAGGTGTTCCACCTGAAGAATGTGGTGCAGCTGTTGCTGCTGAGTCTTCAACTGGTACATGGACTACTGTATGGACTGACGGTTTAACTAGCTTAGACCGTTACAAAGGCCGTTGTTATGATATCGAACCGGTTCCTGGTGAAGATAACCAATATATTGCTTATGTTGCTTATCCGATTGACCTTTTTGAAGAAGGTTCTGTTACAAACTTATTCACATCAATTGTAGGGAACGTATTTGGTTTCAAAGCTCTACGTGCTCTAAGACTGGAAGATTTACGTATTTCACCAGCTTACGCTAAGACATTCCAAGGT
KU645801.1_L3_donor_450_r0,KU645801.1,Passiflora quadrangularis,Eudicots,KU645801.1,train,L3_donor_450,450,1050,0,940072963,ATGTCACCACAAACAGAGACTAAAGCAAGTGTTGGATTCAAGGCTGGTGTTAAAGATTATAAATTGACTTATTATACTCCTGAATATAACCCCAAAGATACTGATATCTTGGCAGCATTCCGAGTAACTCCTCAACCTGGAGTTCCCGCTGAGGAAGCGGGAGCTGCAGTAGCTGCTGAATCTTCTACTGGTACATGGACAACCGTGTGGACCGATGGGCTTACCAGTCTTGATCGTTATAAAGGACGATGCTACGATATTGAACCTGTTGCTGGAGAAGAAAGTCAATTTATTGCTTATGTAGCGTACCCCTTAGACCTTTTTGAAGAAGGTTCCGTTACTAACATGTTTACTTCCATTGTAGGTAATGTATTTGGGTTCAAAGCCCTACGCGCTTTACGTCTGGAAGATTTGCGAATCCCCACTGCTTATACTAAAACGTTTCAGGGC
KU645803.1_L3_donor_450_r0,KU645803.1,Cananga odorata,Other angiosperms,KU645803.1,train,L3_donor_450,450,1050,0,2781167792,ATGTCACCAAAAACAGAGACTAAAGCAAGTGTTGGATTCAAAGCTGGTGTTAAAGAGTACAAATTGACTTATTATACTCCTGAATATGAAACCAAGGATACTGATATCTTGGCAGCATTCCGAGTAACCCCTCAACCCGGAGTTCCGCCTGAGGAAGCAGGGGCTGCGGTAGCTGCCGAATCTTCTACTGGTACATGGACAACTGTGTGGACCGATGGACTTACCAGCCTTGATCGTTACAAAGGACGATGCTACCACATCGAGCCCGTTGCTGGGGAGGAAAATCAATATATTGCTTATGTAGCTTACCCTTTAGACCTTTTTGAAGAGGGTTCTGTTACTAACATGTTTACTTCCATTGTAGGTAATGTATTTGGATTTAAAGCTCTACGAGCTCTACGTCTGGAAGACTTGCGAATTCCTACTTCTTATGTCAAGACTTTCCAGGGC
KU645804.1_L3_donor_450_r0,KU645804.1,Asimina incana,Other angiosperms,KU645804.1,val,L3_donor_450,450,1050,0,3532851626,ATGTCACCAAAAACAGAGACTAAAGCAAGTGTTGGGTTCAAAGCGGGTGTTAAAGAGTACAAATTGACTTATTATACTCCTGAATATGAAACCAAAGATACTGATATCTTGGCAGCATTCCGAGTAACCCCTCAACCCGGAGTTCCGCCCGAGGAAGCAGGGGCTGCGGTAGCTGCCGAATCCTCTACTGGTACATGGACAACTGTGTGGACCGATGGACTTACCAGCCTTGATCGTTACAAAGGACGATGCTACCACATCGAGCCTGTTGTTGGAGAGGAAAATCAATTTATTGCTTATGTAGCTTACCCTTTAGATCTTTTTGAGGAGGGTTCTGTTACTAACATGTTTACTTCCATTGTAGGTAATGTGTTTGGGTTCAAAGCTCTACGAGCTCTACGCCTAGAGGACTTGCGAATTCCTACTTCTTATATCAAGACTTTCCAGGGC
LC060504.1_L3_donor_450_r0,LC060504.1,Acinetospora filamentosa,Brown algae,LC060504.1,train,L3_donor_450,450,1050,0,3096616889,ATGCCTGAAGATGTGCAGAATCGAACTCGAATAAAAAGTGAACGTTATGAATCAGGTGTTATTCCATATGCAAAAATGGGATATTGGGATGCTGATTATAACGTTAAAGAAACTGATATTCTAGCTCTTTTTCGTATCACACCACAACCAGGCGTAGATCCCGTTGAAGCTGCTGCTGCTGTTGCCGGTGAATCTTCTACTGCAACATGGACTGTAGTTTGGACAGATTTATTAACTGCTTGTGATATCTATAGAGCGAAAGCATATAGAGTAGACCCAGTACCTGGAACAAGTGATCAATTTTTTGCTTATATAGCATATGAATGTGATTTATTTGAAGAAGGCTCTCTTGCTAATTTAACAGCCTCTATTATTGGTAACGTTTTCGGTTTTAAAGCCGTTAAAGCTTTACGTTTAGAAGATATGAGAATCCCTTACGCTTACTTAAAG
LC060517.1_L3_donor_450_r0,LC060517.1,Acinetospora asiatica,Brown algae,LC060517.1,train,L3_donor_450,450,1050,0,760632317,ATGCCTGAAGATGTGCAGAATCGAACTCGAATAAAAAGTGAACGTTATGAATCAGGTGTTATTCCATATGCAAAAATGGGATATTGGGATGCTGATTATAACGTTAAAGAAACTGATATTCTAGCTCTTTTTCGTATCACACCACAACCAGGCGTAGATCCCGTTGAAGCTGCTGCTGCTGTTGCCGGTGAATCTTCTACTGCGACATGGACTGTAGTTTGGACAGATTTATTAACTGCTTGTGACATCTATAGAGCGAAAGCATATAGAGTAGATCCAGTACCTGGAACAAGTGATCAATTTTTTGCTTACATAGCATATGAATGTGATTTATTTGAAGAAGGTTCTCTTGCTAACTTAACAGCATCGATTATCGGTAACGTTTTCGGTTTTAAAGCCGTTAAAGCATTACGTTTAGAAGATATGAGAATCCCTTACGCATACTTAAAG
LC145073.1_L3_donor_450_r0,LC145073.1,Haplomitrium hookeri,Liverworts,LC145073.1,val,L3_donor_450,450,1050,0,2496469417,ATGTCACCACAGACAGAAACTAGAGCAGGTGTTGGATTCAAAGCCGGTGTGAAAGATTACAGATTGACTTATTATACTCCCAATTACGAGACCAAAGACACCGACATCTTGGCAGCATTCCGAATGACTCCTCAACCTGGAGTGCCACCCGAAGAAGCTGGAGCGGCAGTAGCTGCCGAATCTTCCACAGGTACATGGACCACCGTTTGGACTGATGGGCTTACGAGCCTTGATCGTTACAAGGGTCGCTGCTATGGTATTGAACCTGTCGCGGGGGAGGAAAATCAATATATTGCTTATGTCGCTTATCCACTAGATTTGTTCGAGGAAGGTTCCGTCACCAATTTATTCACTTCCATAGTAGGTAACGTATTTGGCTTTAAAGCGTTGCGAGCTCTACGTCTCGAAGATTTGAGAATTCCCCCAGCTTATTCCAAAACTTTTCAAGGT
LC176260.1_L3_donor_450_r0,LC176260.1,Weisiopsis anomala,Mosses,LC176260.1,val,L3_donor_450,450,1050,0,2951746373,ATGTCACCACAAACGGAGACTAAAGCAGGTGTTGGATTTAAAGCTGGTGTTAAAGATTACAGATTAACTTATTACACTCCAGACTATCAGACTAAAGAAACTGATATTTTAGCAGCATTTCGAATGACTCCTCAACCAGGAGTACCAGCTGAAGAAGCAGGAGCTGCAGTAGCTGCGGAATCATCTACTGGTACATGGACTACTGTTTGGACTGATGGACTTACTAGTCTTGATCGTTATAAAGGTCGATGCTATGATATTGAAGCAGTTCCTGGAGAAGAAAATCAATATATCGCTTATGTTGCTTACCCATTAGATTTATTTGAAGAAGGTTCTGTTACTAACTTATTTACTTCTATTGTTGGTAATGTTTTTGGATTCAAAGCTTTACGAGCTTTGCGTCTAGAAGATTTGCGTATTCCTCCAGCTTATTCCAAAACTTTCCAAGGC
LC200423.1_L3_donor_450_r0,LC200423.1,Selenastrum capricornutum,Green algae,LC200423.1,val,L3_donor_450,450,1050,0,683802507,ATGGTTCCTCAAACAGAAACTAAAGCAGGCGCTGGATTTAAAGCTGGTGTAAAAGACTACCGTTTAACATACTACACTCCTGATTACGTTGTTAAAGAAACTGACGTATTAGCTGCATTCCGTATGACTCCACAACCAGGTGTTCCACCTGAAGAGTGTGGTGCTGCCGTAGCTGCAGAATCATCAACAGGTACTTGGACAACAGTATGGACAGACGGTTTAACTACATTAGATCGTTACAAAGGACGTTGTTACGATCTTGAACCTGTTCCAGGTGAAGATAACCAATACATTGCGTATGTTGCTTACCCAGTAGATTTATTTGAAGAAGGTTCAGTAACAAACTTATTTACTTCAATCGTAGGTAACGTATTTGGTTTCAAAGCTTTACGTGCTCTTCGTTTAGAAGATCTTCGTATTCCTCCAGCTTACGTTAAAACATTCGAAGGA
LC270392.1_L3_donor_450_r0,LC270392.1,Pohlia annotina,Mosses,LC270392.1,test,L3_donor_450,450,1050,0,745915363,ATGTCACCACAAACGGAGACTAAAGCAGGTGTTGGATTTAAAGCTGGTGTTAAAGATTACAGATTAACTTATTACACTCCAGATTATCAGACTAAAGAAACTGATATTTTAGCAGCATTTCGAATGACTCCTCAACCAGGAGTACCAGCTGAAGAGGCAGGAGCGGCAGTAGCTGCGGAATCTTCCACTGGTACATGGACTACTGTTTGGACTGATGGACTTACTAGTCTTGATCGTTACAAAGGACGATGCTATGATATTGAAGCAGTTCCTGGAGAAGAGAATCAATATATTGCTTATGTTGCTTACCCATTAGATTTATTTGAAGAAGGTTCTGTTACCAATTTATTTACTTCTATTGTTGGTAATGTTTTTGGGTTTAAAGCTTTACGAGCTTTACGTCTAGAAGATTTACGTATTCCTCCAGCTTATTCCAAAACTTTCCAAGGC
LC272005.1_L3_donor_450_r0,LC272005.1,Fissidens subangustus,Mosses,LC272005.1,train,L3_donor_450,450,1050,0,2356708471,ATGTCACCACAAACGGAGACTAAAGCAGGTGTTGGATTTAAAGCTGGTGTTAAAGATTACAGATTAACTTATTACACTCCAGATTATCAGACTAAAGAAACTGATATTTTAGCAGCATTTCGAATGACTCCTCAACCAGGGGTCCCATCTGAAGAAGCAGGAGCTGCAGTAGCTGCGGAATCTTCTACTGGTACATGGACCACTGTTTGGACTGATGGACTTACTAGTCTTGATCGTTATAAAGGTCGATGCTATGATATTGAACCAGTTGCTGGAGAAGAGAATCAATATATCGCTTATGTTGCTTACCCATTAGATTTATTTGAAGAAGGTTCTGTTACCAATTTATTTACTTCTATTGTTGGTAATGTTTTTGGATTTAAAGCTTTACGAGCTTTGCGTCTAGAAGATTTGCGTATTCCTCCATCTTATTCCAAAACTTTCCAGGGC
LC376047.1_L3_donor_450_r0,LC376047.1,Hattoria yakushimensis,Liverworts,LC376047.1,train,L3_donor_450,450,1050,0,2835056233,ATGTCACCACAAACGGAGACTAAAGCAGGTGTTGGATTCAAAGCTGGTGTTAAAGATTATAGATTAACTTACTATACGCCTGATTATGAGACGAAAGAAACAGATATTTTGGCAGCATTTCGTATGACTCCTCAGCCTGGAGTACCACCTGAAGAAGCAGGAGCAGCAGTAGCTGCCGAATCTTCAACTGGGACATGGACTACTGTTTGGACCGACGGACTTACAAGTCTTGATCGTTACAAAGGCCGATGTTATGATATTGAACCCGTTGCTGGCGAAGAAAATCAATATATTGCTTATGTGGCCTACCCATCAGATTCATTTGAAGAAGGTTCTGTTACCAATCTTTTCACCTCTATTGTAGGAAATGTGTTCGGATTCAAAGCTTTACGAGCTTTACGTCTTGAAGATTTACGAATTCCTCCAGCTTATGTAAAAACTTTTCAAGGT
LC493039.1_L3_donor_450_r0,LC493039.1,Colpomenia borea,Brown algae,LC493039.1,train,L3_donor_450,450,1050,0,2846321998,ATGCCTGAAGATGTGCAGAATCGAACTCGAATAAAAAGTGAACGTTACGAATCAGGTGTTATTCCATATGCCAAAATGGGATATTGGGATGCTGATTATAACGTTAAAGAAACTGATATTCTAGCTCTTTTTCGTATCACTCCACAACCAGGTGTAGATCCCGTTGAAGCTGCCGCTGCTGTTGCCGGCGAATCTTCTACTGCAACATGGACGGTAGTTTGGACAGACTTACTAACTGCTTGTGATATCTATAGAGCAAAAGCATATAGAGTAGATCCAGTACCCGGAACAAGTGACCAATTCTTTGCTTATATAGCTTACGAATGTGATTTATTTGAAGAAGGTTCTCTTGCCAATTTAACGGCATCTATTATTGGTAACGTTTTCGGTTTCAAAGCTGTTAAAGCATTACGTTTAGAAGATATGAGAATTCCTTACGCTTACTTAAAA
LC723702.1_L3_donor_450_r0,LC723702.1,Schistochila sciurea,Liverworts,LC723702.1,train,L3_donor_450,450,1050,0,694980398,ATGTCACCACAAACGGAGACTAAAGCAGGTGTTGGATTCAAAGCTGGTGTTAAAGATTATAGATTAACTTATTATACTCCGGATTATGAAACGAAAGATACGGATATTTTGGCAGCGTTTCGTATGACCCCTCAACCTGGAGTTCCAGCCGAAGAAGCAGGTGCAGCGGTTGCTGCCGAATCTTCCACAGGTACTTGGACTACAGTTTGGACTGATGGACTTACAAGTCTTGATCGTTACAAAGGTCGATGCTATGATATCGAACCTGTCGCTGGAGAAGAAAATCAATACATAGCTTATGTTGCTTATCCTTTAGATCCATTTGAAGAAGGTTCCGTTACGAACTTATTCACTTCCATTGTAGGTAATGTTTTCGGATTTAAAGCTTTGCGAGCTATACGTCTTGAAGATTTGCGAATTCCTCCGTCATATGTAAAAACTTTTCAAGGT
LC735540.1_L3_donor_450_r0,LC735540.1,Centella asiatica,Eudicots,LC735540.1,train,L3_donor_450,450,1050,0,835745067,ATGTCACCACAAACAGAGACTAAAGCAGGTGTTGGATTCAAAGCTGGGGTTAAAGATTACAAATTGACTTATTATACTCCTGACTATGAAACCAAAGATACTGATATCTTGGCAGCATTCCGAGTAACTCCTCAACCTGGAGTTCCACCTGAAGAAGCAGGGGCCGCGGTAGCTGCCGAATCTTCTACTGGTACATGGACAACTGTGTGGACCGACGGACTTACCAGCCTTGATCGTTACAAAGGGCGATGCTACGGAATCGAGCCCGTTCCTGGAGAAGAAAATCAATTTATTGCTTATGTAGCTTACCCATTAGACCTTTTTGAAGAAGGTTCTGTTACTAACATGTTTACTTCCATTGTTGGTAATGTATTTGGGTTCAAAGCCCTGCGTGCCCTACGTCTGGAAGATCTGCGAATCCCTGTTGCTTATGTGAAAACTTTCCAAGGC
LC791202.1_L3_donor_450_r0,LC791202.1,Pleurozia subinflata,Liverworts,LC791202.1,val,L3_donor_450,450,1050,0,3627404715,ATGTCACCACAAACGGAGACTAAAACAGGTGTTGGATTCAAAGCTGGTGTTAAAGATTATCGCTTAACTTATTATACTCCTGATTATCAGACGAAGGAGACAGATATTTTAGCAGCATTTCGTATGACTCCGCAACCTGGAGTACCGGCACAAGAAGCAGGAGCTGCAGTAGCCGCTGAGTCTTCTACTGGTACTTGGACTACAGTTTGGACTGATGGACTTACAAGTCTTGATCGTTACAAAGGTCGATGCTATGATATTGAACCTGTTGCTGGAGAAGAAAATCAATATATTGCTTATGTAGCTTATCCCCTAGATTTATTTGAAGAAGGTTCTGTTACAAACCTTTTTACTTCTATTGTAGGTAATGTATTTGGATTCAAAGCTTTACGAGCTTTGCGTCTTGAAGATTTACGAATTCCTCCAGCTTATACAAAAACTTTCCAAGGT
LC858738.1_L3_donor_450_r0,LC858738.1,Cyathodium tuberosum,Liverworts,LC858738.1,train,L3_donor_450,450,1050,0,1201361239,ATGTCACCACAAACGGAGACTAAAGCAGGTGCTGGATTCAAAGCTGGTGTTAAAGATTATCGATTAAATTATTACACTCCTGATTATGAGACCAAAGATACAGATATTTTGGCAGCATCTAGAATGACTCCTCAACCTGGTGTACCACCGGAAGAAGCAGGAGCAGCTGTTGCTGCTGAATCTTCTACTGGTACATGGACTACAGTCTGGACTGATGGTCTTACTAACCTTGATCGTTATAAAGGTCGATGCTATGATATTGACCCTGTTCCTGGGGAACAAAATCAATATATTGCTTATGTAGCTTATCCTTTAGATCCATCCGAGGAAGGATCTGTTACAAATATGTTTACTTCGATTGTAGGTAATGTATTTGGTTTTAAAGCTTTGAGAGCATTGCGACTTGAAGATTTGAGAATTCCTCCGGCTTACACAAAAACTCTCCAAGGT
LC858740.1_L3_donor_450_r0,LC858740.1,Cyathodium cavernarum,Liverworts,LC858740.1,train,L3_donor_450,450,1050,0,761415174,ATGTCACCACAAACGGAGACTAAAGCAGGTGCTGGATTCAAAGCTGGTGTTAAAGATTATCGATTAACTTATTACACTCCTGATTATGAGACCAAAGATACAGATATTTTGGCAGCATTCAGAATGACTCCTCAACCTGGCGTACCAGCGGAAGAAGCGGGAGCAGCTGTTGCTGCTGAATCTTCCACCGGTACATGGACTACAGTCTGGACTGATGGTCTTACTAACCTTGATCGTTATAAAGGTCGATGCTACGATATCGACCCTGTTCCCGGGGAACAAAATCAATATATTGCTTATGTAGCTTATCCTTTAGATCTATTTGAGGAAGGTTCTGTTACAAACATGTTTACTTCGATTGTAGGTAATGTATTCGGTTTTAAAGCTTTGAGAGCATTGCGACTTGAAGATTTAAGAATTCCTCCGGCTTATACAAAAACTTTTCAAGGT
LC859596.1_L3_donor_450_r0,LC859596.1,Trichocolea japonica,Liverworts,LC859596.1,train,L3_donor_450,450,1050,0,2506337526,ATGTCACCACAAACGGAGACTAAAACAGGTGTTGGATTCAAAGCTGGTGTGAAAGATTATAGATTAACTTATTACACACCTGATTATGAGACGAAAGAGACAGATATTTTGGCAGCATTTCGTATGACTCCTCAACCAGGAGTACCACCTGAAGAAGCAGGAGCAGCAGTAGCTGCTGAATCTTCGACTGGTACGTGGACCACGGTTTGGACTGACGGACTTACAACTCTTGATCGTTACAAAGGTCGATGCTATGATATTGAACCTGTCGCTGGCGAAGAAAATCAATATATTGCTTATGTAGCTTATCCATTAGATTTATTCGAAGAAGGTTCTGTCACAAATCTTTTCACTTCTATTGTAGGTAATGTATTCGGATTCAAAGCTCTACGAGCTTTACGTCTTGAAGATTTACGTATTCCTCCAGCTTATGTTAAAACTTTTCAAGGT
LC884819.1_L3_donor_450_r0,LC884819.1,Cyanidium caldarium,Red algae,LC884819.1,train,L3_donor_450,450,1050,0,3862473026,ATGGCTCAGTCTGTGCAAGAACGAACACGTCTGAAAAATAAAAGGTATGAATCTGGCGTAATACCATATGCGAAAATGGGATATTGGGATCCGAACTATGTTGTAAAAGACACTGATATCTTAGCACTATTTAGAGTTACTCCTCAACCTGGGGTTGACCCTATTGAAGCTTCTGCCGCGGTAGCAGGAGAATCTTCAACAGCTACATGGACCGTGATTTGGTGCGATTTACTTACAGCCTGTGATGTTTACAGAGCAAAAGCTTACAGAGTTGATCAAGTGCCTAATTCTCCAGATCAATATTTCGCCTACATTGCCTACGACCTGGATTTATTCGAAGAAGGATCTATAGCAAATTTAACAGCATCGATAATCGGAAACGTTTTCGGGTTTAAAGCTTTAGCAGCATTGAGGCTGGAAGACATGAGAATACCTATAGGATACTTGAAA
LC899187.1_L3_donor_450_r0,LC899187.1,Pyropia akasakae,Red algae,LC899187.1,train,L3_donor_450,450,1050,0,603551148,ATGTCTCAATCCGTAGAATCACGGACTAGGATTAAAAGCGAACGTTACGAATCTGGAGTAATCCCTTACGCTAAAATGGGCTACTGGGATGCTGACTATGTAATTAAAGAAACAGATATTTTAGCTCTTTTCAGAATCACTCCTCAACCAGGTGTTGACCCGATTGAAGCATCTGCTGCAATTGCAGGTGAATCTTCAACAGCTACTTGGACAGTTGTATGGACTGATTTATTAACAGCTTGTGACTTATACAGAGCAAAAGCATATCGAGTAGATCCAGTTCCAAACGTGGCAGATCAATATTTTGCTTATATAGCTTATGATATTGATTTATTTGAAGAAGGTTCCATTGCGAACTTAACTGCTTCAATTATTGGTAACGTTTTTGGGTTTAAAGCTGTTAAAGCTCTTCGTTTGGAAGACATGCGTATGCCAGTAGCTTATCTAAAA
LC924737.1_L3_donor_450_r0,LC924737.1,Conocephalum orientale,Liverworts,LC924737.1,train,L3_donor_450,450,1050,0,227615522,ATGTCACCACAAACGGAGACTAAAGCAGGTACTGGATTCAAAGCTGGTGTTAAAGATTATCGATTAACTTATTATACTCCGGATTATGAAACTAAAGATACGGATATTTTAGCAGCATTTAGAATGACTCCTCAGCCTGGGGTACCAGCAGAAGAAGCAGGAGCAGCAGTTGCTGCTGAATCTTCTACTGGTACATGGACTACAGTTTGGACTGATGGTCTTACTAACCTTGATCGTTATAAAGGTCGATGCTATGGTATTGACCCTGTTCCTGGAGAAGAAAATCAATATATTGCTTATGTAGCTTATCCTTTAGATTTATTTGAAGAAGGATCTGTTACAAATATGTTTACTTCTATTGTAGGTAATGTATTTGGATTTAAAGCTTTAAGAGCGTTACGTCTTGAAGATTTACGAATTCCTGTAGCTTATACAAAAACTTTCCAAGGT
LC924765.1_L3_donor_450_r0,LC924765.1,Porella ulophylla,Liverworts,LC924765.1,train,L3_donor_450,450,1050,0,2341600442,ATGTCACCACAAACGGAAACTAAAACAGGTGCTGGATTTAAAGCTGGTGTTAAAGATTATAGATCAACTTATTATACTCCCGACTATGATACAAAGGAGACAGATATTTTAGCAGCATTTCGTATGACTCCTCAACCTGGAGTACCAGAACAAGAAGCAGGAGCAGCAGTAGCTGCTGAATCTTCCACCGGTACATGGACTACGGTTTGGACTGATGGACTTACAAGTCTTGATCGTTACAAAGGTCGATGCTATGATATTGAACCCGTTGCTGGAGAGGATAATCAATTTATTGCTTATGTGGCTTATCCATTAGATCTATTTGAGGAAGGCTCCGTTACAAACCTGTTTACTTCTATTGTAGGTAATGTATTCGGATTCAAAGCTTTACGAGCGTTACGTCTCGAAGATTTACGAATTCCTCCAGCTTATGTAAAAACTTTTCAAGGC
LC924778.1_L3_donor_450_r0,LC924778.1,Acrolejeunea pusilla,Liverworts,LC924778.1,train,L3_donor_450,450,1050,0,1174635261,ATGTCACCACAAACGGAGACTAAAGCAGGTGTTGGATTTAAAGCGGGCGTTAAGGATTATAGATTAACTTATTATACTCCTGAGTACCAGGTAAAGGCGACAGATATTTTGGCAGCATTTCGTATGACTCCTCAAGCCGGAGTACCAGCAGAAGAGGCAGGAGCAGCTGTAGCTGCTGAATCTTCAACTGGTACATGGACTACGGTTTGGACTGATGGACTTACAAGTCTTGATCGATATAAAGGTCGATGCTATGATATTGAACCTGTTCGTGGAGAAGAGAATCAATATATTGCTTATGTTGCTTATCCATTAGATTTATTCGAAGAAGGTTCTGTTACTAACCTTTTTACTTCTATTGTAGGTAACGTATTTGGATTTAAAGCTTTACGAGCTTTGCGTCTTGAAGATTTGCGAATTCCTCCATCTTATACCAAAACTTTCCAAGGT
LC924831.1_L3_donor_450_r0,LC924831.1,Ceratodon purpureus,Mosses,LC924831.1,train,L3_donor_450,450,1050,0,407690077,ATGTCACCACAAACGGAGACTAAAGCAGGTGTTGGATTTAAAGCTGGTGTTAAAGATTACAGATTAAATTATTACACTCCAGATTATCAGACTAAAGATACTGATATTTTAGCAGCATTTCGAATGACTCCTCAACCAGGAGTACCACCTGAAGAAGCAGGAGCTGCAGTAGCTGCGGAATCTTCCACTGGTACATGGACCACTGTTTGGACTGATGGACTTACTAGTCTTGATCGTTATAAAGGTCGATGCTATGATATTGAAGCAGTTCCTGGAGAAGAAAATCAATATATCGCTTATGTTGCTTACCCATTAGATTTATTTGAAGAAGGTTCTGTTACCAATTTATTTACTTCTATTGTTGGTAATGTTTTTGGATTTAAAGCTTTACGAGCTTTGCGTCTAGAAGATTTACGTATTCCTCCAGCTTATTCCAAAACTTTCCAAGGA
LC924878.1_L3_donor_450_r0,LC924878.1,Orthotrichum consobrinum,Mosses,LC924878.1,val,L3_donor_450,450,1050,0,3969578800,ATGTCACCACAAACGGAGACTAAAGCAGGTGTTGGATTTAAAGCTGGTGTTAAAGATTACAGATTAACTTATTACACTCCAGATTATCAAACTAAAGAAACTGATATTTTAGCAGCATTTCGAATGACTCCTCAACCAGGAGTGCCAGCTGAAGAAGCAGGAGCTGCAGTAGCTGCAGAATCTTCTACTGGTACATGGACTACTGTTTGGACTGATGGCCTTACTAGTCTTGATCGTTATAAAGGACGATGCTATGATCTTGAAGCAGTTCCTGGAGAAGATAATCAATATATTGCTTATGTTGCTTACCCATTAGATTTATTTGAAGAAGGTTCTGTTACCAATTTATTTACTTCTATTGTTGGTAATGTTTTTGGATTTAAAGCTTTACGAGCTTTACGTCTAGAAGATTTACGTATTCCTCCAGCTTATTCCAAAACTTTCCAAGGT
LC924944.1_L3_donor_450_r0,LC924944.1,Pylaisiadelpha yokohamae,Mosses,LC924944.1,train,L3_donor_450,450,1050,0,2998416840,ATGTCACCACAAACGGAGACCAAAGCAGGTGTTGGATTTAAAGCTGGTGTTAAAGATTACAGATTAACTTATTACACCCCAGATTATCAAACTAAAGACACTGATATTTTGGCAGCATTTCGGATGACGCCTCAACCAGGAGTACCCGCTGAAGAGGCAGGAGCTGCAGTAGCTGCGGAATCCTCCACCGGTACATGGACCACTGTTTGGACCGATGGTCTTACCAGTCTTGATCGTTATAAAGGACGATGCTATGATCTTGAAGCAGTTCCTGGAGAAGAAAATCAATATATTGCTTATGTTGCTTACCCATTAGATCTATTTGAAGAAGGTTCTGTTACCAATTTATTCACCTCTATTGTTGGTAATGTTTTTGGATTCAAAGCTTTACGAGCTTTACGTCTAGAAGATTTACGTATTCCTCCAGCTTATTCCAAAACTTTCCAAGGC
LC924950.1_L3_donor_450_r0,LC924950.1,Calohypnum plumiforme,Mosses,LC924950.1,val,L3_donor_450,450,1050,0,1892414274,ATGTCACCACAAACGGAGACTAAAGCAGGTGTTGGATTTAAAGCTGGTGTTAAAGATTACAGATTAACTTATTACACTCCAGATTATCAGACTACAGCAACTGATATTTTAGCAGCATTTCGAATGACTCCTCAACCAGGAGTACCCGCTGAAGAGGCGGGAGCTGCAGTAGCTGCGGAATCCTCCACTGGTACATGGACCACTGTTTGGACTGATGGACTTACCAGTCTTGATCGTTATAAAGGACGATGCTATGATCTCGAAGCAGTTCCTGGAGAAGAAAATCAATATATTGCTTATGTTGCTTACCCATTAGATTTATTTGAAGAAGGTTCTGTTACCAATTTATTTACTTCTATTGTTGGTAATGTTTTTGGATTTAAAGCTTTACGAGCTTTACGTCTAGAAGATTTACGTATTCCTCCAGCTTATTCCAAAACTTTCCAGGGT
LC924964.1_L3_donor_450_r0,LC924964.1,Myuroclada maximowiczii,Mosses,LC924964.1,train,L3_donor_450,450,1050,0,2625416265,ATGTCACCACAAACGGAGACTAAAGCAGGTGTTGGATTTAAAGCTGGTGTTAAAGATTACAGATTAACTTATTACACTCCAGATTATCAGACTAAAGAAACTGATATTTTAGCAGCATTTCGAATGACTCCTCAACCAGGAGTACCCGCTGAAGAGGCAGGAGCTGCAGTAGCTGCGGAATCTTCCACTGGTACATGGACCACCGTTTGGACCGATGGACTTACCAGTCTTGATCGTTATAAAGGACGATGCTATGATCTTGAAGCAGTTCCTGGAGAAGAGAATCAATATATTGCTCATGTTGCTTACCCATTAGATCTATTTGAAGAAGGTTCTGTTACCAATTTATTTACTTCTATTGTTGGTAATGTTTTCGGATTTAAAGCTTTACGAGCTTTACGTCTAGAAGATTTACGTATTCCTCCAGCTTATTCCAAAACTTTCCAAGGT
MG251837.1_L3_donor_450_r0,MG251837.1,Hydroclathrus rapanuii,Brown algae,MG251837.1,train,L3_donor_450,450,1050,0,2112915599,ATGCTTGAAGATGTGCAGAATCGAACTCGAATAAAAAGTGAACGTTACGAATCAGGTGTAATTCCATATGCCAAAATGGGGTATTGGGATGCTGATTATAACGTTAAAGATACTGATATTCTAGCTCTTTTTCGTATCACTCCACAGCCAGGTGTAGATCCCGTTGAAGCTGCCGCTGCTGTTGCCGGCGAATCTTCTACTGCAACATGGACGGTAGTTTGGACAGACTTATTAACTGCTTGTGATATTTATCGAGCAAAAGCATATAGAGTAGATCCAGTACCCGGAACAAGTGACCAATTCTTTGCTTATATAGCTTACGAATGTGATTTATTTGAAGAAGGTTCTCTTGCTAACTTAACGGCATCTATTATTGGTAACGTTTTTGGTTTTAAAGCTGTTAAAGCGTTACGTTTAGAAGATATGAGAATTCCTTACGCTTATTTAAAA
MH172437.1_L3_donor_450_r0,MH172437.1,Pectinopitys harmsiana,Conifers,MH172437.1,train,L3_donor_450,450,1050,0,1827230082,ATGTCACCAAAAACAGAGACTAAAGTAAGTGCTGGGTTCAAAGCTGGTGTTAAAGATTACAGATTAACTTATTATACTCCGGACTATCAGACCCAAGAGACTGATATCTTGGCAGCATTCCGAGTCACTCCTCAACCCGGAGTGCCCCCCGAGGAAGCAGGAGCGGCAGTAGCTGCCGAATCTTCCACTGGTACATGGACTACTGTTTGGACCGATGGACTCACCAGCCTTGATCGTTACAAGGGGCGATGCTATGACATCGAGCCTGTTCCTGGAGAGGAAAGTCAATTTATTGCCTATGTAGCTTACCCCTTGGACCTTTTTGAAGAAGGTTCTGTTACTAACCTGTTCACTTCCATTGTAGGTAATGTATTTGGATTCAAAGCCCTACGGGCTCTACGTTTGGAAGATCTGCGAATTCCTCCTGCTTATTCCAAAACCTTCCAAGGT
MH270460.1_L3_donor_450_r0,MH270460.1,Macleaya microcarpa,Other angiosperms,MH270460.1,train,L3_donor_450,450,1050,0,1928543692,ATGTCACCACAAACAGAGACTAAAGCAAGTGTTGGATTCAAAGCTGGTGTTAAAGATTACAAATTGACTTATTATACTCCTGACTATGAAACCAAAGATACTGATATCTTGGCAGCATTCCGAGTAACTCCTCAACCTGGAGTTCCGCCTGAGGAAGCAGGGGCCGCGGTAGCTGCCGAATCTTCTACTGGTACATGGACAACTGTGTGGACCGATGGACTTACCAGCCTTGATCGTTACAAAGGAAGATGCTACCATATCGAGCCCGTAGCTGGAGAAGACAATCAATATATTTGTTATGTAGCTTACCCTTTAGACCTTTTTGAAGAAGGTTCTGTTACTAACATGTTTACTTCCATTGTGGGTAATGTATTTGGGTTCAAAGCGCTGCGCGCTCTACGTCTGGAGGATCTGCGAATTCCTCCTGCTTATGTTAAAACTTTCCAAGGC
MH390671.1_L3_donor_450_r0,MH390671.1,Quinchamalium chilense,Eudicots,MH390671.1,train,L3_donor_450,450,1050,0,2768246687,ATGTCACCACAAACAGAGACTAAAGCGAGTGTTGGATTCAAAGCTGGTGTTAAAGAGTACAAATTGACTTATTATACTCCTGATTATGAAACCAAAGATACTGATATCTTGGCAGCATTCCGAGTAACTCCGCAACCTGGAGTTCCACCCGAAGAAGCGGGGGCTGCCGTAGCTGCTGAATCTTCTACTGGTACATGGACAACTGTATGGACCGACGGACTTACCAGCCTTGATCGTTATAAAGGAAGATGTTACCACATCGAGCCCGTTGCTGGCGAAGAAAATCAATATATTGCTTATGTTGCTTATCCCTTAGACCTTTTTGAAGAAGGCTCTGTTACTAATATGTTTACTTCCATTGTAGGTAATGTATTTGGGTTTAAAGCCTTGCGTGCCCTACGTTTAGAGGATCTGAGAATCCCCCCTGCTTATTCTAAAACGTTCCAAGGT
MH390672.1_L3_donor_450_r0,MH390672.1,Schoepfia schreberi,Eudicots,MH390672.1,train,L3_donor_450,450,1050,0,3105796217,ATGTCACCACAAACAGAGACTAAAGCAAGTGTTGGATTCAAAGCTGGTGTTAAAGAGTACAAATTGACTTATTATACTCCTGATTATGAAACCAAAGATACTGATATCTTGGCAGCATTCCGAGTAACTCCTCAACCCGGAGTTCCACCCGAGGAAGCGGGGGCCGCGGTAGCTGCCGAATCCTCTACTGGTACATGGACAACTGTGTGGACCGATGGACTTACCAGCCTTGATCGTTATAAAGGAAGATGCTACCACATTGAGCCCGTTGCTGGCGAAGAAAATCAATATATTGCTTATGTCGCTTATCCCTTAGACCTTTTTGAAGAAGGCTCTGTTACTAACATGTTGACTTCCATTGTCGGTAATGTATTTGGGTTTAAAGCCTTGCGTGCCCTGCGTTTAGAGGATCTGAGAATCCCCCCTGCTTATTCTAAAACGTTCCAAGGC
MH545292.1_L3_donor_450_r0,MH545292.1,Batophora occidentalis,Green algae,MH545292.1,train,L3_donor_450,450,1050,0,2485876994,ATGGCTCCACAAACTGAGACTAAAGCAAGTGCTGGATTTAAAGCGGGTGTAAAAGATTATCGTTTAACATATTACACTCCTGATTATCAAGTACAAGACACTGATATTTTAGCTGCGTTTCGAATGACTCCACAACCTGGAGTACCAGCAGAAGAATGTGCTGCTGCAGTTGCCGCTGAATCTTCAACAGGTACTTGGACAACAGTATGGACAGACGGTTTAACAAGTCTTGATCGTTATAAAGGTCGTTGTTATGATGTTGAACCAGTTCCTGGAGAAGATAACCAATATATTGCATATGTAGCGTACCCTCTAAATCTATTTGAAGAAGGATCTGTAACAAACTTATTCACTTCAGTTGTTGGGAACGTTTTTGGATTTAAAGCTCTTCGTGCTCTTCGTTTAGAAGATCTTCGTATTCCACAAGCATACGTTAAAACATTCTTTGGA
MH545335.1_L3_donor_450_r0,MH545335.1,Halicoryne sp. HV04044,Green algae,MH545335.1,train,L3_donor_450,450,1050,0,847343220,ATGGGAACAACTGAAACGAAAGCAGGTGCTGGATTTAAAGCGGGTGTAAAAGATTATCGTCTAACGTACTATACACCTGATTATCAAGTACAAGATACAGATATTTTAGCAGCATTTCGAATGACGCCTCAGCCAGGAGTTCCAGCGGAAGAATGTGCCGCTGCTGTAGCTGCTGAATCTTCAACAGGTACTTGGACTACTGTTTGGACAGATGGATTAACTTCGCTAGACCGTTACAAAGGTCGATGCTATGATGTTGAACCTGTTCCTGGAGAAGATAATCAATACATTGCATATGTGGCTTATCCTTTAAACTTATTTGAAGAAGGGTCTGTAACAAATTTATTTACGTCAATTGTTGGTAACGTTTTTGGATTCAAAGCTCTTCGTGCTCTTCGTTTAGAAGATCTTCGTATTCCTCAAGCATTTGTCAAAACATTCTTGGGACCA
MH616272.1_L3_donor_450_r0,MH616272.1,Borya sphaerocephala,Monocots,MH616272.1,train,L3_donor_450,450,1050,0,2404264433,ATGTCACCACAAACAGAGACTAAAGCAAATGTTGGATTTAAAGCTGGTGTTAAAGATTACAAATTGACTTATTATACTCCTGACTACGACACCAAAGATACTGATATTTTGGCAGCATTTCGAGTAACTCCTCAACCAGGAGTTCCGCCTGAAGAAGCAGGGGCCGCGGTAGCTGCCGAATCTTCTACTGGTACATGGACAACTGTGTGGACTGATGGACTTACCAGTCTTGATCGTTACAAAGGACGATGCTACCACATCGAGGCTGTTGTTGGGGAAGAAAATCAATATATTGCTTATGTAGCTTATCCTTTAGACCTTTTTGAAGAAGGTTCTGTTACTAACATGTTTACTTCCATTGTTGGTAATGTATTTGGTTTCAAAGCCCTACGAGCTCTACGTCTGGAGGATCTGCGAATTCCCCCTGCTTATTCAAAAACTTTCCAAGGC
MH661965.1_L3_donor_450_r0,MH661965.1,Epiblema grandiflorum,Monocots,MH661965.1,train,L3_donor_450,450,1050,0,2412395232,ATGAGTTGTAGGGAGGGACTTATGTCACCACAAACAGAGACTAAAGCAAGCGTTGGATTTAAAGCTGGTGTTAAAGATTACAAATTGACTTATTATACTCCTGACTACGAAACAAAAGATACTGATATCTTGGCAGCATTCCGAGTAACTCCTCAACCGGGAGTTCCGCCTGAAGAAGCGGGAGCTGCGGTAGCAGCCGAATCTTCTACTGGTACATGGACAACTGTGTGGACTGATGGACTTACCAGTCTTGATCGTTACAAAGGACGGTGCTACCACATTGAGGCCGTTGTTGGGGAGGAAAATCAATATATTGCTTATGTAGCTTATCCTTTAGACCTTTTTGAAGAAGGTTCTGTTACTAACATGTTTACTTCCATTGTGGGTAATGTTTTTGGTTTCAAAGCCCTGCGAGCTCTACGTCTGGAAGATTTGCGAATTCCCCCTTCT
MK295219.1_L3_donor_450_r0,MK295219.1,Chlorella sp. 64.01,Green algae,MK295219.1,train,L3_donor_450,450,1050,0,2755552805,ATGGCTCCACAAACTGAAACTAGAGCAGGTGCTGGATTTAAAGCAGGTGTTAAAGATTATCGTTTAACATACTATACTCCTGACTATCAACCAAAAGAAACTGATATTCTTGCAGCATTCCGTATGACACCACAACCAGGTGTACCACCGGAAGAAGCTGGTGCAGCGGTAGCAGCAGAATCTTCAACAGGTACTTGGACGACTGTATGGACAGACGGTTTAACTAGTTTAGATCGTTATAAAGGTCGTTGTTATGATATTGAACCAGTTCCAGGTGAAGAAAATCAATATATTGCATATATTGCTTACCCTTTAGATCTTTTTGAAGAAGGTTCTGTAACGAATTTATTTACTTCAATTGTAGGTAACGTTTTTGGTTTCAAAGCTCTTCGTGCATTACGTCTAGAAGATCTTCGTATTCCACCAGCGTATGTAAAAACTTTCCAAGGA
MK295220.1_L3_donor_450_r0,MK295220.1,Pseudochlorella pringsheimii,Green algae,MK295220.1,train,L3_donor_450,450,1050,0,492324613,ATGTCTCCACAAACTGAAACTAAAGCAAGGGTGGGTTTCAAAGCAGGTGTTAAAGACTACCGTTTAACTTACTATACTCCTGATTACCAACCAAAAGATACTGATATTCTTGCAGCGTTCCGTATGACTCCTCAACCAGGTGTTCCACCAGAAGAAGCTGGTGCAGCGGTAGCAGCAGAATCATCAACTGGTACTTGGACGACTGTATGGACTGACGGTTTAACTAGTTTAGATCGTTACAAAGGTCGTTGTTATGATATCGAGCCAGTTCCAGGTGAAGAAAACCAATACATTGCATATATTGCATATCCTTTAGATCTTTTTGAAGAAGGTTCTGTAACAAACTTATTTACTTCAATTGTAGGTAACGTTTTTGGTTTCAAAGCTCTTCGTGCTTTACGTTTAGAAGATCTTCGTATTCCACCAGCATACGTAAAAACTTTCCAAGGT
MK806439.1_L3_donor_450_r0,MK806439.1,Lepisorus jakonensis,Ferns,MK806439.1,train,L3_donor_450,450,1050,0,217977768,ATGTCACCACAAACGGAGACTAAAGCGGGTGTTGGATTCAAAGCTGGTGTCAAAGATTATCGATTGACTTATTACACCCCCGAATACAAAACCAAAGATACCGATATCTTAGCAGCATTTCGAATGACCCCACAACCTGGAGTACCGGCTGAGGAAGCTGGAGCTGCGGTAGCTGCAGAATCCTCCACAGGTACGTGGACCACTGTATGGACAGATGGGTTGACTAGTCTTGACCGTTACAAGGGCCGATGCTATGACATCGAACCCGTCGCTGGGGAAGAGAATCAGTATATCGCGTATGTAGCTTATCCTTTGGATCTATTTGAAGAAGGTTCCGTTACTAATTTATTCACCTCCATAGTCGGTAATGTCTTCGGATTTAAGGCTCTGCGCGCTCTACGCTTGGAAGACCTTCGAATTCCTCCCGCTTATTCTAAAACTTTCATAGGA
MN030175.1_L3_donor_450_r0,MN030175.1,Botrypus virginianus,Ferns,MN030175.1,train,L3_donor_450,450,1050,0,2300526837,ATGTCACCACAAACGGAGACTAAAGCAGGTGTTGGATTCAAAGCTGGTGTTAAAGATTATCGATTGACCTATTACACTCCCGATTACAAAACCAAGGATACTGATATCCTAGCAGCTTTTCGAATGACTCCCCAACCTGGAGTGCCAGCTGAGGAAGCGGGAGCCGCGGTAGCTGCTGAATCTTCCACCGGTACGTGGACCACCGTATGGACCGATGGACTTACCAGCCTTGATCGTTACAAGGGTCGATGCTATGAAATCGAACCTGTTCCCGGGGAGGAGAATCAATTCATTGCTTATGTGGCGTATCCTCTAGATCTTTTTGAGGAAGGTTCTGTCACCAACATGTTCACTTCCATTGTAGGTAACGTATTCGGATTCAAGGCATTGAGAGCTTTACGGTTGGAAGATTCAAGAATCCCCCCTGCTTATTCTAAGACTTTCACGGGT
MN601490.1_L3_donor_450_r0,MN601490.1,Clematis sp. DPP-2019a,Other angiosperms,MN601490.1,train,L3_donor_450,450,1050,0,1074787974,ATGTCACCACAAACAGAGACTAAAGCGAGTGTTGGCTTCAAAGCAGGTGTTAAAGAGTACAAATTGAATTATTATACTCCTGAATATGAACCCAAAGAAACTGATACCTTGGCGGCATTCCGAGTAAGTCCTCAACCTGGAGTTCCACCTGAAGAAGCAGGGGCTGCTGTAGCTGCCGAATCTTCTACGGGTACATGGACAACTGTGTGGACCGATGGACTTACCAGCCTTGATCGTTACAAAGGACGATGCTACGATATCGAGCCCGTTGCTGGAGAAGAAAATCAATATATTTGTTATGTAGCCTACCCTTTAGACCTTTTTGAAGAAGGTTCTGTTACTAACATGTTTACTTCTATTGTGGGTAATGTATTTGGGTTCAAAGCGTTACGCGCTCTACGTCTGGAAGATCTGCGAGTTCCTGTTGCTTATATTAAAACTTTCCAAGGC
MN793055.1_L3_donor_450_r0,MN793055.1,Chara vulgaris,Other green,MN793055.1,train,L3_donor_450,450,1050,0,2782476297,ATGTCACCACAGACAGAAACTAAAACAAGTGCTGGATTTAAAGCAGGGGTAAAAGATTACAGATTAACTTACTATACTCCTGAGTATAAAACTAAAGATACTGACATTTTAGCTGCATTTCGTGTAACTCCACAACCTGGCGTTCCACCTGAAGAAGCAGGTGCTGCAGTAGCTGCAGAATCTTCCACTGGTACATGGACTACTGTTTGGACTGACGGATTAACTAGTTTAGACCGATACAAAGGAAGATGCTACGATATTGAACCTGTTGCTGGTGAAGAGAATCAGTTTATTGCATATGTTGCTTATCCTCTTGATTTATTTGAAGAAGGATCAGTAACAAATTTATTCACATCGATTGTAGGTAATGTATTTGGATTTAAAGCATTAAGGGCTTTACGTTTGGAAGATTTACGTATTCCTCCTGCTTATACAAAGACTTTTCAAGGG
MT439865.1_L3_donor_450_r0,MT439865.1,Glomerochrysis psammophila,SAR/other protist,MT439865.1,val,L3_donor_450,450,1050,0,3622012502,ATGTCTCAATCTGTATCAGAACGTACACGTATTAAGAGCGAACGTTATGAATCTGGTGTAATCCCTTACGCTAAAATGGGTTACTGGGATTCTAGTTACACAATCAAGAGTACGGATGTTCTTGCATTATTCCGTATTACACCTCAACCGGGCGTAGATCCAGTTGAAGCTGCTGCTGCCGTAGCGGGTGAATCTTCAACAGCTACATGGACTGTTGTATGGACAGATTTATTAACAGCATGTGATGTATACCGTGCAAAAGCATATCGTGTAGATCCGGTTCCAAGTGCTGCTGATCAATTCTTTGCATATATCGCATATGAAGGTGATTTATTTGAGGAAGGTTCATTAGCGAATATGACAGCTTCTATCATCGGTAACGTATTTGGTTTCAAAGCCGTTAAAGCGTTACGTTTAGAAGATATGCGTATTCCACACTCTTACTTAAAG
MW267923.1_L3_donor_450_r0,MW267923.1,Zygnema circumcarinatum,Other green,MW267923.1,train,L3_donor_450,450,1050,0,98952183,ATGTCACCACAAACAGAAACCAAAGCAGGTGCTGGATTTAAAGCAGGGGTAAAAGATTACCGACTTACCTATTACACTCCTGACTATGAAACTAAGGAAACCGATATCCTTGCTGCATTCCGTATGACTCCTCAACCTGGAGTTCCACCGGAAGAAGCAGGTGCTGCTGTAGCAGCAGAGTCCTCTACTGGTACATGGACTACTGTTTGGACCGATGGTCTTACTAGTCTAGATCGCTACAAAGGTAGATGCTATGATCTTGAACCAGTTCCTGGAGAAGAGAATCAATACATTGCATATATCGCATATCCTCTTGACCTATTCGAAGAAGGTTCTGTAACCAACTTGTTCACCTCTATTGTAGGAAACGTATTTGGATTTAAAGCACTTCGAGCTCTACGTTTAGAAGATTTACGTATTCCTCCAGCTTACTCTAAAACCTTCCAAGGC
MW524049.1_L3_donor_450_r0,MW524049.1,Dryopteris fragrans,Ferns,MW524049.1,train,L3_donor_450,450,1050,0,1240608573,ATGTCACCACAAACGGAGACTAAAGCAGGTGTTGGATTCAAAGCTGGTGTCAAAGATTATCGATTGACCTATTACACCCCCGAATACAAGACCAAAGATACCGATATCTTAGCAGCCTTTAGAATGACCCCACAACCCGGAGTACCGGCTGAGGAAGCCGGAGCTGCGGTAGCTGCGGAATCCTCCACGGGTACGTGGACCACTGTATGGACAGATGGGTTGACCAGTCTTGACCGTTACAAGGGCCGATGCTACGACATCGAACCCGTTGCTGGAGAGGAAAACCAGTATATCGCGTATGTAGCTTATCCTTTGGATCTATTCGAAGAAGGTTCTGTCACCAATCTGTTCACCTCCATTGTAGGTAATGTTTTCGGATTTAAGGCTCTACGCGCTTTACGCTTGGAAGACCTTCGAATCCCCCCCGCTTATTCTAAAACTTTCCTTGGA
MZ133428.1_L3_donor_450_r0,MZ133428.1,Corbierea radiosa,Green algae,MZ133428.1,train,L3_donor_450,450,1050,0,296081660,ATGGTTCCACAAACAGAAACAAGAGCTGGTGCTGGGTTTAAAGCTGGTGTTAAAGATTATCGATTAACGTATTATACACCAGATTACGTAGTGAAAGACACTGATATTTTAGCTGCTTTCCGTATGACTCCACAACCAGGTGTTCCACCAGAAGAATGTGGTGCAGCTGTTGCAGCTGAATCATCAACAGGTACTTGGACAACTGTATGGACTGACGGTTTAACATCTTTAGATCGTTATAAAGGTCGTTGTTACGATATCGAACCTGTACCAGGGGAAGATAACCAATATATTGCTTATGTAGCATACCCAATTGACCTTTTTGAAGAAGGTTCTGTAACAAACTTATTAACTTCAATTGTAGGTAACGTTTTTGGTTTCAAAGCATTACGTGCATTACGTTTAGAAGATCTTCGTATTTCTTCTGCTTATGCTAAAACATTCCAAGGA
MZ714562.1_L3_donor_450_r0,MZ714562.1,Scutellaria indica var. tsusimensis,Eudicots,MZ714562.1,train,L3_donor_450,450,1050,0,3476138582,ATGTCACCACAAACTGAAACCAGAACAGGTACTGGCTTTAAAGCAGGCGTTAAGGACTATCGCCTAACTTACTACACTCCTGATTATGAGACCAAAGAGACTGATATCCTAGCTGCATTTCGGATGACTCCTCAACCTGGAGTTCCTCCTGAAGAAGCAGGTGCTGCGGTTGCAGCTGAATCTTCAACCGGTACCTGGACCACTGTATGGACCGATGGACTAACCAACCTTGATCGTTATAAGGGTCGCTGTTACGATATTGAACCTGTTGCTGGTGAGGAAAACCAATATATTGCATATGTGGCATATCCTTTGGACCTTTTTGAAGAGGGTTCAGTCACCAACCTGTTTACTTCTATTGTAGGAAACGTATTCGGCTTTAAGGCACTTCGTGCTCTTCGATTGGAAGATCTTCGCATTCCTCCAGCCTATGTGAAAACTTTCCAAGGT
OK588964.1_L3_donor_450_r0,OK588964.1,Hydrocleys nymphoides,Monocots,OK588964.1,train,L3_donor_450,450,1050,0,2447787743,ATGTCACCACAAACGGAGACTAAAACAGGTGTTGGATTCAAAGCTGGTGTTAAAGATTACAAATTGACTTATTATACTCCTGAATATCAAACAAAAGATACTGATATCTTGGCAGCATTCCGAGTAACCCCGCAACCCGGAGTTCCACCTGAGGAAGCAGGGGCCGCAGTAGCTGCCGAATCTTCTACTGGTACATGGACAACCGTGTGGACTGATGGACTTACTAGTCTAGATCGTTACAAAGGACGATGCTACCACATCGAGCCTGTTATTGGGGAGGAAAATCAATATTTTTGTTATGTAGCTTATCCTTTGGACCTTTTTGAAGAAGGTTCCGTTACCAACATGTTTACTTCCATTGTAGGTAATGTATTTGGGTTTAAAGCTCTACGAGCTCTACGTTTGGAGGATTTGCGAATTCCTCCTGCTTATTCCAAAACTTTCCAAGGT
OK588972.1_L3_donor_450_r0,OK588972.1,Baldellia ranunculoides,Monocots,OK588972.1,train,L3_donor_450,450,1050,0,640172588,ATGTCACCACAAACAGAGACTAAAACAGGTGTTGGATTCAAAGCCGGTGTTAAAGATTACAAATTGACTTATTATACTCCTGAATATCAAACCAAAGATACTGATATCTTGGCAGCATTCCGAGTAACTCCGCAACCGGGAGTTCCACCTGAGGAAGCAGGTGCCGCGGTAGCTGCCGAATCTTCTACTGGTACATGGACAACTGTGTGGACTGATGGACTTACTAGTTTGGATCGTTACAAAGGACGATGCTACCACATCGAACCTGTTATTGGAGAGGAAAATCAATATTTTTGTTATGTAGCTTATCCTTTAGACCTTTTTGAAGAAGGTTCTGTTACCAACATGTTTACTTCCATTGTAGGTAATGTATTTGGGTTTAAAGCTCTACGAGCTCTACGTTTGGAGGATTTGCGAATCCCTCCTGCTTATTCCAAAACTTTCCAAGGT
OK588984.1_L3_donor_450_r0,OK588984.1,Echinodorus paniculatus,Monocots,OK588984.1,train,L3_donor_450,450,1050,0,3587885675,ATGTCACCACAAACAGAGACTAAAACAGGTGTTGGATTCAAAGCAGGTGTTAAAGATTACAAATTGACCTATTATACTCCTGAATATCAAACCAAAGATACTGATATCTTGGCAGCATTCCGAGTAACCCCGCAACCCGGAGTTCCACCTGAAGAAGCAGGGGCCGCAGTAGCTGCCGAATCTTCTACTGGTACATGGACAACTGTGTGGACTGATGGACTTACTAGTCTTGATCGTTACAAAGGACGATGCTACCACATCGAACCTGTTATTGGAGAAGAAAATCAATATTTTTGTTATGTAGCTTATCCCTTAGACCTTTTTGAAGAAGGTTCTGTTACCAACATGTTTACTTCCATTGTAGGTAATGTATTTGGGTTTAAAGCTCTACGAGCTCTACGCTTGGAGGATTTGCGAATTCCTTCTGCTTATTCCAAAACTTTCCAAGGT
OK588986.1_L3_donor_450_r0,OK588986.1,Helanthium bolivianum,Monocots,OK588986.1,train,L3_donor_450,450,1050,0,2725686206,ATGTCACCGCAAACAGAGACTAAAACAGGTGTCGGATTCAAAGCTGGTGTTAAAGATTACAAATTGACTTATTATACTCCTGAATATCAAACCAAAGATACTGATATCTTGGCAGCATTCCGAGTAACCCCGCAACCTGGAGTTCCACCTGAGGAAGCAGGGGCCGCCGTAGCGGCCGAATCTTCTACTGGTACATGGACAACCGTGTGGACTGATGGACTTACTAGTCTTGATCGTTACAAAGGACGATGCTACCACATTGAACCTGTTATTGGAGAGGAAAATCAATATTTTTGTTATGTAGCTTATCCTTTAGACCTTTTTGAAGAAGGTTCCGTTACCAACATGTTTACTTCCATTGTAGGTAATGTATTTGGGTTTAAAGCTCTACGAGCTCTACGTTTGGAGGATTTGCGAATTCCTTCTTCTTATTCCAAAACTTTCCAAGGT
OK588987.1_L3_donor_450_r0,OK588987.1,Limnocharis flava,Monocots,OK588987.1,train,L3_donor_450,450,1050,0,1757296633,ATGTCACCACAAACAGAGACTAAAACAGGTGTTGGATTCCAAGCAGGTGTAAAAGATTACAAATTAACTTATTATACTCCTGAATATCAAACAAAAGATACTGATATCTTGGCAGCATTCCGAGTAACCCCGCAACCCGGGGTTCCACCTGAGGAAGCTGGGGCCGCAGTAGCCGCCGAATCCTCGACCGGTACATGGACAACTGTGTGGACTGATGGACTTACTAGTCTGGATCGTTACAAAGGACGATGCTACCACATCGAGCCTGTTATTGGAGAGGAAAATCAATATTTTTGTTATGTAGCTTATCCTTTGGACCTTTTTGAAGAAGGTTCCGTTACCAACATGTTTACTTCCATTGTGGGTAATGTATTTGGCTTTAAAGCTCTACGAGCTCTACGTTTAGAGGATTTGCGAATTCCGTCTTCTTATTCCAAAACTTTCCAAGGC
OL504528.1_L3_donor_450_r0,OL504528.1,Smilax weniae,Monocots,OL504528.1,train,L3_donor_450,450,1050,0,249456340,ATGTCACCACAAACAGAGACTAAAGCAAGTGTTGGATTCAAAGCTGGTGTTAAAGATTACAAATTGACTTATTATACTCCTGACTATGAAACCAAAGATACTGATATCTTGGCAGCATTCCGAGTAACTCCTCAACCCGGAGTTCCGCCTGAAGAGGCAGGGGCAGCGGTAGCCGCAGAATCTTCTACTGGTACATGGACAACTGTGTGGACTGATGGACTTACCAGTCTTGATCGTTACAAAGGACGATGCTACCACATAGAGAGCGTTGTTGGGGAGGAAAATCAATATATTGCTTATGTAGCTTATCCTTTAGACCTTTTTGAAGAAGGCTCGGTTACTAACATGTTTACTTCCATTGTGGGTAATGTATTTGGTTTCAAAGCCCTACGAGCTCTACGTCTAGAGGATTTGCGAATTCCTACTTCTTATTCCAAAACTTTCCAAGGC
ON568338.1_L3_donor_450_r0,ON568338.1,Scytosiphon sp. Atlantic complex sp. 1,Brown algae,ON568338.1,test,L3_donor_450,450,1050,0,2142951773,ATGCCTGAAGATGTGCAGAATCGAACTCGAATAAAAAGTGAACGTTACGAATCAGGTGTTATTCCATATGCCAAAATGGGATATTGGGATGCCGATTATAACGTTAAAGAAACTGATATTCTAGCTCTTTTTCGTATCACTCCACAACCAGGTGTAGATCCCGTTGAAGCTGCCGCTGCTGTTGCCGGCGAATCTTCTACTGCAACATGGACGGTAGTTTGGACAGACTTATTAACTGCTTGTGATATCTATAGAGCAAAAGCATATAGAGTAGATCCAGTACCCGGAACAAGTGACCAATTCTTTGCTTACATAGCTTACGAATGTGATTTATTTGAAGAAGGTTCTCTTGCTAACTTAACAGCATCTATTATTGGTAACGTTTTCGGTTTCAAAGCTGTTAAAGCATTACGTTTAGAAGACATGAGAATTCCTTACGCTTACTTAAAA
ON684489.1_L3_donor_450_r0,ON684489.1,Juniperus navicularis,Conifers,ON684489.1,train,L3_donor_450,450,1050,0,2355655325,ATGTCACCAAAAACAGAGACTAAAGCAAGTGTCGGATTCAAAGCGGGTGTTAAAGATTACAGATTAACTTATTATACTCCGGAATATCAGACCAAAGATACTGATATCTTGGCAGCATTCCGAGTCACTCCTCAACCTGGAGTGCCCCCCGAAGAAGCGGGAGCAGCGGTAGCTGCCGAATCTTCCACTGGTACGTGGACCACTGTTTGGACCGATGGCCTTACCAGTCTTGATCGCTACAAGGGGCGATGCTATGATATTGAACCCGTTCCTGGAGAAGAAACTCAATTTATTGCCTATGTAGCTTACCCTTTAGACCTTTTTGAAGAAGGCTCTGTGACTAACCTGTTTACTTCTATTGTAGGTAATGTATTTGGATTCAAAGCTTTACGGGCTCTACGTCTGGAAGATTTACGAATTCCTCCTGCTTATTCAAAAACTTTTCAAGGC
ON920851.1_L3_donor_450_r0,ON920851.1,Pseudostaurastrum enorme,SAR/other protist,ON920851.1,train,L3_donor_450,450,1050,0,330712920,ATGTTTCAATCTGTAGAAGAAAGAACACGAATTAAAAATGAACGTTATGAATCAGGTGTAATCCCTTACGCTGAAATGGGATATTGGGATGCTAATTATACAGTTAAAGATACTGATGTATTAGCTTTATTCCGTATTACTCCACAACCTGGTGTTGATCCTATTGAAGCGGCAGCAGCGGTAGCTGGTGAATCTTCAACAGCAACATGGACTGTTGTATGGACTGACTTACTAACTGCTTGTGACGTTTATCGTGCAAAAGCTTACAAAGTAGATACAGTTCCGGGTGCAGCAGACCAATTCTTTGGATTTATCGCTTATGAATGTGATTTATTTGAAGAAGGATCACTTGCAAACTTAACAGCATCAATTATTGGTAACGTGTTCGGTTTCAAAGCTGTAAAAGCTCTTCGTTTAGAAGACATGCGTATTCCTTACGCTTACTTAAAA
ON933796.1_L3_donor_450_r0,ON933796.1,Commiphora wightii,Eudicots,ON933796.1,train,L3_donor_450,450,1050,0,966380584,ATGAGTTGTAGGGAGGGACTTATGTCACCACAAACAGAGACTAAAGCAAGTGTTGGATTCAAAGCCGGTGTTAAAGACTATAAATTGAATTATTATACTCCTCAATATCAAACCAAAGATACTGATATCTTGGCAGCATTCCGAGTAACTCCTCAACCCGGAGTTCCACCCGAGGAAGCGGGGGCCGCGGTAGCTGCGGAATCTTCTACTGGTACATGGACAACTGTGTGGACCGATGGGCTTACCAGCCTTGATCGTTACAAAGGACGATGCTACAACATTGAGCCCGTTGCTGGAGAAGAAAATCAATATATATGTTATGTAGCTTACCCTTTAGACCTTTTTGAAGAAGGTTCTGTTACTAACATGTTTACTTCCATTGTGGGTAATGTATTTGGGTTCAAAGCCCTGCGCGCTCTACGTCTAGAGGATCTACGAATCCCTACCGCG
OP237580.1_L3_donor_450_r0,OP237580.1,Baolia bracteata,Eudicots,OP237580.1,train,L3_donor_450,450,1050,0,3573693565,ATGTCACCACAAACAGAGACTAAAGCAAGTGTTGGATTTAAAGCGGGTGTTAAAGATTACAAATTGACTTATTATACTCCTGAGTATGAAACCCAAGATACTGATATCTTGGCAGCATTCCGAGTAACTCCTCAACCTGGAGTTCCACCCGAAGAAGCAGGGGCTGCAGTAGCTGCCGAATCTTCTACTGGTACATGGACAACTGTATGGACCGACGGACTTACCAGTCTTGATCGTTACAAAGGACGATGCTACCACATCGAGCCCGTTGCTGGAGAAGAAAATCAATATATTTGTTATGTAGCGTATCCTTTAGACCTTTTTGAAGAAGGTTCTGTTACTAACATGTTTACTTCCATTGTGGGTAACGTATTTGGGTTCAAAGCCCTGCGTGCTCTACGTTTGGAGGATTTGCGAATCCCTGTTGCTTATATAAAAACTTTCCAAGGC
OP330067.1_L3_donor_450_r0,OP330067.1,Asplenium trichomanes,Ferns,OP330067.1,train,L3_donor_450,450,1050,0,399054740,ATGTCGCCACAAACGGAGACTAAGGCGGGTGTTGGATTCAAAGCTGGTGTCAAAGATTACCGGCTGACTTATTACACCCCCGAATACAAAGTTAAAGATACTGATATTTTGGCAGCTTTTCGGATGACCCCACAACCCGGAGTACCAGCTGAAGAAGCTGGAGCTGCAGTAGCTGCGGAGTCCTCTACAGGTACGTGGACCACTGTTTGGACAGATGGGTTGACTAGTCTTGACCGTTACAAGGGCCGATGCTACGATATTGAGCCCGTCGCTGGAGAGGAAAATCAGTATATCGCGTATGTAGCTTATCCCTTGGACCTTTTTGAAGAAGGTTCCGTCACCAACCTGTTTACTTCCATTGTAGGTAACGTTTTTGGATTTAAAGCTCTACGTGCCCTACGCTTGGAAGACCTTCGAATCCCTCCCGCTTACTCTAAAACTTTCATCGGA
OQ863300.1_L3_donor_450_r0,OQ863300.1,Laurencia catarinensis,Red algae,OQ863300.1,train,L3_donor_450,450,1050,0,1087032078,ATGTCTAACTCTGTAGAAGAACGGACACGGATTAAAAACGAACGTTATGAATCTGGTGTAATTCCATACGCAAAAATGGGATACTGGGACCCTAACTATGTAGTTAAAGATACAGATATATTAGCTCTGTTTAGAGTTAGTCCACAACCAGGAGTAGATCCAGTAGAAGCTTCTGCAGCCGTTGCAGGTGAATCATCTACTGCAACATGGACTGTTGTATGGACAGATTTATTAACAGCTTGCGATTTATATCGTGCAAAAGCATATAAAGTAGATGCTGTACCAAATACTTCTGACCAATATTTCGCATATATAGCTTATGATATTGATTTATTTGAAGAGGGATCTATTGCTAATTTAACTGCTTCTATTATTGGTAATGTATTTGGATTTAAAGCAGTTAAAGCATTAAGGCTTGAAGATATGCGTATTCCTGTAGCATATCTTAAA
OQ863312.1_L3_donor_450_r0,OQ863312.1,Laurencia sp. A25,Red algae,OQ863312.1,train,L3_donor_450,450,1050,0,4047623733,ATGTCTAACTCTGTAGAAGCACGGACACGGATTAAAAACGAACGTTATGAATCTGGTGTAATTCCATACGCAAAAATGGGATACTGGGACCCTAACTACGTAGTTAAAGATACAGATATATTAGCTCTATTTAGAGTTAGTCCACAACCAGGAGTAGATCCAGTAGAGGCTTCTGCAGCAGTTGCAGGTGAATCATCTACTGCAACATGGACTGTTGTATGGACAGATTTATTAACAGCTTGTGATTTATATCGTGCAAAAGCATATAAAGTAGATGCTGTACCAAATACTTCTGATCAATATTTTGCATATATAGCTTATGATATTGACTTATTTGAAGAAGGATCTATTGCCAATTTAACTGCTTCTATTATTGGTAATGTATTTGGATTTAAAGCAGTTAAAGCATTAAGACTTGAAGATATGCGTATTCCTGTAGCATATCTTAAG
OQ868456.1_L3_donor_450_r0,OQ868456.1,Pteris pseudowulaiensis,Ferns,OQ868456.1,train,L3_donor_450,450,1050,0,2169809100,ATGTCGCCACAAACGGAGACTAAAGCAGGTGTTGGATTCAAAGCTGGTGTCAAAGATTATCGATTGACTTATTACACTCCCGAATACAAGACCAAAGATACTGATATATTAGCGGCTTTCCGAATGACCCCACAACCTGGAGTACCAGCTGAGGAGGCCGGAGCTGCAGTAGCTGCGGAATCCTCTACGGGTACCTGGACCACGGTATGGACAGACGGACTTACCAGTCTCGATCGCTACAAGGGCCGGTGTTACGATATTGAGCCTGTTGCTGGGGAGGAAAATCAGTATATTGCGTATGTAGCTTATCCTCTGGATTTATTCGAGGAAGGTTCCGTCACCAATATGCTGACTTCCATTGTAGGTAATGTTTTTGGCTTCAAGGCCCTACGCGCTCTGCGTCTGGAAGACCTACGAATTCCTCCTGCGTATTCCAAAACTTTTATAGGA
OR165438.1_L3_donor_450_r0,OR165438.1,Cyanotis obtusa,Monocots,OR165438.1,test,L3_donor_450,450,1050,0,2942037778,ATGTCACCACAAACAGAGACTAAAGCAAGTGTTGGATTTAAAGCGGGTGTTAAAGATTATAAATTGACTTATTATACTCCTGAGTACCAAACCAAAGATACTGATATATTGGCAGCATTCCGAGTAACTCCTCAACCAGGAGTTCCGCCTGAGGAAGCAGGTGCTGCGGTAGCTGCCGAATCTTCTACTGGTACATGGACAACCGTGTGGACTGATGGACTTACCAGTCTTGATCGTTACAAAGGACGATGCTATCACATCGAGCCCGTTCCTGGGGAGGAAAGTCAATTTATTGCTTATGTAGCTTATCCTTTAGACCTTTTTGAAGAAGGTTCTGTTACTAACATGTTTACTTCCATTGTAGGTAATGTATTTGGTTTCAAAGCCCTGCGAGCTCTACGTTTGGAGGATTTGCGAATTCCTACTTCTTATGTCAAAACTTTTCAGGGT
OR165493.1_L3_donor_450_r0,OR165493.1,Tradescantia fluminensis,Monocots,OR165493.1,train,L3_donor_450,450,1050,0,3719995880,ATGTCACCACAAACAGAGACTAAAGCAAGTGTTGGATTTAAAGCGGGTGTTAAAGATTATAAATTGACTTATTATACTCCTGAGTACCAAACTAAAGATACTGATATATTGGCAGCATTCCGAGTAACTCCTCAACCAGGAGTTCCGCCGGAGGAAGCAGGGGCTGCGGTAGCTGCGGAATCTTCTACTGGTACATGGACAACTGTGTGGACTGATGGACTTACCAGTCTTGATCGATACAAAGGACGATGCTACCACATCGAGCCTGTTCCTGGGGAGGAAAGTCAATTTATTGCTTATGTAGCTTATCCTTTAGACCTTTTTGAAGAAGGTTCTGTTACTAACATGTTTACTTCCATTGTAGGTAATGTATTTGGTTTCAAAGCCCTGCGAGCTCTACGTTTGGAGGATTTGCGAATTCCCATTGCTTATGTCAAAACTTTTGAAGGC
OR359632.1_L3_donor_450_r0,OR359632.1,Amoenothamnion planktonicum,Red algae,OR359632.1,train,L3_donor_450,450,1050,0,1034938649,ATGTCTAACTCTGTAGAAGAACGGACAAGAATTAAAAATGAACGTTATGAATCTGGTGTAATCCCTTATGCAAAAATGGGATATTGGGATCCAGAATATGTGGTTAAAGATACAGACGTATTAGCTCTGTTTCGTGTATCTCCACAGCCAGGCGTTGACCCAATTGAAGCTTCTGCTGCAGTTGCTGGTGAATCATCTACTGCTACTTGGACTGTAGTATGGACTGATTTATTAACAGCTTGTGATTTATATAGAGCTAAAGCTTATAAAGTAGATGCTGTTCCAAATACTTCTGATCAATACTTTGCATATATCTCATATGATATTGATCTATTTGAAGAAGGATCAATTGCAAACTTAACAGCTTCAATCATTGGTAACGTATTTGGCTTTAAAGCAGTTAAAGCTTTAAGACTAGAAGATATGCGTATTCCTTATGCTTACTTAAAA
PP263658.1_L3_donor_450_r0,PP263658.1,Daphniphyllum macropodum subsp. humile,Eudicots,PP263658.1,val,L3_donor_450,450,1050,0,2163321691,ATGAGTTGTAGGGAGGGACTTATGTCACCACAAACAGAGACTAAAGCAAGTGTTGGATTCAAAGCTGGTGTTAAAGATTACAAATTGACTTATTATACTCCTGACTATGACACCAAAGATACTGATATCTTGGCAGCATTCCGAGTAACTCCTCAACCTGGAGTTCCACCTGAGGAAGCAGGGGCCGCGGTAGCTGCGGAATCTTCTACTGGTACATGGACAACTGTGTGGACCGATGGACTTACCAGCCTTGATCGTTACAAAGGACGATGCTACCATATCGAGCCCATCGCTGGAGAAGAAAATCAATTTATTGCTTATGTAGCTTACCCTTTAGACCTTTTTGAAGAAGGGTCTGTTACTAACATGTTTACTTCCATTGTGGGTAATGTATTTGGGTTCAAAGCCCTGCGCGCTCTACGTCTGGAGGATCTGCGAATCCCTCCTGCT
PQ031122.1_L3_donor_450_r0,PQ031122.1,Mallomonas flora,SAR/other protist,PQ031122.1,train,L3_donor_450,450,1050,0,3625264036,ATGAGTACAGGAGAAAGAACGCGTATTAAATCAGAACGTTATGAATCTGGAGTAATCCCATACAAAAAAATGGGTTATTGGGATGCAGACTACACAGTTAAAGATACTGATGTTTTATGTCTTTTCCGTATTACACCACAACCAGGAGTTGATCCAGTTGAAGCTGCAGCAGCTGTTGCTGGAGAATCATCAACTGCTACTTGGACTGTTGTATGGACAGATTTATTAACTGCTTGTGATGTATATCGTGCAAAAGCTTATTTCGTTGAAGAAGTTCCTAATGCAGTAGATGAATTCTTTGCATTTATTGCTTACGAATGTGACTTATTTGAAGAAGGTTCAATTTCTAACTTAACAGCTTCTATTATTGGAAACGTTTTTGGATTTAAAGCCGTTAAATGTTTACGTTTAGAAGATATGCGTATTCCTTATGCATACTTAAAAACTTTC
PQ031123.1_L3_donor_450_r0,PQ031123.1,Mallomonas striata,SAR/other protist,PQ031123.1,train,L3_donor_450,450,1050,0,84995046,ATGAGTGATGCAGTAGAAAGAACACGTATTAAATCAGAACGTTATGAATCTGGAGTAATTCCATATAAAAAAATGGGTTATTGGGATGCAGACTATACAGTGAAAGAAACTGATGTTCTTTGTCTTTTCCGTATTACACCACAACCAGGTGTTGACCCAGTAGAAGCTGCTGCAGCTGTAGCTGGAGAATCATCTACAGCTACATGGACAGTTGTATGGACAGATTTATTAACAGCTTGTGATGTATATCGTGCTAAAGCTTATTTCGTGGAAGAAGTTCCAAATAAACCAGATGAATTCTTTGCATTTATTGCTTACGAATGTGATTTATTTGAAGAAGGTTCAATTGCAAATTTAACAGCTTCTATTATTGGGAACGTTTTCGGATTTAAAGCCGTTAAAGCTTTACGTTTAGAAGATATGCGTATTCCGTATGCTTATTTAAAAACT
PQ031125.1_L3_donor_450_r0,PQ031125.1,Mallomonas kalinae,SAR/other protist,PQ031125.1,train,L3_donor_450,450,1050,0,2426614627,ATGAGTGATGCATCAGAAAGAACGCGTATTAAATCAGAACGTTATGAATCTGGAGTAATTCCATACAAAAAAATGGGGTATTGGGATGCTGATTATTCAGTAAAAGAAACTGACGTTTTATGTCTTTTCCGTATTACACCACAACCAGGAGTTGATCCTATTGAAGCTGCTGCAGCTGTAGCTGGAGAATCTTCAACAGCAACTTGGACAGTTGTTTGGACTGACTTATTAACAGCTTGTGATGTATATCGTGCAAAAGCATATTTCGTAGAAGAAGTACCAAATAAACCAGAAGAATTCTTCGCTTTTATCGCATACGAATGTGATTTATTTGAAGAAGGTTCTATTGCTAACTTAACAGCATCAATTATCGGAAACGTTTTTGGTTTCAAAGCTGTTAAAGCATTACGTTTAGAAGATATGCGTATTCCTTTTGCTTACCTAAAAACT
PQ031131.1_L3_donor_450_r0,PQ031131.1,Mallomonas annulata,SAR/other protist,PQ031131.1,train,L3_donor_450,450,1050,0,3291480473,ATGAGTGATGCAGTAGAAAGAACACGTATTAAATCAGAACGTTATGAATCAGGAGTAATTCCATACAAAAAAATGGGTTATTGGGATGCAGACTATACAATTAAAGATAGTGATGTATTATGTCTTTTCCGTTTAACACCACAACCAGGAGTTGACCCAGTTGAAGCTGCTGCAGCTGTTGCTGGAGAATCATCTACTGCTACTTGGACAGTTGTATGGACTGATTTATTAACAGCATGTGATGTATATCGTGCTAAAGCTTACTTCGTTGAAGAAGTTCCAAACAAACCAGACGAATTTTTCGCTTTTATCGCATACGAATGTGATTTATTTGAAGAAGGTTCTATTGCTAACTTAACAGCATCTATCATCGGAAACGTTTTCGGTTTCAAAGCCGTTAAAGCTTTACGTTTAGAAGATATGCGTATTCCTTATGCATACTTAAAAACT
PQ031145.1_L3_donor_450_r0,PQ031145.1,Mallomonas splendens,SAR/other protist,PQ031145.1,val,L3_donor_450,450,1050,0,1441411822,ATGAGTGATGCATCAGAAAGAACGCGTATTAAATCAGAACGTTATGAATCTGGAGTAATTCCATACAAAAAAATGGGTTATTGGGATGCAGATTACACAGTAAAAGATTCTGATGTATTATGTCTTTTCCGTTTAACACCACAACCAGGTGTTGACCCGATTGAAGCAGCAGCTGCTGTTGCTGGAGAATCTTCTACAGCTACTTGGACTGTTGTTTGGACTGATTTATTAACAGCATGTGATGTATATCGTGCTAAAGCTTATTTTGTTGAAGAAGTTCCAAATAAAGTTGATGAATACTTTGCCTTTATTGCTTACGAATGTGATTTATTTGAAGAAGGTTCAATTGCAAACTTAACTGCTTCAATTATTGGAAACGTTTTTGGTTTCAAAGCTGTAAAAGCATTACGTTTAGAAGATATGCGTATTCCTTATGCATATTTAAAAACT
PQ213023.1_L3_donor_450_r0,PQ213023.1,Vaucheria litorea,SAR/other protist,PQ213023.1,train,L3_donor_450,450,1050,0,3147979328,ATGTCTAAGTCTGTACAAGAGCGTACTCGAATTAAAAGCCAACGTTATGAATCTGGTGTAATTCCTTATGCGAAAATGGGTTATTGGGATGCATTTTATAATGTAAAACATACGGATGTATTAGCGTTATTTCGTATTACTCCGCAACCTGGTGTAGATCCTGTAGAAGCAGCAGCAGCTGTTGCTGGTGAATCTTCAACTGCGACTTGGACAGTAGTATGGACTGATTTATTAACTGCTTGTGATATTTATCGTGCAAAAGCATATCGTGTAGATCCAGTTCCTGGAACAACTGATCAATATTTTGCATATATTTCATATCAAATTGAATTATTTGAAGAAGGGTCATTAGCAAATTTAACTGCATCAATCATTGGTAATGTTTTTGGATTTAAAGCTGTTAAAGCTTTACGTTTAGAAGATATGCGAATTCCTTTTGCATATTTAAAA
PQ791840.1_L3_donor_450_r0,PQ791840.1,Pelagomonas calceolata,SAR/other protist,PQ791840.1,train,L3_donor_450,450,1050,0,1190886867,ATGTCTCAAAATGTATCTGAACGTACAAGAATTAAAAGTGAACGTTACGAATCTGGTGTAATCCCTTACGCTAAAATGGGTTACTGGGATGCTAACTACGCAGTTAAGACAACTGACTTATTAGCATTATTCCGTATCACTCCACAACCAGGTGTTGACCCAGTTGAAGCTGCTGCTGCAGTTGCTGGTGAGTCTTCTACTGCAACATGGACTGTTGTATGGACTGACTTATTAACTGCTTGTGATATCTACCGTGCTAAGGCATTCCGTGTAGATCCAGTTCCAAGTGCTCCTGATCAATTCTTCGCGTACGTAGCATACGAAGGTGACTTATTCGAGGAAGGTTCTTTAGCGAACATGACTGCTTCGATTATTGGTAACGTATTCGGTTTCAAAGCTGTTAAAGCGTTACGTTTAGAAGATATGCGTATCCCACACACTTACTTAAAG
PQ791846.1_L3_donor_450_r0,PQ791846.1,Arachnochrysis pilardiaziae,SAR/other protist,PQ791846.1,train,L3_donor_450,450,1050,0,1669949710,ATGTCTCAATCTGTATCAGAACGTACACGAATTAAGAGCGAACGTTATGAATCTGGAGTAATTCCTTATGCTAAAATGGGTTACTGGGATTCTAACTATACCATTAAGACTACTGATGTTCTTGCGCTATTCCGTATTACTCCTCAACCAGGTGTGGACCCGGTTGAAGCGGCTGCAGCTGTAGCAGGGGAGTCTTCAACAGCTACATGGACTGTTGTATGGACAGATTTATTGACTGCATGTGATATTTACCGTGCGAAAGCCTATCGTGTAGACCCAGTTCCCAGTGCAGCGGATCAATTCTTTGCATATATCGCTTATGAAGGTGATTTATTTGAAGAAGGTTCATTAGCAAACATGACTGCATCAATTATCGGGAACGTATTTGGTTTTAAAGCTGTTAAAGCCTTACGTTTAGAAGATATGCGAATTCCGCACTCTTACTTAAAA
PV575775.1_L3_donor_450_r0,PV575775.1,Sargassum hemiphyllum var. chinense,Brown algae,PV575775.1,train,L3_donor_450,450,1050,0,149390792,ATGCCTGAGAACGTACAGGAAAGAACTCGAATAAAAAGTGAGCGTTATGAATCTGGTGTAATACCATATGCTAAAATGGGATATTGGGATGCAGATTACAAGGTTAAAGAAACTGATATTCTAGCTCTATTTCGTATAACTCCTCAACCAGGTGTAGATCCTCTAGAAGCTGCGGCTGCTGTTGCCGGTGAATCTTCTACAGCAACATGGACAGTAGTATGGACAGATTTACTGACGGCTTGTGATATCTACCGAGCGAAAGCATATCGTGTCGATCCTGTTCCAGGAACAAACGATCAATATTTCTCATACATTGCATATGAATGTGATTTATTTGAGGAAGGTTCTCTTGCAAACTTAACTGCATCTATTATCGGTAACGTTTTTGGTTTTAAAGCTGTTAAAGCATTACGTTTAGAAGATATGAGAATTCCTTACGCTTACCTTAAA
PV999901.1_L3_donor_450_r0,PV999901.1,Pseudoderbesia sp. HV-2025c,Green algae,PV999901.1,train,L3_donor_450,450,1050,0,944141727,ATGGGTCCAAAAACAGAAACTAAGGCAGGTGCTGGTTTTAAGGCAGGGGTAAAAGATTATCGCCTCACTTATTATACACCAGACTATCAAGTGAAAGACACAGATGTGTTAGCTGCATTTCGTATGACTCCGCAACCTGGGGTACCCGCTGAAGAGTGTGGTGCAGCGGTAGCCGCGGAATCTTCAACAGGGACATGGACAACTGTATGGACAGATGGTTTAACAAGTTTAGATAGCTATAAAGGCCGTTGTTATGATATCGAGCCTGTTGCTGGTGAAGATAACCAGTATATCGCTTATGTTGCTTATCCTTTAGATTTATTTGAAGAAGGGTCTGTAACGAACTTATTCACTTCCATTGTTGGAAACGTCTTTGGTTTTAAAGCTTTACGTGCTCTACGTTTAGAAGATCTTCGAATCCCGGTTTCTTATGTGAAAACATTCCAAGGC
PV999913.1_L3_donor_450_r0,PV999913.1,Pseudoderbesia epilithica,Green algae,PV999913.1,train,L3_donor_450,450,1050,0,2402244571,ATGGCTCCAAAAACTGAAACAAAAGCAGGTGCAGGATTTAAAGCAGGGGTAAAAGACTATCGTTTAACTTACTATACACCGGATTATCAAACAAAAGATACAGATATTCTTGCTGCTTTTCGTATGACTCCACAGCCAGGTGTACCACCAGAAGAATGTGGCGCTGCTGTAGCTGCAGAATCCTCAACAGGAACATGGACAACGGTATGGACAGATGGTTTAACAAGTTTAGATCGTTACAAAGGTCGTTGTTATGATTTAGAACCTGTAAAAGGTGAAGAAAATCAATATATTGCATATGTAGCATACCCACTTGATTTATTTGAAGAAGGTTCAGTAACTAATTTATTTACTTCAATTGTAGGTAATGTATTTGGTTTTAAAGCTTTACGTGCCCTTCGTTTAGAAGATTTACGTATTTCTGTAGCATATGCAAAAACTTTCCAAGGA
PX743792.1_L3_donor_450_r0,PX743792.1,Stemona parviflora,Monocots,PX743792.1,val,L3_donor_450,450,1050,0,224045682,ATGTCACCACAAACAGAGACTAAAGCAAGTGTTGGATTCAAAGCTGGTGTTAAAGATTACAAATTGACTTATTATACTCCTGATTACGAAACCAAGGATACTGATATCTTGGCAGCATTTCGAGTAACTCCTCAACCCGGAGTTCCGCCTGAAGAAGCAGGGGCTGCGGTAGCTGCTGAATCTTCTACTGGTACATGGACAACTGTGTGGACTGATGGACTTACCAGTCTTGATCGTTACAAAGGACGATGCTACCACATCGAGAGCGTTGTTGGGGAGGAAAATCAATATATTGCTTATGTAGCTTATCCTTTAGACCTTTTTGAAGAAGGTTCTGTTACTAATATGTTTACTTCCATTGTAGGTAATGTATTTGGTTTCAAAGCCCTACGAGCTCTACGTCTGGAGGATCTGCGAATTCCTCCTGCCTATTCCAAGACTTTTCAAGGA
PX743818.1_L3_donor_450_r0,PX743818.1,Corydalis caudata,Other angiosperms,PX743818.1,train,L3_donor_450,450,1050,0,1298341859,ATGAGTTGTAGGGAGGGACTTATGTCACCACAAACAGAGACTAAAGCAAGTGTTGGATTCAAAGCTGGTGTTAAAGATTACAAATTGACTTATTATACTCCTGACTATGAAACAAAAGATACTGATATCTTGGCAGCATTCCGAGTCACTCCTCAACCTGGAGTTCCACCTGAGGAAGCAGGGGCCGCGGTAGCTGCCGAAAGTAACTTGCACACATGGACAACTGTGTGGACCGATGGGCTTACCAGCCTTGATCGTTACAAAGGACGATGCTATCACATCGAGCCAGTTGCTGGAGAAGACAATCAATATATTTGTTATGTAGCTTACCCTTTAGACCTTTTTGAAGAAGGCTCTGTTACTAATATGTTTACTTCCATTGTGGGTAATGTATTTGGGTTCAAAGCACTACGGGCTCTACGTCTGGAGGATCTGCGAATTCCTCCCGCT
PX743828.1_L3_donor_450_r0,PX743828.1,Arcangelisia gusanlung,Other angiosperms,PX743828.1,train,L3_donor_450,450,1050,0,4184818158,ATGAGTTGTAGGGAGGGACTTATGTCACCACAAACAGAGACTAAAGCAAGTGTTGGATTCAAAGCTGGTGTTAAAGATTACAAATTGACTTATTATACTCCTGACTATGTAACCAAAGATACTGATACGCTAGCAGCATTCCGAGTAACTCCTCAACCTGGAGTTCCGCCTGAAGAAGCGGGGGCTGCGGTAGCTGCCGAATCTTCTACAGGTACATGGACAACTGTGTGGACCGATGGACTTACCAGTCTTGATCGTTACAAAGGACGATGCTACCACATTGAGCCCGTTGCTGGGGAAGAAAATCAATATATTTGTTATGTAGCTTACCCCTTAGACCTTTTTGAAGAAGGTTCTGTTACTAATATGTTTACTTCCATTGTGGGTAATGTTTTTGGGTTCAAAGCGCTACGCGCTCTACGTCTGGAGGATCTGCGAATTCCTACTGCT
PX743839.1_L3_donor_450_r0,PX743839.1,Thalictrum fortunei,Other angiosperms,PX743839.1,test,L3_donor_450,450,1050,0,1709253831,ATGTCACCACAAACAGAGACTAAAGCAAGTGTTGGCTTCAAAGCGGGTGTTAAAGATTACAAATTGACTTATTATACTCCTGAATATGAACCCAAAGATACTGATACCTTGGCGGCATTCCGAGTAACTCCTCAACCGGGAGTTCCTGCTGAAGAAGCAGGGGCTGCTGTAGCTGCCGAATCTTCTACAGGTACATGGACAACTGTGTGGACCGATGGACTTACCAGCCTTGATCGTTACAAAGGACGATGCTACCACATCGAGCCCGTTGCTGGAGAAGAAAATCAATATATTTGTTATGTAGCCTATCCTTTAGACCTTTTTGAAGAAGGTTCTGTTACTAACATGTTTACTTCCATTGTGGGTAATGTATTTGGGTTCAAAGCGTTGCGCGCTCTACGCCTGGAGGATCTGCGAATTCCTGTTGCTTATGTTAAAACTTTCCAAGGC
PX743843.1_L3_donor_450_r0,PX743843.1,Sabia discolor,Other angiosperms,PX743843.1,train,L3_donor_450,450,1050,0,3290075479,ATGTCACCACAAACAGAGACTAAAGCAAGTGCTGGATTCAAAGCTGGTGTTAAAGATTACAAATTGAATTATTATACTCCTGAATATAACACCCTAGACACTGATATCTTGGCAGCATTCCGAGTAACTCCTCAACCAGGAGTTCCACCTGAGGAAGCAGGCGCCGCGGTAGCTGCCGAATCTTCTACTGGTACATGGACAACTGTGTGGACCGATGGACTTACCAGCCTTGATCGTTACAAAGGGCGATGCTACCACATCGAGCCCGTTGCTGGAGAAGAAAATCAATATATTGCTTATGTAGCTTACCCTTTAGACCTTTTTGAAGAGGGTTCTGTTACTAACATGTTTACTTCCATTGTAGGTAATGTATTTGGGTTCAAAGCCCTACGCGCTCTACGTCTGGAGGATCTGCGAATCCCTCCGGCTTACATTAAAACTTTCCAAGGC
PX743855.1_L3_donor_450_r0,PX743855.1,Saxifraga unguiculata,Eudicots,PX743855.1,test,L3_donor_450,450,1050,0,2522687374,ATGTCACCACAAACAGAGACTAAAGCGAGTGTTGGATTCAAAGCCGGTGTTAAAGATTACAAATTGACTTATTATACCCCTGATTATGAAACCAAAGATACTGATATCTTGGCAGCATTCCGAGTAACTCCTCAACCTGGAGTTCCACCTGAGGAAGCAGGGGCCGCAGTAGCTGCTGAATCTTCTACTGGCACATGGACAACTGTATGGACCGATGGACTTACCAACCTTGATCGTTACAAAGGACGATGCTATCACATAGAGCCCGTTGCTGGAGAAGAAAATCAATTTATTGCTTATGTAGCTTACCCCTTAGACCTTTTTGAAGAAGGTTCTGTTACTAATATGTTTACTTCCATTGTGGGTAATGTATTTGGGTTCAAAGCCCTGCGCGCTCTACGTCTAGAGGATCTGCGAATCCCTGTTGCGTATGTTAAAACTTTTCAAGGC
PX743950.1_L3_donor_450_r0,PX743950.1,Myrica nana,Eudicots,PX743950.1,train,L3_donor_450,450,1050,0,1143704221,ATGTCACCACAAACAGAGACTAAAGCAAGTGTTGGATTCAAAGCTGGTGTTAAAGATTATAAATTGACTTATTATACTCCTGACTATGAAACCAAGGATACTGATATCTTGGCAGCGTTCCGAGTAACTCCTCAACCTGGAGTTCCGCCTGAGGAAGCAGGGGCAGCAGTAGCTGCTGAATCTTCTACTGGTACATGGACAACTGTGTGGACCGATGGGCTTACTAGTCTTGATCGTTACAAAGGACGATGCTACCACATCGAGCCAGTTGCTGGAGAAGAAAGTCAATTTATTGCTTATGTAGCTTACCCCTTAGACCTTTTTGAAGAAGGTTCTGTTACTAACATGTTTACTTCCATTGTGGGTAATGTATTTGGATTCAAGGCCCTGCGCGCTCTACGTCTGGAGGATTTGCGAATCCCTACTTCTTATGTTAAAACTTTCCAAGGC
PX743996.1_L3_donor_450_r0,PX743996.1,Acalypha matsudae,Eudicots,PX743996.1,train,L3_donor_450,450,1050,0,2231147641,ATGTCACCACAAACAGAGACTAAAGCAAGTGTTGGGTTCAAGGCTGGTGTTAAAGATTATAAATTGACTTATTTTACTCCTGACTATCAAACCAAAGATACTGATATCTTGGCAGCATTCCGAGTAACTCCTCAACCTGGAGTTCCGCCGGAGGAAGCAGGAGCTGCGGTAGCTGCTGAATCTTCTACTGGTACATGGACAACTGTGTGGACCGATGGGCTTACCAGTCTTGATCGTTATAAAGGACGATGCTACGACATCGAGCCCGTTGCTGGAGAGGAAAATCAATATATTGCTTATGTAGCTTACCCATTAGACCTTTTTGAAGAAGGTTCTGTTACTAACATGTTTACTTCCATTGTGGGTAATGTATTTGGGTTCAAAGCCCTACGCGCCCTACGTCTGGAGGATTTGCGAATCCCTACTGCTTATATTAAAACTTTCCAAGGG
PX743998.1_L3_donor_450_r0,PX743998.1,Falconeria insignis,Eudicots,PX743998.1,train,L3_donor_450,450,1050,0,648136520,ATGTCACCACAAACAGAAACTAAAGCAAGTGTTGGATTCAAGGCTGGTGTTAAAGATTATAAATTGACTTATTATACTCCTGAATATGAAACCAAAGATACTGATATCTTGGCAGCATTCCGAGTAACTCCTCAACCTGGAGTTCCGCCTGAGGAAGCAGGAGCTGCGGTAGCTGCTGAATCTTCTACTGGTACATGGACAACTGTGTGGACTGATGGGCTTACCAGTCTTGATCGTTATAAAGGACGATGCTACCACATCGAGCCCGTTGCTGGAGAAGAAAATCAATATATTGCTTATGTAGCTTACCCCTTAGACCTTTTTGAAGAAGGTTCTGTTACTAACATGTTTACTTCCATTGTGGGTAATGTATTTGGGTTCAAAGCTCTACGCGCCCTACGTCTGGAGGATTTGCGAATCCCTACTGCTTATATTAAAACTTTCCAAGGG
PX744014.1_L3_donor_450_r0,PX744014.1,Fordiophyton faberi,Eudicots,PX744014.1,train,L3_donor_450,450,1050,0,1484462018,ATGTCACCACAAACAGAGACTAAAGCAAGTGTTGGATTCAAAGCTGGTGTTAAAGATTATAGACTGACTTATTATACTCCTGACTATCAAGTCAAACCTACTGATACCTTGGCAGCATTCCGAGTAACTCCGCAACCAGGAGTTCCGCCTGAAGAAGCAGGGGCTGCGGTAGCTGCTGAATCTTCTACTGGTACATGGACAACTGTGTGGACCGATGGGCTTACCAGCCTTGATCGTTATAAAGGAAGATGCTACAACATCGAGCCGGTTGCTGGAGAAGAAAATCAATATATATGTTATGTAGCTTACCCTTTAGACCTTTTTGAAGAAGGTTCTGTTACTAATATGTTTACTTCAATTGTAGGGAATGTATTTGGCTTCAAAGCCCTTCGCGCTCTACGTCTGGAGGATTTGCGAATCCCTACTGCCTATATTAAAACTTTCCAAGGA
PX744018.1_L3_donor_450_r0,PX744018.1,Acer albopurpurascens,Eudicots,PX744018.1,test,L3_donor_450,450,1050,0,1792635866,ATGTCACCACAAACAAAGACTAAAGCAAGTGTTGGATTCAAAGCCATCGTTAAAGATTATAAATTGACTTATTATACTCTTGACTATGTAACCAAAGATACTTATATCTTGGCAGCATTCCAAGTAACTCCTCAACCCGGGGTTCCGCCCGAGGAAGCCGGGGCCGCGGTAGCTGCGGAATCTTCTACTGGTACATGGACAACTGTGTGGACCGATGGGCTTACCAGCCTTGATCGTTATAAAGGACGATGCTACAACATTGAGCCCGTTGCTGGAGAAGAAAATCAATATATATGTTATGTAGCTTACCCTTTAGACCTTTTTGAAGAGGGTTCTGTTACTAACATGTTTACTTCCATTGTGGGTAATGTATTTGGGTTTAAAGCCCTGCGCGCTCTACGTCTAGAGGATCTACGAATCCCTCCCGCGTATTCAAAAACTTTCCAAGGC
PX744022.1_L3_donor_450_r0,PX744022.1,Lepisanthes hainanensis,Eudicots,PX744022.1,train,L3_donor_450,450,1050,0,1826364246,ATGTCACCACAAACAGAGACTAAAGCAAGTGTTGGATTCAAAGCCGGTGTTAAAGATTATAAATTGACTTATTATACTCCTGACTATGTAACCAAAGATACTGATATCTTGGCAGCATTCCGAGTAACTCCTCAACCCGGGGTTCCACCCGAGGAAGCAGGGGCCGCGGTAGCTGCGGAATCTTCTACTGGTACATGGACAACTGTGTGGACCGATGGGCTTACCAGCCTTGATCGTTACAAAGGACGATGCTACAACATTGAGCCTGTTGCTGGAGAAGAAAATCAATATATATGTTATGTAGCTTACCCTTTAGACCTTTTTGAAGAAGGTTCTGTTACTAACATGTTTACTTCCATTGTAGGTAATGTATTTGGGTTTAAAGCCTTGCGCGCTCTACGTCTAGAGGATCTACGAGTCCCTCCTGCGTATTCGAAAACTTTCCAAGGC
PX744047.1_L3_donor_450_r0,PX744047.1,Buckleya henryi,Eudicots,PX744047.1,val,L3_donor_450,450,1050,0,1857943147,ATGTCACCACAAACAGAGACTAAAGCAAGTGTTGGATTCAAAGCGGGTGTTAAGGATTATAAATTGACTTATTATACTCCTGATTACGAAACCAAAGATACTGATATCTTGGCAGCATTCCGAGTAACTCCTCAACCCGGAGTTCCGCCTGAGGAAGCGGGGGCCGCGGTAGCTGCCGAATCTTCTACTGGTACATGGACGACTGTGTGGACCGATGGACTTACCAGCCTTGATCGTTACAAAGGCCGATGCTACCACATTGAGCCCGTTGCTGGAGAAGAAAATCAATATATAGCTTATGTAGCTTACCCCTTAGACCTTTTTGAAGAAGGTTCTGTTACTAACATGTTTACTTCCATTGTGGGTAATGTATTTGGGTTCAAAGCCCTACGTGCTCTACGGCTAGAGGATCTCCGAATCCCTCCTGCTTATTCTAAAACTTTCCAAGGC
PX744060.1_L3_donor_450_r0,PX744060.1,Arthrophytum longibracteatum,Eudicots,PX744060.1,train,L3_donor_450,450,1050,0,264204507,ATGTCACCACAAACCGAAACTAAAGCAAGTGTTGGATTTAAAGCTGGTGTTAAAGATTACAAATTGACTTATTATACTCCTGAGTATGAAACCAAAGATACTGATATCTTGGCAGCATTCCGAGTAACTCCTCAACCTGGAGTTCCACCTGAAGAAGCAGGGGCTGCAGTAGCTGCCGAATCTTCTACTGGTACATGGACAACCGTATGGACCGACGGGCTTACTAGTCTTGATCGTTACAAAGGACGATGCTATCACATCGAGCCTGTTGCTGGAGAAGAAAATCAATATATTTGTTATGTAGCGTATCCCTTAGACCTTTTTGAAGAAGGTTCTGTTACTAACATGTTTACTTCTATTGTGGGTAACGTATTTGGGTTCAAAGCCCTACGTGCTCTACGTTTGGAGGATTTGCGAATCCCTGTTGCTTATATAAAAACTTTCCAAGGC
PX744100.1_L3_donor_450_r0,PX744100.1,Ardisia brevicaulis,Eudicots,PX744100.1,train,L3_donor_450,450,1050,0,2362333050,ATGTCACCACAAACAGAGACTAAAGCAGGTACTGGATTCAAAGCTGGTGTTAAAGATTACAAATTGACTTATTATACTCCTGAGTATGTAACCAAGGATACTGATATTTTGGCAGCATTCCGAGTAACTCCTCAACCCGGAGTTCCGCCCGAAGAAGCAGGGGCCGCAGTAGCTGCCGAATCTTCTACTGGTACATGGACAACCGTGTGGACCGATGGACTTACTAGCCTTGATCGTTACAAAGGGCGATGCTACCACATCGAGCCTGTTGCTGGAGAAGAAAATCAATATATTGCTTATGTAGCTTATCCTTTAGACCTTTTTGAAGAAGGTTCTGTTACTAACATGTTTACTTCTATCGTGGGTAATGTATTTGGGTTCAAAGCCCTGCGCGCTCTACGTCTGGAAGATCTGCGAATCCCGCCTGCGTATGTTAAAACTTTCCAAGGA
PX744121.1_L3_donor_450_r0,PX744121.1,Rhododendron declivatum,Eudicots,PX744121.1,train,L3_donor_450,450,1050,0,1302276111,ATGTCACCACAAACAGAGACTAAAGCAAGTGTTGGATTCAAAGCTGGTGTTAAAGAGTACAAATTGAATTATTATACTCCTCAGTATGAAACCAAAGATACTGATATCTTGGCAGCATTCCGAGTAACTCCTCAACCGGGAGTTCCACCTGAAGAAGCAGGGGCCGCGGTAGCTGCGGAATCTTCTACTGGTACATGGACAACAGTGTGGACTGATGGACTTACTAGCCTTGATCGTTACAAAGGGCGATGCTACCACATCGAGCCTGTTGCTGGAGACGAAAATCAATTTATTGCTTATGTAGCTTATCCTTTAGACCTTTTTGAAGAAGGTTCTGTTACTAACATGTTTACTTCCATTGTGGGTAATGTATTTGGGTTCAAAGCCCTGCGCGCTCTACGTCTGGAAGATCTACGAATCCCTGCAGCGTATGCTAAAACGTTCCAAGGA
PX744240.1_L3_donor_450_r0,PX744240.1,Pedicularis ikomai,Eudicots,PX744240.1,train,L3_donor_450,450,1050,0,2388513744,ATGAGTTGTAGGGAGGGATTTATGTCACCACAAACAGAAACTAAAGCAAGTGTTGGATTCAAAGCGGGTGTTAAAGAGTACAAATTGACTTATTATACTCCTGAATACGAAACCAAAGATACTGATATCTTGGCAGCATTCCGAGTAACTCCTCAACCCGGAGTTCCGCCTGAAGAAGCAGGGGCTGCAGTAGCTGCCGAATCTTCTACTGGTACATGGACAACTGTGTGGACCGATGGACTTACCAGCCTTGATCGTTACAAAGGACGATGCTACCACATCGAGCCCGTTCCTGGAGAAACAGATCAATATATCTGTTATGTAGCTTACCCTTTAGACCTTTTTGAAGAAGGTTCTGTTACGAACATGTTTACTTCCATTGTAGGAAATGTATTTGGATTCAAAGCCTTGCGTGCTCTACGTCTGGAAGATCTGCGAATTCCTCCTGCT
PX744248.1_L3_donor_450_r0,PX744248.1,Adenophora wulingshanica,Eudicots,PX744248.1,train,L3_donor_450,450,1050,0,4252384038,ATGTCACCACAAACAGAGACGAAGGCAAATGTTGGATTTAAGGCTGGGGTTAAAGATTATAAATTAACTTATTATACTCCGGACTATGAAACCAAGGATACCGATATTTTGGCAGCCTTTCGAGTCACTCCTCAACCCGGAGTTCCCCCGGAAGAAGCAGGGGCCGCAGTAGCTGCCGAATCGTCTACTGGTACATGGACAACTGTGTGGACCGATGGGCTTACGAGCCTTGATCGTTACAAAGGGAGATGCTATCACATCGAGCCCGTTGCCGGAGAAGAAACTCAATTTATTGCTTATGTAGCTTACCCATTAGACCTTTTTGAAGAAGGTTCTGTTACTAACATGTTTACTTCCATTGTGGGTAATGTATTTGGATTTAAAGCACTGCGTGCTCTACGTCTAGAAGATTTGCGAATCCCAACTGCGTATATTAAAACATTTCAAGGC
PX744249.1_L3_donor_450_r0,PX744249.1,Pentaphragma spicatum,Eudicots,PX744249.1,train,L3_donor_450,450,1050,0,407473449,ATGTCACCACAAACAGAAACTAAAGCAAGTGTTGGATTCAAAGCTGGTGTTAAAGATTATAAATTGACTTATTATACTCCTGACTATGAAACCAAAGATACTGATATCTTGGCAGCATTCCGAGTAACTCCTCAACCTGGAGTTCCACCTGAAGAAGCAGGGGCCGCAGTAGCTGCCGAATCTTCTACTGGTACATGGACAACTGTGTGGACTGATGGACTTACGAGCCTTGATCGTTACAAAGGGCGATGCTATGGAATCGAGCCCGTTCCTGGAGAAGAAAATCAATTTATTGCTTATGTAGCTTACCCATTAGACCTTTTTGAAGAAGGTTCTGTTACTAACATGTTTACTTCCATTGTGGGTAATGTATTTGGGTTCAAAGCCCTACGTGCTCTACGTCTGGAAGATCTGCGAATCCCTACTGCGTATGTTAAAACTTTCCAAGGT
PX744267.1_L3_donor_450_r0,PX744267.1,Leontopodium smithianum,Eudicots,PX744267.1,train,L3_donor_450,450,1050,0,2135794731,ATGTCACCACAAACAGAGACTAAAGCAAGTGTTGGATTCAAAGCAGGTGTTAAAGATTATAAATTGACTTATTATACTCCTGAGTATGAAACCAAGGATACTGATATCTTGGCAGCATTTCGAGTAACTCCTCAACCTGGAGTTCCGCCTGAAGAAGCAGGGGCCGCAGTAGCTGCCGAATCTTCTACTGGTACATGGACAACTGTGTGGACCGATGGACTTACGAGCCTTGATCGTTACAAAGGACGATGCTATGGAATTGAGCCTGTTCCTGGAGAAGAAAATCAATATATTGCTTATGTAGCTTACCCATTAGACCTTTTTGAAGAAGGTTCTGTTACTAACATGTTTACTTCCATTGTAGGTAATGTATTTGGGTTCAAAGCCCTGCGTGCTCTACGTTTGGAAGATTTGCGAATCCCTACTGCGTATGTTAAAACTTTCCAAGGT
PX744315.1_L3_donor_450_r0,PX744315.1,Platostoma hispidum,Eudicots,PX744315.1,train,L3_donor_450,450,1050,0,3859346249,ATGAGTTGTAGGGAGGGATTTATGTCACCACAAACAGAGACTAAAGCAAGTGTTGGATTCAAAGCGGGTGTTAAAGAGTACAAATTGACTTATTATACTCCTGAATACGAAACCAAAGATACTGATATCTTGGCAGCATTCCGAGTAACTCCTCAACCTGGAGTTCCGCCTGAAGAAGCAGGGGCCGCGGTAGCTGCCGAATCTTCTACTGGTACATGGACAACTGTGTGGACCGATGGACTTACCAGTCTTGATCGTTACAAAGGGCGATGCTACGCCATCGAGCCCGTTCCTGGAGAAAAAGATCAATATATCTGTTATGTAGCTTACCCTTTAGACCTTTTTGAAGAAGGTTCTGTTACTAACATGTTTACTTCCATTGTAGGAAATGTATTTGGATTCAAAGCCCTACGTGCTCTACGTCTGGAAGATCTGCGAATTCCTACTGCT
PX744322.1_L3_donor_450_r0,PX744322.1,Allmania nodiflora,Eudicots,PX744322.1,train,L3_donor_450,450,1050,0,3799532302,ATGTCACCACAAACAGAGACTAAAGCAAGTGTTGGATTTAAAGCTGGTGTTAAAGATTACAAATTGACTTATTATACTCCTGAGTATGAAACCCTAGATACTGATATCTTGGCAGCATTCCGAGTAACTCCTCAACCTGGAGTTCCACCTGAAGAAGCAGGGGCTGCAGTAGCTGCCGAATCTTCTACTGGTACATGGACAACTGTATGGACCGACGGACTTACCAGTCTTGATCGTTACAAAGGACGATGCTACCACATCGAGCCCGTTGCTGGAGAAGAAAATCAATATATTTGTTATGTAGCGTATCCTTTAGACCTTTTTGAAGAAGGTTCTGTTACTAACATGTTTACTTCCATTGTGGGTAACGTATTTGGGTTCAAAGCCCTGCGTGCTCTACGTTTGGAGGATTTGCGAATCCCTGTTGCTTATATAAAAACTTTCCAAGGT
PX924757.1_L3_donor_450_r0,PX924757.1,Augea capensis,Eudicots,PX924757.1,train,L3_donor_450,450,1050,0,3663697066,ATGTCACCACAAACAGAGACTAAAGCAAGTGTTGGATTCAAGGCTGGTGTTAAAGATTATAAATTGACTTATTATACTCCTGAATATGAAACAAAGGATACTGATATTTTGGCAGCCTTCCGAGTAACTCCTCAACCTGGAGTTCCACCTGAGGAAGCAGGGGCTGCAGTAGCTGCTGAATCTTCTACTGGTACATGGACAACCGTGTGGACTGATGGTCTTACCAATCTTGATCGTTACAAAGGACGATGCTATGGCTTGGAGGCTGTTCCTGGAGAAGACAATCAATACATTGCTTATGTAGCTTATCCTTTAGACCTTTTTGAAGAAGGTTCCGTTACTAACATGTTTACTTCCATTGTGGGTAATGTATTTGGTTTCAAAGCTCTACGTGCTCTGCGTTTGGAAGATTTACGAATTCCTACTTCATATACCAAAACTTTCCAAGGG
PZ584713.1_L3_donor_450_r0,PZ584713.1,Paulinella sp. B8128-1,SAR/other protist,PZ584713.1,train,L3_donor_450,450,1050,0,1411166503,ATGAGCAAGAAGTACGACGCCGGGGTTAAGGAGTACAGAGACACTTACTGGACTCCTGACTATATTCCCCTTGACACTGATCTACTAGCCTGTTTTAAATGTACTGGACAAGCGGGTGTTCCTCGTGAAGAAGTTGCAGCAGCTGTAGCTGCTGAATCTTCTACTGGTACTTGGTCTACTGTATGGTCTGAGTTACTTACAGATCTAGACTTCTACAAAGGTCGTTGCTATCGAATTGAAGAAGTACCTAATGATAAAGAGTCTTTTTATGCGTTTATCGCGTATCCACTAGATCTATTTGAAGAAGGTTCTGTTACCAACGTACTAACCTCATTGGTAGGTAACGTATTTGGTTTCAAAGCTCTACGTCATTTACGTCTCGAGGATATTAGATTCCCGCTAGCTTTTATTAAGACTTGTGGTGGTCCGCCTAACGGAATTCAGGTTGAG
AB050950.1_L3_donor_450_r1,AB050950.1,Filibryum ogatae,Mosses,AB050950.1,train,L3_donor_450,450,1050,1,1619587694,ATGTCACCACAAACGGAGACTAAAGCAGGTGTTGGATTTAAAGCTGGTGTTAAAGATTACAGATTAACTTATTACACTCCAGATTATCAGACTAAAGAAACTGATATTTTAGCAGCATTTCGAATGACTCCTCAACCAGGAGTACCCGCTGAAGAGGCGGGAGCTGCAGTAGCTGCGGAATCTTCCACTGGTACATGGACCACTGTTTGGACTGATGGACTTACCAGTCTCGATCGCTACAAAGGACGATGCTATGATCTTGAAGCAGTTCCTGGAGAAGAGAATCAATATATTGCTTATGTTGCTTACCCATTAGATTTATTTGAAGAAGGTTCTGTTACCAATTTATTTACTTCTATTGTTGGTAATGTTTTCGGATTTAAAGCCTTACGAGCTTTACGTCTAGAAGATTTACGTATTCCTCCAGCTTATTCCAAAACTTTCCAAGGT
AB071411.1_L3_donor_450_r1,AB071411.1,Mastopoma subfiliferum,Mosses,AB071411.1,train,L3_donor_450,450,1050,1,3453357970,ATGTCACCACAAACGGAGACTAAAGCAGGTGTTGGATTTAAAGCTGGTGTTAAAGATTACAGATTAACCTATTACACTCCAGATTATCAGACTAAAGAAACTGATATTTTAGCAGCATTTCGAATGACTCCTCAACCAGGAGTACCCGCTGAAGAGGCGGGAGCTGCAGTAGCTGCAGAATCTTCCACCGGTACATGGACCACTGTTTGGACCGATGGACTTACTAGTCTTGATCGTTATAAAGGACGATGCTATGATCTTGAAGCAGTTCCTGGAGAAGAAAATCAATATATTGCTTATGTTGCTTACCCATTAGATCTATTTGAAGAAGGTTCAGTTACCAATTTATTTACTTCTATCGTTGGTAATGTTTTTGGATTTAAAGCTTTGCGAGCTTTACGTCTGGAAGATTTACGTATTCCTCCAGCTTATTCCAAAACTTTTCAAGGC
AB159651.1_L3_donor_450_r1,AB159651.1,Thorea gaudichaudii,Red algae,AB159651.1,train,L3_donor_450,450,1050,1,774476973,ATGTCTCAATCCGTAGAAGAACGGACAAGGATTAAAAACGAACGTTACGAATCTGGAGTAATACCATACGCAAAGATGGGTTACTGGGATCCTGACTACGTAATCAAAGATACCGATGTTCTAGCTTTATTTCGAGTTACTCCTCAACCGGGTGTAGATCCAATTGAAGCTTCTGCAGCTGTTGCAGGTGAATCATCAACAGCAACTTGGACAGTAGTTTGGACAGACCTTCTAACAGCTTGCGACCTTTATAGAGCAAAAGCATACAAAGTAGATGCAGTACCAAATAACTCTGAGCAATACTTCGCATACATTGCTTATGACATAGATTTATTTGAAGAAGGTTCTATAGCAAACTTAACCGCATCAATTATAGGAAATGTATTCGGATTTAAGGCTGTAAAAGCATTGCGTCTTGAAGACATGCGTTTACCTATTGCTTATCTGAAA
AB159659.1_L3_donor_450_r1,AB159659.1,Nemalionopsis tortuosa,Red algae,AB159659.1,train,L3_donor_450,450,1050,1,2369037244,ATGTCTCAATCCGTAGAAGAACGGACAAGGATCAAAAATGAACGCTATGAATCTGGCGTAATTCCATACGCAAAAATGGGTTACTGGGATCCTGACTACGTAGTTAAAGATACTGATGTTTTAGCTTTATTTCGAGTTACTCCACAACCGGGAGTAGATCCAATAGAAGCATCTGCAGCTGTTGCCGGTGAGTCATCAACAGCAACTTGGACAGTAGTTTGGACAGATCTTTTAACTGCTTGTGACCTTTACAGAGCAAAAGCCTATAAAGTAGATGCTGTGCCAAATAGTTCCGAGCAATATTTTGCATATATTGCATATGACATTGACTTATTTGAAGAAGGTTCTATTGCAAACTTAACAGCATCTATCATAGGTAATGTATTCGGCTTTAAAGCTGTTAAAGCATTACGTCTTGAAGATATGCGATTACCCGTAGCATATTTAAAA
AB540047.1_L3_donor_450_r1,AB540047.1,Gloiopeltis sp. Nomozaki/2003,Red algae,AB540047.1,train,L3_donor_450,450,1050,1,2974081986,ATGTCTCAATCTGTAGAAGAACGGACAAGAATCAAAGACGAACGTTACGAATCTGGAGTTATCCCATATGCTAAGATGGGCTATTGGGATCCTGATTATGTTGTTAAAGAGACGGACGTACTAGCTTTATTCCGTGTAAGCCCGCAACCTGGTGTAGATCCTGTAGAAGCTTCTGCGGCAATAGCAGGCGAATCATCGACAGCAACATGGACAGTAGTTTGGACAGACCTTTTAACAGCTTGTGATTTATATAGAGCTAAAGCGTATAAGGTTGATGCAGTACCAAATACATCTGAGCAATACTTTGCATACATAGCCTATGATATTGATCTATTTGAAGAAGGATCTATCGCTAACTTAACAGCTTCAATTATTGGCAACGTCTTTGGATTTAAAGCTGTTAAAGCTCTAAGATTAGAAGATATGCGTTTACCCGTTGCTTATCTAAAG
AB540051.1_L3_donor_450_r1,AB540051.1,Gloiopeltis complanata,Red algae,AB540051.1,test,L3_donor_450,450,1050,1,2216200058,ATGTCTCAATCTGTAGAAGAACGGACAAGAATCAAAGACGAACGTTACGAATCTGGAGTTATCCCGTATGCTAAGATGGGCTATTGGGATCCTGATTATGTTGTTAAAGAAACTGATGTGCTAGCTTTATTTCGTGTAAGTCCACAACCTGGTGTAGATCCTGTAGAAGCTTCTGCAGCAATAGCGGGCGAATCATCAACGGCAACATGGACAGTAGTTTGGACAGACCTTTTAACAGCTTGTGATTTATATAGAGCTAAAGCATATAAGGTTGATGCAGTACCAAATACGTCTGATCAGTACTTTGCATACATAGCTTATGATATTGATTTATTTGAAGAAGGATCTATCGCTAACTTAACAGCTTCAATTATTGGCAACGTCTTTGGATTTAAAGCTGTTAAAGCTCTAAGATTGGAAGATATGCGTTTACCTGTTGCCTATTTAAAG
AB540052.1_L3_donor_450_r1,AB540052.1,Gloiopeltis complanata,Red algae,AB540052.1,train,L3_donor_450,450,1050,1,138761877,ATGTCTCAATCTGTAGAAGAACGGACAAGAATCAAAGACGAACGTTACGAATCTGGAGTTATCCCGTACGCTAAAATGGGCTATTGGGATCCTGATTATGTTGTTAAAGAAACTGATGTACTAGCTTTATTTCGTGTAAGCCCACAGCCTGGTGTAGATCCTGTAGAAGCTTCTGCTGCAATAGCAGGCGAATCATCAACGGCAACATGGACAGTAGTTTGGACAGATCTTTTAACAGCATGTGATTTATATAGAGCTAAAGCATACAAAGTTGATGCAGTACCAAACACATCGGATCAATATTTTGCATACATAGCTTATGATATTGATTTATTTGAAGAAGGATCTATCGCTAACTTAACAGCTTCAATTATAGGCAACGTCTTTGGATTTAAAGCTGTTAAAGCTCTAAGATTGGAAGATATGCGTTTACCCGTTGCCTATCTAAAG
AB853073.1_L3_donor_450_r1,AB853073.1,Hypnodontopsis apiculatus,Mosses,AB853073.1,train,L3_donor_450,450,1050,1,2965460847,ATGTCACCACAAACGGAGACTAAAGCAGGTGTTGGATTTAGAGCTGGTGTTAAAGATTACAGATTAACTTATTACACTCCAGAGTATCAAACTTTAGAAACTGATATTTTAGCAGCATTTCGAATGACTCCTCAACCAGGAGTACCACCTGAAGAAGCAGGAGCTGCAGTAGCTGCGGAATCTTCCACCGGTACATGGACCACTGTTTGGACTGATGGACTTACTAGTCTTGATCGTTATAAAGGTCGATGCTATGATATTGAAGCAGTTGCTGGAGAAGAAAATCAATATATCGCTTATGTTGCTTACCCATTAGATTTATTTGAAGAAGGTTCCGTTACTAATTTATTTACTTCTATTGTTGGTAATGTTTTTGGATTTAAAGCTTTACGAGCTTTACGTCTAGAAGATTTGCGTATTCCTCCATCTTATACCAAAACTTTCCAAGGC
AB853079.1_L3_donor_450_r1,AB853079.1,Timmiella anomala,Mosses,AB853079.1,train,L3_donor_450,450,1050,1,3201046287,ATGTCACCACAAACGGAGACTAAAGCAGGTGTTGGATTTAAAGCTGGTGTTAAAGATTACAGATTAACTTATTACACTCCAGATTATCAGACTAAAGAAACTGATATTTTAGCAGCATTTCGAATGACTCCTCAACCAGGAGTACCACCTGAAGAAGCAGGAGCTGCTGTAGCTGCTGAATCTTCCACTGGTACATGGACCACTGTTTGGACTGATGGACTTACTAGTCTTGATCGTTATAAAGGTCGATGCTATGATATTGAAGCAGTTCCTGGAGAAGAAAATCAATATATCGCTTATGTTGCTTACCCCTTAGATTTATTTGAAGAAGGTTCTGTTACCAATTTATTTACTTCTATTGTTGGTAATGTTTTTGGATTTAAAGCTTTACGAGCTTTACGTCTAGAAGATTTACGTATTCCTCCAGCTTATTCCAAAACTTTCCAAGGT
AB970712.1_L3_donor_450_r1,AB970712.1,Clastobryellina orientalis,Mosses,AB970712.1,train,L3_donor_450,450,1050,1,3428084466,ATGTCACCACAAACGGAGACTAAAGCAGGTGTTGGATTTAAAGCTGGTGTTAAAGATTACAGATTAACTTATTACACCCCAGATTATCAGACTAAAGAAACTGATATTTTAGCAGCATTTCGAATGACGCCTCAACCAGGAGTACCCGCTGAAGAGGCAGGAGCTGCAGTAGCTGCGGAATCTTCCACTGGTACATGGACTACTGTTTGGACTGATGGACTTACCAGTCTTGATCGTTATAAAGGACGATGCTATGATCTTGAAGCTGTTCGTGGAGAAGAAAATCAATTTATTGCTTATGTTGCTTACCCATTAGATCTATTTGAAGAAGGTTCTGTTACCAATTTATTTACTTCTATTGTTGGTAATGTTTTTGGATTTAAAGCCTTACGAGCTTTGCGTCTAGAAGATTTACGTATTCCTCCAGCTTATTCCAAAACTTTCCAAGGC
AY346095.1_L3_donor_450_r1,AY346095.1,Acanthorrhynchium papillatum,Mosses,AY346095.1,train,L3_donor_450,450,1050,1,2588234944,ATGTCACCACAAACGGAGACTAGAGCAAGTGTTGGATTTAAAGCTGGTGTTAAAGATTACAGATTAAATTATTACACTCCAGATTATCAGACTAAAGACACTGATATTTTAGCAGCATTTCGAATGACTCCTCAACCAGGAGTACCCGCTGAAGAGGCAGGAGCTGCAGTAGCTGCGGAATCTTCCACTGGTACATGGACCACTGTTTGGACTGATGGACTTACCAGTCTTGATCGTTATAAAGGACGATGCTATGATCTTGAAGCAGTTCCTGGAGAAGAGAATCAATATATTGCTTATGTTGCTTACCCATTAGATCTATTTGAAGAAGGTTCTGTTACCAATTTATTTACCTCTATTGTTGGTAATGTTTTTGGATTTAAAGCTTTACGAGCTTTACGTCTAGAAGATTTACGTATCCCTCCATCTTATTCCAAAACTTTCCAAGGC
AY858644.1_L3_donor_450_r1,AY858644.1,Platanus orientalis,Other angiosperms,AY858644.1,test,L3_donor_450,450,1050,1,1666229294,ATGTCACCACAAACAGAAACTAAAGCAAGTGTTGGACTCAAAGCTGGTGTTAAAGATTACAAATTGACTTATTATACTCCTGACTATGAAACCAAAGATACTGATATCTTGGCAGCATTCCGAGTAACTCCTCAACCTGGAGTTCCACCTGAGGAAGCAGGAGCCGCGGTAGCTGCCGAATCTTCTACTGGTACATGGACAACTGTGTGGACCGATGGACTTACTAGCCTTGATCGTTACAAAGGACGATGCTACCACATCGAGCCCGTTGCTGGAGAAGAAAATCAATATATTGCTTATGTAGCTTACCCTTTAGACCTTTTTGAAGAAGGTTCTGTTACTAACATGTTTACTTCCATTGTGGGTAATGTATTTGGGTTCAAAGCCCTACGTGCTCTACGTCTGGAGGATCTGCGAATCCCTCCTGCTTATTCTAAAACCTTCCAAGGA
AY996366.1_L3_donor_450_r1,AY996366.1,Spermatochnus paradoxus,Brown algae,AY996366.1,train,L3_donor_450,450,1050,1,1919239811,ATGCCTGAAGATGTGCAGAATCGAACTCGAATAAAAAGTGAACGTTATGAATCAGGTGTTATCCCATATGCCAAAATGGGTTACTGGGATGCTGATTATAATGTTAAAGAAACTGATATTCTAGCTCTTTTTCGTATCACTCCACAACCAGGCGTAGATCCCGTTGAGGCTGCTGCTGCTGTTGCCGGTGAATCTTCTACTGCAACATGGACAGTAGTTTGGACAGATTTATTAACTGCTTGTGATATCTATAGAGCGAAAGCATATAGAGTAGATCCAGTACCTGGAACAAGTGATCAATTCTTTGCTTATATAGCTTACGAATGTGATTTATTTGAGGAAGGTTCTCTTGCTAACTTAACAGCATCTATTATTGGGAACGTGTTCGGTTTTAAAGCTGTTAAAGCGTTACGTTTAGAAGATATGAGAATTCCTTACGCTTACTTAAAA
EF547818.1_L3_donor_450_r1,EF547818.1,Aneura sp. Shaw 702,Liverworts,EF547818.1,train,L3_donor_450,450,1050,1,1938743955,ATGTCACCACAAACGGAGACTAAAGCAGGTGTTGGATTCAAAGCCGGTGTTAAAGATTATAGATTGACCTATTATACACCCGAGTACGAGACGAAAGAAACGGATATTTTAGCAGCATTTCGTATGACCCCTCAACCCGGAGTACCACCGGAAGAAGCTGGGGCTGCGGTAGCTGCCGAATCCTCCACCGGTACTTGGACCACAGTTTGGACTGACGGCCTCACGAGTCTTGATCGTTACAAGGGTCGATGTTATGACATCGAACCTGTCGCCGGGGAAGATAATCAATATATCGCCTACGTGGCTTATCCCCTAGATTTGTTCGAAGAGGGTTCTGTTACAAATTTGTTCACCTCCATCGTCGGTAATGTATTCGGATTTAAGGCATTACGAGCCCTACGTCTTGAAGATTTACGAATCCCTCCGTCTTATGTAAAAACTTTTCAAGGT
EF658643.1_L3_donor_450_r1,EF658643.1,Laurencia intricata,Red algae,EF658643.1,train,L3_donor_450,450,1050,1,1059312357,ATGTCTAACTCTGTAGAAGAACGGGCACGGATTAAAAACGAACGTTATGAATCTGGTGTAATTCCATACGCAAAAATGGGATATTTCCACCCTAACTATGTAGTTAAAGATACAGATATATTAGCTCTATTTAGAGTTAGTCCACAACCAGGAGTAGATCCAGTAGAGGCTTCAGCAGCAGTTGCAGGTGAATCATCTACTGCAACATGGACTGTTGTATGGACAGATTTACTAACAGCTTGCGATTTATATCGTGCAAAAGCATATAAAGTAGATGCTGTACCAAATACTTCTGATCAATATTTTGCATACATAGCTTATGATATTGATTTATTTGAAGAAGGATCTATTGCTAATTTAACTGCTTCTATAATTGGTAATGTATTTGGATTTAAAGCAGTTAAAGCATTAAGACTTGAAGATATGCGTATTCCTGTAGCATACTTAAAA
EU713367.1_L3_donor_450_r1,EU713367.1,Legousia pentagonia,Eudicots,EU713367.1,train,L3_donor_450,450,1050,1,4046203127,ATGTCACCACAAACAGAGACTAAAGCAAATGTTGGATTTAAAGCTGGTGTTAAAGATTATAAATTAACTTATTATACTCCAGACTATGAAACCAAAAATACCGATATTTTGGCAGCCTTTCGAGTAACTCCTCAACCCGGAGTTCCCCCGGAAGAAGCAGGGGCCGCAGTAGCTGCCGAATCGTCTACTGGGACATGGACAACTGTGTGGACTGATGGGCTTACGAGCCTTGATCGTTACAAAGGGAGATGCTATCACATCGAGCCCGTTGCTGGCGAAGAAAATCAATTTATTGCTTATGTAGCTTACCCATTAGACCTTTTTGAAGAAGGTTCGGTTACTAACATGTTTACTTCCATTGTGGGTAATGTATTTGGATTTAAAGCACTGCGTGCTCTACGTCTAGAAGATTTGCGAATCCCACCCGCCTATATTAAAACATTTCAAGGC
FJ438476.1_L3_donor_450_r1,FJ438476.1,Haematococcus lacustris,Green algae,FJ438476.1,val,L3_donor_450,450,1050,1,439028364,ATGGTTCCACAAACAGAAACAAGAGCAGGTGCTGGGTTTAAAGCTGGTGTAAAAGATTATCGTTTAACGTATTATACACCAGATTACGTTGTTAGAGATACTGATATTTTAGCAGCGTTCCGTATGACACCACAACCAGGTGTACCACCAGAAGAATGTGGTGCAGCAGTAGCAGCTGAATCATCAACAGGTACTTGGACAACAGTATGGACAGATGGCTTAACAAGTTTAGACCGTTACAAAGGTAGATGCTACGACATCGAGCCAGTACCAGGCGAGGAAAACCAATACATCGCTTACGTAGCTTACCCTATCGATTTATTTGAAGAAGGTTCGGTAACTAACATGTTTACTTCAATTGTAGGAAACGTATTTGGGTTTAAAGCATTACGTGCATTACGTTTAGAAGATTTACGTATTCCACCAGCATATGTAAAAACATTCTCAGGA
KT693213.1_L3_donor_450_r1,KT693213.1,Hormotilopsis gelatinosa,Green algae,KT693213.1,train,L3_donor_450,450,1050,1,3939864929,ATGGCTCCACAAACAGAAACAAAAGCCGGGGCGGGATTTAAAGCAGGGGTTAAAGACTATAGATTAACTTACTATACACCTGACTACATCGTTAAGGACACTGACATCCTTGCTGCTTTCCGTATGACTCCGCAACCAGGTGTTCCACCTGAAGAATGTGGTGCAGCTGTTGCTGCTGAGTCTTCAACTGGTACATGGACTACTGTATGGACTGACGGTTTAACTAGCTTAGACCGTTACAAAGGCCGTTGTTATGATATCGAACCGGTTCCTGGTGAAGATAACCAATATATTGCTTATGTTGCTTATCCGATTGACCTTTTTGAAGAAGGTTCTGTTACAAACTTATTCACATCAATTGTAGGGAACGTATTTGGTTTCAAAGCTCTACGTGCTCTAAGACTGGAAGATTTACGTATTTCACCAGCTTACGCTAAGACATTCCAAGGT
KU645801.1_L3_donor_450_r1,KU645801.1,Passiflora quadrangularis,Eudicots,KU645801.1,train,L3_donor_450,450,1050,1,3646084880,ATGTCACCACAAACAGAGACTAAAGCAAGTGTTGGATTCAAGGCTGGTGTTAAAGATTATAAATTGACTTATTATACTCCTGAATATAACCCCAAAGATACTGATATCTTGGCAGCATTCCGAGTAACTCCTCAACCTGGAGTTCCCGCTGAGGAAGCGGGAGCTGCAGTAGCTGCTGAATCTTCTACTGGTACATGGACAACCGTGTGGACCGATGGGCTTACCAGTCTTGATCGTTATAAAGGACGATGCTACGATATTGAACCTGTTGCTGGAGAAGAAAGTCAATTTATTGCTTATGTAGCGTACCCCTTAGACCTTTTTGAAGAAGGTTCCGTTACTAACATGTTTACTTCCATTGTAGGTAATGTATTTGGGTTCAAAGCCCTACGCGCTTTACGTCTGGAAGATTTGCGAATCCCCACTGCTTATACTAAAACGTTTCAGGGC
KU645803.1_L3_donor_450_r1,KU645803.1,Cananga odorata,Other angiosperms,KU645803.1,train,L3_donor_450,450,1050,1,3035371992,ATGTCACCAAAAACAGAGACTAAAGCAAGTGTTGGATTCAAAGCTGGTGTTAAAGAGTACAAATTGACTTATTATACTCCTGAATATGAAACCAAGGATACTGATATCTTGGCAGCATTCCGAGTAACCCCTCAACCCGGAGTTCCGCCTGAGGAAGCAGGGGCTGCGGTAGCTGCCGAATCTTCTACTGGTACATGGACAACTGTGTGGACCGATGGACTTACCAGCCTTGATCGTTACAAAGGACGATGCTACCACATCGAGCCCGTTGCTGGGGAGGAAAATCAATATATTGCTTATGTAGCTTACCCTTTAGACCTTTTTGAAGAGGGTTCTGTTACTAACATGTTTACTTCCATTGTAGGTAATGTATTTGGATTTAAAGCTCTACGAGCTCTACGTCTGGAAGACTTGCGAATTCCTACTTCTTATGTCAAGACTTTCCAGGGC
KU645804.1_L3_donor_450_r1,KU645804.1,Asimina incana,Other angiosperms,KU645804.1,val,L3_donor_450,450,1050,1,474178947,ATGTCACCAAAAACAGAGACTAAAGCAAGTGTTGGGTTCAAAGCGGGTGTTAAAGAGTACAAATTGACTTATTATACTCCTGAATATGAAACCAAAGATACTGATATCTTGGCAGCATTCCGAGTAACCCCTCAACCCGGAGTTCCGCCCGAGGAAGCAGGGGCTGCGGTAGCTGCCGAATCCTCTACTGGTACATGGACAACTGTGTGGACCGATGGACTTACCAGCCTTGATCGTTACAAAGGACGATGCTACCACATCGAGCCTGTTGTTGGAGAGGAAAATCAATTTATTGCTTATGTAGCTTACCCTTTAGATCTTTTTGAGGAGGGTTCTGTTACTAACATGTTTACTTCCATTGTAGGTAATGTGTTTGGGTTCAAAGCTCTACGAGCTCTACGCCTAGAGGACTTGCGAATTCCTACTTCTTATATCAAGACTTTCCAGGGC
LC060504.1_L3_donor_450_r1,LC060504.1,Acinetospora filamentosa,Brown algae,LC060504.1,train,L3_donor_450,450,1050,1,1266696073,ATGCCTGAAGATGTGCAGAATCGAACTCGAATAAAAAGTGAACGTTATGAATCAGGTGTTATTCCATATGCAAAAATGGGATATTGGGATGCTGATTATAACGTTAAAGAAACTGATATTCTAGCTCTTTTTCGTATCACACCACAACCAGGCGTAGATCCCGTTGAAGCTGCTGCTGCTGTTGCCGGTGAATCTTCTACTGCAACATGGACTGTAGTTTGGACAGATTTATTAACTGCTTGTGATATCTATAGAGCGAAAGCATATAGAGTAGACCCAGTACCTGGAACAAGTGATCAATTTTTTGCTTATATAGCATATGAATGTGATTTATTTGAAGAAGGCTCTCTTGCTAATTTAACAGCCTCTATTATTGGTAACGTTTTCGGTTTTAAAGCCGTTAAAGCTTTACGTTTAGAAGATATGAGAATCCCTTACGCTTACTTAAAG
LC060517.1_L3_donor_450_r1,LC060517.1,Acinetospora asiatica,Brown algae,LC060517.1,train,L3_donor_450,450,1050,1,404729830,ATGCCTGAAGATGTGCAGAATCGAACTCGAATAAAAAGTGAACGTTATGAATCAGGTGTTATTCCATATGCAAAAATGGGATATTGGGATGCTGATTATAACGTTAAAGAAACTGATATTCTAGCTCTTTTTCGTATCACACCACAACCAGGCGTAGATCCCGTTGAAGCTGCTGCTGCTGTTGCCGGTGAATCTTCTACTGCGACATGGACTGTAGTTTGGACAGATTTATTAACTGCTTGTGACATCTATAGAGCGAAAGCATATAGAGTAGATCCAGTACCTGGAACAAGTGATCAATTTTTTGCTTACATAGCATATGAATGTGATTTATTTGAAGAAGGTTCTCTTGCTAACTTAACAGCATCGATTATCGGTAACGTTTTCGGTTTTAAAGCCGTTAAAGCATTACGTTTAGAAGATATGAGAATCCCTTACGCATACTTAAAG
LC145073.1_L3_donor_450_r1,LC145073.1,Haplomitrium hookeri,Liverworts,LC145073.1,val,L3_donor_450,450,1050,1,3912294269,ATGTCACCACAGACAGAAACTAGAGCAGGTGTTGGATTCAAAGCCGGTGTGAAAGATTACAGATTGACTTATTATACTCCCAATTACGAGACCAAAGACACCGACATCTTGGCAGCATTCCGAATGACTCCTCAACCTGGAGTGCCACCCGAAGAAGCTGGAGCGGCAGTAGCTGCCGAATCTTCCACAGGTACATGGACCACCGTTTGGACTGATGGGCTTACGAGCCTTGATCGTTACAAGGGTCGCTGCTATGGTATTGAACCTGTCGCGGGGGAGGAAAATCAATATATTGCTTATGTCGCTTATCCACTAGATTTGTTCGAGGAAGGTTCCGTCACCAATTTATTCACTTCCATAGTAGGTAACGTATTTGGCTTTAAAGCGTTGCGAGCTCTACGTCTCGAAGATTTGAGAATTCCCCCAGCTTATTCCAAAACTTTTCAAGGT
LC176260.1_L3_donor_450_r1,LC176260.1,Weisiopsis anomala,Mosses,LC176260.1,val,L3_donor_450,450,1050,1,1750546952,ATGTCACCACAAACGGAGACTAAAGCAGGTGTTGGATTTAAAGCTGGTGTTAAAGATTACAGATTAACTTATTACACTCCAGACTATCAGACTAAAGAAACTGATATTTTAGCAGCATTTCGAATGACTCCTCAACCAGGAGTACCAGCTGAAGAAGCAGGAGCTGCAGTAGCTGCGGAATCATCTACTGGTACATGGACTACTGTTTGGACTGATGGACTTACTAGTCTTGATCGTTATAAAGGTCGATGCTATGATATTGAAGCAGTTCCTGGAGAAGAAAATCAATATATCGCTTATGTTGCTTACCCATTAGATTTATTTGAAGAAGGTTCTGTTACTAACTTATTTACTTCTATTGTTGGTAATGTTTTTGGATTCAAAGCTTTACGAGCTTTGCGTCTAGAAGATTTGCGTATTCCTCCAGCTTATTCCAAAACTTTCCAAGGC
LC200423.1_L3_donor_450_r1,LC200423.1,Selenastrum capricornutum,Green algae,LC200423.1,val,L3_donor_450,450,1050,1,4217531520,ATGGTTCCTCAAACAGAAACTAAAGCAGGCGCTGGATTTAAAGCTGGTGTAAAAGACTACCGTTTAACATACTACACTCCTGATTACGTTGTTAAAGAAACTGACGTATTAGCTGCATTCCGTATGACTCCACAACCAGGTGTTCCACCTGAAGAGTGTGGTGCTGCCGTAGCTGCAGAATCATCAACAGGTACTTGGACAACAGTATGGACAGACGGTTTAACTACATTAGATCGTTACAAAGGACGTTGTTACGATCTTGAACCTGTTCCAGGTGAAGATAACCAATACATTGCGTATGTTGCTTACCCAGTAGATTTATTTGAAGAAGGTTCAGTAACAAACTTATTTACTTCAATCGTAGGTAACGTATTTGGTTTCAAAGCTTTACGTGCTCTTCGTTTAGAAGATCTTCGTATTCCTCCAGCTTACGTTAAAACATTCGAAGGA
LC270392.1_L3_donor_450_r1,LC270392.1,Pohlia annotina,Mosses,LC270392.1,test,L3_donor_450,450,1050,1,4095555790,ATGTCACCACAAACGGAGACTAAAGCAGGTGTTGGATTTAAAGCTGGTGTTAAAGATTACAGATTAACTTATTACACTCCAGATTATCAGACTAAAGAAACTGATATTTTAGCAGCATTTCGAATGACTCCTCAACCAGGAGTACCAGCTGAAGAGGCAGGAGCGGCAGTAGCTGCGGAATCTTCCACTGGTACATGGACTACTGTTTGGACTGATGGACTTACTAGTCTTGATCGTTACAAAGGACGATGCTATGATATTGAAGCAGTTCCTGGAGAAGAGAATCAATATATTGCTTATGTTGCTTACCCATTAGATTTATTTGAAGAAGGTTCTGTTACCAATTTATTTACTTCTATTGTTGGTAATGTTTTTGGGTTTAAAGCTTTACGAGCTTTACGTCTAGAAGATTTACGTATTCCTCCAGCTTATTCCAAAACTTTCCAAGGC
LC272005.1_L3_donor_450_r1,LC272005.1,Fissidens subangustus,Mosses,LC272005.1,train,L3_donor_450,450,1050,1,1683137008,ATGTCACCACAAACGGAGACTAAAGCAGGTGTTGGATTTAAAGCTGGTGTTAAAGATTACAGATTAACTTATTACACTCCAGATTATCAGACTAAAGAAACTGATATTTTAGCAGCATTTCGAATGACTCCTCAACCAGGGGTCCCATCTGAAGAAGCAGGAGCTGCAGTAGCTGCGGAATCTTCTACTGGTACATGGACCACTGTTTGGACTGATGGACTTACTAGTCTTGATCGTTATAAAGGTCGATGCTATGATATTGAACCAGTTGCTGGAGAAGAGAATCAATATATCGCTTATGTTGCTTACCCATTAGATTTATTTGAAGAAGGTTCTGTTACCAATTTATTTACTTCTATTGTTGGTAATGTTTTTGGATTTAAAGCTTTACGAGCTTTGCGTCTAGAAGATTTGCGTATTCCTCCATCTTATTCCAAAACTTTCCAGGGC
LC376047.1_L3_donor_450_r1,LC376047.1,Hattoria yakushimensis,Liverworts,LC376047.1,train,L3_donor_450,450,1050,1,3785581824,ATGTCACCACAAACGGAGACTAAAGCAGGTGTTGGATTCAAAGCTGGTGTTAAAGATTATAGATTAACTTACTATACGCCTGATTATGAGACGAAAGAAACAGATATTTTGGCAGCATTTCGTATGACTCCTCAGCCTGGAGTACCACCTGAAGAAGCAGGAGCAGCAGTAGCTGCCGAATCTTCAACTGGGACATGGACTACTGTTTGGACCGACGGACTTACAAGTCTTGATCGTTACAAAGGCCGATGTTATGATATTGAACCCGTTGCTGGCGAAGAAAATCAATATATTGCTTATGTGGCCTACCCATCAGATTCATTTGAAGAAGGTTCTGTTACCAATCTTTTCACCTCTATTGTAGGAAATGTGTTCGGATTCAAAGCTTTACGAGCTTTACGTCTTGAAGATTTACGAATTCCTCCAGCTTATGTAAAAACTTTTCAAGGT
LC493039.1_L3_donor_450_r1,LC493039.1,Colpomenia borea,Brown algae,LC493039.1,train,L3_donor_450,450,1050,1,792549892,ATGCCTGAAGATGTGCAGAATCGAACTCGAATAAAAAGTGAACGTTACGAATCAGGTGTTATTCCATATGCCAAAATGGGATATTGGGATGCTGATTATAACGTTAAAGAAACTGATATTCTAGCTCTTTTTCGTATCACTCCACAACCAGGTGTAGATCCCGTTGAAGCTGCCGCTGCTGTTGCCGGCGAATCTTCTACTGCAACATGGACGGTAGTTTGGACAGACTTACTAACTGCTTGTGATATCTATAGAGCAAAAGCATATAGAGTAGATCCAGTACCCGGAACAAGTGACCAATTCTTTGCTTATATAGCTTACGAATGTGATTTATTTGAAGAAGGTTCTCTTGCCAATTTAACGGCATCTATTATTGGTAACGTTTTCGGTTTCAAAGCTGTTAAAGCATTACGTTTAGAAGATATGAGAATTCCTTACGCTTACTTAAAA
LC723702.1_L3_donor_450_r1,LC723702.1,Schistochila sciurea,Liverworts,LC723702.1,train,L3_donor_450,450,1050,1,3764352350,ATGTCACCACAAACGGAGACTAAAGCAGGTGTTGGATTCAAAGCTGGTGTTAAAGATTATAGATTAACTTATTATACTCCGGATTATGAAACGAAAGATACGGATATTTTGGCAGCGTTTCGTATGACCCCTCAACCTGGAGTTCCAGCCGAAGAAGCAGGTGCAGCGGTTGCTGCCGAATCTTCCACAGGTACTTGGACTACAGTTTGGACTGATGGACTTACAAGTCTTGATCGTTACAAAGGTCGATGCTATGATATCGAACCTGTCGCTGGAGAAGAAAATCAATACATAGCTTATGTTGCTTATCCTTTAGATCCATTTGAAGAAGGTTCCGTTACGAACTTATTCACTTCCATTGTAGGTAATGTTTTCGGATTTAAAGCTTTGCGAGCTATACGTCTTGAAGATTTGCGAATTCCTCCGTCATATGTAAAAACTTTTCAAGGT
LC735540.1_L3_donor_450_r1,LC735540.1,Centella asiatica,Eudicots,LC735540.1,train,L3_donor_450,450,1050,1,480001117,ATGTCACCACAAACAGAGACTAAAGCAGGTGTTGGATTCAAAGCTGGGGTTAAAGATTACAAATTGACTTATTATACTCCTGACTATGAAACCAAAGATACTGATATCTTGGCAGCATTCCGAGTAACTCCTCAACCTGGAGTTCCACCTGAAGAAGCAGGGGCCGCGGTAGCTGCCGAATCTTCTACTGGTACATGGACAACTGTGTGGACCGACGGACTTACCAGCCTTGATCGTTACAAAGGGCGATGCTACGGAATCGAGCCCGTTCCTGGAGAAGAAAATCAATTTATTGCTTATGTAGCTTACCCATTAGACCTTTTTGAAGAAGGTTCTGTTACTAACATGTTTACTTCCATTGTTGGTAATGTATTTGGGTTCAAAGCCCTGCGTGCCCTACGTCTGGAAGATCTGCGAATCCCTGTTGCTTATGTGAAAACTTTCCAAGGC
LC791202.1_L3_donor_450_r1,LC791202.1,Pleurozia subinflata,Liverworts,LC791202.1,val,L3_donor_450,450,1050,1,1402198344,ATGTCACCACAAACGGAGACTAAAACAGGTGTTGGATTCAAAGCTGGTGTTAAAGATTATCGCTTAACTTATTATACTCCTGATTATCAGACGAAGGAGACAGATATTTTAGCAGCATTTCGTATGACTCCGCAACCTGGAGTACCGGCACAAGAAGCAGGAGCTGCAGTAGCCGCTGAGTCTTCTACTGGTACTTGGACTACAGTTTGGACTGATGGACTTACAAGTCTTGATCGTTACAAAGGTCGATGCTATGATATTGAACCTGTTGCTGGAGAAGAAAATCAATATATTGCTTATGTAGCTTATCCCCTAGATTTATTTGAAGAAGGTTCTGTTACAAACCTTTTTACTTCTATTGTAGGTAATGTATTTGGATTCAAAGCTTTACGAGCTTTGCGTCTTGAAGATTTACGAATTCCTCCAGCTTATACAAAAACTTTCCAAGGT
LC858738.1_L3_donor_450_r1,LC858738.1,Cyathodium tuberosum,Liverworts,LC858738.1,train,L3_donor_450,450,1050,1,3372240213,ATGTCACCACAAACGGAGACTAAAGCAGGTGCTGGATTCAAAGCTGGTGTTAAAGATTATCGATTAAATTATTACACTCCTGATTATGAGACCAAAGATACAGATATTTTGGCAGCATCTAGAATGACTCCTCAACCTGGTGTACCACCGGAAGAAGCAGGAGCAGCTGTTGCTGCTGAATCTTCTACTGGTACATGGACTACAGTCTGGACTGATGGTCTTACTAACCTTGATCGTTATAAAGGTCGATGCTATGATATTGACCCTGTTCCTGGGGAACAAAATCAATATATTGCTTATGTAGCTTATCCTTTAGATCCATCCGAGGAAGGATCTGTTACAAATATGTTTACTTCGATTGTAGGTAATGTATTTGGTTTTAAAGCTTTGAGAGCATTGCGACTTGAAGATTTGAGAATTCCTCCGGCTTACACAAAAACTCTCCAAGGT
LC858740.1_L3_donor_450_r1,LC858740.1,Cyathodium cavernarum,Liverworts,LC858740.1,train,L3_donor_450,450,1050,1,4106851344,ATGTCACCACAAACGGAGACTAAAGCAGGTGCTGGATTCAAAGCTGGTGTTAAAGATTATCGATTAACTTATTACACTCCTGATTATGAGACCAAAGATACAGATATTTTGGCAGCATTCAGAATGACTCCTCAACCTGGCGTACCAGCGGAAGAAGCGGGAGCAGCTGTTGCTGCTGAATCTTCCACCGGTACATGGACTACAGTCTGGACTGATGGTCTTACTAACCTTGATCGTTATAAAGGTCGATGCTACGATATCGACCCTGTTCCCGGGGAACAAAATCAATATATTGCTTATGTAGCTTATCCTTTAGATCTATTTGAGGAAGGTTCTGTTACAAACATGTTTACTTCGATTGTAGGTAATGTATTCGGTTTTAAAGCTTTGAGAGCATTGCGACTTGAAGATTTAAGAATTCCTCCGGCTTATACAAAAACTTTTCAAGGT
LC859596.1_L3_donor_450_r1,LC859596.1,Trichocolea japonica,Liverworts,LC859596.1,train,L3_donor_450,450,1050,1,506741551,ATGTCACCACAAACGGAGACTAAAACAGGTGTTGGATTCAAAGCTGGTGTGAAAGATTATAGATTAACTTATTACACACCTGATTATGAGACGAAAGAGACAGATATTTTGGCAGCATTTCGTATGACTCCTCAACCAGGAGTACCACCTGAAGAAGCAGGAGCAGCAGTAGCTGCTGAATCTTCGACTGGTACGTGGACCACGGTTTGGACTGACGGACTTACAACTCTTGATCGTTACAAAGGTCGATGCTATGATATTGAACCTGTCGCTGGCGAAGAAAATCAATATATTGCTTATGTAGCTTATCCATTAGATTTATTCGAAGAAGGTTCTGTCACAAATCTTTTCACTTCTATTGTAGGTAATGTATTCGGATTCAAAGCTCTACGAGCTTTACGTCTTGAAGATTTACGTATTCCTCCAGCTTATGTTAAAACTTTTCAAGGT
LC884819.1_L3_donor_450_r1,LC884819.1,Cyanidium caldarium,Red algae,LC884819.1,train,L3_donor_450,450,1050,1,3485996577,ATGGCTCAGTCTGTGCAAGAACGAACACGTCTGAAAAATAAAAGGTATGAATCTGGCGTAATACCATATGCGAAAATGGGATATTGGGATCCGAACTATGTTGTAAAAGACACTGATATCTTAGCACTATTTAGAGTTACTCCTCAACCTGGGGTTGACCCTATTGAAGCTTCTGCCGCGGTAGCAGGAGAATCTTCAACAGCTACATGGACCGTGATTTGGTGCGATTTACTTACAGCCTGTGATGTTTACAGAGCAAAAGCTTACAGAGTTGATCAAGTGCCTAATTCTCCAGATCAATATTTCGCCTACATTGCCTACGACCTGGATTTATTCGAAGAAGGATCTATAGCAAATTTAACAGCATCGATAATCGGAAACGTTTTCGGGTTTAAAGCTTTAGCAGCATTGAGGCTGGAAGACATGAGAATACCTATAGGATACTTGAAA
LC899187.1_L3_donor_450_r1,LC899187.1,Pyropia akasakae,Red algae,LC899187.1,train,L3_donor_450,450,1050,1,1554939679,ATGTCTCAATCCGTAGAATCACGGACTAGGATTAAAAGCGAACGTTACGAATCTGGAGTAATCCCTTACGCTAAAATGGGCTACTGGGATGCTGACTATGTAATTAAAGAAACAGATATTTTAGCTCTTTTCAGAATCACTCCTCAACCAGGTGTTGACCCGATTGAAGCATCTGCTGCAATTGCAGGTGAATCTTCAACAGCTACTTGGACAGTTGTATGGACTGATTTATTAACAGCTTGTGACTTATACAGAGCAAAAGCATATCGAGTAGATCCAGTTCCAAACGTGGCAGATCAATATTTTGCTTATATAGCTTATGATATTGATTTATTTGAAGAAGGTTCCATTGCGAACTTAACTGCTTCAATTATTGGTAACGTTTTTGGGTTTAAAGCTGTTAAAGCTCTTCGTTTGGAAGACATGCGTATGCCAGTAGCTTATCTAAAA
LC924737.1_L3_donor_450_r1,LC924737.1,Conocephalum orientale,Liverworts,LC924737.1,train,L3_donor_450,450,1050,1,3732885178,ATGTCACCACAAACGGAGACTAAAGCAGGTACTGGATTCAAAGCTGGTGTTAAAGATTATCGATTAACTTATTATACTCCGGATTATGAAACTAAAGATACGGATATTTTAGCAGCATTTAGAATGACTCCTCAGCCTGGGGTACCAGCAGAAGAAGCAGGAGCAGCAGTTGCTGCTGAATCTTCTACTGGTACATGGACTACAGTTTGGACTGATGGTCTTACTAACCTTGATCGTTATAAAGGTCGATGCTATGGTATTGACCCTGTTCCTGGAGAAGAAAATCAATATATTGCTTATGTAGCTTATCCTTTAGATTTATTTGAAGAAGGATCTGTTACAAATATGTTTACTTCTATTGTAGGTAATGTATTTGGATTTAAAGCTTTAAGAGCGTTACGTCTTGAAGATTTACGAATTCCTGTAGCTTATACAAAAACTTTCCAAGGT
LC924765.1_L3_donor_450_r1,LC924765.1,Porella ulophylla,Liverworts,LC924765.1,train,L3_donor_450,450,1050,1,4185294402,ATGTCACCACAAACGGAAACTAAAACAGGTGCTGGATTTAAAGCTGGTGTTAAAGATTATAGATCAACTTATTATACTCCCGACTATGATACAAAGGAGACAGATATTTTAGCAGCATTTCGTATGACTCCTCAACCTGGAGTACCAGAACAAGAAGCAGGAGCAGCAGTAGCTGCTGAATCTTCCACCGGTACATGGACTACGGTTTGGACTGATGGACTTACAAGTCTTGATCGTTACAAAGGTCGATGCTATGATATTGAACCCGTTGCTGGAGAGGATAATCAATTTATTGCTTATGTGGCTTATCCATTAGATCTATTTGAGGAAGGCTCCGTTACAAACCTGTTTACTTCTATTGTAGGTAATGTATTCGGATTCAAAGCTTTACGAGCGTTACGTCTCGAAGATTTACGAATTCCTCCAGCTTATGTAAAAACTTTTCAAGGC
LC924778.1_L3_donor_450_r1,LC924778.1,Acrolejeunea pusilla,Liverworts,LC924778.1,train,L3_donor_450,450,1050,1,64492512,ATGTCACCACAAACGGAGACTAAAGCAGGTGTTGGATTTAAAGCGGGCGTTAAGGATTATAGATTAACTTATTATACTCCTGAGTACCAGGTAAAGGCGACAGATATTTTGGCAGCATTTCGTATGACTCCTCAAGCCGGAGTACCAGCAGAAGAGGCAGGAGCAGCTGTAGCTGCTGAATCTTCAACTGGTACATGGACTACGGTTTGGACTGATGGACTTACAAGTCTTGATCGATATAAAGGTCGATGCTATGATATTGAACCTGTTCGTGGAGAAGAGAATCAATATATTGCTTATGTTGCTTATCCATTAGATTTATTCGAAGAAGGTTCTGTTACTAACCTTTTTACTTCTATTGTAGGTAACGTATTTGGATTTAAAGCTTTACGAGCTTTGCGTCTTGAAGATTTGCGAATTCCTCCATCTTATACCAAAACTTTCCAAGGT
LC924831.1_L3_donor_450_r1,LC924831.1,Ceratodon purpureus,Mosses,LC924831.1,train,L3_donor_450,450,1050,1,2985888276,ATGTCACCACAAACGGAGACTAAAGCAGGTGTTGGATTTAAAGCTGGTGTTAAAGATTACAGATTAAATTATTACACTCCAGATTATCAGACTAAAGATACTGATATTTTAGCAGCATTTCGAATGACTCCTCAACCAGGAGTACCACCTGAAGAAGCAGGAGCTGCAGTAGCTGCGGAATCTTCCACTGGTACATGGACCACTGTTTGGACTGATGGACTTACTAGTCTTGATCGTTATAAAGGTCGATGCTATGATATTGAAGCAGTTCCTGGAGAAGAAAATCAATATATCGCTTATGTTGCTTACCCATTAGATTTATTTGAAGAAGGTTCTGTTACCAATTTATTTACTTCTATTGTTGGTAATGTTTTTGGATTTAAAGCTTTACGAGCTTTGCGTCTAGAAGATTTACGTATTCCTCCAGCTTATTCCAAAACTTTCCAAGGA
LC924878.1_L3_donor_450_r1,LC924878.1,Orthotrichum consobrinum,Mosses,LC924878.1,val,L3_donor_450,450,1050,1,3232364030,ATGTCACCACAAACGGAGACTAAAGCAGGTGTTGGATTTAAAGCTGGTGTTAAAGATTACAGATTAACTTATTACACTCCAGATTATCAAACTAAAGAAACTGATATTTTAGCAGCATTTCGAATGACTCCTCAACCAGGAGTGCCAGCTGAAGAAGCAGGAGCTGCAGTAGCTGCAGAATCTTCTACTGGTACATGGACTACTGTTTGGACTGATGGCCTTACTAGTCTTGATCGTTATAAAGGACGATGCTATGATCTTGAAGCAGTTCCTGGAGAAGATAATCAATATATTGCTTATGTTGCTTACCCATTAGATTTATTTGAAGAAGGTTCTGTTACCAATTTATTTACTTCTATTGTTGGTAATGTTTTTGGATTTAAAGCTTTACGAGCTTTACGTCTAGAAGATTTACGTATTCCTCCAGCTTATTCCAAAACTTTCCAAGGT
LC924944.1_L3_donor_450_r1,LC924944.1,Pylaisiadelpha yokohamae,Mosses,LC924944.1,train,L3_donor_450,450,1050,1,1424397320,ATGTCACCACAAACGGAGACCAAAGCAGGTGTTGGATTTAAAGCTGGTGTTAAAGATTACAGATTAACTTATTACACCCCAGATTATCAAACTAAAGACACTGATATTTTGGCAGCATTTCGGATGACGCCTCAACCAGGAGTACCCGCTGAAGAGGCAGGAGCTGCAGTAGCTGCGGAATCCTCCACCGGTACATGGACCACTGTTTGGACCGATGGTCTTACCAGTCTTGATCGTTATAAAGGACGATGCTATGATCTTGAAGCAGTTCCTGGAGAAGAAAATCAATATATTGCTTATGTTGCTTACCCATTAGATCTATTTGAAGAAGGTTCTGTTACCAATTTATTCACCTCTATTGTTGGTAATGTTTTTGGATTCAAAGCTTTACGAGCTTTACGTCTAGAAGATTTACGTATTCCTCCAGCTTATTCCAAAACTTTCCAAGGC
LC924950.1_L3_donor_450_r1,LC924950.1,Calohypnum plumiforme,Mosses,LC924950.1,val,L3_donor_450,450,1050,1,3000835003,ATGTCACCACAAACGGAGACTAAAGCAGGTGTTGGATTTAAAGCTGGTGTTAAAGATTACAGATTAACTTATTACACTCCAGATTATCAGACTACAGCAACTGATATTTTAGCAGCATTTCGAATGACTCCTCAACCAGGAGTACCCGCTGAAGAGGCGGGAGCTGCAGTAGCTGCGGAATCCTCCACTGGTACATGGACCACTGTTTGGACTGATGGACTTACCAGTCTTGATCGTTATAAAGGACGATGCTATGATCTCGAAGCAGTTCCTGGAGAAGAAAATCAATATATTGCTTATGTTGCTTACCCATTAGATTTATTTGAAGAAGGTTCTGTTACCAATTTATTTACTTCTATTGTTGGTAATGTTTTTGGATTTAAAGCTTTACGAGCTTTACGTCTAGAAGATTTACGTATTCCTCCAGCTTATTCCAAAACTTTCCAGGGT
LC924964.1_L3_donor_450_r1,LC924964.1,Myuroclada maximowiczii,Mosses,LC924964.1,train,L3_donor_450,450,1050,1,1785541105,ATGTCACCACAAACGGAGACTAAAGCAGGTGTTGGATTTAAAGCTGGTGTTAAAGATTACAGATTAACTTATTACACTCCAGATTATCAGACTAAAGAAACTGATATTTTAGCAGCATTTCGAATGACTCCTCAACCAGGAGTACCCGCTGAAGAGGCAGGAGCTGCAGTAGCTGCGGAATCTTCCACTGGTACATGGACCACCGTTTGGACCGATGGACTTACCAGTCTTGATCGTTATAAAGGACGATGCTATGATCTTGAAGCAGTTCCTGGAGAAGAGAATCAATATATTGCTCATGTTGCTTACCCATTAGATCTATTTGAAGAAGGTTCTGTTACCAATTTATTTACTTCTATTGTTGGTAATGTTTTCGGATTTAAAGCTTTACGAGCTTTACGTCTAGAAGATTTACGTATTCCTCCAGCTTATTCCAAAACTTTCCAAGGT
MG251837.1_L3_donor_450_r1,MG251837.1,Hydroclathrus rapanuii,Brown algae,MG251837.1,train,L3_donor_450,450,1050,1,1087563574,ATGCTTGAAGATGTGCAGAATCGAACTCGAATAAAAAGTGAACGTTACGAATCAGGTGTAATTCCATATGCCAAAATGGGGTATTGGGATGCTGATTATAACGTTAAAGATACTGATATTCTAGCTCTTTTTCGTATCACTCCACAGCCAGGTGTAGATCCCGTTGAAGCTGCCGCTGCTGTTGCCGGCGAATCTTCTACTGCAACATGGACGGTAGTTTGGACAGACTTATTAACTGCTTGTGATATTTATCGAGCAAAAGCATATAGAGTAGATCCAGTACCCGGAACAAGTGACCAATTCTTTGCTTATATAGCTTACGAATGTGATTTATTTGAAGAAGGTTCTCTTGCTAACTTAACGGCATCTATTATTGGTAACGTTTTTGGTTTTAAAGCTGTTAAAGCGTTACGTTTAGAAGATATGAGAATTCCTTACGCTTATTTAAAA
MH172437.1_L3_donor_450_r1,MH172437.1,Pectinopitys harmsiana,Conifers,MH172437.1,train,L3_donor_450,450,1050,1,2055810176,ATGTCACCAAAAACAGAGACTAAAGTAAGTGCTGGGTTCAAAGCTGGTGTTAAAGATTACAGATTAACTTATTATACTCCGGACTATCAGACCCAAGAGACTGATATCTTGGCAGCATTCCGAGTCACTCCTCAACCCGGAGTGCCCCCCGAGGAAGCAGGAGCGGCAGTAGCTGCCGAATCTTCCACTGGTACATGGACTACTGTTTGGACCGATGGACTCACCAGCCTTGATCGTTACAAGGGGCGATGCTATGACATCGAGCCTGTTCCTGGAGAGGAAAGTCAATTTATTGCCTATGTAGCTTACCCCTTGGACCTTTTTGAAGAAGGTTCTGTTACTAACCTGTTCACTTCCATTGTAGGTAATGTATTTGGATTCAAAGCCCTACGGGCTCTACGTTTGGAAGATCTGCGAATTCCTCCTGCTTATTCCAAAACCTTCCAAGGT
MH270460.1_L3_donor_450_r1,MH270460.1,Macleaya microcarpa,Other angiosperms,MH270460.1,train,L3_donor_450,450,1050,1,1318571456,ATGTCACCACAAACAGAGACTAAAGCAAGTGTTGGATTCAAAGCTGGTGTTAAAGATTACAAATTGACTTATTATACTCCTGACTATGAAACCAAAGATACTGATATCTTGGCAGCATTCCGAGTAACTCCTCAACCTGGAGTTCCGCCTGAGGAAGCAGGGGCCGCGGTAGCTGCCGAATCTTCTACTGGTACATGGACAACTGTGTGGACCGATGGACTTACCAGCCTTGATCGTTACAAAGGAAGATGCTACCATATCGAGCCCGTAGCTGGAGAAGACAATCAATATATTTGTTATGTAGCTTACCCTTTAGACCTTTTTGAAGAAGGTTCTGTTACTAACATGTTTACTTCCATTGTGGGTAATGTATTTGGGTTCAAAGCGCTGCGCGCTCTACGTCTGGAGGATCTGCGAATTCCTCCTGCTTATGTTAAAACTTTCCAAGGC
MH390671.1_L3_donor_450_r1,MH390671.1,Quinchamalium chilense,Eudicots,MH390671.1,train,L3_donor_450,450,1050,1,2463877193,ATGTCACCACAAACAGAGACTAAAGCGAGTGTTGGATTCAAAGCTGGTGTTAAAGAGTACAAATTGACTTATTATACTCCTGATTATGAAACCAAAGATACTGATATCTTGGCAGCATTCCGAGTAACTCCGCAACCTGGAGTTCCACCCGAAGAAGCGGGGGCTGCCGTAGCTGCTGAATCTTCTACTGGTACATGGACAACTGTATGGACCGACGGACTTACCAGCCTTGATCGTTATAAAGGAAGATGTTACCACATCGAGCCCGTTGCTGGCGAAGAAAATCAATATATTGCTTATGTTGCTTATCCCTTAGACCTTTTTGAAGAAGGCTCTGTTACTAATATGTTTACTTCCATTGTAGGTAATGTATTTGGGTTTAAAGCCTTGCGTGCCCTACGTTTAGAGGATCTGAGAATCCCCCCTGCTTATTCTAAAACGTTCCAAGGT
MH390672.1_L3_donor_450_r1,MH390672.1,Schoepfia schreberi,Eudicots,MH390672.1,train,L3_donor_450,450,1050,1,3640520661,ATGTCACCACAAACAGAGACTAAAGCAAGTGTTGGATTCAAAGCTGGTGTTAAAGAGTACAAATTGACTTATTATACTCCTGATTATGAAACCAAAGATACTGATATCTTGGCAGCATTCCGAGTAACTCCTCAACCCGGAGTTCCACCCGAGGAAGCGGGGGCCGCGGTAGCTGCCGAATCCTCTACTGGTACATGGACAACTGTGTGGACCGATGGACTTACCAGCCTTGATCGTTATAAAGGAAGATGCTACCACATTGAGCCCGTTGCTGGCGAAGAAAATCAATATATTGCTTATGTCGCTTATCCCTTAGACCTTTTTGAAGAAGGCTCTGTTACTAACATGTTGACTTCCATTGTCGGTAATGTATTTGGGTTTAAAGCCTTGCGTGCCCTGCGTTTAGAGGATCTGAGAATCCCCCCTGCTTATTCTAAAACGTTCCAAGGC
MH545292.1_L3_donor_450_r1,MH545292.1,Batophora occidentalis,Green algae,MH545292.1,train,L3_donor_450,450,1050,1,3456771230,ATGGCTCCACAAACTGAGACTAAAGCAAGTGCTGGATTTAAAGCGGGTGTAAAAGATTATCGTTTAACATATTACACTCCTGATTATCAAGTACAAGACACTGATATTTTAGCTGCGTTTCGAATGACTCCACAACCTGGAGTACCAGCAGAAGAATGTGCTGCTGCAGTTGCCGCTGAATCTTCAACAGGTACTTGGACAACAGTATGGACAGACGGTTTAACAAGTCTTGATCGTTATAAAGGTCGTTGTTATGATGTTGAACCAGTTCCTGGAGAAGATAACCAATATATTGCATATGTAGCGTACCCTCTAAATCTATTTGAAGAAGGATCTGTAACAAACTTATTCACTTCAGTTGTTGGGAACGTTTTTGGATTTAAAGCTCTTCGTGCTCTTCGTTTAGAAGATCTTCGTATTCCACAAGCATACGTTAAAACATTCTTTGGA
MH545335.1_L3_donor_450_r1,MH545335.1,Halicoryne sp. HV04044,Green algae,MH545335.1,train,L3_donor_450,450,1050,1,918506234,ATGGGAACAACTGAAACGAAAGCAGGTGCTGGATTTAAAGCGGGTGTAAAAGATTATCGTCTAACGTACTATACACCTGATTATCAAGTACAAGATACAGATATTTTAGCAGCATTTCGAATGACGCCTCAGCCAGGAGTTCCAGCGGAAGAATGTGCCGCTGCTGTAGCTGCTGAATCTTCAACAGGTACTTGGACTACTGTTTGGACAGATGGATTAACTTCGCTAGACCGTTACAAAGGTCGATGCTATGATGTTGAACCTGTTCCTGGAGAAGATAATCAATACATTGCATATGTGGCTTATCCTTTAAACTTATTTGAAGAAGGGTCTGTAACAAATTTATTTACGTCAATTGTTGGTAACGTTTTTGGATTCAAAGCTCTTCGTGCTCTTCGTTTAGAAGATCTTCGTATTCCTCAAGCATTTGTCAAAACATTCTTGGGACCA
MH616272.1_L3_donor_450_r1,MH616272.1,Borya sphaerocephala,Monocots,MH616272.1,train,L3_donor_450,450,1050,1,1950730413,ATGTCACCACAAACAGAGACTAAAGCAAATGTTGGATTTAAAGCTGGTGTTAAAGATTACAAATTGACTTATTATACTCCTGACTACGACACCAAAGATACTGATATTTTGGCAGCATTTCGAGTAACTCCTCAACCAGGAGTTCCGCCTGAAGAAGCAGGGGCCGCGGTAGCTGCCGAATCTTCTACTGGTACATGGACAACTGTGTGGACTGATGGACTTACCAGTCTTGATCGTTACAAAGGACGATGCTACCACATCGAGGCTGTTGTTGGGGAAGAAAATCAATATATTGCTTATGTAGCTTATCCTTTAGACCTTTTTGAAGAAGGTTCTGTTACTAACATGTTTACTTCCATTGTTGGTAATGTATTTGGTTTCAAAGCCCTACGAGCTCTACGTCTGGAGGATCTGCGAATTCCCCCTGCTTATTCAAAAACTTTCCAAGGC
MH661965.1_L3_donor_450_r1,MH661965.1,Epiblema grandiflorum,Monocots,MH661965.1,train,L3_donor_450,450,1050,1,90085796,ATGAGTTGTAGGGAGGGACTTATGTCACCACAAACAGAGACTAAAGCAAGCGTTGGATTTAAAGCTGGTGTTAAAGATTACAAATTGACTTATTATACTCCTGACTACGAAACAAAAGATACTGATATCTTGGCAGCATTCCGAGTAACTCCTCAACCGGGAGTTCCGCCTGAAGAAGCGGGAGCTGCGGTAGCAGCCGAATCTTCTACTGGTACATGGACAACTGTGTGGACTGATGGACTTACCAGTCTTGATCGTTACAAAGGACGGTGCTACCACATTGAGGCCGTTGTTGGGGAGGAAAATCAATATATTGCTTATGTAGCTTATCCTTTAGACCTTTTTGAAGAAGGTTCTGTTACTAACATGTTTACTTCCATTGTGGGTAATGTTTTTGGTTTCAAAGCCCTGCGAGCTCTACGTCTGGAAGATTTGCGAATTCCCCCTTCT
MK295219.1_L3_donor_450_r1,MK295219.1,Chlorella sp. 64.01,Green algae,MK295219.1,train,L3_donor_450,450,1050,1,3154531605,ATGGCTCCACAAACTGAAACTAGAGCAGGTGCTGGATTTAAAGCAGGTGTTAAAGATTATCGTTTAACATACTATACTCCTGACTATCAACCAAAAGAAACTGATATTCTTGCAGCATTCCGTATGACACCACAACCAGGTGTACCACCGGAAGAAGCTGGTGCAGCGGTAGCAGCAGAATCTTCAACAGGTACTTGGACGACTGTATGGACAGACGGTTTAACTAGTTTAGATCGTTATAAAGGTCGTTGTTATGATATTGAACCAGTTCCAGGTGAAGAAAATCAATATATTGCATATATTGCTTACCCTTTAGATCTTTTTGAAGAAGGTTCTGTAACGAATTTATTTACTTCAATTGTAGGTAACGTTTTTGGTTTCAAAGCTCTTCGTGCATTACGTCTAGAAGATCTTCGTATTCCACCAGCGTATGTAAAAACTTTCCAAGGA
MK295220.1_L3_donor_450_r1,MK295220.1,Pseudochlorella pringsheimii,Green algae,MK295220.1,train,L3_donor_450,450,1050,1,1239272468,ATGTCTCCACAAACTGAAACTAAAGCAAGGGTGGGTTTCAAAGCAGGTGTTAAAGACTACCGTTTAACTTACTATACTCCTGATTACCAACCAAAAGATACTGATATTCTTGCAGCGTTCCGTATGACTCCTCAACCAGGTGTTCCACCAGAAGAAGCTGGTGCAGCGGTAGCAGCAGAATCATCAACTGGTACTTGGACGACTGTATGGACTGACGGTTTAACTAGTTTAGATCGTTACAAAGGTCGTTGTTATGATATCGAGCCAGTTCCAGGTGAAGAAAACCAATACATTGCATATATTGCATATCCTTTAGATCTTTTTGAAGAAGGTTCTGTAACAAACTTATTTACTTCAATTGTAGGTAACGTTTTTGGTTTCAAAGCTCTTCGTGCTTTACGTTTAGAAGATCTTCGTATTCCACCAGCATACGTAAAAACTTTCCAAGGT
MK806439.1_L3_donor_450_r1,MK806439.1,Lepisorus jakonensis,Ferns,MK806439.1,train,L3_donor_450,450,1050,1,1843677912,ATGTCACCACAAACGGAGACTAAAGCGGGTGTTGGATTCAAAGCTGGTGTCAAAGATTATCGATTGACTTATTACACCCCCGAATACAAAACCAAAGATACCGATATCTTAGCAGCATTTCGAATGACCCCACAACCTGGAGTACCGGCTGAGGAAGCTGGAGCTGCGGTAGCTGCAGAATCCTCCACAGGTACGTGGACCACTGTATGGACAGATGGGTTGACTAGTCTTGACCGTTACAAGGGCCGATGCTATGACATCGAACCCGTCGCTGGGGAAGAGAATCAGTATATCGCGTATGTAGCTTATCCTTTGGATCTATTTGAAGAAGGTTCCGTTACTAATTTATTCACCTCCATAGTCGGTAATGTCTTCGGATTTAAGGCTCTGCGCGCTCTACGCTTGGAAGACCTTCGAATTCCTCCCGCTTATTCTAAAACTTTCATAGGA
MN030175.1_L3_donor_450_r1,MN030175.1,Botrypus virginianus,Ferns,MN030175.1,train,L3_donor_450,450,1050,1,2743067901,ATGTCACCACAAACGGAGACTAAAGCAGGTGTTGGATTCAAAGCTGGTGTTAAAGATTATCGATTGACCTATTACACTCCCGATTACAAAACCAAGGATACTGATATCCTAGCAGCTTTTCGAATGACTCCCCAACCTGGAGTGCCAGCTGAGGAAGCGGGAGCCGCGGTAGCTGCTGAATCTTCCACCGGTACGTGGACCACCGTATGGACCGATGGACTTACCAGCCTTGATCGTTACAAGGGTCGATGCTATGAAATCGAACCTGTTCCCGGGGAGGAGAATCAATTCATTGCTTATGTGGCGTATCCTCTAGATCTTTTTGAGGAAGGTTCTGTCACCAACATGTTCACTTCCATTGTAGGTAACGTATTCGGATTCAAGGCATTGAGAGCTTTACGGTTGGAAGATTCAAGAATCCCCCCTGCTTATTCTAAGACTTTCACGGGT
MN601490.1_L3_donor_450_r1,MN601490.1,Clematis sp. DPP-2019a,Other angiosperms,MN601490.1,train,L3_donor_450,450,1050,1,393274838,ATGTCACCACAAACAGAGACTAAAGCGAGTGTTGGCTTCAAAGCAGGTGTTAAAGAGTACAAATTGAATTATTATACTCCTGAATATGAACCCAAAGAAACTGATACCTTGGCGGCATTCCGAGTAAGTCCTCAACCTGGAGTTCCACCTGAAGAAGCAGGGGCTGCTGTAGCTGCCGAATCTTCTACGGGTACATGGACAACTGTGTGGACCGATGGACTTACCAGCCTTGATCGTTACAAAGGACGATGCTACGATATCGAGCCCGTTGCTGGAGAAGAAAATCAATATATTTGTTATGTAGCCTACCCTTTAGACCTTTTTGAAGAAGGTTCTGTTACTAACATGTTTACTTCTATTGTGGGTAATGTATTTGGGTTCAAAGCGTTACGCGCTCTACGTCTGGAAGATCTGCGAGTTCCTGTTGCTTATATTAAAACTTTCCAAGGC
MN793055.1_L3_donor_450_r1,MN793055.1,Chara vulgaris,Other green,MN793055.1,train,L3_donor_450,450,1050,1,469533207,ATGTCACCACAGACAGAAACTAAAACAAGTGCTGGATTTAAAGCAGGGGTAAAAGATTACAGATTAACTTACTATACTCCTGAGTATAAAACTAAAGATACTGACATTTTAGCTGCATTTCGTGTAACTCCACAACCTGGCGTTCCACCTGAAGAAGCAGGTGCTGCAGTAGCTGCAGAATCTTCCACTGGTACATGGACTACTGTTTGGACTGACGGATTAACTAGTTTAGACCGATACAAAGGAAGATGCTACGATATTGAACCTGTTGCTGGTGAAGAGAATCAGTTTATTGCATATGTTGCTTATCCTCTTGATTTATTTGAAGAAGGATCAGTAACAAATTTATTCACATCGATTGTAGGTAATGTATTTGGATTTAAAGCATTAAGGGCTTTACGTTTGGAAGATTTACGTATTCCTCCTGCTTATACAAAGACTTTTCAAGGG
MT439865.1_L3_donor_450_r1,MT439865.1,Glomerochrysis psammophila,SAR/other protist,MT439865.1,val,L3_donor_450,450,1050,1,2126793051,ATGTCTCAATCTGTATCAGAACGTACACGTATTAAGAGCGAACGTTATGAATCTGGTGTAATCCCTTACGCTAAAATGGGTTACTGGGATTCTAGTTACACAATCAAGAGTACGGATGTTCTTGCATTATTCCGTATTACACCTCAACCGGGCGTAGATCCAGTTGAAGCTGCTGCTGCCGTAGCGGGTGAATCTTCAACAGCTACATGGACTGTTGTATGGACAGATTTATTAACAGCATGTGATGTATACCGTGCAAAAGCATATCGTGTAGATCCGGTTCCAAGTGCTGCTGATCAATTCTTTGCATATATCGCATATGAAGGTGATTTATTTGAGGAAGGTTCATTAGCGAATATGACAGCTTCTATCATCGGTAACGTATTTGGTTTCAAAGCCGTTAAAGCGTTACGTTTAGAAGATATGCGTATTCCACACTCTTACTTAAAG
MW267923.1_L3_donor_450_r1,MW267923.1,Zygnema circumcarinatum,Other green,MW267923.1,train,L3_donor_450,450,1050,1,3310664493,ATGTCACCACAAACAGAAACCAAAGCAGGTGCTGGATTTAAAGCAGGGGTAAAAGATTACCGACTTACCTATTACACTCCTGACTATGAAACTAAGGAAACCGATATCCTTGCTGCATTCCGTATGACTCCTCAACCTGGAGTTCCACCGGAAGAAGCAGGTGCTGCTGTAGCAGCAGAGTCCTCTACTGGTACATGGACTACTGTTTGGACCGATGGTCTTACTAGTCTAGATCGCTACAAAGGTAGATGCTATGATCTTGAACCAGTTCCTGGAGAAGAGAATCAATACATTGCATATATCGCATATCCTCTTGACCTATTCGAAGAAGGTTCTGTAACCAACTTGTTCACCTCTATTGTAGGAAACGTATTTGGATTTAAAGCACTTCGAGCTCTACGTTTAGAAGATTTACGTATTCCTCCAGCTTACTCTAAAACCTTCCAAGGC
MW524049.1_L3_donor_450_r1,MW524049.1,Dryopteris fragrans,Ferns,MW524049.1,train,L3_donor_450,450,1050,1,121679723,ATGTCACCACAAACGGAGACTAAAGCAGGTGTTGGATTCAAAGCTGGTGTCAAAGATTATCGATTGACCTATTACACCCCCGAATACAAGACCAAAGATACCGATATCTTAGCAGCCTTTAGAATGACCCCACAACCCGGAGTACCGGCTGAGGAAGCCGGAGCTGCGGTAGCTGCGGAATCCTCCACGGGTACGTGGACCACTGTATGGACAGATGGGTTGACCAGTCTTGACCGTTACAAGGGCCGATGCTACGACATCGAACCCGTTGCTGGAGAGGAAAACCAGTATATCGCGTATGTAGCTTATCCTTTGGATCTATTCGAAGAAGGTTCTGTCACCAATCTGTTCACCTCCATTGTAGGTAATGTTTTCGGATTTAAGGCTCTACGCGCTTTACGCTTGGAAGACCTTCGAATCCCCCCCGCTTATTCTAAAACTTTCCTTGGA
MZ133428.1_L3_donor_450_r1,MZ133428.1,Corbierea radiosa,Green algae,MZ133428.1,train,L3_donor_450,450,1050,1,1619422458,ATGGTTCCACAAACAGAAACAAGAGCTGGTGCTGGGTTTAAAGCTGGTGTTAAAGATTATCGATTAACGTATTATACACCAGATTACGTAGTGAAAGACACTGATATTTTAGCTGCTTTCCGTATGACTCCACAACCAGGTGTTCCACCAGAAGAATGTGGTGCAGCTGTTGCAGCTGAATCATCAACAGGTACTTGGACAACTGTATGGACTGACGGTTTAACATCTTTAGATCGTTATAAAGGTCGTTGTTACGATATCGAACCTGTACCAGGGGAAGATAACCAATATATTGCTTATGTAGCATACCCAATTGACCTTTTTGAAGAAGGTTCTGTAACAAACTTATTAACTTCAATTGTAGGTAACGTTTTTGGTTTCAAAGCATTACGTGCATTACGTTTAGAAGATCTTCGTATTTCTTCTGCTTATGCTAAAACATTCCAAGGA
MZ714562.1_L3_donor_450_r1,MZ714562.1,Scutellaria indica var. tsusimensis,Eudicots,MZ714562.1,train,L3_donor_450,450,1050,1,17821387,ATGTCACCACAAACTGAAACCAGAACAGGTACTGGCTTTAAAGCAGGCGTTAAGGACTATCGCCTAACTTACTACACTCCTGATTATGAGACCAAAGAGACTGATATCCTAGCTGCATTTCGGATGACTCCTCAACCTGGAGTTCCTCCTGAAGAAGCAGGTGCTGCGGTTGCAGCTGAATCTTCAACCGGTACCTGGACCACTGTATGGACCGATGGACTAACCAACCTTGATCGTTATAAGGGTCGCTGTTACGATATTGAACCTGTTGCTGGTGAGGAAAACCAATATATTGCATATGTGGCATATCCTTTGGACCTTTTTGAAGAGGGTTCAGTCACCAACCTGTTTACTTCTATTGTAGGAAACGTATTCGGCTTTAAGGCACTTCGTGCTCTTCGATTGGAAGATCTTCGCATTCCTCCAGCCTATGTGAAAACTTTCCAAGGT
OK588964.1_L3_donor_450_r1,OK588964.1,Hydrocleys nymphoides,Monocots,OK588964.1,train,L3_donor_450,450,1050,1,3532920088,ATGTCACCACAAACGGAGACTAAAACAGGTGTTGGATTCAAAGCTGGTGTTAAAGATTACAAATTGACTTATTATACTCCTGAATATCAAACAAAAGATACTGATATCTTGGCAGCATTCCGAGTAACCCCGCAACCCGGAGTTCCACCTGAGGAAGCAGGGGCCGCAGTAGCTGCCGAATCTTCTACTGGTACATGGACAACCGTGTGGACTGATGGACTTACTAGTCTAGATCGTTACAAAGGACGATGCTACCACATCGAGCCTGTTATTGGGGAGGAAAATCAATATTTTTGTTATGTAGCTTATCCTTTGGACCTTTTTGAAGAAGGTTCCGTTACCAACATGTTTACTTCCATTGTAGGTAATGTATTTGGGTTTAAAGCTCTACGAGCTCTACGTTTGGAGGATTTGCGAATTCCTCCTGCTTATTCCAAAACTTTCCAAGGT
OK588972.1_L3_donor_450_r1,OK588972.1,Baldellia ranunculoides,Monocots,OK588972.1,train,L3_donor_450,450,1050,1,4133007561,ATGTCACCACAAACAGAGACTAAAACAGGTGTTGGATTCAAAGCCGGTGTTAAAGATTACAAATTGACTTATTATACTCCTGAATATCAAACCAAAGATACTGATATCTTGGCAGCATTCCGAGTAACTCCGCAACCGGGAGTTCCACCTGAGGAAGCAGGTGCCGCGGTAGCTGCCGAATCTTCTACTGGTACATGGACAACTGTGTGGACTGATGGACTTACTAGTTTGGATCGTTACAAAGGACGATGCTACCACATCGAACCTGTTATTGGAGAGGAAAATCAATATTTTTGTTATGTAGCTTATCCTTTAGACCTTTTTGAAGAAGGTTCTGTTACCAACATGTTTACTTCCATTGTAGGTAATGTATTTGGGTTTAAAGCTCTACGAGCTCTACGTTTGGAGGATTTGCGAATCCCTCCTGCTTATTCCAAAACTTTCCAAGGT
OK588984.1_L3_donor_450_r1,OK588984.1,Echinodorus paniculatus,Monocots,OK588984.1,train,L3_donor_450,450,1050,1,3950608017,ATGTCACCACAAACAGAGACTAAAACAGGTGTTGGATTCAAAGCAGGTGTTAAAGATTACAAATTGACCTATTATACTCCTGAATATCAAACCAAAGATACTGATATCTTGGCAGCATTCCGAGTAACCCCGCAACCCGGAGTTCCACCTGAAGAAGCAGGGGCCGCAGTAGCTGCCGAATCTTCTACTGGTACATGGACAACTGTGTGGACTGATGGACTTACTAGTCTTGATCGTTACAAAGGACGATGCTACCACATCGAACCTGTTATTGGAGAAGAAAATCAATATTTTTGTTATGTAGCTTATCCCTTAGACCTTTTTGAAGAAGGTTCTGTTACCAACATGTTTACTTCCATTGTAGGTAATGTATTTGGGTTTAAAGCTCTACGAGCTCTACGCTTGGAGGATTTGCGAATTCCTTCTGCTTATTCCAAAACTTTCCAAGGT
OK588986.1_L3_donor_450_r1,OK588986.1,Helanthium bolivianum,Monocots,OK588986.1,train,L3_donor_450,450,1050,1,4161096372,ATGTCACCGCAAACAGAGACTAAAACAGGTGTCGGATTCAAAGCTGGTGTTAAAGATTACAAATTGACTTATTATACTCCTGAATATCAAACCAAAGATACTGATATCTTGGCAGCATTCCGAGTAACCCCGCAACCTGGAGTTCCACCTGAGGAAGCAGGGGCCGCCGTAGCGGCCGAATCTTCTACTGGTACATGGACAACCGTGTGGACTGATGGACTTACTAGTCTTGATCGTTACAAAGGACGATGCTACCACATTGAACCTGTTATTGGAGAGGAAAATCAATATTTTTGTTATGTAGCTTATCCTTTAGACCTTTTTGAAGAAGGTTCCGTTACCAACATGTTTACTTCCATTGTAGGTAATGTATTTGGGTTTAAAGCTCTACGAGCTCTACGTTTGGAGGATTTGCGAATTCCTTCTTCTTATTCCAAAACTTTCCAAGGT
OK588987.1_L3_donor_450_r1,OK588987.1,Limnocharis flava,Monocots,OK588987.1,train,L3_donor_450,450,1050,1,40188358,ATGTCACCACAAACAGAGACTAAAACAGGTGTTGGATTCCAAGCAGGTGTAAAAGATTACAAATTAACTTATTATACTCCTGAATATCAAACAAAAGATACTGATATCTTGGCAGCATTCCGAGTAACCCCGCAACCCGGGGTTCCACCTGAGGAAGCTGGGGCCGCAGTAGCCGCCGAATCCTCGACCGGTACATGGACAACTGTGTGGACTGATGGACTTACTAGTCTGGATCGTTACAAAGGACGATGCTACCACATCGAGCCTGTTATTGGAGAGGAAAATCAATATTTTTGTTATGTAGCTTATCCTTTGGACCTTTTTGAAGAAGGTTCCGTTACCAACATGTTTACTTCCATTGTGGGTAATGTATTTGGCTTTAAAGCTCTACGAGCTCTACGTTTAGAGGATTTGCGAATTCCGTCTTCTTATTCCAAAACTTTCCAAGGC
OL504528.1_L3_donor_450_r1,OL504528.1,Smilax weniae,Monocots,OL504528.1,train,L3_donor_450,450,1050,1,3476512321,ATGTCACCACAAACAGAGACTAAAGCAAGTGTTGGATTCAAAGCTGGTGTTAAAGATTACAAATTGACTTATTATACTCCTGACTATGAAACCAAAGATACTGATATCTTGGCAGCATTCCGAGTAACTCCTCAACCCGGAGTTCCGCCTGAAGAGGCAGGGGCAGCGGTAGCCGCAGAATCTTCTACTGGTACATGGACAACTGTGTGGACTGATGGACTTACCAGTCTTGATCGTTACAAAGGACGATGCTACCACATAGAGAGCGTTGTTGGGGAGGAAAATCAATATATTGCTTATGTAGCTTATCCTTTAGACCTTTTTGAAGAAGGCTCGGTTACTAACATGTTTACTTCCATTGTGGGTAATGTATTTGGTTTCAAAGCCCTACGAGCTCTACGTCTAGAGGATTTGCGAATTCCTACTTCTTATTCCAAAACTTTCCAAGGC
ON568338.1_L3_donor_450_r1,ON568338.1,Scytosiphon sp. Atlantic complex sp. 1,Brown algae,ON568338.1,test,L3_donor_450,450,1050,1,833116147,ATGCCTGAAGATGTGCAGAATCGAACTCGAATAAAAAGTGAACGTTACGAATCAGGTGTTATTCCATATGCCAAAATGGGATATTGGGATGCCGATTATAACGTTAAAGAAACTGATATTCTAGCTCTTTTTCGTATCACTCCACAACCAGGTGTAGATCCCGTTGAAGCTGCCGCTGCTGTTGCCGGCGAATCTTCTACTGCAACATGGACGGTAGTTTGGACAGACTTATTAACTGCTTGTGATATCTATAGAGCAAAAGCATATAGAGTAGATCCAGTACCCGGAACAAGTGACCAATTCTTTGCTTACATAGCTTACGAATGTGATTTATTTGAAGAAGGTTCTCTTGCTAACTTAACAGCATCTATTATTGGTAACGTTTTCGGTTTCAAAGCTGTTAAAGCATTACGTTTAGAAGACATGAGAATTCCTTACGCTTACTTAAAA
ON684489.1_L3_donor_450_r1,ON684489.1,Juniperus navicularis,Conifers,ON684489.1,train,L3_donor_450,450,1050,1,692648636,ATGTCACCAAAAACAGAGACTAAAGCAAGTGTCGGATTCAAAGCGGGTGTTAAAGATTACAGATTAACTTATTATACTCCGGAATATCAGACCAAAGATACTGATATCTTGGCAGCATTCCGAGTCACTCCTCAACCTGGAGTGCCCCCCGAAGAAGCGGGAGCAGCGGTAGCTGCCGAATCTTCCACTGGTACGTGGACCACTGTTTGGACCGATGGCCTTACCAGTCTTGATCGCTACAAGGGGCGATGCTATGATATTGAACCCGTTCCTGGAGAAGAAACTCAATTTATTGCCTATGTAGCTTACCCTTTAGACCTTTTTGAAGAAGGCTCTGTGACTAACCTGTTTACTTCTATTGTAGGTAATGTATTTGGATTCAAAGCTTTACGGGCTCTACGTCTGGAAGATTTACGAATTCCTCCTGCTTATTCAAAAACTTTTCAAGGC
ON920851.1_L3_donor_450_r1,ON920851.1,Pseudostaurastrum enorme,SAR/other protist,ON920851.1,train,L3_donor_450,450,1050,1,2626608407,ATGTTTCAATCTGTAGAAGAAAGAACACGAATTAAAAATGAACGTTATGAATCAGGTGTAATCCCTTACGCTGAAATGGGATATTGGGATGCTAATTATACAGTTAAAGATACTGATGTATTAGCTTTATTCCGTATTACTCCACAACCTGGTGTTGATCCTATTGAAGCGGCAGCAGCGGTAGCTGGTGAATCTTCAACAGCAACATGGACTGTTGTATGGACTGACTTACTAACTGCTTGTGACGTTTATCGTGCAAAAGCTTACAAAGTAGATACAGTTCCGGGTGCAGCAGACCAATTCTTTGGATTTATCGCTTATGAATGTGATTTATTTGAAGAAGGATCACTTGCAAACTTAACAGCATCAATTATTGGTAACGTGTTCGGTTTCAAAGCTGTAAAAGCTCTTCGTTTAGAAGACATGCGTATTCCTTACGCTTACTTAAAA
ON933796.1_L3_donor_450_r1,ON933796.1,Commiphora wightii,Eudicots,ON933796.1,train,L3_donor_450,450,1050,1,3427536410,ATGAGTTGTAGGGAGGGACTTATGTCACCACAAACAGAGACTAAAGCAAGTGTTGGATTCAAAGCCGGTGTTAAAGACTATAAATTGAATTATTATACTCCTCAATATCAAACCAAAGATACTGATATCTTGGCAGCATTCCGAGTAACTCCTCAACCCGGAGTTCCACCCGAGGAAGCGGGGGCCGCGGTAGCTGCGGAATCTTCTACTGGTACATGGACAACTGTGTGGACCGATGGGCTTACCAGCCTTGATCGTTACAAAGGACGATGCTACAACATTGAGCCCGTTGCTGGAGAAGAAAATCAATATATATGTTATGTAGCTTACCCTTTAGACCTTTTTGAAGAAGGTTCTGTTACTAACATGTTTACTTCCATTGTGGGTAATGTATTTGGGTTCAAAGCCCTGCGCGCTCTACGTCTAGAGGATCTACGAATCCCTACCGCG
OP237580.1_L3_donor_450_r1,OP237580.1,Baolia bracteata,Eudicots,OP237580.1,train,L3_donor_450,450,1050,1,3760882758,ATGTCACCACAAACAGAGACTAAAGCAAGTGTTGGATTTAAAGCGGGTGTTAAAGATTACAAATTGACTTATTATACTCCTGAGTATGAAACCCAAGATACTGATATCTTGGCAGCATTCCGAGTAACTCCTCAACCTGGAGTTCCACCCGAAGAAGCAGGGGCTGCAGTAGCTGCCGAATCTTCTACTGGTACATGGACAACTGTATGGACCGACGGACTTACCAGTCTTGATCGTTACAAAGGACGATGCTACCACATCGAGCCCGTTGCTGGAGAAGAAAATCAATATATTTGTTATGTAGCGTATCCTTTAGACCTTTTTGAAGAAGGTTCTGTTACTAACATGTTTACTTCCATTGTGGGTAACGTATTTGGGTTCAAAGCCCTGCGTGCTCTACGTTTGGAGGATTTGCGAATCCCTGTTGCTTATATAAAAACTTTCCAAGGC
OP330067.1_L3_donor_450_r1,OP330067.1,Asplenium trichomanes,Ferns,OP330067.1,train,L3_donor_450,450,1050,1,3630628564,ATGTCGCCACAAACGGAGACTAAGGCGGGTGTTGGATTCAAAGCTGGTGTCAAAGATTACCGGCTGACTTATTACACCCCCGAATACAAAGTTAAAGATACTGATATTTTGGCAGCTTTTCGGATGACCCCACAACCCGGAGTACCAGCTGAAGAAGCTGGAGCTGCAGTAGCTGCGGAGTCCTCTACAGGTACGTGGACCACTGTTTGGACAGATGGGTTGACTAGTCTTGACCGTTACAAGGGCCGATGCTACGATATTGAGCCCGTCGCTGGAGAGGAAAATCAGTATATCGCGTATGTAGCTTATCCCTTGGACCTTTTTGAAGAAGGTTCCGTCACCAACCTGTTTACTTCCATTGTAGGTAACGTTTTTGGATTTAAAGCTCTACGTGCCCTACGCTTGGAAGACCTTCGAATCCCTCCCGCTTACTCTAAAACTTTCATCGGA
OQ863300.1_L3_donor_450_r1,OQ863300.1,Laurencia catarinensis,Red algae,OQ863300.1,train,L3_donor_450,450,1050,1,691697264,ATGTCTAACTCTGTAGAAGAACGGACACGGATTAAAAACGAACGTTATGAATCTGGTGTAATTCCATACGCAAAAATGGGATACTGGGACCCTAACTATGTAGTTAAAGATACAGATATATTAGCTCTGTTTAGAGTTAGTCCACAACCAGGAGTAGATCCAGTAGAAGCTTCTGCAGCCGTTGCAGGTGAATCATCTACTGCAACATGGACTGTTGTATGGACAGATTTATTAACAGCTTGCGATTTATATCGTGCAAAAGCATATAAAGTAGATGCTGTACCAAATACTTCTGACCAATATTTCGCATATATAGCTTATGATATTGATTTATTTGAAGAGGGATCTATTGCTAATTTAACTGCTTCTATTATTGGTAATGTATTTGGATTTAAAGCAGTTAAAGCATTAAGGCTTGAAGATATGCGTATTCCTGTAGCATATCTTAAA
OQ863312.1_L3_donor_450_r1,OQ863312.1,Laurencia sp. A25,Red algae,OQ863312.1,train,L3_donor_450,450,1050,1,2233954588,ATGTCTAACTCTGTAGAAGCACGGACACGGATTAAAAACGAACGTTATGAATCTGGTGTAATTCCATACGCAAAAATGGGATACTGGGACCCTAACTACGTAGTTAAAGATACAGATATATTAGCTCTATTTAGAGTTAGTCCACAACCAGGAGTAGATCCAGTAGAGGCTTCTGCAGCAGTTGCAGGTGAATCATCTACTGCAACATGGACTGTTGTATGGACAGATTTATTAACAGCTTGTGATTTATATCGTGCAAAAGCATATAAAGTAGATGCTGTACCAAATACTTCTGATCAATATTTTGCATATATAGCTTATGATATTGACTTATTTGAAGAAGGATCTATTGCCAATTTAACTGCTTCTATTATTGGTAATGTATTTGGATTTAAAGCAGTTAAAGCATTAAGACTTGAAGATATGCGTATTCCTGTAGCATATCTTAAG
OQ868456.1_L3_donor_450_r1,OQ868456.1,Pteris pseudowulaiensis,Ferns,OQ868456.1,train,L3_donor_450,450,1050,1,2190803244,ATGTCGCCACAAACGGAGACTAAAGCAGGTGTTGGATTCAAAGCTGGTGTCAAAGATTATCGATTGACTTATTACACTCCCGAATACAAGACCAAAGATACTGATATATTAGCGGCTTTCCGAATGACCCCACAACCTGGAGTACCAGCTGAGGAGGCCGGAGCTGCAGTAGCTGCGGAATCCTCTACGGGTACCTGGACCACGGTATGGACAGACGGACTTACCAGTCTCGATCGCTACAAGGGCCGGTGTTACGATATTGAGCCTGTTGCTGGGGAGGAAAATCAGTATATTGCGTATGTAGCTTATCCTCTGGATTTATTCGAGGAAGGTTCCGTCACCAATATGCTGACTTCCATTGTAGGTAATGTTTTTGGCTTCAAGGCCCTACGCGCTCTGCGTCTGGAAGACCTACGAATTCCTCCTGCGTATTCCAAAACTTTTATAGGA
OR165438.1_L3_donor_450_r1,OR165438.1,Cyanotis obtusa,Monocots,OR165438.1,test,L3_donor_450,450,1050,1,3815500120,ATGTCACCACAAACAGAGACTAAAGCAAGTGTTGGATTTAAAGCGGGTGTTAAAGATTATAAATTGACTTATTATACTCCTGAGTACCAAACCAAAGATACTGATATATTGGCAGCATTCCGAGTAACTCCTCAACCAGGAGTTCCGCCTGAGGAAGCAGGTGCTGCGGTAGCTGCCGAATCTTCTACTGGTACATGGACAACCGTGTGGACTGATGGACTTACCAGTCTTGATCGTTACAAAGGACGATGCTATCACATCGAGCCCGTTCCTGGGGAGGAAAGTCAATTTATTGCTTATGTAGCTTATCCTTTAGACCTTTTTGAAGAAGGTTCTGTTACTAACATGTTTACTTCCATTGTAGGTAATGTATTTGGTTTCAAAGCCCTGCGAGCTCTACGTTTGGAGGATTTGCGAATTCCTACTTCTTATGTCAAAACTTTTCAGGGT
OR165493.1_L3_donor_450_r1,OR165493.1,Tradescantia fluminensis,Monocots,OR165493.1,train,L3_donor_450,450,1050,1,456443246,ATGTCACCACAAACAGAGACTAAAGCAAGTGTTGGATTTAAAGCGGGTGTTAAAGATTATAAATTGACTTATTATACTCCTGAGTACCAAACTAAAGATACTGATATATTGGCAGCATTCCGAGTAACTCCTCAACCAGGAGTTCCGCCGGAGGAAGCAGGGGCTGCGGTAGCTGCGGAATCTTCTACTGGTACATGGACAACTGTGTGGACTGATGGACTTACCAGTCTTGATCGATACAAAGGACGATGCTACCACATCGAGCCTGTTCCTGGGGAGGAAAGTCAATTTATTGCTTATGTAGCTTATCCTTTAGACCTTTTTGAAGAAGGTTCTGTTACTAACATGTTTACTTCCATTGTAGGTAATGTATTTGGTTTCAAAGCCCTGCGAGCTCTACGTTTGGAGGATTTGCGAATTCCCATTGCTTATGTCAAAACTTTTGAAGGC
OR359632.1_L3_donor_450_r1,OR359632.1,Amoenothamnion planktonicum,Red algae,OR359632.1,train,L3_donor_450,450,1050,1,2426469366,ATGTCTAACTCTGTAGAAGAACGGACAAGAATTAAAAATGAACGTTATGAATCTGGTGTAATCCCTTATGCAAAAATGGGATATTGGGATCCAGAATATGTGGTTAAAGATACAGACGTATTAGCTCTGTTTCGTGTATCTCCACAGCCAGGCGTTGACCCAATTGAAGCTTCTGCTGCAGTTGCTGGTGAATCATCTACTGCTACTTGGACTGTAGTATGGACTGATTTATTAACAGCTTGTGATTTATATAGAGCTAAAGCTTATAAAGTAGATGCTGTTCCAAATACTTCTGATCAATACTTTGCATATATCTCATATGATATTGATCTATTTGAAGAAGGATCAATTGCAAACTTAACAGCTTCAATCATTGGTAACGTATTTGGCTTTAAAGCAGTTAAAGCTTTAAGACTAGAAGATATGCGTATTCCTTATGCTTACTTAAAA
PP263658.1_L3_donor_450_r1,PP263658.1,Daphniphyllum macropodum subsp. humile,Eudicots,PP263658.1,val,L3_donor_450,450,1050,1,579823004,ATGAGTTGTAGGGAGGGACTTATGTCACCACAAACAGAGACTAAAGCAAGTGTTGGATTCAAAGCTGGTGTTAAAGATTACAAATTGACTTATTATACTCCTGACTATGACACCAAAGATACTGATATCTTGGCAGCATTCCGAGTAACTCCTCAACCTGGAGTTCCACCTGAGGAAGCAGGGGCCGCGGTAGCTGCGGAATCTTCTACTGGTACATGGACAACTGTGTGGACCGATGGACTTACCAGCCTTGATCGTTACAAAGGACGATGCTACCATATCGAGCCCATCGCTGGAGAAGAAAATCAATTTATTGCTTATGTAGCTTACCCTTTAGACCTTTTTGAAGAAGGGTCTGTTACTAACATGTTTACTTCCATTGTGGGTAATGTATTTGGGTTCAAAGCCCTGCGCGCTCTACGTCTGGAGGATCTGCGAATCCCTCCTGCT
PQ031122.1_L3_donor_450_r1,PQ031122.1,Mallomonas flora,SAR/other protist,PQ031122.1,train,L3_donor_450,450,1050,1,902433005,ATGAGTACAGGAGAAAGAACGCGTATTAAATCAGAACGTTATGAATCTGGAGTAATCCCATACAAAAAAATGGGTTATTGGGATGCAGACTACACAGTTAAAGATACTGATGTTTTATGTCTTTTCCGTATTACACCACAACCAGGAGTTGATCCAGTTGAAGCTGCAGCAGCTGTTGCTGGAGAATCATCAACTGCTACTTGGACTGTTGTATGGACAGATTTATTAACTGCTTGTGATGTATATCGTGCAAAAGCTTATTTCGTTGAAGAAGTTCCTAATGCAGTAGATGAATTCTTTGCATTTATTGCTTACGAATGTGACTTATTTGAAGAAGGTTCAATTTCTAACTTAACAGCTTCTATTATTGGAAACGTTTTTGGATTTAAAGCCGTTAAATGTTTACGTTTAGAAGATATGCGTATTCCTTATGCATACTTAAAAACTTTC
PQ031123.1_L3_donor_450_r1,PQ031123.1,Mallomonas striata,SAR/other protist,PQ031123.1,train,L3_donor_450,450,1050,1,4077433384,ATGAGTGATGCAGTAGAAAGAACACGTATTAAATCAGAACGTTATGAATCTGGAGTAATTCCATATAAAAAAATGGGTTATTGGGATGCAGACTATACAGTGAAAGAAACTGATGTTCTTTGTCTTTTCCGTATTACACCACAACCAGGTGTTGACCCAGTAGAAGCTGCTGCAGCTGTAGCTGGAGAATCATCTACAGCTACATGGACAGTTGTATGGACAGATTTATTAACAGCTTGTGATGTATATCGTGCTAAAGCTTATTTCGTGGAAGAAGTTCCAAATAAACCAGATGAATTCTTTGCATTTATTGCTTACGAATGTGATTTATTTGAAGAAGGTTCAATTGCAAATTTAACAGCTTCTATTATTGGGAACGTTTTCGGATTTAAAGCCGTTAAAGCTTTACGTTTAGAAGATATGCGTATTCCGTATGCTTATTTAAAAACT
PQ031125.1_L3_donor_450_r1,PQ031125.1,Mallomonas kalinae,SAR/other protist,PQ031125.1,train,L3_donor_450,450,1050,1,4096921950,ATGAGTGATGCATCAGAAAGAACGCGTATTAAATCAGAACGTTATGAATCTGGAGTAATTCCATACAAAAAAATGGGGTATTGGGATGCTGATTATTCAGTAAAAGAAACTGACGTTTTATGTCTTTTCCGTATTACACCACAACCAGGAGTTGATCCTATTGAAGCTGCTGCAGCTGTAGCTGGAGAATCTTCAACAGCAACTTGGACAGTTGTTTGGACTGACTTATTAACAGCTTGTGATGTATATCGTGCAAAAGCATATTTCGTAGAAGAAGTACCAAATAAACCAGAAGAATTCTTCGCTTTTATCGCATACGAATGTGATTTATTTGAAGAAGGTTCTATTGCTAACTTAACAGCATCAATTATCGGAAACGTTTTTGGTTTCAAAGCTGTTAAAGCATTACGTTTAGAAGATATGCGTATTCCTTTTGCTTACCTAAAAACT
PQ031131.1_L3_donor_450_r1,PQ031131.1,Mallomonas annulata,SAR/other protist,PQ031131.1,train,L3_donor_450,450,1050,1,2032481637,ATGAGTGATGCAGTAGAAAGAACACGTATTAAATCAGAACGTTATGAATCAGGAGTAATTCCATACAAAAAAATGGGTTATTGGGATGCAGACTATACAATTAAAGATAGTGATGTATTATGTCTTTTCCGTTTAACACCACAACCAGGAGTTGACCCAGTTGAAGCTGCTGCAGCTGTTGCTGGAGAATCATCTACTGCTACTTGGACAGTTGTATGGACTGATTTATTAACAGCATGTGATGTATATCGTGCTAAAGCTTACTTCGTTGAAGAAGTTCCAAACAAACCAGACGAATTTTTCGCTTTTATCGCATACGAATGTGATTTATTTGAAGAAGGTTCTATTGCTAACTTAACAGCATCTATCATCGGAAACGTTTTCGGTTTCAAAGCCGTTAAAGCTTTACGTTTAGAAGATATGCGTATTCCTTATGCATACTTAAAAACT
PQ031145.1_L3_donor_450_r1,PQ031145.1,Mallomonas splendens,SAR/other protist,PQ031145.1,val,L3_donor_450,450,1050,1,3501335872,ATGAGTGATGCATCAGAAAGAACGCGTATTAAATCAGAACGTTATGAATCTGGAGTAATTCCATACAAAAAAATGGGTTATTGGGATGCAGATTACACAGTAAAAGATTCTGATGTATTATGTCTTTTCCGTTTAACACCACAACCAGGTGTTGACCCGATTGAAGCAGCAGCTGCTGTTGCTGGAGAATCTTCTACAGCTACTTGGACTGTTGTTTGGACTGATTTATTAACAGCATGTGATGTATATCGTGCTAAAGCTTATTTTGTTGAAGAAGTTCCAAATAAAGTTGATGAATACTTTGCCTTTATTGCTTACGAATGTGATTTATTTGAAGAAGGTTCAATTGCAAACTTAACTGCTTCAATTATTGGAAACGTTTTTGGTTTCAAAGCTGTAAAAGCATTACGTTTAGAAGATATGCGTATTCCTTATGCATATTTAAAAACT
PQ213023.1_L3_donor_450_r1,PQ213023.1,Vaucheria litorea,SAR/other protist,PQ213023.1,train,L3_donor_450,450,1050,1,685592913,ATGTCTAAGTCTGTACAAGAGCGTACTCGAATTAAAAGCCAACGTTATGAATCTGGTGTAATTCCTTATGCGAAAATGGGTTATTGGGATGCATTTTATAATGTAAAACATACGGATGTATTAGCGTTATTTCGTATTACTCCGCAACCTGGTGTAGATCCTGTAGAAGCAGCAGCAGCTGTTGCTGGTGAATCTTCAACTGCGACTTGGACAGTAGTATGGACTGATTTATTAACTGCTTGTGATATTTATCGTGCAAAAGCATATCGTGTAGATCCAGTTCCTGGAACAACTGATCAATATTTTGCATATATTTCATATCAAATTGAATTATTTGAAGAAGGGTCATTAGCAAATTTAACTGCATCAATCATTGGTAATGTTTTTGGATTTAAAGCTGTTAAAGCTTTACGTTTAGAAGATATGCGAATTCCTTTTGCATATTTAAAA
PQ791840.1_L3_donor_450_r1,PQ791840.1,Pelagomonas calceolata,SAR/other protist,PQ791840.1,train,L3_donor_450,450,1050,1,3205723944,ATGTCTCAAAATGTATCTGAACGTACAAGAATTAAAAGTGAACGTTACGAATCTGGTGTAATCCCTTACGCTAAAATGGGTTACTGGGATGCTAACTACGCAGTTAAGACAACTGACTTATTAGCATTATTCCGTATCACTCCACAACCAGGTGTTGACCCAGTTGAAGCTGCTGCTGCAGTTGCTGGTGAGTCTTCTACTGCAACATGGACTGTTGTATGGACTGACTTATTAACTGCTTGTGATATCTACCGTGCTAAGGCATTCCGTGTAGATCCAGTTCCAAGTGCTCCTGATCAATTCTTCGCGTACGTAGCATACGAAGGTGACTTATTCGAGGAAGGTTCTTTAGCGAACATGACTGCTTCGATTATTGGTAACGTATTCGGTTTCAAAGCTGTTAAAGCGTTACGTTTAGAAGATATGCGTATCCCACACACTTACTTAAAG
PQ791846.1_L3_donor_450_r1,PQ791846.1,Arachnochrysis pilardiaziae,SAR/other protist,PQ791846.1,train,L3_donor_450,450,1050,1,2107964763,ATGTCTCAATCTGTATCAGAACGTACACGAATTAAGAGCGAACGTTATGAATCTGGAGTAATTCCTTATGCTAAAATGGGTTACTGGGATTCTAACTATACCATTAAGACTACTGATGTTCTTGCGCTATTCCGTATTACTCCTCAACCAGGTGTGGACCCGGTTGAAGCGGCTGCAGCTGTAGCAGGGGAGTCTTCAACAGCTACATGGACTGTTGTATGGACAGATTTATTGACTGCATGTGATATTTACCGTGCGAAAGCCTATCGTGTAGACCCAGTTCCCAGTGCAGCGGATCAATTCTTTGCATATATCGCTTATGAAGGTGATTTATTTGAAGAAGGTTCATTAGCAAACATGACTGCATCAATTATCGGGAACGTATTTGGTTTTAAAGCTGTTAAAGCCTTACGTTTAGAAGATATGCGAATTCCGCACTCTTACTTAAAA
PV575775.1_L3_donor_450_r1,PV575775.1,Sargassum hemiphyllum var. chinense,Brown algae,PV575775.1,train,L3_donor_450,450,1050,1,2052201939,ATGCCTGAGAACGTACAGGAAAGAACTCGAATAAAAAGTGAGCGTTATGAATCTGGTGTAATACCATATGCTAAAATGGGATATTGGGATGCAGATTACAAGGTTAAAGAAACTGATATTCTAGCTCTATTTCGTATAACTCCTCAACCAGGTGTAGATCCTCTAGAAGCTGCGGCTGCTGTTGCCGGTGAATCTTCTACAGCAACATGGACAGTAGTATGGACAGATTTACTGACGGCTTGTGATATCTACCGAGCGAAAGCATATCGTGTCGATCCTGTTCCAGGAACAAACGATCAATATTTCTCATACATTGCATATGAATGTGATTTATTTGAGGAAGGTTCTCTTGCAAACTTAACTGCATCTATTATCGGTAACGTTTTTGGTTTTAAAGCTGTTAAAGCATTACGTTTAGAAGATATGAGAATTCCTTACGCTTACCTTAAA
PV999901.1_L3_donor_450_r1,PV999901.1,Pseudoderbesia sp. HV-2025c,Green algae,PV999901.1,train,L3_donor_450,450,1050,1,790878138,ATGGGTCCAAAAACAGAAACTAAGGCAGGTGCTGGTTTTAAGGCAGGGGTAAAAGATTATCGCCTCACTTATTATACACCAGACTATCAAGTGAAAGACACAGATGTGTTAGCTGCATTTCGTATGACTCCGCAACCTGGGGTACCCGCTGAAGAGTGTGGTGCAGCGGTAGCCGCGGAATCTTCAACAGGGACATGGACAACTGTATGGACAGATGGTTTAACAAGTTTAGATAGCTATAAAGGCCGTTGTTATGATATCGAGCCTGTTGCTGGTGAAGATAACCAGTATATCGCTTATGTTGCTTATCCTTTAGATTTATTTGAAGAAGGGTCTGTAACGAACTTATTCACTTCCATTGTTGGAAACGTCTTTGGTTTTAAAGCTTTACGTGCTCTACGTTTAGAAGATCTTCGAATCCCGGTTTCTTATGTGAAAACATTCCAAGGC
PV999913.1_L3_donor_450_r1,PV999913.1,Pseudoderbesia epilithica,Green algae,PV999913.1,train,L3_donor_450,450,1050,1,3096507924,ATGGCTCCAAAAACTGAAACAAAAGCAGGTGCAGGATTTAAAGCAGGGGTAAAAGACTATCGTTTAACTTACTATACACCGGATTATCAAACAAAAGATACAGATATTCTTGCTGCTTTTCGTATGACTCCACAGCCAGGTGTACCACCAGAAGAATGTGGCGCTGCTGTAGCTGCAGAATCCTCAACAGGAACATGGACAACGGTATGGACAGATGGTTTAACAAGTTTAGATCGTTACAAAGGTCGTTGTTATGATTTAGAACCTGTAAAAGGTGAAGAAAATCAATATATTGCATATGTAGCATACCCACTTGATTTATTTGAAGAAGGTTCAGTAACTAATTTATTTACTTCAATTGTAGGTAATGTATTTGGTTTTAAAGCTTTACGTGCCCTTCGTTTAGAAGATTTACGTATTTCTGTAGCATATGCAAAAACTTTCCAAGGA
PX743792.1_L3_donor_450_r1,PX743792.1,Stemona parviflora,Monocots,PX743792.1,val,L3_donor_450,450,1050,1,2129610503,ATGTCACCACAAACAGAGACTAAAGCAAGTGTTGGATTCAAAGCTGGTGTTAAAGATTACAAATTGACTTATTATACTCCTGATTACGAAACCAAGGATACTGATATCTTGGCAGCATTTCGAGTAACTCCTCAACCCGGAGTTCCGCCTGAAGAAGCAGGGGCTGCGGTAGCTGCTGAATCTTCTACTGGTACATGGACAACTGTGTGGACTGATGGACTTACCAGTCTTGATCGTTACAAAGGACGATGCTACCACATCGAGAGCGTTGTTGGGGAGGAAAATCAATATATTGCTTATGTAGCTTATCCTTTAGACCTTTTTGAAGAAGGTTCTGTTACTAATATGTTTACTTCCATTGTAGGTAATGTATTTGGTTTCAAAGCCCTACGAGCTCTACGTCTGGAGGATCTGCGAATTCCTCCTGCCTATTCCAAGACTTTTCAAGGA
PX743818.1_L3_donor_450_r1,PX743818.1,Corydalis caudata,Other angiosperms,PX743818.1,train,L3_donor_450,450,1050,1,3043398613,ATGAGTTGTAGGGAGGGACTTATGTCACCACAAACAGAGACTAAAGCAAGTGTTGGATTCAAAGCTGGTGTTAAAGATTACAAATTGACTTATTATACTCCTGACTATGAAACAAAAGATACTGATATCTTGGCAGCATTCCGAGTCACTCCTCAACCTGGAGTTCCACCTGAGGAAGCAGGGGCCGCGGTAGCTGCCGAAAGTAACTTGCACACATGGACAACTGTGTGGACCGATGGGCTTACCAGCCTTGATCGTTACAAAGGACGATGCTATCACATCGAGCCAGTTGCTGGAGAAGACAATCAATATATTTGTTATGTAGCTTACCCTTTAGACCTTTTTGAAGAAGGCTCTGTTACTAATATGTTTACTTCCATTGTGGGTAATGTATTTGGGTTCAAAGCACTACGGGCTCTACGTCTGGAGGATCTGCGAATTCCTCCCGCT
PX743828.1_L3_donor_450_r1,PX743828.1,Arcangelisia gusanlung,Other angiosperms,PX743828.1,train,L3_donor_450,450,1050,1,1606975209,ATGAGTTGTAGGGAGGGACTTATGTCACCACAAACAGAGACTAAAGCAAGTGTTGGATTCAAAGCTGGTGTTAAAGATTACAAATTGACTTATTATACTCCTGACTATGTAACCAAAGATACTGATACGCTAGCAGCATTCCGAGTAACTCCTCAACCTGGAGTTCCGCCTGAAGAAGCGGGGGCTGCGGTAGCTGCCGAATCTTCTACAGGTACATGGACAACTGTGTGGACCGATGGACTTACCAGTCTTGATCGTTACAAAGGACGATGCTACCACATTGAGCCCGTTGCTGGGGAAGAAAATCAATATATTTGTTATGTAGCTTACCCCTTAGACCTTTTTGAAGAAGGTTCTGTTACTAATATGTTTACTTCCATTGTGGGTAATGTTTTTGGGTTCAAAGCGCTACGCGCTCTACGTCTGGAGGATCTGCGAATTCCTACTGCT
PX743839.1_L3_donor_450_r1,PX743839.1,Thalictrum fortunei,Other angiosperms,PX743839.1,test,L3_donor_450,450,1050,1,3525347024,ATGTCACCACAAACAGAGACTAAAGCAAGTGTTGGCTTCAAAGCGGGTGTTAAAGATTACAAATTGACTTATTATACTCCTGAATATGAACCCAAAGATACTGATACCTTGGCGGCATTCCGAGTAACTCCTCAACCGGGAGTTCCTGCTGAAGAAGCAGGGGCTGCTGTAGCTGCCGAATCTTCTACAGGTACATGGACAACTGTGTGGACCGATGGACTTACCAGCCTTGATCGTTACAAAGGACGATGCTACCACATCGAGCCCGTTGCTGGAGAAGAAAATCAATATATTTGTTATGTAGCCTATCCTTTAGACCTTTTTGAAGAAGGTTCTGTTACTAACATGTTTACTTCCATTGTGGGTAATGTATTTGGGTTCAAAGCGTTGCGCGCTCTACGCCTGGAGGATCTGCGAATTCCTGTTGCTTATGTTAAAACTTTCCAAGGC
PX743843.1_L3_donor_450_r1,PX743843.1,Sabia discolor,Other angiosperms,PX743843.1,train,L3_donor_450,450,1050,1,4159077277,ATGTCACCACAAACAGAGACTAAAGCAAGTGCTGGATTCAAAGCTGGTGTTAAAGATTACAAATTGAATTATTATACTCCTGAATATAACACCCTAGACACTGATATCTTGGCAGCATTCCGAGTAACTCCTCAACCAGGAGTTCCACCTGAGGAAGCAGGCGCCGCGGTAGCTGCCGAATCTTCTACTGGTACATGGACAACTGTGTGGACCGATGGACTTACCAGCCTTGATCGTTACAAAGGGCGATGCTACCACATCGAGCCCGTTGCTGGAGAAGAAAATCAATATATTGCTTATGTAGCTTACCCTTTAGACCTTTTTGAAGAGGGTTCTGTTACTAACATGTTTACTTCCATTGTAGGTAATGTATTTGGGTTCAAAGCCCTACGCGCTCTACGTCTGGAGGATCTGCGAATCCCTCCGGCTTACATTAAAACTTTCCAAGGC
PX743855.1_L3_donor_450_r1,PX743855.1,Saxifraga unguiculata,Eudicots,PX743855.1,test,L3_donor_450,450,1050,1,4284052598,ATGTCACCACAAACAGAGACTAAAGCGAGTGTTGGATTCAAAGCCGGTGTTAAAGATTACAAATTGACTTATTATACCCCTGATTATGAAACCAAAGATACTGATATCTTGGCAGCATTCCGAGTAACTCCTCAACCTGGAGTTCCACCTGAGGAAGCAGGGGCCGCAGTAGCTGCTGAATCTTCTACTGGCACATGGACAACTGTATGGACCGATGGACTTACCAACCTTGATCGTTACAAAGGACGATGCTATCACATAGAGCCCGTTGCTGGAGAAGAAAATCAATTTATTGCTTATGTAGCTTACCCCTTAGACCTTTTTGAAGAAGGTTCTGTTACTAATATGTTTACTTCCATTGTGGGTAATGTATTTGGGTTCAAAGCCCTGCGCGCTCTACGTCTAGAGGATCTGCGAATCCCTGTTGCGTATGTTAAAACTTTTCAAGGC
PX743950.1_L3_donor_450_r1,PX743950.1,Myrica nana,Eudicots,PX743950.1,train,L3_donor_450,450,1050,1,3791076067,ATGTCACCACAAACAGAGACTAAAGCAAGTGTTGGATTCAAAGCTGGTGTTAAAGATTATAAATTGACTTATTATACTCCTGACTATGAAACCAAGGATACTGATATCTTGGCAGCGTTCCGAGTAACTCCTCAACCTGGAGTTCCGCCTGAGGAAGCAGGGGCAGCAGTAGCTGCTGAATCTTCTACTGGTACATGGACAACTGTGTGGACCGATGGGCTTACTAGTCTTGATCGTTACAAAGGACGATGCTACCACATCGAGCCAGTTGCTGGAGAAGAAAGTCAATTTATTGCTTATGTAGCTTACCCCTTAGACCTTTTTGAAGAAGGTTCTGTTACTAACATGTTTACTTCCATTGTGGGTAATGTATTTGGATTCAAGGCCCTGCGCGCTCTACGTCTGGAGGATTTGCGAATCCCTACTTCTTATGTTAAAACTTTCCAAGGC
PX743996.1_L3_donor_450_r1,PX743996.1,Acalypha matsudae,Eudicots,PX743996.1,train,L3_donor_450,450,1050,1,630699040,ATGTCACCACAAACAGAGACTAAAGCAAGTGTTGGGTTCAAGGCTGGTGTTAAAGATTATAAATTGACTTATTTTACTCCTGACTATCAAACCAAAGATACTGATATCTTGGCAGCATTCCGAGTAACTCCTCAACCTGGAGTTCCGCCGGAGGAAGCAGGAGCTGCGGTAGCTGCTGAATCTTCTACTGGTACATGGACAACTGTGTGGACCGATGGGCTTACCAGTCTTGATCGTTATAAAGGACGATGCTACGACATCGAGCCCGTTGCTGGAGAGGAAAATCAATATATTGCTTATGTAGCTTACCCATTAGACCTTTTTGAAGAAGGTTCTGTTACTAACATGTTTACTTCCATTGTGGGTAATGTATTTGGGTTCAAAGCCCTACGCGCCCTACGTCTGGAGGATTTGCGAATCCCTACTGCTTATATTAAAACTTTCCAAGGG
PX743998.1_L3_donor_450_r1,PX743998.1,Falconeria insignis,Eudicots,PX743998.1,train,L3_donor_450,450,1050,1,581949141,ATGTCACCACAAACAGAAACTAAAGCAAGTGTTGGATTCAAGGCTGGTGTTAAAGATTATAAATTGACTTATTATACTCCTGAATATGAAACCAAAGATACTGATATCTTGGCAGCATTCCGAGTAACTCCTCAACCTGGAGTTCCGCCTGAGGAAGCAGGAGCTGCGGTAGCTGCTGAATCTTCTACTGGTACATGGACAACTGTGTGGACTGATGGGCTTACCAGTCTTGATCGTTATAAAGGACGATGCTACCACATCGAGCCCGTTGCTGGAGAAGAAAATCAATATATTGCTTATGTAGCTTACCCCTTAGACCTTTTTGAAGAAGGTTCTGTTACTAACATGTTTACTTCCATTGTGGGTAATGTATTTGGGTTCAAAGCTCTACGCGCCCTACGTCTGGAGGATTTGCGAATCCCTACTGCTTATATTAAAACTTTCCAAGGG
PX744014.1_L3_donor_450_r1,PX744014.1,Fordiophyton faberi,Eudicots,PX744014.1,train,L3_donor_450,450,1050,1,3753688575,ATGTCACCACAAACAGAGACTAAAGCAAGTGTTGGATTCAAAGCTGGTGTTAAAGATTATAGACTGACTTATTATACTCCTGACTATCAAGTCAAACCTACTGATACCTTGGCAGCATTCCGAGTAACTCCGCAACCAGGAGTTCCGCCTGAAGAAGCAGGGGCTGCGGTAGCTGCTGAATCTTCTACTGGTACATGGACAACTGTGTGGACCGATGGGCTTACCAGCCTTGATCGTTATAAAGGAAGATGCTACAACATCGAGCCGGTTGCTGGAGAAGAAAATCAATATATATGTTATGTAGCTTACCCTTTAGACCTTTTTGAAGAAGGTTCTGTTACTAATATGTTTACTTCAATTGTAGGGAATGTATTTGGCTTCAAAGCCCTTCGCGCTCTACGTCTGGAGGATTTGCGAATCCCTACTGCCTATATTAAAACTTTCCAAGGA
PX744018.1_L3_donor_450_r1,PX744018.1,Acer albopurpurascens,Eudicots,PX744018.1,test,L3_donor_450,450,1050,1,2575234943,ATGTCACCACAAACAAAGACTAAAGCAAGTGTTGGATTCAAAGCCATCGTTAAAGATTATAAATTGACTTATTATACTCTTGACTATGTAACCAAAGATACTTATATCTTGGCAGCATTCCAAGTAACTCCTCAACCCGGGGTTCCGCCCGAGGAAGCCGGGGCCGCGGTAGCTGCGGAATCTTCTACTGGTACATGGACAACTGTGTGGACCGATGGGCTTACCAGCCTTGATCGTTATAAAGGACGATGCTACAACATTGAGCCCGTTGCTGGAGAAGAAAATCAATATATATGTTATGTAGCTTACCCTTTAGACCTTTTTGAAGAGGGTTCTGTTACTAACATGTTTACTTCCATTGTGGGTAATGTATTTGGGTTTAAAGCCCTGCGCGCTCTACGTCTAGAGGATCTACGAATCCCTCCCGCGTATTCAAAAACTTTCCAAGGC
PX744022.1_L3_donor_450_r1,PX744022.1,Lepisanthes hainanensis,Eudicots,PX744022.1,train,L3_donor_450,450,1050,1,4251523191,ATGTCACCACAAACAGAGACTAAAGCAAGTGTTGGATTCAAAGCCGGTGTTAAAGATTATAAATTGACTTATTATACTCCTGACTATGTAACCAAAGATACTGATATCTTGGCAGCATTCCGAGTAACTCCTCAACCCGGGGTTCCACCCGAGGAAGCAGGGGCCGCGGTAGCTGCGGAATCTTCTACTGGTACATGGACAACTGTGTGGACCGATGGGCTTACCAGCCTTGATCGTTACAAAGGACGATGCTACAACATTGAGCCTGTTGCTGGAGAAGAAAATCAATATATATGTTATGTAGCTTACCCTTTAGACCTTTTTGAAGAAGGTTCTGTTACTAACATGTTTACTTCCATTGTAGGTAATGTATTTGGGTTTAAAGCCTTGCGCGCTCTACGTCTAGAGGATCTACGAGTCCCTCCTGCGTATTCGAAAACTTTCCAAGGC
PX744047.1_L3_donor_450_r1,PX744047.1,Buckleya henryi,Eudicots,PX744047.1,val,L3_donor_450,450,1050,1,3207130727,ATGTCACCACAAACAGAGACTAAAGCAAGTGTTGGATTCAAAGCGGGTGTTAAGGATTATAAATTGACTTATTATACTCCTGATTACGAAACCAAAGATACTGATATCTTGGCAGCATTCCGAGTAACTCCTCAACCCGGAGTTCCGCCTGAGGAAGCGGGGGCCGCGGTAGCTGCCGAATCTTCTACTGGTACATGGACGACTGTGTGGACCGATGGACTTACCAGCCTTGATCGTTACAAAGGCCGATGCTACCACATTGAGCCCGTTGCTGGAGAAGAAAATCAATATATAGCTTATGTAGCTTACCCCTTAGACCTTTTTGAAGAAGGTTCTGTTACTAACATGTTTACTTCCATTGTGGGTAATGTATTTGGGTTCAAAGCCCTACGTGCTCTACGGCTAGAGGATCTCCGAATCCCTCCTGCTTATTCTAAAACTTTCCAAGGC
PX744060.1_L3_donor_450_r1,PX744060.1,Arthrophytum longibracteatum,Eudicots,PX744060.1,train,L3_donor_450,450,1050,1,3824751537,ATGTCACCACAAACCGAAACTAAAGCAAGTGTTGGATTTAAAGCTGGTGTTAAAGATTACAAATTGACTTATTATACTCCTGAGTATGAAACCAAAGATACTGATATCTTGGCAGCATTCCGAGTAACTCCTCAACCTGGAGTTCCACCTGAAGAAGCAGGGGCTGCAGTAGCTGCCGAATCTTCTACTGGTACATGGACAACCGTATGGACCGACGGGCTTACTAGTCTTGATCGTTACAAAGGACGATGCTATCACATCGAGCCTGTTGCTGGAGAAGAAAATCAATATATTTGTTATGTAGCGTATCCCTTAGACCTTTTTGAAGAAGGTTCTGTTACTAACATGTTTACTTCTATTGTGGGTAACGTATTTGGGTTCAAAGCCCTACGTGCTCTACGTTTGGAGGATTTGCGAATCCCTGTTGCTTATATAAAAACTTTCCAAGGC
PX744100.1_L3_donor_450_r1,PX744100.1,Ardisia brevicaulis,Eudicots,PX744100.1,train,L3_donor_450,450,1050,1,971283818,ATGTCACCACAAACAGAGACTAAAGCAGGTACTGGATTCAAAGCTGGTGTTAAAGATTACAAATTGACTTATTATACTCCTGAGTATGTAACCAAGGATACTGATATTTTGGCAGCATTCCGAGTAACTCCTCAACCCGGAGTTCCGCCCGAAGAAGCAGGGGCCGCAGTAGCTGCCGAATCTTCTACTGGTACATGGACAACCGTGTGGACCGATGGACTTACTAGCCTTGATCGTTACAAAGGGCGATGCTACCACATCGAGCCTGTTGCTGGAGAAGAAAATCAATATATTGCTTATGTAGCTTATCCTTTAGACCTTTTTGAAGAAGGTTCTGTTACTAACATGTTTACTTCTATCGTGGGTAATGTATTTGGGTTCAAAGCCCTGCGCGCTCTACGTCTGGAAGATCTGCGAATCCCGCCTGCGTATGTTAAAACTTTCCAAGGA
PX744121.1_L3_donor_450_r1,PX744121.1,Rhododendron declivatum,Eudicots,PX744121.1,train,L3_donor_450,450,1050,1,4278717043,ATGTCACCACAAACAGAGACTAAAGCAAGTGTTGGATTCAAAGCTGGTGTTAAAGAGTACAAATTGAATTATTATACTCCTCAGTATGAAACCAAAGATACTGATATCTTGGCAGCATTCCGAGTAACTCCTCAACCGGGAGTTCCACCTGAAGAAGCAGGGGCCGCGGTAGCTGCGGAATCTTCTACTGGTACATGGACAACAGTGTGGACTGATGGACTTACTAGCCTTGATCGTTACAAAGGGCGATGCTACCACATCGAGCCTGTTGCTGGAGACGAAAATCAATTTATTGCTTATGTAGCTTATCCTTTAGACCTTTTTGAAGAAGGTTCTGTTACTAACATGTTTACTTCCATTGTGGGTAATGTATTTGGGTTCAAAGCCCTGCGCGCTCTACGTCTGGAAGATCTACGAATCCCTGCAGCGTATGCTAAAACGTTCCAAGGA
PX744240.1_L3_donor_450_r1,PX744240.1,Pedicularis ikomai,Eudicots,PX744240.1,train,L3_donor_450,450,1050,1,847238715,ATGAGTTGTAGGGAGGGATTTATGTCACCACAAACAGAAACTAAAGCAAGTGTTGGATTCAAAGCGGGTGTTAAAGAGTACAAATTGACTTATTATACTCCTGAATACGAAACCAAAGATACTGATATCTTGGCAGCATTCCGAGTAACTCCTCAACCCGGAGTTCCGCCTGAAGAAGCAGGGGCTGCAGTAGCTGCCGAATCTTCTACTGGTACATGGACAACTGTGTGGACCGATGGACTTACCAGCCTTGATCGTTACAAAGGACGATGCTACCACATCGAGCCCGTTCCTGGAGAAACAGATCAATATATCTGTTATGTAGCTTACCCTTTAGACCTTTTTGAAGAAGGTTCTGTTACGAACATGTTTACTTCCATTGTAGGAAATGTATTTGGATTCAAAGCCTTGCGTGCTCTACGTCTGGAAGATCTGCGAATTCCTCCTGCT
PX744248.1_L3_donor_450_r1,PX744248.1,Adenophora wulingshanica,Eudicots,PX744248.1,train,L3_donor_450,450,1050,1,3354165820,ATGTCACCACAAACAGAGACGAAGGCAAATGTTGGATTTAAGGCTGGGGTTAAAGATTATAAATTAACTTATTATACTCCGGACTATGAAACCAAGGATACCGATATTTTGGCAGCCTTTCGAGTCACTCCTCAACCCGGAGTTCCCCCGGAAGAAGCAGGGGCCGCAGTAGCTGCCGAATCGTCTACTGGTACATGGACAACTGTGTGGACCGATGGGCTTACGAGCCTTGATCGTTACAAAGGGAGATGCTATCACATCGAGCCCGTTGCCGGAGAAGAAACTCAATTTATTGCTTATGTAGCTTACCCATTAGACCTTTTTGAAGAAGGTTCTGTTACTAACATGTTTACTTCCATTGTGGGTAATGTATTTGGATTTAAAGCACTGCGTGCTCTACGTCTAGAAGATTTGCGAATCCCAACTGCGTATATTAAAACATTTCAAGGC
PX744249.1_L3_donor_450_r1,PX744249.1,Pentaphragma spicatum,Eudicots,PX744249.1,train,L3_donor_450,450,1050,1,990365711,ATGTCACCACAAACAGAAACTAAAGCAAGTGTTGGATTCAAAGCTGGTGTTAAAGATTATAAATTGACTTATTATACTCCTGACTATGAAACCAAAGATACTGATATCTTGGCAGCATTCCGAGTAACTCCTCAACCTGGAGTTCCACCTGAAGAAGCAGGGGCCGCAGTAGCTGCCGAATCTTCTACTGGTACATGGACAACTGTGTGGACTGATGGACTTACGAGCCTTGATCGTTACAAAGGGCGATGCTATGGAATCGAGCCCGTTCCTGGAGAAGAAAATCAATTTATTGCTTATGTAGCTTACCCATTAGACCTTTTTGAAGAAGGTTCTGTTACTAACATGTTTACTTCCATTGTGGGTAATGTATTTGGGTTCAAAGCCCTACGTGCTCTACGTCTGGAAGATCTGCGAATCCCTACTGCGTATGTTAAAACTTTCCAAGGT
PX744267.1_L3_donor_450_r1,PX744267.1,Leontopodium smithianum,Eudicots,PX744267.1,train,L3_donor_450,450,1050,1,4169193690,ATGTCACCACAAACAGAGACTAAAGCAAGTGTTGGATTCAAAGCAGGTGTTAAAGATTATAAATTGACTTATTATACTCCTGAGTATGAAACCAAGGATACTGATATCTTGGCAGCATTTCGAGTAACTCCTCAACCTGGAGTTCCGCCTGAAGAAGCAGGGGCCGCAGTAGCTGCCGAATCTTCTACTGGTACATGGACAACTGTGTGGACCGATGGACTTACGAGCCTTGATCGTTACAAAGGACGATGCTATGGAATTGAGCCTGTTCCTGGAGAAGAAAATCAATATATTGCTTATGTAGCTTACCCATTAGACCTTTTTGAAGAAGGTTCTGTTACTAACATGTTTACTTCCATTGTAGGTAATGTATTTGGGTTCAAAGCCCTGCGTGCTCTACGTTTGGAAGATTTGCGAATCCCTACTGCGTATGTTAAAACTTTCCAAGGT
PX744315.1_L3_donor_450_r1,PX744315.1,Platostoma hispidum,Eudicots,PX744315.1,train,L3_donor_450,450,1050,1,2698274240,ATGAGTTGTAGGGAGGGATTTATGTCACCACAAACAGAGACTAAAGCAAGTGTTGGATTCAAAGCGGGTGTTAAAGAGTACAAATTGACTTATTATACTCCTGAATACGAAACCAAAGATACTGATATCTTGGCAGCATTCCGAGTAACTCCTCAACCTGGAGTTCCGCCTGAAGAAGCAGGGGCCGCGGTAGCTGCCGAATCTTCTACTGGTACATGGACAACTGTGTGGACCGATGGACTTACCAGTCTTGATCGTTACAAAGGGCGATGCTACGCCATCGAGCCCGTTCCTGGAGAAAAAGATCAATATATCTGTTATGTAGCTTACCCTTTAGACCTTTTTGAAGAAGGTTCTGTTACTAACATGTTTACTTCCATTGTAGGAAATGTATTTGGATTCAAAGCCCTACGTGCTCTACGTCTGGAAGATCTGCGAATTCCTACTGCT
PX744322.1_L3_donor_450_r1,PX744322.1,Allmania nodiflora,Eudicots,PX744322.1,train,L3_donor_450,450,1050,1,2755079537,ATGTCACCACAAACAGAGACTAAAGCAAGTGTTGGATTTAAAGCTGGTGTTAAAGATTACAAATTGACTTATTATACTCCTGAGTATGAAACCCTAGATACTGATATCTTGGCAGCATTCCGAGTAACTCCTCAACCTGGAGTTCCACCTGAAGAAGCAGGGGCTGCAGTAGCTGCCGAATCTTCTACTGGTACATGGACAACTGTATGGACCGACGGACTTACCAGTCTTGATCGTTACAAAGGACGATGCTACCACATCGAGCCCGTTGCTGGAGAAGAAAATCAATATATTTGTTATGTAGCGTATCCTTTAGACCTTTTTGAAGAAGGTTCTGTTACTAACATGTTTACTTCCATTGTGGGTAACGTATTTGGGTTCAAAGCCCTGCGTGCTCTACGTTTGGAGGATTTGCGAATCCCTGTTGCTTATATAAAAACTTTCCAAGGT
PX924757.1_L3_donor_450_r1,PX924757.1,Augea capensis,Eudicots,PX924757.1,train,L3_donor_450,450,1050,1,1075746242,ATGTCACCACAAACAGAGACTAAAGCAAGTGTTGGATTCAAGGCTGGTGTTAAAGATTATAAATTGACTTATTATACTCCTGAATATGAAACAAAGGATACTGATATTTTGGCAGCCTTCCGAGTAACTCCTCAACCTGGAGTTCCACCTGAGGAAGCAGGGGCTGCAGTAGCTGCTGAATCTTCTACTGGTACATGGACAACCGTGTGGACTGATGGTCTTACCAATCTTGATCGTTACAAAGGACGATGCTATGGCTTGGAGGCTGTTCCTGGAGAAGACAATCAATACATTGCTTATGTAGCTTATCCTTTAGACCTTTTTGAAGAAGGTTCCGTTACTAACATGTTTACTTCCATTGTGGGTAATGTATTTGGTTTCAAAGCTCTACGTGCTCTGCGTTTGGAAGATTTACGAATTCCTACTTCATATACCAAAACTTTCCAAGGG
PZ584713.1_L3_donor_450_r1,PZ584713.1,Paulinella sp. B8128-1,SAR/other protist,PZ584713.1,train,L3_donor_450,450,1050,1,1038284944,ATGAGCAAGAAGTACGACGCCGGGGTTAAGGAGTACAGAGACACTTACTGGACTCCTGACTATATTCCCCTTGACACTGATCTACTAGCCTGTTTTAAATGTACTGGACAAGCGGGTGTTCCTCGTGAAGAAGTTGCAGCAGCTGTAGCTGCTGAATCTTCTACTGGTACTTGGTCTACTGTATGGTCTGAGTTACTTACAGATCTAGACTTCTACAAAGGTCGTTGCTATCGAATTGAAGAAGTACCTAATGATAAAGAGTCTTTTTATGCGTTTATCGCGTATCCACTAGATCTATTTGAAGAAGGTTCTGTTACCAACGTACTAACCTCATTGGTAGGTAACGTATTTGGTTTCAAAGCTCTACGTCATTTACGTCTCGAGGATATTAGATTCCCGCTAGCTTTTATTAAGACTTGTGGTGGTCCGCCTAACGGAATTCAGGTTGAG
AB050950.1_L3_donor_450_r2,AB050950.1,Filibryum ogatae,Mosses,AB050950.1,train,L3_donor_450,450,1050,2,1704044917,ATGTCACCACAAACGGAGACTAAAGCAGGTGTTGGATTTAAAGCTGGTGTTAAAGATTACAGATTAACTTATTACACTCCAGATTATCAGACTAAAGAAACTGATATTTTAGCAGCATTTCGAATGACTCCTCAACCAGGAGTACCCGCTGAAGAGGCGGGAGCTGCAGTAGCTGCGGAATCTTCCACTGGTACATGGACCACTGTTTGGACTGATGGACTTACCAGTCTCGATCGCTACAAAGGACGATGCTATGATCTTGAAGCAGTTCCTGGAGAAGAGAATCAATATATTGCTTATGTTGCTTACCCATTAGATTTATTTGAAGAAGGTTCTGTTACCAATTTATTTACTTCTATTGTTGGTAATGTTTTCGGATTTAAAGCCTTACGAGCTTTACGTCTAGAAGATTTACGTATTCCTCCAGCTTATTCCAAAACTTTCCAAGGT
AB071411.1_L3_donor_450_r2,AB071411.1,Mastopoma subfiliferum,Mosses,AB071411.1,train,L3_donor_450,450,1050,2,199943031,ATGTCACCACAAACGGAGACTAAAGCAGGTGTTGGATTTAAAGCTGGTGTTAAAGATTACAGATTAACCTATTACACTCCAGATTATCAGACTAAAGAAACTGATATTTTAGCAGCATTTCGAATGACTCCTCAACCAGGAGTACCCGCTGAAGAGGCGGGAGCTGCAGTAGCTGCAGAATCTTCCACCGGTACATGGACCACTGTTTGGACCGATGGACTTACTAGTCTTGATCGTTATAAAGGACGATGCTATGATCTTGAAGCAGTTCCTGGAGAAGAAAATCAATATATTGCTTATGTTGCTTACCCATTAGATCTATTTGAAGAAGGTTCAGTTACCAATTTATTTACTTCTATCGTTGGTAATGTTTTTGGATTTAAAGCTTTGCGAGCTTTACGTCTGGAAGATTTACGTATTCCTCCAGCTTATTCCAAAACTTTTCAAGGC
AB159651.1_L3_donor_450_r2,AB159651.1,Thorea gaudichaudii,Red algae,AB159651.1,train,L3_donor_450,450,1050,2,3445403011,ATGTCTCAATCCGTAGAAGAACGGACAAGGATTAAAAACGAACGTTACGAATCTGGAGTAATACCATACGCAAAGATGGGTTACTGGGATCCTGACTACGTAATCAAAGATACCGATGTTCTAGCTTTATTTCGAGTTACTCCTCAACCGGGTGTAGATCCAATTGAAGCTTCTGCAGCTGTTGCAGGTGAATCATCAACAGCAACTTGGACAGTAGTTTGGACAGACCTTCTAACAGCTTGCGACCTTTATAGAGCAAAAGCATACAAAGTAGATGCAGTACCAAATAACTCTGAGCAATACTTCGCATACATTGCTTATGACATAGATTTATTTGAAGAAGGTTCTATAGCAAACTTAACCGCATCAATTATAGGAAATGTATTCGGATTTAAGGCTGTAAAAGCATTGCGTCTTGAAGACATGCGTTTACCTATTGCTTATCTGAAA
AB159659.1_L3_donor_450_r2,AB159659.1,Nemalionopsis tortuosa,Red algae,AB159659.1,train,L3_donor_450,450,1050,2,2071631367,ATGTCTCAATCCGTAGAAGAACGGACAAGGATCAAAAATGAACGCTATGAATCTGGCGTAATTCCATACGCAAAAATGGGTTACTGGGATCCTGACTACGTAGTTAAAGATACTGATGTTTTAGCTTTATTTCGAGTTACTCCACAACCGGGAGTAGATCCAATAGAAGCATCTGCAGCTGTTGCCGGTGAGTCATCAACAGCAACTTGGACAGTAGTTTGGACAGATCTTTTAACTGCTTGTGACCTTTACAGAGCAAAAGCCTATAAAGTAGATGCTGTGCCAAATAGTTCCGAGCAATATTTTGCATATATTGCATATGACATTGACTTATTTGAAGAAGGTTCTATTGCAAACTTAACAGCATCTATCATAGGTAATGTATTCGGCTTTAAAGCTGTTAAAGCATTACGTCTTGAAGATATGCGATTACCCGTAGCATATTTAAAA
AB540047.1_L3_donor_450_r2,AB540047.1,Gloiopeltis sp. Nomozaki/2003,Red algae,AB540047.1,train,L3_donor_450,450,1050,2,3003498882,ATGTCTCAATCTGTAGAAGAACGGACAAGAATCAAAGACGAACGTTACGAATCTGGAGTTATCCCATATGCTAAGATGGGCTATTGGGATCCTGATTATGTTGTTAAAGAGACGGACGTACTAGCTTTATTCCGTGTAAGCCCGCAACCTGGTGTAGATCCTGTAGAAGCTTCTGCGGCAATAGCAGGCGAATCATCGACAGCAACATGGACAGTAGTTTGGACAGACCTTTTAACAGCTTGTGATTTATATAGAGCTAAAGCGTATAAGGTTGATGCAGTACCAAATACATCTGAGCAATACTTTGCATACATAGCCTATGATATTGATCTATTTGAAGAAGGATCTATCGCTAACTTAACAGCTTCAATTATTGGCAACGTCTTTGGATTTAAAGCTGTTAAAGCTCTAAGATTAGAAGATATGCGTTTACCCGTTGCTTATCTAAAG
AB540051.1_L3_donor_450_r2,AB540051.1,Gloiopeltis complanata,Red algae,AB540051.1,test,L3_donor_450,450,1050,2,1210318100,ATGTCTCAATCTGTAGAAGAACGGACAAGAATCAAAGACGAACGTTACGAATCTGGAGTTATCCCGTATGCTAAGATGGGCTATTGGGATCCTGATTATGTTGTTAAAGAAACTGATGTGCTAGCTTTATTTCGTGTAAGTCCACAACCTGGTGTAGATCCTGTAGAAGCTTCTGCAGCAATAGCGGGCGAATCATCAACGGCAACATGGACAGTAGTTTGGACAGACCTTTTAACAGCTTGTGATTTATATAGAGCTAAAGCATATAAGGTTGATGCAGTACCAAATACGTCTGATCAGTACTTTGCATACATAGCTTATGATATTGATTTATTTGAAGAAGGATCTATCGCTAACTTAACAGCTTCAATTATTGGCAACGTCTTTGGATTTAAAGCTGTTAAAGCTCTAAGATTGGAAGATATGCGTTTACCTGTTGCCTATTTAAAG
AB540052.1_L3_donor_450_r2,AB540052.1,Gloiopeltis complanata,Red algae,AB540052.1,train,L3_donor_450,450,1050,2,669083986,ATGTCTCAATCTGTAGAAGAACGGACAAGAATCAAAGACGAACGTTACGAATCTGGAGTTATCCCGTACGCTAAAATGGGCTATTGGGATCCTGATTATGTTGTTAAAGAAACTGATGTACTAGCTTTATTTCGTGTAAGCCCACAGCCTGGTGTAGATCCTGTAGAAGCTTCTGCTGCAATAGCAGGCGAATCATCAACGGCAACATGGACAGTAGTTTGGACAGATCTTTTAACAGCATGTGATTTATATAGAGCTAAAGCATACAAAGTTGATGCAGTACCAAACACATCGGATCAATATTTTGCATACATAGCTTATGATATTGATTTATTTGAAGAAGGATCTATCGCTAACTTAACAGCTTCAATTATAGGCAACGTCTTTGGATTTAAAGCTGTTAAAGCTCTAAGATTGGAAGATATGCGTTTACCCGTTGCCTATCTAAAG
AB853073.1_L3_donor_450_r2,AB853073.1,Hypnodontopsis apiculatus,Mosses,AB853073.1,train,L3_donor_450,450,1050,2,2915293272,ATGTCACCACAAACGGAGACTAAAGCAGGTGTTGGATTTAGAGCTGGTGTTAAAGATTACAGATTAACTTATTACACTCCAGAGTATCAAACTTTAGAAACTGATATTTTAGCAGCATTTCGAATGACTCCTCAACCAGGAGTACCACCTGAAGAAGCAGGAGCTGCAGTAGCTGCGGAATCTTCCACCGGTACATGGACCACTGTTTGGACTGATGGACTTACTAGTCTTGATCGTTATAAAGGTCGATGCTATGATATTGAAGCAGTTGCTGGAGAAGAAAATCAATATATCGCTTATGTTGCTTACCCATTAGATTTATTTGAAGAAGGTTCCGTTACTAATTTATTTACTTCTATTGTTGGTAATGTTTTTGGATTTAAAGCTTTACGAGCTTTACGTCTAGAAGATTTGCGTATTCCTCCATCTTATACCAAAACTTTCCAAGGC
AB853079.1_L3_donor_450_r2,AB853079.1,Timmiella anomala,Mosses,AB853079.1,train,L3_donor_450,450,1050,2,2680781392,ATGTCACCACAAACGGAGACTAAAGCAGGTGTTGGATTTAAAGCTGGTGTTAAAGATTACAGATTAACTTATTACACTCCAGATTATCAGACTAAAGAAACTGATATTTTAGCAGCATTTCGAATGACTCCTCAACCAGGAGTACCACCTGAAGAAGCAGGAGCTGCTGTAGCTGCTGAATCTTCCACTGGTACATGGACCACTGTTTGGACTGATGGACTTACTAGTCTTGATCGTTATAAAGGTCGATGCTATGATATTGAAGCAGTTCCTGGAGAAGAAAATCAATATATCGCTTATGTTGCTTACCCCTTAGATTTATTTGAAGAAGGTTCTGTTACCAATTTATTTACTTCTATTGTTGGTAATGTTTTTGGATTTAAAGCTTTACGAGCTTTACGTCTAGAAGATTTACGTATTCCTCCAGCTTATTCCAAAACTTTCCAAGGT
AB970712.1_L3_donor_450_r2,AB970712.1,Clastobryellina orientalis,Mosses,AB970712.1,train,L3_donor_450,450,1050,2,394930011,ATGTCACCACAAACGGAGACTAAAGCAGGTGTTGGATTTAAAGCTGGTGTTAAAGATTACAGATTAACTTATTACACCCCAGATTATCAGACTAAAGAAACTGATATTTTAGCAGCATTTCGAATGACGCCTCAACCAGGAGTACCCGCTGAAGAGGCAGGAGCTGCAGTAGCTGCGGAATCTTCCACTGGTACATGGACTACTGTTTGGACTGATGGACTTACCAGTCTTGATCGTTATAAAGGACGATGCTATGATCTTGAAGCTGTTCGTGGAGAAGAAAATCAATTTATTGCTTATGTTGCTTACCCATTAGATCTATTTGAAGAAGGTTCTGTTACCAATTTATTTACTTCTATTGTTGGTAATGTTTTTGGATTTAAAGCCTTACGAGCTTTGCGTCTAGAAGATTTACGTATTCCTCCAGCTTATTCCAAAACTTTCCAAGGC
AY346095.1_L3_donor_450_r2,AY346095.1,Acanthorrhynchium papillatum,Mosses,AY346095.1,train,L3_donor_450,450,1050,2,4026010788,ATGTCACCACAAACGGAGACTAGAGCAAGTGTTGGATTTAAAGCTGGTGTTAAAGATTACAGATTAAATTATTACACTCCAGATTATCAGACTAAAGACACTGATATTTTAGCAGCATTTCGAATGACTCCTCAACCAGGAGTACCCGCTGAAGAGGCAGGAGCTGCAGTAGCTGCGGAATCTTCCACTGGTACATGGACCACTGTTTGGACTGATGGACTTACCAGTCTTGATCGTTATAAAGGACGATGCTATGATCTTGAAGCAGTTCCTGGAGAAGAGAATCAATATATTGCTTATGTTGCTTACCCATTAGATCTATTTGAAGAAGGTTCTGTTACCAATTTATTTACCTCTATTGTTGGTAATGTTTTTGGATTTAAAGCTTTACGAGCTTTACGTCTAGAAGATTTACGTATCCCTCCATCTTATTCCAAAACTTTCCAAGGC
AY858644.1_L3_donor_450_r2,AY858644.1,Platanus orientalis,Other angiosperms,AY858644.1,test,L3_donor_450,450,1050,2,1677682981,ATGTCACCACAAACAGAAACTAAAGCAAGTGTTGGACTCAAAGCTGGTGTTAAAGATTACAAATTGACTTATTATACTCCTGACTATGAAACCAAAGATACTGATATCTTGGCAGCATTCCGAGTAACTCCTCAACCTGGAGTTCCACCTGAGGAAGCAGGAGCCGCGGTAGCTGCCGAATCTTCTACTGGTACATGGACAACTGTGTGGACCGATGGACTTACTAGCCTTGATCGTTACAAAGGACGATGCTACCACATCGAGCCCGTTGCTGGAGAAGAAAATCAATATATTGCTTATGTAGCTTACCCTTTAGACCTTTTTGAAGAAGGTTCTGTTACTAACATGTTTACTTCCATTGTGGGTAATGTATTTGGGTTCAAAGCCCTACGTGCTCTACGTCTGGAGGATCTGCGAATCCCTCCTGCTTATTCTAAAACCTTCCAAGGA
AY996366.1_L3_donor_450_r2,AY996366.1,Spermatochnus paradoxus,Brown algae,AY996366.1,train,L3_donor_450,450,1050,2,1424532808,ATGCCTGAAGATGTGCAGAATCGAACTCGAATAAAAAGTGAACGTTATGAATCAGGTGTTATCCCATATGCCAAAATGGGTTACTGGGATGCTGATTATAATGTTAAAGAAACTGATATTCTAGCTCTTTTTCGTATCACTCCACAACCAGGCGTAGATCCCGTTGAGGCTGCTGCTGCTGTTGCCGGTGAATCTTCTACTGCAACATGGACAGTAGTTTGGACAGATTTATTAACTGCTTGTGATATCTATAGAGCGAAAGCATATAGAGTAGATCCAGTACCTGGAACAAGTGATCAATTCTTTGCTTATATAGCTTACGAATGTGATTTATTTGAGGAAGGTTCTCTTGCTAACTTAACAGCATCTATTATTGGGAACGTGTTCGGTTTTAAAGCTGTTAAAGCGTTACGTTTAGAAGATATGAGAATTCCTTACGCTTACTTAAAA
EF547818.1_L3_donor_450_r2,EF547818.1,Aneura sp. Shaw 702,Liverworts,EF547818.1,train,L3_donor_450,450,1050,2,2895315583,ATGTCACCACAAACGGAGACTAAAGCAGGTGTTGGATTCAAAGCCGGTGTTAAAGATTATAGATTGACCTATTATACACCCGAGTACGAGACGAAAGAAACGGATATTTTAGCAGCATTTCGTATGACCCCTCAACCCGGAGTACCACCGGAAGAAGCTGGGGCTGCGGTAGCTGCCGAATCCTCCACCGGTACTTGGACCACAGTTTGGACTGACGGCCTCACGAGTCTTGATCGTTACAAGGGTCGATGTTATGACATCGAACCTGTCGCCGGGGAAGATAATCAATATATCGCCTACGTGGCTTATCCCCTAGATTTGTTCGAAGAGGGTTCTGTTACAAATTTGTTCACCTCCATCGTCGGTAATGTATTCGGATTTAAGGCATTACGAGCCCTACGTCTTGAAGATTTACGAATCCCTCCGTCTTATGTAAAAACTTTTCAAGGT
EF658643.1_L3_donor_450_r2,EF658643.1,Laurencia intricata,Red algae,EF658643.1,train,L3_donor_450,450,1050,2,2196263660,ATGTCTAACTCTGTAGAAGAACGGGCACGGATTAAAAACGAACGTTATGAATCTGGTGTAATTCCATACGCAAAAATGGGATATTTCCACCCTAACTATGTAGTTAAAGATACAGATATATTAGCTCTATTTAGAGTTAGTCCACAACCAGGAGTAGATCCAGTAGAGGCTTCAGCAGCAGTTGCAGGTGAATCATCTACTGCAACATGGACTGTTGTATGGACAGATTTACTAACAGCTTGCGATTTATATCGTGCAAAAGCATATAAAGTAGATGCTGTACCAAATACTTCTGATCAATATTTTGCATACATAGCTTATGATATTGATTTATTTGAAGAAGGATCTATTGCTAATTTAACTGCTTCTATAATTGGTAATGTATTTGGATTTAAAGCAGTTAAAGCATTAAGACTTGAAGATATGCGTATTCCTGTAGCATACTTAAAA
EU713367.1_L3_donor_450_r2,EU713367.1,Legousia pentagonia,Eudicots,EU713367.1,train,L3_donor_450,450,1050,2,933696508,ATGTCACCACAAACAGAGACTAAAGCAAATGTTGGATTTAAAGCTGGTGTTAAAGATTATAAATTAACTTATTATACTCCAGACTATGAAACCAAAAATACCGATATTTTGGCAGCCTTTCGAGTAACTCCTCAACCCGGAGTTCCCCCGGAAGAAGCAGGGGCCGCAGTAGCTGCCGAATCGTCTACTGGGACATGGACAACTGTGTGGACTGATGGGCTTACGAGCCTTGATCGTTACAAAGGGAGATGCTATCACATCGAGCCCGTTGCTGGCGAAGAAAATCAATTTATTGCTTATGTAGCTTACCCATTAGACCTTTTTGAAGAAGGTTCGGTTACTAACATGTTTACTTCCATTGTGGGTAATGTATTTGGATTTAAAGCACTGCGTGCTCTACGTCTAGAAGATTTGCGAATCCCACCCGCCTATATTAAAACATTTCAAGGC
FJ438476.1_L3_donor_450_r2,FJ438476.1,Haematococcus lacustris,Green algae,FJ438476.1,val,L3_donor_450,450,1050,2,1891552421,ATGGTTCCACAAACAGAAACAAGAGCAGGTGCTGGGTTTAAAGCTGGTGTAAAAGATTATCGTTTAACGTATTATACACCAGATTACGTTGTTAGAGATACTGATATTTTAGCAGCGTTCCGTATGACACCACAACCAGGTGTACCACCAGAAGAATGTGGTGCAGCAGTAGCAGCTGAATCATCAACAGGTACTTGGACAACAGTATGGACAGATGGCTTAACAAGTTTAGACCGTTACAAAGGTAGATGCTACGACATCGAGCCAGTACCAGGCGAGGAAAACCAATACATCGCTTACGTAGCTTACCCTATCGATTTATTTGAAGAAGGTTCGGTAACTAACATGTTTACTTCAATTGTAGGAAACGTATTTGGGTTTAAAGCATTACGTGCATTACGTTTAGAAGATTTACGTATTCCACCAGCATATGTAAAAACATTCTCAGGA
KT693213.1_L3_donor_450_r2,KT693213.1,Hormotilopsis gelatinosa,Green algae,KT693213.1,train,L3_donor_450,450,1050,2,759294280,ATGGCTCCACAAACAGAAACAAAAGCCGGGGCGGGATTTAAAGCAGGGGTTAAAGACTATAGATTAACTTACTATACACCTGACTACATCGTTAAGGACACTGACATCCTTGCTGCTTTCCGTATGACTCCGCAACCAGGTGTTCCACCTGAAGAATGTGGTGCAGCTGTTGCTGCTGAGTCTTCAACTGGTACATGGACTACTGTATGGACTGACGGTTTAACTAGCTTAGACCGTTACAAAGGCCGTTGTTATGATATCGAACCGGTTCCTGGTGAAGATAACCAATATATTGCTTATGTTGCTTATCCGATTGACCTTTTTGAAGAAGGTTCTGTTACAAACTTATTCACATCAATTGTAGGGAACGTATTTGGTTTCAAAGCTCTACGTGCTCTAAGACTGGAAGATTTACGTATTTCACCAGCTTACGCTAAGACATTCCAAGGT
KU645801.1_L3_donor_450_r2,KU645801.1,Passiflora quadrangularis,Eudicots,KU645801.1,train,L3_donor_450,450,1050,2,1335420828,ATGTCACCACAAACAGAGACTAAAGCAAGTGTTGGATTCAAGGCTGGTGTTAAAGATTATAAATTGACTTATTATACTCCTGAATATAACCCCAAAGATACTGATATCTTGGCAGCATTCCGAGTAACTCCTCAACCTGGAGTTCCCGCTGAGGAAGCGGGAGCTGCAGTAGCTGCTGAATCTTCTACTGGTACATGGACAACCGTGTGGACCGATGGGCTTACCAGTCTTGATCGTTATAAAGGACGATGCTACGATATTGAACCTGTTGCTGGAGAAGAAAGTCAATTTATTGCTTATGTAGCGTACCCCTTAGACCTTTTTGAAGAAGGTTCCGTTACTAACATGTTTACTTCCATTGTAGGTAATGTATTTGGGTTCAAAGCCCTACGCGCTTTACGTCTGGAAGATTTGCGAATCCCCACTGCTTATACTAAAACGTTTCAGGGC
KU645803.1_L3_donor_450_r2,KU645803.1,Cananga odorata,Other angiosperms,KU645803.1,train,L3_donor_450,450,1050,2,2932040814,ATGTCACCAAAAACAGAGACTAAAGCAAGTGTTGGATTCAAAGCTGGTGTTAAAGAGTACAAATTGACTTATTATACTCCTGAATATGAAACCAAGGATACTGATATCTTGGCAGCATTCCGAGTAACCCCTCAACCCGGAGTTCCGCCTGAGGAAGCAGGGGCTGCGGTAGCTGCCGAATCTTCTACTGGTACATGGACAACTGTGTGGACCGATGGACTTACCAGCCTTGATCGTTACAAAGGACGATGCTACCACATCGAGCCCGTTGCTGGGGAGGAAAATCAATATATTGCTTATGTAGCTTACCCTTTAGACCTTTTTGAAGAGGGTTCTGTTACTAACATGTTTACTTCCATTGTAGGTAATGTATTTGGATTTAAAGCTCTACGAGCTCTACGTCTGGAAGACTTGCGAATTCCTACTTCTTATGTCAAGACTTTCCAGGGC
KU645804.1_L3_donor_450_r2,KU645804.1,Asimina incana,Other angiosperms,KU645804.1,val,L3_donor_450,450,1050,2,3842857299,ATGTCACCAAAAACAGAGACTAAAGCAAGTGTTGGGTTCAAAGCGGGTGTTAAAGAGTACAAATTGACTTATTATACTCCTGAATATGAAACCAAAGATACTGATATCTTGGCAGCATTCCGAGTAACCCCTCAACCCGGAGTTCCGCCCGAGGAAGCAGGGGCTGCGGTAGCTGCCGAATCCTCTACTGGTACATGGACAACTGTGTGGACCGATGGACTTACCAGCCTTGATCGTTACAAAGGACGATGCTACCACATCGAGCCTGTTGTTGGAGAGGAAAATCAATTTATTGCTTATGTAGCTTACCCTTTAGATCTTTTTGAGGAGGGTTCTGTTACTAACATGTTTACTTCCATTGTAGGTAATGTGTTTGGGTTCAAAGCTCTACGAGCTCTACGCCTAGAGGACTTGCGAATTCCTACTTCTTATATCAAGACTTTCCAGGGC
LC060504.1_L3_donor_450_r2,LC060504.1,Acinetospora filamentosa,Brown algae,LC060504.1,train,L3_donor_450,450,1050,2,981522573,ATGCCTGAAGATGTGCAGAATCGAACTCGAATAAAAAGTGAACGTTATGAATCAGGTGTTATTCCATATGCAAAAATGGGATATTGGGATGCTGATTATAACGTTAAAGAAACTGATATTCTAGCTCTTTTTCGTATCACACCACAACCAGGCGTAGATCCCGTTGAAGCTGCTGCTGCTGTTGCCGGTGAATCTTCTACTGCAACATGGACTGTAGTTTGGACAGATTTATTAACTGCTTGTGATATCTATAGAGCGAAAGCATATAGAGTAGACCCAGTACCTGGAACAAGTGATCAATTTTTTGCTTATATAGCATATGAATGTGATTTATTTGAAGAAGGCTCTCTTGCTAATTTAACAGCCTCTATTATTGGTAACGTTTTCGGTTTTAAAGCCGTTAAAGCTTTACGTTTAGAAGATATGAGAATCCCTTACGCTTACTTAAAG
LC060517.1_L3_donor_450_r2,LC060517.1,Acinetospora asiatica,Brown algae,LC060517.1,train,L3_donor_450,450,1050,2,1059770406,ATGCCTGAAGATGTGCAGAATCGAACTCGAATAAAAAGTGAACGTTATGAATCAGGTGTTATTCCATATGCAAAAATGGGATATTGGGATGCTGATTATAACGTTAAAGAAACTGATATTCTAGCTCTTTTTCGTATCACACCACAACCAGGCGTAGATCCCGTTGAAGCTGCTGCTGCTGTTGCCGGTGAATCTTCTACTGCGACATGGACTGTAGTTTGGACAGATTTATTAACTGCTTGTGACATCTATAGAGCGAAAGCATATAGAGTAGATCCAGTACCTGGAACAAGTGATCAATTTTTTGCTTACATAGCATATGAATGTGATTTATTTGAAGAAGGTTCTCTTGCTAACTTAACAGCATCGATTATCGGTAACGTTTTCGGTTTTAAAGCCGTTAAAGCATTACGTTTAGAAGATATGAGAATCCCTTACGCATACTTAAAG
LC145073.1_L3_donor_450_r2,LC145073.1,Haplomitrium hookeri,Liverworts,LC145073.1,val,L3_donor_450,450,1050,2,3115546835,ATGTCACCACAGACAGAAACTAGAGCAGGTGTTGGATTCAAAGCCGGTGTGAAAGATTACAGATTGACTTATTATACTCCCAATTACGAGACCAAAGACACCGACATCTTGGCAGCATTCCGAATGACTCCTCAACCTGGAGTGCCACCCGAAGAAGCTGGAGCGGCAGTAGCTGCCGAATCTTCCACAGGTACATGGACCACCGTTTGGACTGATGGGCTTACGAGCCTTGATCGTTACAAGGGTCGCTGCTATGGTATTGAACCTGTCGCGGGGGAGGAAAATCAATATATTGCTTATGTCGCTTATCCACTAGATTTGTTCGAGGAAGGTTCCGTCACCAATTTATTCACTTCCATAGTAGGTAACGTATTTGGCTTTAAAGCGTTGCGAGCTCTACGTCTCGAAGATTTGAGAATTCCCCCAGCTTATTCCAAAACTTTTCAAGGT
LC176260.1_L3_donor_450_r2,LC176260.1,Weisiopsis anomala,Mosses,LC176260.1,val,L3_donor_450,450,1050,2,1319441326,ATGTCACCACAAACGGAGACTAAAGCAGGTGTTGGATTTAAAGCTGGTGTTAAAGATTACAGATTAACTTATTACACTCCAGACTATCAGACTAAAGAAACTGATATTTTAGCAGCATTTCGAATGACTCCTCAACCAGGAGTACCAGCTGAAGAAGCAGGAGCTGCAGTAGCTGCGGAATCATCTACTGGTACATGGACTACTGTTTGGACTGATGGACTTACTAGTCTTGATCGTTATAAAGGTCGATGCTATGATATTGAAGCAGTTCCTGGAGAAGAAAATCAATATATCGCTTATGTTGCTTACCCATTAGATTTATTTGAAGAAGGTTCTGTTACTAACTTATTTACTTCTATTGTTGGTAATGTTTTTGGATTCAAAGCTTTACGAGCTTTGCGTCTAGAAGATTTGCGTATTCCTCCAGCTTATTCCAAAACTTTCCAAGGC
LC200423.1_L3_donor_450_r2,LC200423.1,Selenastrum capricornutum,Green algae,LC200423.1,val,L3_donor_450,450,1050,2,3515427236,ATGGTTCCTCAAACAGAAACTAAAGCAGGCGCTGGATTTAAAGCTGGTGTAAAAGACTACCGTTTAACATACTACACTCCTGATTACGTTGTTAAAGAAACTGACGTATTAGCTGCATTCCGTATGACTCCACAACCAGGTGTTCCACCTGAAGAGTGTGGTGCTGCCGTAGCTGCAGAATCATCAACAGGTACTTGGACAACAGTATGGACAGACGGTTTAACTACATTAGATCGTTACAAAGGACGTTGTTACGATCTTGAACCTGTTCCAGGTGAAGATAACCAATACATTGCGTATGTTGCTTACCCAGTAGATTTATTTGAAGAAGGTTCAGTAACAAACTTATTTACTTCAATCGTAGGTAACGTATTTGGTTTCAAAGCTTTACGTGCTCTTCGTTTAGAAGATCTTCGTATTCCTCCAGCTTACGTTAAAACATTCGAAGGA
LC270392.1_L3_donor_450_r2,LC270392.1,Pohlia annotina,Mosses,LC270392.1,test,L3_donor_450,450,1050,2,921398359,ATGTCACCACAAACGGAGACTAAAGCAGGTGTTGGATTTAAAGCTGGTGTTAAAGATTACAGATTAACTTATTACACTCCAGATTATCAGACTAAAGAAACTGATATTTTAGCAGCATTTCGAATGACTCCTCAACCAGGAGTACCAGCTGAAGAGGCAGGAGCGGCAGTAGCTGCGGAATCTTCCACTGGTACATGGACTACTGTTTGGACTGATGGACTTACTAGTCTTGATCGTTACAAAGGACGATGCTATGATATTGAAGCAGTTCCTGGAGAAGAGAATCAATATATTGCTTATGTTGCTTACCCATTAGATTTATTTGAAGAAGGTTCTGTTACCAATTTATTTACTTCTATTGTTGGTAATGTTTTTGGGTTTAAAGCTTTACGAGCTTTACGTCTAGAAGATTTACGTATTCCTCCAGCTTATTCCAAAACTTTCCAAGGC
LC272005.1_L3_donor_450_r2,LC272005.1,Fissidens subangustus,Mosses,LC272005.1,train,L3_donor_450,450,1050,2,3880369787,ATGTCACCACAAACGGAGACTAAAGCAGGTGTTGGATTTAAAGCTGGTGTTAAAGATTACAGATTAACTTATTACACTCCAGATTATCAGACTAAAGAAACTGATATTTTAGCAGCATTTCGAATGACTCCTCAACCAGGGGTCCCATCTGAAGAAGCAGGAGCTGCAGTAGCTGCGGAATCTTCTACTGGTACATGGACCACTGTTTGGACTGATGGACTTACTAGTCTTGATCGTTATAAAGGTCGATGCTATGATATTGAACCAGTTGCTGGAGAAGAGAATCAATATATCGCTTATGTTGCTTACCCATTAGATTTATTTGAAGAAGGTTCTGTTACCAATTTATTTACTTCTATTGTTGGTAATGTTTTTGGATTTAAAGCTTTACGAGCTTTGCGTCTAGAAGATTTGCGTATTCCTCCATCTTATTCCAAAACTTTCCAGGGC
LC376047.1_L3_donor_450_r2,LC376047.1,Hattoria yakushimensis,Liverworts,LC376047.1,train,L3_donor_450,450,1050,2,3003864810,ATGTCACCACAAACGGAGACTAAAGCAGGTGTTGGATTCAAAGCTGGTGTTAAAGATTATAGATTAACTTACTATACGCCTGATTATGAGACGAAAGAAACAGATATTTTGGCAGCATTTCGTATGACTCCTCAGCCTGGAGTACCACCTGAAGAAGCAGGAGCAGCAGTAGCTGCCGAATCTTCAACTGGGACATGGACTACTGTTTGGACCGACGGACTTACAAGTCTTGATCGTTACAAAGGCCGATGTTATGATATTGAACCCGTTGCTGGCGAAGAAAATCAATATATTGCTTATGTGGCCTACCCATCAGATTCATTTGAAGAAGGTTCTGTTACCAATCTTTTCACCTCTATTGTAGGAAATGTGTTCGGATTCAAAGCTTTACGAGCTTTACGTCTTGAAGATTTACGAATTCCTCCAGCTTATGTAAAAACTTTTCAAGGT
LC493039.1_L3_donor_450_r2,LC493039.1,Colpomenia borea,Brown algae,LC493039.1,train,L3_donor_450,450,1050,2,995031108,ATGCCTGAAGATGTGCAGAATCGAACTCGAATAAAAAGTGAACGTTACGAATCAGGTGTTATTCCATATGCCAAAATGGGATATTGGGATGCTGATTATAACGTTAAAGAAACTGATATTCTAGCTCTTTTTCGTATCACTCCACAACCAGGTGTAGATCCCGTTGAAGCTGCCGCTGCTGTTGCCGGCGAATCTTCTACTGCAACATGGACGGTAGTTTGGACAGACTTACTAACTGCTTGTGATATCTATAGAGCAAAAGCATATAGAGTAGATCCAGTACCCGGAACAAGTGACCAATTCTTTGCTTATATAGCTTACGAATGTGATTTATTTGAAGAAGGTTCTCTTGCCAATTTAACGGCATCTATTATTGGTAACGTTTTCGGTTTCAAAGCTGTTAAAGCATTACGTTTAGAAGATATGAGAATTCCTTACGCTTACTTAAAA
LC723702.1_L3_donor_450_r2,LC723702.1,Schistochila sciurea,Liverworts,LC723702.1,train,L3_donor_450,450,1050,2,2067432574,ATGTCACCACAAACGGAGACTAAAGCAGGTGTTGGATTCAAAGCTGGTGTTAAAGATTATAGATTAACTTATTATACTCCGGATTATGAAACGAAAGATACGGATATTTTGGCAGCGTTTCGTATGACCCCTCAACCTGGAGTTCCAGCCGAAGAAGCAGGTGCAGCGGTTGCTGCCGAATCTTCCACAGGTACTTGGACTACAGTTTGGACTGATGGACTTACAAGTCTTGATCGTTACAAAGGTCGATGCTATGATATCGAACCTGTCGCTGGAGAAGAAAATCAATACATAGCTTATGTTGCTTATCCTTTAGATCCATTTGAAGAAGGTTCCGTTACGAACTTATTCACTTCCATTGTAGGTAATGTTTTCGGATTTAAAGCTTTGCGAGCTATACGTCTTGAAGATTTGCGAATTCCTCCGTCATATGTAAAAACTTTTCAAGGT
LC735540.1_L3_donor_450_r2,LC735540.1,Centella asiatica,Eudicots,LC735540.1,train,L3_donor_450,450,1050,2,999257517,ATGTCACCACAAACAGAGACTAAAGCAGGTGTTGGATTCAAAGCTGGGGTTAAAGATTACAAATTGACTTATTATACTCCTGACTATGAAACCAAAGATACTGATATCTTGGCAGCATTCCGAGTAACTCCTCAACCTGGAGTTCCACCTGAAGAAGCAGGGGCCGCGGTAGCTGCCGAATCTTCTACTGGTACATGGACAACTGTGTGGACCGACGGACTTACCAGCCTTGATCGTTACAAAGGGCGATGCTACGGAATCGAGCCCGTTCCTGGAGAAGAAAATCAATTTATTGCTTATGTAGCTTACCCATTAGACCTTTTTGAAGAAGGTTCTGTTACTAACATGTTTACTTCCATTGTTGGTAATGTATTTGGGTTCAAAGCCCTGCGTGCCCTACGTCTGGAAGATCTGCGAATCCCTGTTGCTTATGTGAAAACTTTCCAAGGC
LC791202.1_L3_donor_450_r2,LC791202.1,Pleurozia subinflata,Liverworts,LC791202.1,val,L3_donor_450,450,1050,2,3125192940,ATGTCACCACAAACGGAGACTAAAACAGGTGTTGGATTCAAAGCTGGTGTTAAAGATTATCGCTTAACTTATTATACTCCTGATTATCAGACGAAGGAGACAGATATTTTAGCAGCATTTCGTATGACTCCGCAACCTGGAGTACCGGCACAAGAAGCAGGAGCTGCAGTAGCCGCTGAGTCTTCTACTGGTACTTGGACTACAGTTTGGACTGATGGACTTACAAGTCTTGATCGTTACAAAGGTCGATGCTATGATATTGAACCTGTTGCTGGAGAAGAAAATCAATATATTGCTTATGTAGCTTATCCCCTAGATTTATTTGAAGAAGGTTCTGTTACAAACCTTTTTACTTCTATTGTAGGTAATGTATTTGGATTCAAAGCTTTACGAGCTTTGCGTCTTGAAGATTTACGAATTCCTCCAGCTTATACAAAAACTTTCCAAGGT
LC858738.1_L3_donor_450_r2,LC858738.1,Cyathodium tuberosum,Liverworts,LC858738.1,train,L3_donor_450,450,1050,2,1843569346,ATGTCACCACAAACGGAGACTAAAGCAGGTGCTGGATTCAAAGCTGGTGTTAAAGATTATCGATTAAATTATTACACTCCTGATTATGAGACCAAAGATACAGATATTTTGGCAGCATCTAGAATGACTCCTCAACCTGGTGTACCACCGGAAGAAGCAGGAGCAGCTGTTGCTGCTGAATCTTCTACTGGTACATGGACTACAGTCTGGACTGATGGTCTTACTAACCTTGATCGTTATAAAGGTCGATGCTATGATATTGACCCTGTTCCTGGGGAACAAAATCAATATATTGCTTATGTAGCTTATCCTTTAGATCCATCCGAGGAAGGATCTGTTACAAATATGTTTACTTCGATTGTAGGTAATGTATTTGGTTTTAAAGCTTTGAGAGCATTGCGACTTGAAGATTTGAGAATTCCTCCGGCTTACACAAAAACTCTCCAAGGT
LC858740.1_L3_donor_450_r2,LC858740.1,Cyathodium cavernarum,Liverworts,LC858740.1,train,L3_donor_450,450,1050,2,2559337298,ATGTCACCACAAACGGAGACTAAAGCAGGTGCTGGATTCAAAGCTGGTGTTAAAGATTATCGATTAACTTATTACACTCCTGATTATGAGACCAAAGATACAGATATTTTGGCAGCATTCAGAATGACTCCTCAACCTGGCGTACCAGCGGAAGAAGCGGGAGCAGCTGTTGCTGCTGAATCTTCCACCGGTACATGGACTACAGTCTGGACTGATGGTCTTACTAACCTTGATCGTTATAAAGGTCGATGCTACGATATCGACCCTGTTCCCGGGGAACAAAATCAATATATTGCTTATGTAGCTTATCCTTTAGATCTATTTGAGGAAGGTTCTGTTACAAACATGTTTACTTCGATTGTAGGTAATGTATTCGGTTTTAAAGCTTTGAGAGCATTGCGACTTGAAGATTTAAGAATTCCTCCGGCTTATACAAAAACTTTTCAAGGT
LC859596.1_L3_donor_450_r2,LC859596.1,Trichocolea japonica,Liverworts,LC859596.1,train,L3_donor_450,450,1050,2,613231384,ATGTCACCACAAACGGAGACTAAAACAGGTGTTGGATTCAAAGCTGGTGTGAAAGATTATAGATTAACTTATTACACACCTGATTATGAGACGAAAGAGACAGATATTTTGGCAGCATTTCGTATGACTCCTCAACCAGGAGTACCACCTGAAGAAGCAGGAGCAGCAGTAGCTGCTGAATCTTCGACTGGTACGTGGACCACGGTTTGGACTGACGGACTTACAACTCTTGATCGTTACAAAGGTCGATGCTATGATATTGAACCTGTCGCTGGCGAAGAAAATCAATATATTGCTTATGTAGCTTATCCATTAGATTTATTCGAAGAAGGTTCTGTCACAAATCTTTTCACTTCTATTGTAGGTAATGTATTCGGATTCAAAGCTCTACGAGCTTTACGTCTTGAAGATTTACGTATTCCTCCAGCTTATGTTAAAACTTTTCAAGGT
LC884819.1_L3_donor_450_r2,LC884819.1,Cyanidium caldarium,Red algae,LC884819.1,train,L3_donor_450,450,1050,2,3952181908,ATGGCTCAGTCTGTGCAAGAACGAACACGTCTGAAAAATAAAAGGTATGAATCTGGCGTAATACCATATGCGAAAATGGGATATTGGGATCCGAACTATGTTGTAAAAGACACTGATATCTTAGCACTATTTAGAGTTACTCCTCAACCTGGGGTTGACCCTATTGAAGCTTCTGCCGCGGTAGCAGGAGAATCTTCAACAGCTACATGGACCGTGATTTGGTGCGATTTACTTACAGCCTGTGATGTTTACAGAGCAAAAGCTTACAGAGTTGATCAAGTGCCTAATTCTCCAGATCAATATTTCGCCTACATTGCCTACGACCTGGATTTATTCGAAGAAGGATCTATAGCAAATTTAACAGCATCGATAATCGGAAACGTTTTCGGGTTTAAAGCTTTAGCAGCATTGAGGCTGGAAGACATGAGAATACCTATAGGATACTTGAAA
LC899187.1_L3_donor_450_r2,LC899187.1,Pyropia akasakae,Red algae,LC899187.1,train,L3_donor_450,450,1050,2,1881652833,ATGTCTCAATCCGTAGAATCACGGACTAGGATTAAAAGCGAACGTTACGAATCTGGAGTAATCCCTTACGCTAAAATGGGCTACTGGGATGCTGACTATGTAATTAAAGAAACAGATATTTTAGCTCTTTTCAGAATCACTCCTCAACCAGGTGTTGACCCGATTGAAGCATCTGCTGCAATTGCAGGTGAATCTTCAACAGCTACTTGGACAGTTGTATGGACTGATTTATTAACAGCTTGTGACTTATACAGAGCAAAAGCATATCGAGTAGATCCAGTTCCAAACGTGGCAGATCAATATTTTGCTTATATAGCTTATGATATTGATTTATTTGAAGAAGGTTCCATTGCGAACTTAACTGCTTCAATTATTGGTAACGTTTTTGGGTTTAAAGCTGTTAAAGCTCTTCGTTTGGAAGACATGCGTATGCCAGTAGCTTATCTAAAA
LC924737.1_L3_donor_450_r2,LC924737.1,Conocephalum orientale,Liverworts,LC924737.1,train,L3_donor_450,450,1050,2,1858128607,ATGTCACCACAAACGGAGACTAAAGCAGGTACTGGATTCAAAGCTGGTGTTAAAGATTATCGATTAACTTATTATACTCCGGATTATGAAACTAAAGATACGGATATTTTAGCAGCATTTAGAATGACTCCTCAGCCTGGGGTACCAGCAGAAGAAGCAGGAGCAGCAGTTGCTGCTGAATCTTCTACTGGTACATGGACTACAGTTTGGACTGATGGTCTTACTAACCTTGATCGTTATAAAGGTCGATGCTATGGTATTGACCCTGTTCCTGGAGAAGAAAATCAATATATTGCTTATGTAGCTTATCCTTTAGATTTATTTGAAGAAGGATCTGTTACAAATATGTTTACTTCTATTGTAGGTAATGTATTTGGATTTAAAGCTTTAAGAGCGTTACGTCTTGAAGATTTACGAATTCCTGTAGCTTATACAAAAACTTTCCAAGGT
LC924765.1_L3_donor_450_r2,LC924765.1,Porella ulophylla,Liverworts,LC924765.1,train,L3_donor_450,450,1050,2,2720288522,ATGTCACCACAAACGGAAACTAAAACAGGTGCTGGATTTAAAGCTGGTGTTAAAGATTATAGATCAACTTATTATACTCCCGACTATGATACAAAGGAGACAGATATTTTAGCAGCATTTCGTATGACTCCTCAACCTGGAGTACCAGAACAAGAAGCAGGAGCAGCAGTAGCTGCTGAATCTTCCACCGGTACATGGACTACGGTTTGGACTGATGGACTTACAAGTCTTGATCGTTACAAAGGTCGATGCTATGATATTGAACCCGTTGCTGGAGAGGATAATCAATTTATTGCTTATGTGGCTTATCCATTAGATCTATTTGAGGAAGGCTCCGTTACAAACCTGTTTACTTCTATTGTAGGTAATGTATTCGGATTCAAAGCTTTACGAGCGTTACGTCTCGAAGATTTACGAATTCCTCCAGCTTATGTAAAAACTTTTCAAGGC
LC924778.1_L3_donor_450_r2,LC924778.1,Acrolejeunea pusilla,Liverworts,LC924778.1,train,L3_donor_450,450,1050,2,2767481153,ATGTCACCACAAACGGAGACTAAAGCAGGTGTTGGATTTAAAGCGGGCGTTAAGGATTATAGATTAACTTATTATACTCCTGAGTACCAGGTAAAGGCGACAGATATTTTGGCAGCATTTCGTATGACTCCTCAAGCCGGAGTACCAGCAGAAGAGGCAGGAGCAGCTGTAGCTGCTGAATCTTCAACTGGTACATGGACTACGGTTTGGACTGATGGACTTACAAGTCTTGATCGATATAAAGGTCGATGCTATGATATTGAACCTGTTCGTGGAGAAGAGAATCAATATATTGCTTATGTTGCTTATCCATTAGATTTATTCGAAGAAGGTTCTGTTACTAACCTTTTTACTTCTATTGTAGGTAACGTATTTGGATTTAAAGCTTTACGAGCTTTGCGTCTTGAAGATTTGCGAATTCCTCCATCTTATACCAAAACTTTCCAAGGT
LC924831.1_L3_donor_450_r2,LC924831.1,Ceratodon purpureus,Mosses,LC924831.1,train,L3_donor_450,450,1050,2,2850428442,ATGTCACCACAAACGGAGACTAAAGCAGGTGTTGGATTTAAAGCTGGTGTTAAAGATTACAGATTAAATTATTACACTCCAGATTATCAGACTAAAGATACTGATATTTTAGCAGCATTTCGAATGACTCCTCAACCAGGAGTACCACCTGAAGAAGCAGGAGCTGCAGTAGCTGCGGAATCTTCCACTGGTACATGGACCACTGTTTGGACTGATGGACTTACTAGTCTTGATCGTTATAAAGGTCGATGCTATGATATTGAAGCAGTTCCTGGAGAAGAAAATCAATATATCGCTTATGTTGCTTACCCATTAGATTTATTTGAAGAAGGTTCTGTTACCAATTTATTTACTTCTATTGTTGGTAATGTTTTTGGATTTAAAGCTTTACGAGCTTTGCGTCTAGAAGATTTACGTATTCCTCCAGCTTATTCCAAAACTTTCCAAGGA
LC924878.1_L3_donor_450_r2,LC924878.1,Orthotrichum consobrinum,Mosses,LC924878.1,val,L3_donor_450,450,1050,2,1292425854,ATGTCACCACAAACGGAGACTAAAGCAGGTGTTGGATTTAAAGCTGGTGTTAAAGATTACAGATTAACTTATTACACTCCAGATTATCAAACTAAAGAAACTGATATTTTAGCAGCATTTCGAATGACTCCTCAACCAGGAGTGCCAGCTGAAGAAGCAGGAGCTGCAGTAGCTGCAGAATCTTCTACTGGTACATGGACTACTGTTTGGACTGATGGCCTTACTAGTCTTGATCGTTATAAAGGACGATGCTATGATCTTGAAGCAGTTCCTGGAGAAGATAATCAATATATTGCTTATGTTGCTTACCCATTAGATTTATTTGAAGAAGGTTCTGTTACCAATTTATTTACTTCTATTGTTGGTAATGTTTTTGGATTTAAAGCTTTACGAGCTTTACGTCTAGAAGATTTACGTATTCCTCCAGCTTATTCCAAAACTTTCCAAGGT
LC924944.1_L3_donor_450_r2,LC924944.1,Pylaisiadelpha yokohamae,Mosses,LC924944.1,train,L3_donor_450,450,1050,2,3293054331,ATGTCACCACAAACGGAGACCAAAGCAGGTGTTGGATTTAAAGCTGGTGTTAAAGATTACAGATTAACTTATTACACCCCAGATTATCAAACTAAAGACACTGATATTTTGGCAGCATTTCGGATGACGCCTCAACCAGGAGTACCCGCTGAAGAGGCAGGAGCTGCAGTAGCTGCGGAATCCTCCACCGGTACATGGACCACTGTTTGGACCGATGGTCTTACCAGTCTTGATCGTTATAAAGGACGATGCTATGATCTTGAAGCAGTTCCTGGAGAAGAAAATCAATATATTGCTTATGTTGCTTACCCATTAGATCTATTTGAAGAAGGTTCTGTTACCAATTTATTCACCTCTATTGTTGGTAATGTTTTTGGATTCAAAGCTTTACGAGCTTTACGTCTAGAAGATTTACGTATTCCTCCAGCTTATTCCAAAACTTTCCAAGGC
LC924950.1_L3_donor_450_r2,LC924950.1,Calohypnum plumiforme,Mosses,LC924950.1,val,L3_donor_450,450,1050,2,1477883117,ATGTCACCACAAACGGAGACTAAAGCAGGTGTTGGATTTAAAGCTGGTGTTAAAGATTACAGATTAACTTATTACACTCCAGATTATCAGACTACAGCAACTGATATTTTAGCAGCATTTCGAATGACTCCTCAACCAGGAGTACCCGCTGAAGAGGCGGGAGCTGCAGTAGCTGCGGAATCCTCCACTGGTACATGGACCACTGTTTGGACTGATGGACTTACCAGTCTTGATCGTTATAAAGGACGATGCTATGATCTCGAAGCAGTTCCTGGAGAAGAAAATCAATATATTGCTTATGTTGCTTACCCATTAGATTTATTTGAAGAAGGTTCTGTTACCAATTTATTTACTTCTATTGTTGGTAATGTTTTTGGATTTAAAGCTTTACGAGCTTTACGTCTAGAAGATTTACGTATTCCTCCAGCTTATTCCAAAACTTTCCAGGGT
LC924964.1_L3_donor_450_r2,LC924964.1,Myuroclada maximowiczii,Mosses,LC924964.1,train,L3_donor_450,450,1050,2,2608398531,ATGTCACCACAAACGGAGACTAAAGCAGGTGTTGGATTTAAAGCTGGTGTTAAAGATTACAGATTAACTTATTACACTCCAGATTATCAGACTAAAGAAACTGATATTTTAGCAGCATTTCGAATGACTCCTCAACCAGGAGTACCCGCTGAAGAGGCAGGAGCTGCAGTAGCTGCGGAATCTTCCACTGGTACATGGACCACCGTTTGGACCGATGGACTTACCAGTCTTGATCGTTATAAAGGACGATGCTATGATCTTGAAGCAGTTCCTGGAGAAGAGAATCAATATATTGCTCATGTTGCTTACCCATTAGATCTATTTGAAGAAGGTTCTGTTACCAATTTATTTACTTCTATTGTTGGTAATGTTTTCGGATTTAAAGCTTTACGAGCTTTACGTCTAGAAGATTTACGTATTCCTCCAGCTTATTCCAAAACTTTCCAAGGT
MG251837.1_L3_donor_450_r2,MG251837.1,Hydroclathrus rapanuii,Brown algae,MG251837.1,train,L3_donor_450,450,1050,2,3087574310,ATGCTTGAAGATGTGCAGAATCGAACTCGAATAAAAAGTGAACGTTACGAATCAGGTGTAATTCCATATGCCAAAATGGGGTATTGGGATGCTGATTATAACGTTAAAGATACTGATATTCTAGCTCTTTTTCGTATCACTCCACAGCCAGGTGTAGATCCCGTTGAAGCTGCCGCTGCTGTTGCCGGCGAATCTTCTACTGCAACATGGACGGTAGTTTGGACAGACTTATTAACTGCTTGTGATATTTATCGAGCAAAAGCATATAGAGTAGATCCAGTACCCGGAACAAGTGACCAATTCTTTGCTTATATAGCTTACGAATGTGATTTATTTGAAGAAGGTTCTCTTGCTAACTTAACGGCATCTATTATTGGTAACGTTTTTGGTTTTAAAGCTGTTAAAGCGTTACGTTTAGAAGATATGAGAATTCCTTACGCTTATTTAAAA
MH172437.1_L3_donor_450_r2,MH172437.1,Pectinopitys harmsiana,Conifers,MH172437.1,train,L3_donor_450,450,1050,2,4027297199,ATGTCACCAAAAACAGAGACTAAAGTAAGTGCTGGGTTCAAAGCTGGTGTTAAAGATTACAGATTAACTTATTATACTCCGGACTATCAGACCCAAGAGACTGATATCTTGGCAGCATTCCGAGTCACTCCTCAACCCGGAGTGCCCCCCGAGGAAGCAGGAGCGGCAGTAGCTGCCGAATCTTCCACTGGTACATGGACTACTGTTTGGACCGATGGACTCACCAGCCTTGATCGTTACAAGGGGCGATGCTATGACATCGAGCCTGTTCCTGGAGAGGAAAGTCAATTTATTGCCTATGTAGCTTACCCCTTGGACCTTTTTGAAGAAGGTTCTGTTACTAACCTGTTCACTTCCATTGTAGGTAATGTATTTGGATTCAAAGCCCTACGGGCTCTACGTTTGGAAGATCTGCGAATTCCTCCTGCTTATTCCAAAACCTTCCAAGGT
MH270460.1_L3_donor_450_r2,MH270460.1,Macleaya microcarpa,Other angiosperms,MH270460.1,train,L3_donor_450,450,1050,2,1269455268,ATGTCACCACAAACAGAGACTAAAGCAAGTGTTGGATTCAAAGCTGGTGTTAAAGATTACAAATTGACTTATTATACTCCTGACTATGAAACCAAAGATACTGATATCTTGGCAGCATTCCGAGTAACTCCTCAACCTGGAGTTCCGCCTGAGGAAGCAGGGGCCGCGGTAGCTGCCGAATCTTCTACTGGTACATGGACAACTGTGTGGACCGATGGACTTACCAGCCTTGATCGTTACAAAGGAAGATGCTACCATATCGAGCCCGTAGCTGGAGAAGACAATCAATATATTTGTTATGTAGCTTACCCTTTAGACCTTTTTGAAGAAGGTTCTGTTACTAACATGTTTACTTCCATTGTGGGTAATGTATTTGGGTTCAAAGCGCTGCGCGCTCTACGTCTGGAGGATCTGCGAATTCCTCCTGCTTATGTTAAAACTTTCCAAGGC
MH390671.1_L3_donor_450_r2,MH390671.1,Quinchamalium chilense,Eudicots,MH390671.1,train,L3_donor_450,450,1050,2,683383291,ATGTCACCACAAACAGAGACTAAAGCGAGTGTTGGATTCAAAGCTGGTGTTAAAGAGTACAAATTGACTTATTATACTCCTGATTATGAAACCAAAGATACTGATATCTTGGCAGCATTCCGAGTAACTCCGCAACCTGGAGTTCCACCCGAAGAAGCGGGGGCTGCCGTAGCTGCTGAATCTTCTACTGGTACATGGACAACTGTATGGACCGACGGACTTACCAGCCTTGATCGTTATAAAGGAAGATGTTACCACATCGAGCCCGTTGCTGGCGAAGAAAATCAATATATTGCTTATGTTGCTTATCCCTTAGACCTTTTTGAAGAAGGCTCTGTTACTAATATGTTTACTTCCATTGTAGGTAATGTATTTGGGTTTAAAGCCTTGCGTGCCCTACGTTTAGAGGATCTGAGAATCCCCCCTGCTTATTCTAAAACGTTCCAAGGT
MH390672.1_L3_donor_450_r2,MH390672.1,Schoepfia schreberi,Eudicots,MH390672.1,train,L3_donor_450,450,1050,2,3934640878,ATGTCACCACAAACAGAGACTAAAGCAAGTGTTGGATTCAAAGCTGGTGTTAAAGAGTACAAATTGACTTATTATACTCCTGATTATGAAACCAAAGATACTGATATCTTGGCAGCATTCCGAGTAACTCCTCAACCCGGAGTTCCACCCGAGGAAGCGGGGGCCGCGGTAGCTGCCGAATCCTCTACTGGTACATGGACAACTGTGTGGACCGATGGACTTACCAGCCTTGATCGTTATAAAGGAAGATGCTACCACATTGAGCCCGTTGCTGGCGAAGAAAATCAATATATTGCTTATGTCGCTTATCCCTTAGACCTTTTTGAAGAAGGCTCTGTTACTAACATGTTGACTTCCATTGTCGGTAATGTATTTGGGTTTAAAGCCTTGCGTGCCCTGCGTTTAGAGGATCTGAGAATCCCCCCTGCTTATTCTAAAACGTTCCAAGGC
MH545292.1_L3_donor_450_r2,MH545292.1,Batophora occidentalis,Green algae,MH545292.1,train,L3_donor_450,450,1050,2,3113602881,ATGGCTCCACAAACTGAGACTAAAGCAAGTGCTGGATTTAAAGCGGGTGTAAAAGATTATCGTTTAACATATTACACTCCTGATTATCAAGTACAAGACACTGATATTTTAGCTGCGTTTCGAATGACTCCACAACCTGGAGTACCAGCAGAAGAATGTGCTGCTGCAGTTGCCGCTGAATCTTCAACAGGTACTTGGACAACAGTATGGACAGACGGTTTAACAAGTCTTGATCGTTATAAAGGTCGTTGTTATGATGTTGAACCAGTTCCTGGAGAAGATAACCAATATATTGCATATGTAGCGTACCCTCTAAATCTATTTGAAGAAGGATCTGTAACAAACTTATTCACTTCAGTTGTTGGGAACGTTTTTGGATTTAAAGCTCTTCGTGCTCTTCGTTTAGAAGATCTTCGTATTCCACAAGCATACGTTAAAACATTCTTTGGA
MH545335.1_L3_donor_450_r2,MH545335.1,Halicoryne sp. HV04044,Green algae,MH545335.1,train,L3_donor_450,450,1050,2,2149017488,ATGGGAACAACTGAAACGAAAGCAGGTGCTGGATTTAAAGCGGGTGTAAAAGATTATCGTCTAACGTACTATACACCTGATTATCAAGTACAAGATACAGATATTTTAGCAGCATTTCGAATGACGCCTCAGCCAGGAGTTCCAGCGGAAGAATGTGCCGCTGCTGTAGCTGCTGAATCTTCAACAGGTACTTGGACTACTGTTTGGACAGATGGATTAACTTCGCTAGACCGTTACAAAGGTCGATGCTATGATGTTGAACCTGTTCCTGGAGAAGATAATCAATACATTGCATATGTGGCTTATCCTTTAAACTTATTTGAAGAAGGGTCTGTAACAAATTTATTTACGTCAATTGTTGGTAACGTTTTTGGATTCAAAGCTCTTCGTGCTCTTCGTTTAGAAGATCTTCGTATTCCTCAAGCATTTGTCAAAACATTCTTGGGACCA
MH616272.1_L3_donor_450_r2,MH616272.1,Borya sphaerocephala,Monocots,MH616272.1,train,L3_donor_450,450,1050,2,753314509,ATGTCACCACAAACAGAGACTAAAGCAAATGTTGGATTTAAAGCTGGTGTTAAAGATTACAAATTGACTTATTATACTCCTGACTACGACACCAAAGATACTGATATTTTGGCAGCATTTCGAGTAACTCCTCAACCAGGAGTTCCGCCTGAAGAAGCAGGGGCCGCGGTAGCTGCCGAATCTTCTACTGGTACATGGACAACTGTGTGGACTGATGGACTTACCAGTCTTGATCGTTACAAAGGACGATGCTACCACATCGAGGCTGTTGTTGGGGAAGAAAATCAATATATTGCTTATGTAGCTTATCCTTTAGACCTTTTTGAAGAAGGTTCTGTTACTAACATGTTTACTTCCATTGTTGGTAATGTATTTGGTTTCAAAGCCCTACGAGCTCTACGTCTGGAGGATCTGCGAATTCCCCCTGCTTATTCAAAAACTTTCCAAGGC
MH661965.1_L3_donor_450_r2,MH661965.1,Epiblema grandiflorum,Monocots,MH661965.1,train,L3_donor_450,450,1050,2,2014482083,ATGAGTTGTAGGGAGGGACTTATGTCACCACAAACAGAGACTAAAGCAAGCGTTGGATTTAAAGCTGGTGTTAAAGATTACAAATTGACTTATTATACTCCTGACTACGAAACAAAAGATACTGATATCTTGGCAGCATTCCGAGTAACTCCTCAACCGGGAGTTCCGCCTGAAGAAGCGGGAGCTGCGGTAGCAGCCGAATCTTCTACTGGTACATGGACAACTGTGTGGACTGATGGACTTACCAGTCTTGATCGTTACAAAGGACGGTGCTACCACATTGAGGCCGTTGTTGGGGAGGAAAATCAATATATTGCTTATGTAGCTTATCCTTTAGACCTTTTTGAAGAAGGTTCTGTTACTAACATGTTTACTTCCATTGTGGGTAATGTTTTTGGTTTCAAAGCCCTGCGAGCTCTACGTCTGGAAGATTTGCGAATTCCCCCTTCT
MK295219.1_L3_donor_450_r2,MK295219.1,Chlorella sp. 64.01,Green algae,MK295219.1,train,L3_donor_450,450,1050,2,1814067901,ATGGCTCCACAAACTGAAACTAGAGCAGGTGCTGGATTTAAAGCAGGTGTTAAAGATTATCGTTTAACATACTATACTCCTGACTATCAACCAAAAGAAACTGATATTCTTGCAGCATTCCGTATGACACCACAACCAGGTGTACCACCGGAAGAAGCTGGTGCAGCGGTAGCAGCAGAATCTTCAACAGGTACTTGGACGACTGTATGGACAGACGGTTTAACTAGTTTAGATCGTTATAAAGGTCGTTGTTATGATATTGAACCAGTTCCAGGTGAAGAAAATCAATATATTGCATATATTGCTTACCCTTTAGATCTTTTTGAAGAAGGTTCTGTAACGAATTTATTTACTTCAATTGTAGGTAACGTTTTTGGTTTCAAAGCTCTTCGTGCATTACGTCTAGAAGATCTTCGTATTCCACCAGCGTATGTAAAAACTTTCCAAGGA
MK295220.1_L3_donor_450_r2,MK295220.1,Pseudochlorella pringsheimii,Green algae,MK295220.1,train,L3_donor_450,450,1050,2,2026454444,ATGTCTCCACAAACTGAAACTAAAGCAAGGGTGGGTTTCAAAGCAGGTGTTAAAGACTACCGTTTAACTTACTATACTCCTGATTACCAACCAAAAGATACTGATATTCTTGCAGCGTTCCGTATGACTCCTCAACCAGGTGTTCCACCAGAAGAAGCTGGTGCAGCGGTAGCAGCAGAATCATCAACTGGTACTTGGACGACTGTATGGACTGACGGTTTAACTAGTTTAGATCGTTACAAAGGTCGTTGTTATGATATCGAGCCAGTTCCAGGTGAAGAAAACCAATACATTGCATATATTGCATATCCTTTAGATCTTTTTGAAGAAGGTTCTGTAACAAACTTATTTACTTCAATTGTAGGTAACGTTTTTGGTTTCAAAGCTCTTCGTGCTTTACGTTTAGAAGATCTTCGTATTCCACCAGCATACGTAAAAACTTTCCAAGGT
MK806439.1_L3_donor_450_r2,MK806439.1,Lepisorus jakonensis,Ferns,MK806439.1,train,L3_donor_450,450,1050,2,460828901,ATGTCACCACAAACGGAGACTAAAGCGGGTGTTGGATTCAAAGCTGGTGTCAAAGATTATCGATTGACTTATTACACCCCCGAATACAAAACCAAAGATACCGATATCTTAGCAGCATTTCGAATGACCCCACAACCTGGAGTACCGGCTGAGGAAGCTGGAGCTGCGGTAGCTGCAGAATCCTCCACAGGTACGTGGACCACTGTATGGACAGATGGGTTGACTAGTCTTGACCGTTACAAGGGCCGATGCTATGACATCGAACCCGTCGCTGGGGAAGAGAATCAGTATATCGCGTATGTAGCTTATCCTTTGGATCTATTTGAAGAAGGTTCCGTTACTAATTTATTCACCTCCATAGTCGGTAATGTCTTCGGATTTAAGGCTCTGCGCGCTCTACGCTTGGAAGACCTTCGAATTCCTCCCGCTTATTCTAAAACTTTCATAGGA
MN030175.1_L3_donor_450_r2,MN030175.1,Botrypus virginianus,Ferns,MN030175.1,train,L3_donor_450,450,1050,2,2951739359,ATGTCACCACAAACGGAGACTAAAGCAGGTGTTGGATTCAAAGCTGGTGTTAAAGATTATCGATTGACCTATTACACTCCCGATTACAAAACCAAGGATACTGATATCCTAGCAGCTTTTCGAATGACTCCCCAACCTGGAGTGCCAGCTGAGGAAGCGGGAGCCGCGGTAGCTGCTGAATCTTCCACCGGTACGTGGACCACCGTATGGACCGATGGACTTACCAGCCTTGATCGTTACAAGGGTCGATGCTATGAAATCGAACCTGTTCCCGGGGAGGAGAATCAATTCATTGCTTATGTGGCGTATCCTCTAGATCTTTTTGAGGAAGGTTCTGTCACCAACATGTTCACTTCCATTGTAGGTAACGTATTCGGATTCAAGGCATTGAGAGCTTTACGGTTGGAAGATTCAAGAATCCCCCCTGCTTATTCTAAGACTTTCACGGGT
MN601490.1_L3_donor_450_r2,MN601490.1,Clematis sp. DPP-2019a,Other angiosperms,MN601490.1,train,L3_donor_450,450,1050,2,74206981,ATGTCACCACAAACAGAGACTAAAGCGAGTGTTGGCTTCAAAGCAGGTGTTAAAGAGTACAAATTGAATTATTATACTCCTGAATATGAACCCAAAGAAACTGATACCTTGGCGGCATTCCGAGTAAGTCCTCAACCTGGAGTTCCACCTGAAGAAGCAGGGGCTGCTGTAGCTGCCGAATCTTCTACGGGTACATGGACAACTGTGTGGACCGATGGACTTACCAGCCTTGATCGTTACAAAGGACGATGCTACGATATCGAGCCCGTTGCTGGAGAAGAAAATCAATATATTTGTTATGTAGCCTACCCTTTAGACCTTTTTGAAGAAGGTTCTGTTACTAACATGTTTACTTCTATTGTGGGTAATGTATTTGGGTTCAAAGCGTTACGCGCTCTACGTCTGGAAGATCTGCGAGTTCCTGTTGCTTATATTAAAACTTTCCAAGGC
MN793055.1_L3_donor_450_r2,MN793055.1,Chara vulgaris,Other green,MN793055.1,train,L3_donor_450,450,1050,2,993687790,ATGTCACCACAGACAGAAACTAAAACAAGTGCTGGATTTAAAGCAGGGGTAAAAGATTACAGATTAACTTACTATACTCCTGAGTATAAAACTAAAGATACTGACATTTTAGCTGCATTTCGTGTAACTCCACAACCTGGCGTTCCACCTGAAGAAGCAGGTGCTGCAGTAGCTGCAGAATCTTCCACTGGTACATGGACTACTGTTTGGACTGACGGATTAACTAGTTTAGACCGATACAAAGGAAGATGCTACGATATTGAACCTGTTGCTGGTGAAGAGAATCAGTTTATTGCATATGTTGCTTATCCTCTTGATTTATTTGAAGAAGGATCAGTAACAAATTTATTCACATCGATTGTAGGTAATGTATTTGGATTTAAAGCATTAAGGGCTTTACGTTTGGAAGATTTACGTATTCCTCCTGCTTATACAAAGACTTTTCAAGGG
MT439865.1_L3_donor_450_r2,MT439865.1,Glomerochrysis psammophila,SAR/other protist,MT439865.1,val,L3_donor_450,450,1050,2,1568941065,ATGTCTCAATCTGTATCAGAACGTACACGTATTAAGAGCGAACGTTATGAATCTGGTGTAATCCCTTACGCTAAAATGGGTTACTGGGATTCTAGTTACACAATCAAGAGTACGGATGTTCTTGCATTATTCCGTATTACACCTCAACCGGGCGTAGATCCAGTTGAAGCTGCTGCTGCCGTAGCGGGTGAATCTTCAACAGCTACATGGACTGTTGTATGGACAGATTTATTAACAGCATGTGATGTATACCGTGCAAAAGCATATCGTGTAGATCCGGTTCCAAGTGCTGCTGATCAATTCTTTGCATATATCGCATATGAAGGTGATTTATTTGAGGAAGGTTCATTAGCGAATATGACAGCTTCTATCATCGGTAACGTATTTGGTTTCAAAGCCGTTAAAGCGTTACGTTTAGAAGATATGCGTATTCCACACTCTTACTTAAAG
MW267923.1_L3_donor_450_r2,MW267923.1,Zygnema circumcarinatum,Other green,MW267923.1,train,L3_donor_450,450,1050,2,530977715,ATGTCACCACAAACAGAAACCAAAGCAGGTGCTGGATTTAAAGCAGGGGTAAAAGATTACCGACTTACCTATTACACTCCTGACTATGAAACTAAGGAAACCGATATCCTTGCTGCATTCCGTATGACTCCTCAACCTGGAGTTCCACCGGAAGAAGCAGGTGCTGCTGTAGCAGCAGAGTCCTCTACTGGTACATGGACTACTGTTTGGACCGATGGTCTTACTAGTCTAGATCGCTACAAAGGTAGATGCTATGATCTTGAACCAGTTCCTGGAGAAGAGAATCAATACATTGCATATATCGCATATCCTCTTGACCTATTCGAAGAAGGTTCTGTAACCAACTTGTTCACCTCTATTGTAGGAAACGTATTTGGATTTAAAGCACTTCGAGCTCTACGTTTAGAAGATTTACGTATTCCTCCAGCTTACTCTAAAACCTTCCAAGGC
MW524049.1_L3_donor_450_r2,MW524049.1,Dryopteris fragrans,Ferns,MW524049.1,train,L3_donor_450,450,1050,2,3822574119,ATGTCACCACAAACGGAGACTAAAGCAGGTGTTGGATTCAAAGCTGGTGTCAAAGATTATCGATTGACCTATTACACCCCCGAATACAAGACCAAAGATACCGATATCTTAGCAGCCTTTAGAATGACCCCACAACCCGGAGTACCGGCTGAGGAAGCCGGAGCTGCGGTAGCTGCGGAATCCTCCACGGGTACGTGGACCACTGTATGGACAGATGGGTTGACCAGTCTTGACCGTTACAAGGGCCGATGCTACGACATCGAACCCGTTGCTGGAGAGGAAAACCAGTATATCGCGTATGTAGCTTATCCTTTGGATCTATTCGAAGAAGGTTCTGTCACCAATCTGTTCACCTCCATTGTAGGTAATGTTTTCGGATTTAAGGCTCTACGCGCTTTACGCTTGGAAGACCTTCGAATCCCCCCCGCTTATTCTAAAACTTTCCTTGGA
MZ133428.1_L3_donor_450_r2,MZ133428.1,Corbierea radiosa,Green algae,MZ133428.1,train,L3_donor_450,450,1050,2,1062807805,ATGGTTCCACAAACAGAAACAAGAGCTGGTGCTGGGTTTAAAGCTGGTGTTAAAGATTATCGATTAACGTATTATACACCAGATTACGTAGTGAAAGACACTGATATTTTAGCTGCTTTCCGTATGACTCCACAACCAGGTGTTCCACCAGAAGAATGTGGTGCAGCTGTTGCAGCTGAATCATCAACAGGTACTTGGACAACTGTATGGACTGACGGTTTAACATCTTTAGATCGTTATAAAGGTCGTTGTTACGATATCGAACCTGTACCAGGGGAAGATAACCAATATATTGCTTATGTAGCATACCCAATTGACCTTTTTGAAGAAGGTTCTGTAACAAACTTATTAACTTCAATTGTAGGTAACGTTTTTGGTTTCAAAGCATTACGTGCATTACGTTTAGAAGATCTTCGTATTTCTTCTGCTTATGCTAAAACATTCCAAGGA
MZ714562.1_L3_donor_450_r2,MZ714562.1,Scutellaria indica var. tsusimensis,Eudicots,MZ714562.1,train,L3_donor_450,450,1050,2,2514355734,ATGTCACCACAAACTGAAACCAGAACAGGTACTGGCTTTAAAGCAGGCGTTAAGGACTATCGCCTAACTTACTACACTCCTGATTATGAGACCAAAGAGACTGATATCCTAGCTGCATTTCGGATGACTCCTCAACCTGGAGTTCCTCCTGAAGAAGCAGGTGCTGCGGTTGCAGCTGAATCTTCAACCGGTACCTGGACCACTGTATGGACCGATGGACTAACCAACCTTGATCGTTATAAGGGTCGCTGTTACGATATTGAACCTGTTGCTGGTGAGGAAAACCAATATATTGCATATGTGGCATATCCTTTGGACCTTTTTGAAGAGGGTTCAGTCACCAACCTGTTTACTTCTATTGTAGGAAACGTATTCGGCTTTAAGGCACTTCGTGCTCTTCGATTGGAAGATCTTCGCATTCCTCCAGCCTATGTGAAAACTTTCCAAGGT
OK588964.1_L3_donor_450_r2,OK588964.1,Hydrocleys nymphoides,Monocots,OK588964.1,train,L3_donor_450,450,1050,2,987083601,ATGTCACCACAAACGGAGACTAAAACAGGTGTTGGATTCAAAGCTGGTGTTAAAGATTACAAATTGACTTATTATACTCCTGAATATCAAACAAAAGATACTGATATCTTGGCAGCATTCCGAGTAACCCCGCAACCCGGAGTTCCACCTGAGGAAGCAGGGGCCGCAGTAGCTGCCGAATCTTCTACTGGTACATGGACAACCGTGTGGACTGATGGACTTACTAGTCTAGATCGTTACAAAGGACGATGCTACCACATCGAGCCTGTTATTGGGGAGGAAAATCAATATTTTTGTTATGTAGCTTATCCTTTGGACCTTTTTGAAGAAGGTTCCGTTACCAACATGTTTACTTCCATTGTAGGTAATGTATTTGGGTTTAAAGCTCTACGAGCTCTACGTTTGGAGGATTTGCGAATTCCTCCTGCTTATTCCAAAACTTTCCAAGGT
OK588972.1_L3_donor_450_r2,OK588972.1,Baldellia ranunculoides,Monocots,OK588972.1,train,L3_donor_450,450,1050,2,1855623362,ATGTCACCACAAACAGAGACTAAAACAGGTGTTGGATTCAAAGCCGGTGTTAAAGATTACAAATTGACTTATTATACTCCTGAATATCAAACCAAAGATACTGATATCTTGGCAGCATTCCGAGTAACTCCGCAACCGGGAGTTCCACCTGAGGAAGCAGGTGCCGCGGTAGCTGCCGAATCTTCTACTGGTACATGGACAACTGTGTGGACTGATGGACTTACTAGTTTGGATCGTTACAAAGGACGATGCTACCACATCGAACCTGTTATTGGAGAGGAAAATCAATATTTTTGTTATGTAGCTTATCCTTTAGACCTTTTTGAAGAAGGTTCTGTTACCAACATGTTTACTTCCATTGTAGGTAATGTATTTGGGTTTAAAGCTCTACGAGCTCTACGTTTGGAGGATTTGCGAATCCCTCCTGCTTATTCCAAAACTTTCCAAGGT
OK588984.1_L3_donor_450_r2,OK588984.1,Echinodorus paniculatus,Monocots,OK588984.1,train,L3_donor_450,450,1050,2,2837415694,ATGTCACCACAAACAGAGACTAAAACAGGTGTTGGATTCAAAGCAGGTGTTAAAGATTACAAATTGACCTATTATACTCCTGAATATCAAACCAAAGATACTGATATCTTGGCAGCATTCCGAGTAACCCCGCAACCCGGAGTTCCACCTGAAGAAGCAGGGGCCGCAGTAGCTGCCGAATCTTCTACTGGTACATGGACAACTGTGTGGACTGATGGACTTACTAGTCTTGATCGTTACAAAGGACGATGCTACCACATCGAACCTGTTATTGGAGAAGAAAATCAATATTTTTGTTATGTAGCTTATCCCTTAGACCTTTTTGAAGAAGGTTCTGTTACCAACATGTTTACTTCCATTGTAGGTAATGTATTTGGGTTTAAAGCTCTACGAGCTCTACGCTTGGAGGATTTGCGAATTCCTTCTGCTTATTCCAAAACTTTCCAAGGT
OK588986.1_L3_donor_450_r2,OK588986.1,Helanthium bolivianum,Monocots,OK588986.1,train,L3_donor_450,450,1050,2,2066537037,ATGTCACCGCAAACAGAGACTAAAACAGGTGTCGGATTCAAAGCTGGTGTTAAAGATTACAAATTGACTTATTATACTCCTGAATATCAAACCAAAGATACTGATATCTTGGCAGCATTCCGAGTAACCCCGCAACCTGGAGTTCCACCTGAGGAAGCAGGGGCCGCCGTAGCGGCCGAATCTTCTACTGGTACATGGACAACCGTGTGGACTGATGGACTTACTAGTCTTGATCGTTACAAAGGACGATGCTACCACATTGAACCTGTTATTGGAGAGGAAAATCAATATTTTTGTTATGTAGCTTATCCTTTAGACCTTTTTGAAGAAGGTTCCGTTACCAACATGTTTACTTCCATTGTAGGTAATGTATTTGGGTTTAAAGCTCTACGAGCTCTACGTTTGGAGGATTTGCGAATTCCTTCTTCTTATTCCAAAACTTTCCAAGGT
OK588987.1_L3_donor_450_r2,OK588987.1,Limnocharis flava,Monocots,OK588987.1,train,L3_donor_450,450,1050,2,1666239093,ATGTCACCACAAACAGAGACTAAAACAGGTGTTGGATTCCAAGCAGGTGTAAAAGATTACAAATTAACTTATTATACTCCTGAATATCAAACAAAAGATACTGATATCTTGGCAGCATTCCGAGTAACCCCGCAACCCGGGGTTCCACCTGAGGAAGCTGGGGCCGCAGTAGCCGCCGAATCCTCGACCGGTACATGGACAACTGTGTGGACTGATGGACTTACTAGTCTGGATCGTTACAAAGGACGATGCTACCACATCGAGCCTGTTATTGGAGAGGAAAATCAATATTTTTGTTATGTAGCTTATCCTTTGGACCTTTTTGAAGAAGGTTCCGTTACCAACATGTTTACTTCCATTGTGGGTAATGTATTTGGCTTTAAAGCTCTACGAGCTCTACGTTTAGAGGATTTGCGAATTCCGTCTTCTTATTCCAAAACTTTCCAAGGC
OL504528.1_L3_donor_450_r2,OL504528.1,Smilax weniae,Monocots,OL504528.1,train,L3_donor_450,450,1050,2,3079629372,ATGTCACCACAAACAGAGACTAAAGCAAGTGTTGGATTCAAAGCTGGTGTTAAAGATTACAAATTGACTTATTATACTCCTGACTATGAAACCAAAGATACTGATATCTTGGCAGCATTCCGAGTAACTCCTCAACCCGGAGTTCCGCCTGAAGAGGCAGGGGCAGCGGTAGCCGCAGAATCTTCTACTGGTACATGGACAACTGTGTGGACTGATGGACTTACCAGTCTTGATCGTTACAAAGGACGATGCTACCACATAGAGAGCGTTGTTGGGGAGGAAAATCAATATATTGCTTATGTAGCTTATCCTTTAGACCTTTTTGAAGAAGGCTCGGTTACTAACATGTTTACTTCCATTGTGGGTAATGTATTTGGTTTCAAAGCCCTACGAGCTCTACGTCTAGAGGATTTGCGAATTCCTACTTCTTATTCCAAAACTTTCCAAGGC
ON568338.1_L3_donor_450_r2,ON568338.1,Scytosiphon sp. Atlantic complex sp. 1,Brown algae,ON568338.1,test,L3_donor_450,450,1050,2,2588740753,ATGCCTGAAGATGTGCAGAATCGAACTCGAATAAAAAGTGAACGTTACGAATCAGGTGTTATTCCATATGCCAAAATGGGATATTGGGATGCCGATTATAACGTTAAAGAAACTGATATTCTAGCTCTTTTTCGTATCACTCCACAACCAGGTGTAGATCCCGTTGAAGCTGCCGCTGCTGTTGCCGGCGAATCTTCTACTGCAACATGGACGGTAGTTTGGACAGACTTATTAACTGCTTGTGATATCTATAGAGCAAAAGCATATAGAGTAGATCCAGTACCCGGAACAAGTGACCAATTCTTTGCTTACATAGCTTACGAATGTGATTTATTTGAAGAAGGTTCTCTTGCTAACTTAACAGCATCTATTATTGGTAACGTTTTCGGTTTCAAAGCTGTTAAAGCATTACGTTTAGAAGACATGAGAATTCCTTACGCTTACTTAAAA
ON684489.1_L3_donor_450_r2,ON684489.1,Juniperus navicularis,Conifers,ON684489.1,train,L3_donor_450,450,1050,2,3611193613,ATGTCACCAAAAACAGAGACTAAAGCAAGTGTCGGATTCAAAGCGGGTGTTAAAGATTACAGATTAACTTATTATACTCCGGAATATCAGACCAAAGATACTGATATCTTGGCAGCATTCCGAGTCACTCCTCAACCTGGAGTGCCCCCCGAAGAAGCGGGAGCAGCGGTAGCTGCCGAATCTTCCACTGGTACGTGGACCACTGTTTGGACCGATGGCCTTACCAGTCTTGATCGCTACAAGGGGCGATGCTATGATATTGAACCCGTTCCTGGAGAAGAAACTCAATTTATTGCCTATGTAGCTTACCCTTTAGACCTTTTTGAAGAAGGCTCTGTGACTAACCTGTTTACTTCTATTGTAGGTAATGTATTTGGATTCAAAGCTTTACGGGCTCTACGTCTGGAAGATTTACGAATTCCTCCTGCTTATTCAAAAACTTTTCAAGGC
ON920851.1_L3_donor_450_r2,ON920851.1,Pseudostaurastrum enorme,SAR/other protist,ON920851.1,train,L3_donor_450,450,1050,2,3642919400,ATGTTTCAATCTGTAGAAGAAAGAACACGAATTAAAAATGAACGTTATGAATCAGGTGTAATCCCTTACGCTGAAATGGGATATTGGGATGCTAATTATACAGTTAAAGATACTGATGTATTAGCTTTATTCCGTATTACTCCACAACCTGGTGTTGATCCTATTGAAGCGGCAGCAGCGGTAGCTGGTGAATCTTCAACAGCAACATGGACTGTTGTATGGACTGACTTACTAACTGCTTGTGACGTTTATCGTGCAAAAGCTTACAAAGTAGATACAGTTCCGGGTGCAGCAGACCAATTCTTTGGATTTATCGCTTATGAATGTGATTTATTTGAAGAAGGATCACTTGCAAACTTAACAGCATCAATTATTGGTAACGTGTTCGGTTTCAAAGCTGTAAAAGCTCTTCGTTTAGAAGACATGCGTATTCCTTACGCTTACTTAAAA
ON933796.1_L3_donor_450_r2,ON933796.1,Commiphora wightii,Eudicots,ON933796.1,train,L3_donor_450,450,1050,2,2858204278,ATGAGTTGTAGGGAGGGACTTATGTCACCACAAACAGAGACTAAAGCAAGTGTTGGATTCAAAGCCGGTGTTAAAGACTATAAATTGAATTATTATACTCCTCAATATCAAACCAAAGATACTGATATCTTGGCAGCATTCCGAGTAACTCCTCAACCCGGAGTTCCACCCGAGGAAGCGGGGGCCGCGGTAGCTGCGGAATCTTCTACTGGTACATGGACAACTGTGTGGACCGATGGGCTTACCAGCCTTGATCGTTACAAAGGACGATGCTACAACATTGAGCCCGTTGCTGGAGAAGAAAATCAATATATATGTTATGTAGCTTACCCTTTAGACCTTTTTGAAGAAGGTTCTGTTACTAACATGTTTACTTCCATTGTGGGTAATGTATTTGGGTTCAAAGCCCTGCGCGCTCTACGTCTAGAGGATCTACGAATCCCTACCGCG
OP237580.1_L3_donor_450_r2,OP237580.1,Baolia bracteata,Eudicots,OP237580.1,train,L3_donor_450,450,1050,2,75513479,ATGTCACCACAAACAGAGACTAAAGCAAGTGTTGGATTTAAAGCGGGTGTTAAAGATTACAAATTGACTTATTATACTCCTGAGTATGAAACCCAAGATACTGATATCTTGGCAGCATTCCGAGTAACTCCTCAACCTGGAGTTCCACCCGAAGAAGCAGGGGCTGCAGTAGCTGCCGAATCTTCTACTGGTACATGGACAACTGTATGGACCGACGGACTTACCAGTCTTGATCGTTACAAAGGACGATGCTACCACATCGAGCCCGTTGCTGGAGAAGAAAATCAATATATTTGTTATGTAGCGTATCCTTTAGACCTTTTTGAAGAAGGTTCTGTTACTAACATGTTTACTTCCATTGTGGGTAACGTATTTGGGTTCAAAGCCCTGCGTGCTCTACGTTTGGAGGATTTGCGAATCCCTGTTGCTTATATAAAAACTTTCCAAGGC
OP330067.1_L3_donor_450_r2,OP330067.1,Asplenium trichomanes,Ferns,OP330067.1,train,L3_donor_450,450,1050,2,3792398129,ATGTCGCCACAAACGGAGACTAAGGCGGGTGTTGGATTCAAAGCTGGTGTCAAAGATTACCGGCTGACTTATTACACCCCCGAATACAAAGTTAAAGATACTGATATTTTGGCAGCTTTTCGGATGACCCCACAACCCGGAGTACCAGCTGAAGAAGCTGGAGCTGCAGTAGCTGCGGAGTCCTCTACAGGTACGTGGACCACTGTTTGGACAGATGGGTTGACTAGTCTTGACCGTTACAAGGGCCGATGCTACGATATTGAGCCCGTCGCTGGAGAGGAAAATCAGTATATCGCGTATGTAGCTTATCCCTTGGACCTTTTTGAAGAAGGTTCCGTCACCAACCTGTTTACTTCCATTGTAGGTAACGTTTTTGGATTTAAAGCTCTACGTGCCCTACGCTTGGAAGACCTTCGAATCCCTCCCGCTTACTCTAAAACTTTCATCGGA
OQ863300.1_L3_donor_450_r2,OQ863300.1,Laurencia catarinensis,Red algae,OQ863300.1,train,L3_donor_450,450,1050,2,4143595115,ATGTCTAACTCTGTAGAAGAACGGACACGGATTAAAAACGAACGTTATGAATCTGGTGTAATTCCATACGCAAAAATGGGATACTGGGACCCTAACTATGTAGTTAAAGATACAGATATATTAGCTCTGTTTAGAGTTAGTCCACAACCAGGAGTAGATCCAGTAGAAGCTTCTGCAGCCGTTGCAGGTGAATCATCTACTGCAACATGGACTGTTGTATGGACAGATTTATTAACAGCTTGCGATTTATATCGTGCAAAAGCATATAAAGTAGATGCTGTACCAAATACTTCTGACCAATATTTCGCATATATAGCTTATGATATTGATTTATTTGAAGAGGGATCTATTGCTAATTTAACTGCTTCTATTATTGGTAATGTATTTGGATTTAAAGCAGTTAAAGCATTAAGGCTTGAAGATATGCGTATTCCTGTAGCATATCTTAAA
OQ863312.1_L3_donor_450_r2,OQ863312.1,Laurencia sp. A25,Red algae,OQ863312.1,train,L3_donor_450,450,1050,2,820149078,ATGTCTAACTCTGTAGAAGCACGGACACGGATTAAAAACGAACGTTATGAATCTGGTGTAATTCCATACGCAAAAATGGGATACTGGGACCCTAACTACGTAGTTAAAGATACAGATATATTAGCTCTATTTAGAGTTAGTCCACAACCAGGAGTAGATCCAGTAGAGGCTTCTGCAGCAGTTGCAGGTGAATCATCTACTGCAACATGGACTGTTGTATGGACAGATTTATTAACAGCTTGTGATTTATATCGTGCAAAAGCATATAAAGTAGATGCTGTACCAAATACTTCTGATCAATATTTTGCATATATAGCTTATGATATTGACTTATTTGAAGAAGGATCTATTGCCAATTTAACTGCTTCTATTATTGGTAATGTATTTGGATTTAAAGCAGTTAAAGCATTAAGACTTGAAGATATGCGTATTCCTGTAGCATATCTTAAG
OQ868456.1_L3_donor_450_r2,OQ868456.1,Pteris pseudowulaiensis,Ferns,OQ868456.1,train,L3_donor_450,450,1050,2,1408127961,ATGTCGCCACAAACGGAGACTAAAGCAGGTGTTGGATTCAAAGCTGGTGTCAAAGATTATCGATTGACTTATTACACTCCCGAATACAAGACCAAAGATACTGATATATTAGCGGCTTTCCGAATGACCCCACAACCTGGAGTACCAGCTGAGGAGGCCGGAGCTGCAGTAGCTGCGGAATCCTCTACGGGTACCTGGACCACGGTATGGACAGACGGACTTACCAGTCTCGATCGCTACAAGGGCCGGTGTTACGATATTGAGCCTGTTGCTGGGGAGGAAAATCAGTATATTGCGTATGTAGCTTATCCTCTGGATTTATTCGAGGAAGGTTCCGTCACCAATATGCTGACTTCCATTGTAGGTAATGTTTTTGGCTTCAAGGCCCTACGCGCTCTGCGTCTGGAAGACCTACGAATTCCTCCTGCGTATTCCAAAACTTTTATAGGA
OR165438.1_L3_donor_450_r2,OR165438.1,Cyanotis obtusa,Monocots,OR165438.1,test,L3_donor_450,450,1050,2,1044608430,ATGTCACCACAAACAGAGACTAAAGCAAGTGTTGGATTTAAAGCGGGTGTTAAAGATTATAAATTGACTTATTATACTCCTGAGTACCAAACCAAAGATACTGATATATTGGCAGCATTCCGAGTAACTCCTCAACCAGGAGTTCCGCCTGAGGAAGCAGGTGCTGCGGTAGCTGCCGAATCTTCTACTGGTACATGGACAACCGTGTGGACTGATGGACTTACCAGTCTTGATCGTTACAAAGGACGATGCTATCACATCGAGCCCGTTCCTGGGGAGGAAAGTCAATTTATTGCTTATGTAGCTTATCCTTTAGACCTTTTTGAAGAAGGTTCTGTTACTAACATGTTTACTTCCATTGTAGGTAATGTATTTGGTTTCAAAGCCCTGCGAGCTCTACGTTTGGAGGATTTGCGAATTCCTACTTCTTATGTCAAAACTTTTCAGGGT
OR165493.1_L3_donor_450_r2,OR165493.1,Tradescantia fluminensis,Monocots,OR165493.1,train,L3_donor_450,450,1050,2,3520191029,ATGTCACCACAAACAGAGACTAAAGCAAGTGTTGGATTTAAAGCGGGTGTTAAAGATTATAAATTGACTTATTATACTCCTGAGTACCAAACTAAAGATACTGATATATTGGCAGCATTCCGAGTAACTCCTCAACCAGGAGTTCCGCCGGAGGAAGCAGGGGCTGCGGTAGCTGCGGAATCTTCTACTGGTACATGGACAACTGTGTGGACTGATGGACTTACCAGTCTTGATCGATACAAAGGACGATGCTACCACATCGAGCCTGTTCCTGGGGAGGAAAGTCAATTTATTGCTTATGTAGCTTATCCTTTAGACCTTTTTGAAGAAGGTTCTGTTACTAACATGTTTACTTCCATTGTAGGTAATGTATTTGGTTTCAAAGCCCTGCGAGCTCTACGTTTGGAGGATTTGCGAATTCCCATTGCTTATGTCAAAACTTTTGAAGGC
OR359632.1_L3_donor_450_r2,OR359632.1,Amoenothamnion planktonicum,Red algae,OR359632.1,train,L3_donor_450,450,1050,2,180267111,ATGTCTAACTCTGTAGAAGAACGGACAAGAATTAAAAATGAACGTTATGAATCTGGTGTAATCCCTTATGCAAAAATGGGATATTGGGATCCAGAATATGTGGTTAAAGATACAGACGTATTAGCTCTGTTTCGTGTATCTCCACAGCCAGGCGTTGACCCAATTGAAGCTTCTGCTGCAGTTGCTGGTGAATCATCTACTGCTACTTGGACTGTAGTATGGACTGATTTATTAACAGCTTGTGATTTATATAGAGCTAAAGCTTATAAAGTAGATGCTGTTCCAAATACTTCTGATCAATACTTTGCATATATCTCATATGATATTGATCTATTTGAAGAAGGATCAATTGCAAACTTAACAGCTTCAATCATTGGTAACGTATTTGGCTTTAAAGCAGTTAAAGCTTTAAGACTAGAAGATATGCGTATTCCTTATGCTTACTTAAAA
PP263658.1_L3_donor_450_r2,PP263658.1,Daphniphyllum macropodum subsp. humile,Eudicots,PP263658.1,val,L3_donor_450,450,1050,2,2113772746,ATGAGTTGTAGGGAGGGACTTATGTCACCACAAACAGAGACTAAAGCAAGTGTTGGATTCAAAGCTGGTGTTAAAGATTACAAATTGACTTATTATACTCCTGACTATGACACCAAAGATACTGATATCTTGGCAGCATTCCGAGTAACTCCTCAACCTGGAGTTCCACCTGAGGAAGCAGGGGCCGCGGTAGCTGCGGAATCTTCTACTGGTACATGGACAACTGTGTGGACCGATGGACTTACCAGCCTTGATCGTTACAAAGGACGATGCTACCATATCGAGCCCATCGCTGGAGAAGAAAATCAATTTATTGCTTATGTAGCTTACCCTTTAGACCTTTTTGAAGAAGGGTCTGTTACTAACATGTTTACTTCCATTGTGGGTAATGTATTTGGGTTCAAAGCCCTGCGCGCTCTACGTCTGGAGGATCTGCGAATCCCTCCTGCT
PQ031122.1_L3_donor_450_r2,PQ031122.1,Mallomonas flora,SAR/other protist,PQ031122.1,train,L3_donor_450,450,1050,2,2304504487,ATGAGTACAGGAGAAAGAACGCGTATTAAATCAGAACGTTATGAATCTGGAGTAATCCCATACAAAAAAATGGGTTATTGGGATGCAGACTACACAGTTAAAGATACTGATGTTTTATGTCTTTTCCGTATTACACCACAACCAGGAGTTGATCCAGTTGAAGCTGCAGCAGCTGTTGCTGGAGAATCATCAACTGCTACTTGGACTGTTGTATGGACAGATTTATTAACTGCTTGTGATGTATATCGTGCAAAAGCTTATTTCGTTGAAGAAGTTCCTAATGCAGTAGATGAATTCTTTGCATTTATTGCTTACGAATGTGACTTATTTGAAGAAGGTTCAATTTCTAACTTAACAGCTTCTATTATTGGAAACGTTTTTGGATTTAAAGCCGTTAAATGTTTACGTTTAGAAGATATGCGTATTCCTTATGCATACTTAAAAACTTTC
PQ031123.1_L3_donor_450_r2,PQ031123.1,Mallomonas striata,SAR/other protist,PQ031123.1,train,L3_donor_450,450,1050,2,97987817,ATGAGTGATGCAGTAGAAAGAACACGTATTAAATCAGAACGTTATGAATCTGGAGTAATTCCATATAAAAAAATGGGTTATTGGGATGCAGACTATACAGTGAAAGAAACTGATGTTCTTTGTCTTTTCCGTATTACACCACAACCAGGTGTTGACCCAGTAGAAGCTGCTGCAGCTGTAGCTGGAGAATCATCTACAGCTACATGGACAGTTGTATGGACAGATTTATTAACAGCTTGTGATGTATATCGTGCTAAAGCTTATTTCGTGGAAGAAGTTCCAAATAAACCAGATGAATTCTTTGCATTTATTGCTTACGAATGTGATTTATTTGAAGAAGGTTCAATTGCAAATTTAACAGCTTCTATTATTGGGAACGTTTTCGGATTTAAAGCCGTTAAAGCTTTACGTTTAGAAGATATGCGTATTCCGTATGCTTATTTAAAAACT
PQ031125.1_L3_donor_450_r2,PQ031125.1,Mallomonas kalinae,SAR/other protist,PQ031125.1,train,L3_donor_450,450,1050,2,2567978201,ATGAGTGATGCATCAGAAAGAACGCGTATTAAATCAGAACGTTATGAATCTGGAGTAATTCCATACAAAAAAATGGGGTATTGGGATGCTGATTATTCAGTAAAAGAAACTGACGTTTTATGTCTTTTCCGTATTACACCACAACCAGGAGTTGATCCTATTGAAGCTGCTGCAGCTGTAGCTGGAGAATCTTCAACAGCAACTTGGACAGTTGTTTGGACTGACTTATTAACAGCTTGTGATGTATATCGTGCAAAAGCATATTTCGTAGAAGAAGTACCAAATAAACCAGAAGAATTCTTCGCTTTTATCGCATACGAATGTGATTTATTTGAAGAAGGTTCTATTGCTAACTTAACAGCATCAATTATCGGAAACGTTTTTGGTTTCAAAGCTGTTAAAGCATTACGTTTAGAAGATATGCGTATTCCTTTTGCTTACCTAAAAACT
PQ031131.1_L3_donor_450_r2,PQ031131.1,Mallomonas annulata,SAR/other protist,PQ031131.1,train,L3_donor_450,450,1050,2,2511554046,ATGAGTGATGCAGTAGAAAGAACACGTATTAAATCAGAACGTTATGAATCAGGAGTAATTCCATACAAAAAAATGGGTTATTGGGATGCAGACTATACAATTAAAGATAGTGATGTATTATGTCTTTTCCGTTTAACACCACAACCAGGAGTTGACCCAGTTGAAGCTGCTGCAGCTGTTGCTGGAGAATCATCTACTGCTACTTGGACAGTTGTATGGACTGATTTATTAACAGCATGTGATGTATATCGTGCTAAAGCTTACTTCGTTGAAGAAGTTCCAAACAAACCAGACGAATTTTTCGCTTTTATCGCATACGAATGTGATTTATTTGAAGAAGGTTCTATTGCTAACTTAACAGCATCTATCATCGGAAACGTTTTCGGTTTCAAAGCCGTTAAAGCTTTACGTTTAGAAGATATGCGTATTCCTTATGCATACTTAAAAACT
PQ031145.1_L3_donor_450_r2,PQ031145.1,Mallomonas splendens,SAR/other protist,PQ031145.1,val,L3_donor_450,450,1050,2,459163169,ATGAGTGATGCATCAGAAAGAACGCGTATTAAATCAGAACGTTATGAATCTGGAGTAATTCCATACAAAAAAATGGGTTATTGGGATGCAGATTACACAGTAAAAGATTCTGATGTATTATGTCTTTTCCGTTTAACACCACAACCAGGTGTTGACCCGATTGAAGCAGCAGCTGCTGTTGCTGGAGAATCTTCTACAGCTACTTGGACTGTTGTTTGGACTGATTTATTAACAGCATGTGATGTATATCGTGCTAAAGCTTATTTTGTTGAAGAAGTTCCAAATAAAGTTGATGAATACTTTGCCTTTATTGCTTACGAATGTGATTTATTTGAAGAAGGTTCAATTGCAAACTTAACTGCTTCAATTATTGGAAACGTTTTTGGTTTCAAAGCTGTAAAAGCATTACGTTTAGAAGATATGCGTATTCCTTATGCATATTTAAAAACT
PQ213023.1_L3_donor_450_r2,PQ213023.1,Vaucheria litorea,SAR/other protist,PQ213023.1,train,L3_donor_450,450,1050,2,2287912865,ATGTCTAAGTCTGTACAAGAGCGTACTCGAATTAAAAGCCAACGTTATGAATCTGGTGTAATTCCTTATGCGAAAATGGGTTATTGGGATGCATTTTATAATGTAAAACATACGGATGTATTAGCGTTATTTCGTATTACTCCGCAACCTGGTGTAGATCCTGTAGAAGCAGCAGCAGCTGTTGCTGGTGAATCTTCAACTGCGACTTGGACAGTAGTATGGACTGATTTATTAACTGCTTGTGATATTTATCGTGCAAAAGCATATCGTGTAGATCCAGTTCCTGGAACAACTGATCAATATTTTGCATATATTTCATATCAAATTGAATTATTTGAAGAAGGGTCATTAGCAAATTTAACTGCATCAATCATTGGTAATGTTTTTGGATTTAAAGCTGTTAAAGCTTTACGTTTAGAAGATATGCGAATTCCTTTTGCATATTTAAAA
PQ791840.1_L3_donor_450_r2,PQ791840.1,Pelagomonas calceolata,SAR/other protist,PQ791840.1,train,L3_donor_450,450,1050,2,2775453495,ATGTCTCAAAATGTATCTGAACGTACAAGAATTAAAAGTGAACGTTACGAATCTGGTGTAATCCCTTACGCTAAAATGGGTTACTGGGATGCTAACTACGCAGTTAAGACAACTGACTTATTAGCATTATTCCGTATCACTCCACAACCAGGTGTTGACCCAGTTGAAGCTGCTGCTGCAGTTGCTGGTGAGTCTTCTACTGCAACATGGACTGTTGTATGGACTGACTTATTAACTGCTTGTGATATCTACCGTGCTAAGGCATTCCGTGTAGATCCAGTTCCAAGTGCTCCTGATCAATTCTTCGCGTACGTAGCATACGAAGGTGACTTATTCGAGGAAGGTTCTTTAGCGAACATGACTGCTTCGATTATTGGTAACGTATTCGGTTTCAAAGCTGTTAAAGCGTTACGTTTAGAAGATATGCGTATCCCACACACTTACTTAAAG
PQ791846.1_L3_donor_450_r2,PQ791846.1,Arachnochrysis pilardiaziae,SAR/other protist,PQ791846.1,train,L3_donor_450,450,1050,2,855699714,ATGTCTCAATCTGTATCAGAACGTACACGAATTAAGAGCGAACGTTATGAATCTGGAGTAATTCCTTATGCTAAAATGGGTTACTGGGATTCTAACTATACCATTAAGACTACTGATGTTCTTGCGCTATTCCGTATTACTCCTCAACCAGGTGTGGACCCGGTTGAAGCGGCTGCAGCTGTAGCAGGGGAGTCTTCAACAGCTACATGGACTGTTGTATGGACAGATTTATTGACTGCATGTGATATTTACCGTGCGAAAGCCTATCGTGTAGACCCAGTTCCCAGTGCAGCGGATCAATTCTTTGCATATATCGCTTATGAAGGTGATTTATTTGAAGAAGGTTCATTAGCAAACATGACTGCATCAATTATCGGGAACGTATTTGGTTTTAAAGCTGTTAAAGCCTTACGTTTAGAAGATATGCGAATTCCGCACTCTTACTTAAAA
PV575775.1_L3_donor_450_r2,PV575775.1,Sargassum hemiphyllum var. chinense,Brown algae,PV575775.1,train,L3_donor_450,450,1050,2,414637399,ATGCCTGAGAACGTACAGGAAAGAACTCGAATAAAAAGTGAGCGTTATGAATCTGGTGTAATACCATATGCTAAAATGGGATATTGGGATGCAGATTACAAGGTTAAAGAAACTGATATTCTAGCTCTATTTCGTATAACTCCTCAACCAGGTGTAGATCCTCTAGAAGCTGCGGCTGCTGTTGCCGGTGAATCTTCTACAGCAACATGGACAGTAGTATGGACAGATTTACTGACGGCTTGTGATATCTACCGAGCGAAAGCATATCGTGTCGATCCTGTTCCAGGAACAAACGATCAATATTTCTCATACATTGCATATGAATGTGATTTATTTGAGGAAGGTTCTCTTGCAAACTTAACTGCATCTATTATCGGTAACGTTTTTGGTTTTAAAGCTGTTAAAGCATTACGTTTAGAAGATATGAGAATTCCTTACGCTTACCTTAAA
PV999901.1_L3_donor_450_r2,PV999901.1,Pseudoderbesia sp. HV-2025c,Green algae,PV999901.1,train,L3_donor_450,450,1050,2,3973571647,ATGGGTCCAAAAACAGAAACTAAGGCAGGTGCTGGTTTTAAGGCAGGGGTAAAAGATTATCGCCTCACTTATTATACACCAGACTATCAAGTGAAAGACACAGATGTGTTAGCTGCATTTCGTATGACTCCGCAACCTGGGGTACCCGCTGAAGAGTGTGGTGCAGCGGTAGCCGCGGAATCTTCAACAGGGACATGGACAACTGTATGGACAGATGGTTTAACAAGTTTAGATAGCTATAAAGGCCGTTGTTATGATATCGAGCCTGTTGCTGGTGAAGATAACCAGTATATCGCTTATGTTGCTTATCCTTTAGATTTATTTGAAGAAGGGTCTGTAACGAACTTATTCACTTCCATTGTTGGAAACGTCTTTGGTTTTAAAGCTTTACGTGCTCTACGTTTAGAAGATCTTCGAATCCCGGTTTCTTATGTGAAAACATTCCAAGGC
PV999913.1_L3_donor_450_r2,PV999913.1,Pseudoderbesia epilithica,Green algae,PV999913.1,train,L3_donor_450,450,1050,2,866337829,ATGGCTCCAAAAACTGAAACAAAAGCAGGTGCAGGATTTAAAGCAGGGGTAAAAGACTATCGTTTAACTTACTATACACCGGATTATCAAACAAAAGATACAGATATTCTTGCTGCTTTTCGTATGACTCCACAGCCAGGTGTACCACCAGAAGAATGTGGCGCTGCTGTAGCTGCAGAATCCTCAACAGGAACATGGACAACGGTATGGACAGATGGTTTAACAAGTTTAGATCGTTACAAAGGTCGTTGTTATGATTTAGAACCTGTAAAAGGTGAAGAAAATCAATATATTGCATATGTAGCATACCCACTTGATTTATTTGAAGAAGGTTCAGTAACTAATTTATTTACTTCAATTGTAGGTAATGTATTTGGTTTTAAAGCTTTACGTGCCCTTCGTTTAGAAGATTTACGTATTTCTGTAGCATATGCAAAAACTTTCCAAGGA
PX743792.1_L3_donor_450_r2,PX743792.1,Stemona parviflora,Monocots,PX743792.1,val,L3_donor_450,450,1050,2,2585517276,ATGTCACCACAAACAGAGACTAAAGCAAGTGTTGGATTCAAAGCTGGTGTTAAAGATTACAAATTGACTTATTATACTCCTGATTACGAAACCAAGGATACTGATATCTTGGCAGCATTTCGAGTAACTCCTCAACCCGGAGTTCCGCCTGAAGAAGCAGGGGCTGCGGTAGCTGCTGAATCTTCTACTGGTACATGGACAACTGTGTGGACTGATGGACTTACCAGTCTTGATCGTTACAAAGGACGATGCTACCACATCGAGAGCGTTGTTGGGGAGGAAAATCAATATATTGCTTATGTAGCTTATCCTTTAGACCTTTTTGAAGAAGGTTCTGTTACTAATATGTTTACTTCCATTGTAGGTAATGTATTTGGTTTCAAAGCCCTACGAGCTCTACGTCTGGAGGATCTGCGAATTCCTCCTGCCTATTCCAAGACTTTTCAAGGA
PX743818.1_L3_donor_450_r2,PX743818.1,Corydalis caudata,Other angiosperms,PX743818.1,train,L3_donor_450,450,1050,2,3728257588,ATGAGTTGTAGGGAGGGACTTATGTCACCACAAACAGAGACTAAAGCAAGTGTTGGATTCAAAGCTGGTGTTAAAGATTACAAATTGACTTATTATACTCCTGACTATGAAACAAAAGATACTGATATCTTGGCAGCATTCCGAGTCACTCCTCAACCTGGAGTTCCACCTGAGGAAGCAGGGGCCGCGGTAGCTGCCGAAAGTAACTTGCACACATGGACAACTGTGTGGACCGATGGGCTTACCAGCCTTGATCGTTACAAAGGACGATGCTATCACATCGAGCCAGTTGCTGGAGAAGACAATCAATATATTTGTTATGTAGCTTACCCTTTAGACCTTTTTGAAGAAGGCTCTGTTACTAATATGTTTACTTCCATTGTGGGTAATGTATTTGGGTTCAAAGCACTACGGGCTCTACGTCTGGAGGATCTGCGAATTCCTCCCGCT
PX743828.1_L3_donor_450_r2,PX743828.1,Arcangelisia gusanlung,Other angiosperms,PX743828.1,train,L3_donor_450,450,1050,2,3354204605,ATGAGTTGTAGGGAGGGACTTATGTCACCACAAACAGAGACTAAAGCAAGTGTTGGATTCAAAGCTGGTGTTAAAGATTACAAATTGACTTATTATACTCCTGACTATGTAACCAAAGATACTGATACGCTAGCAGCATTCCGAGTAACTCCTCAACCTGGAGTTCCGCCTGAAGAAGCGGGGGCTGCGGTAGCTGCCGAATCTTCTACAGGTACATGGACAACTGTGTGGACCGATGGACTTACCAGTCTTGATCGTTACAAAGGACGATGCTACCACATTGAGCCCGTTGCTGGGGAAGAAAATCAATATATTTGTTATGTAGCTTACCCCTTAGACCTTTTTGAAGAAGGTTCTGTTACTAATATGTTTACTTCCATTGTGGGTAATGTTTTTGGGTTCAAAGCGCTACGCGCTCTACGTCTGGAGGATCTGCGAATTCCTACTGCT
PX743839.1_L3_donor_450_r2,PX743839.1,Thalictrum fortunei,Other angiosperms,PX743839.1,test,L3_donor_450,450,1050,2,2521830688,ATGTCACCACAAACAGAGACTAAAGCAAGTGTTGGCTTCAAAGCGGGTGTTAAAGATTACAAATTGACTTATTATACTCCTGAATATGAACCCAAAGATACTGATACCTTGGCGGCATTCCGAGTAACTCCTCAACCGGGAGTTCCTGCTGAAGAAGCAGGGGCTGCTGTAGCTGCCGAATCTTCTACAGGTACATGGACAACTGTGTGGACCGATGGACTTACCAGCCTTGATCGTTACAAAGGACGATGCTACCACATCGAGCCCGTTGCTGGAGAAGAAAATCAATATATTTGTTATGTAGCCTATCCTTTAGACCTTTTTGAAGAAGGTTCTGTTACTAACATGTTTACTTCCATTGTGGGTAATGTATTTGGGTTCAAAGCGTTGCGCGCTCTACGCCTGGAGGATCTGCGAATTCCTGTTGCTTATGTTAAAACTTTCCAAGGC
PX743843.1_L3_donor_450_r2,PX743843.1,Sabia discolor,Other angiosperms,PX743843.1,train,L3_donor_450,450,1050,2,1499794439,ATGTCACCACAAACAGAGACTAAAGCAAGTGCTGGATTCAAAGCTGGTGTTAAAGATTACAAATTGAATTATTATACTCCTGAATATAACACCCTAGACACTGATATCTTGGCAGCATTCCGAGTAACTCCTCAACCAGGAGTTCCACCTGAGGAAGCAGGCGCCGCGGTAGCTGCCGAATCTTCTACTGGTACATGGACAACTGTGTGGACCGATGGACTTACCAGCCTTGATCGTTACAAAGGGCGATGCTACCACATCGAGCCCGTTGCTGGAGAAGAAAATCAATATATTGCTTATGTAGCTTACCCTTTAGACCTTTTTGAAGAGGGTTCTGTTACTAACATGTTTACTTCCATTGTAGGTAATGTATTTGGGTTCAAAGCCCTACGCGCTCTACGTCTGGAGGATCTGCGAATCCCTCCGGCTTACATTAAAACTTTCCAAGGC
PX743855.1_L3_donor_450_r2,PX743855.1,Saxifraga unguiculata,Eudicots,PX743855.1,test,L3_donor_450,450,1050,2,2845171952,ATGTCACCACAAACAGAGACTAAAGCGAGTGTTGGATTCAAAGCCGGTGTTAAAGATTACAAATTGACTTATTATACCCCTGATTATGAAACCAAAGATACTGATATCTTGGCAGCATTCCGAGTAACTCCTCAACCTGGAGTTCCACCTGAGGAAGCAGGGGCCGCAGTAGCTGCTGAATCTTCTACTGGCACATGGACAACTGTATGGACCGATGGACTTACCAACCTTGATCGTTACAAAGGACGATGCTATCACATAGAGCCCGTTGCTGGAGAAGAAAATCAATTTATTGCTTATGTAGCTTACCCCTTAGACCTTTTTGAAGAAGGTTCTGTTACTAATATGTTTACTTCCATTGTGGGTAATGTATTTGGGTTCAAAGCCCTGCGCGCTCTACGTCTAGAGGATCTGCGAATCCCTGTTGCGTATGTTAAAACTTTTCAAGGC
PX743950.1_L3_donor_450_r2,PX743950.1,Myrica nana,Eudicots,PX743950.1,train,L3_donor_450,450,1050,2,2007120204,ATGTCACCACAAACAGAGACTAAAGCAAGTGTTGGATTCAAAGCTGGTGTTAAAGATTATAAATTGACTTATTATACTCCTGACTATGAAACCAAGGATACTGATATCTTGGCAGCGTTCCGAGTAACTCCTCAACCTGGAGTTCCGCCTGAGGAAGCAGGGGCAGCAGTAGCTGCTGAATCTTCTACTGGTACATGGACAACTGTGTGGACCGATGGGCTTACTAGTCTTGATCGTTACAAAGGACGATGCTACCACATCGAGCCAGTTGCTGGAGAAGAAAGTCAATTTATTGCTTATGTAGCTTACCCCTTAGACCTTTTTGAAGAAGGTTCTGTTACTAACATGTTTACTTCCATTGTGGGTAATGTATTTGGATTCAAGGCCCTGCGCGCTCTACGTCTGGAGGATTTGCGAATCCCTACTTCTTATGTTAAAACTTTCCAAGGC
PX743996.1_L3_donor_450_r2,PX743996.1,Acalypha matsudae,Eudicots,PX743996.1,train,L3_donor_450,450,1050,2,3850177046,ATGTCACCACAAACAGAGACTAAAGCAAGTGTTGGGTTCAAGGCTGGTGTTAAAGATTATAAATTGACTTATTTTACTCCTGACTATCAAACCAAAGATACTGATATCTTGGCAGCATTCCGAGTAACTCCTCAACCTGGAGTTCCGCCGGAGGAAGCAGGAGCTGCGGTAGCTGCTGAATCTTCTACTGGTACATGGACAACTGTGTGGACCGATGGGCTTACCAGTCTTGATCGTTATAAAGGACGATGCTACGACATCGAGCCCGTTGCTGGAGAGGAAAATCAATATATTGCTTATGTAGCTTACCCATTAGACCTTTTTGAAGAAGGTTCTGTTACTAACATGTTTACTTCCATTGTGGGTAATGTATTTGGGTTCAAAGCCCTACGCGCCCTACGTCTGGAGGATTTGCGAATCCCTACTGCTTATATTAAAACTTTCCAAGGG
PX743998.1_L3_donor_450_r2,PX743998.1,Falconeria insignis,Eudicots,PX743998.1,train,L3_donor_450,450,1050,2,3431968965,ATGTCACCACAAACAGAAACTAAAGCAAGTGTTGGATTCAAGGCTGGTGTTAAAGATTATAAATTGACTTATTATACTCCTGAATATGAAACCAAAGATACTGATATCTTGGCAGCATTCCGAGTAACTCCTCAACCTGGAGTTCCGCCTGAGGAAGCAGGAGCTGCGGTAGCTGCTGAATCTTCTACTGGTACATGGACAACTGTGTGGACTGATGGGCTTACCAGTCTTGATCGTTATAAAGGACGATGCTACCACATCGAGCCCGTTGCTGGAGAAGAAAATCAATATATTGCTTATGTAGCTTACCCCTTAGACCTTTTTGAAGAAGGTTCTGTTACTAACATGTTTACTTCCATTGTGGGTAATGTATTTGGGTTCAAAGCTCTACGCGCCCTACGTCTGGAGGATTTGCGAATCCCTACTGCTTATATTAAAACTTTCCAAGGG
PX744014.1_L3_donor_450_r2,PX744014.1,Fordiophyton faberi,Eudicots,PX744014.1,train,L3_donor_450,450,1050,2,2152572776,ATGTCACCACAAACAGAGACTAAAGCAAGTGTTGGATTCAAAGCTGGTGTTAAAGATTATAGACTGACTTATTATACTCCTGACTATCAAGTCAAACCTACTGATACCTTGGCAGCATTCCGAGTAACTCCGCAACCAGGAGTTCCGCCTGAAGAAGCAGGGGCTGCGGTAGCTGCTGAATCTTCTACTGGTACATGGACAACTGTGTGGACCGATGGGCTTACCAGCCTTGATCGTTATAAAGGAAGATGCTACAACATCGAGCCGGTTGCTGGAGAAGAAAATCAATATATATGTTATGTAGCTTACCCTTTAGACCTTTTTGAAGAAGGTTCTGTTACTAATATGTTTACTTCAATTGTAGGGAATGTATTTGGCTTCAAAGCCCTTCGCGCTCTACGTCTGGAGGATTTGCGAATCCCTACTGCCTATATTAAAACTTTCCAAGGA
PX744018.1_L3_donor_450_r2,PX744018.1,Acer albopurpurascens,Eudicots,PX744018.1,test,L3_donor_450,450,1050,2,3379187588,ATGTCACCACAAACAAAGACTAAAGCAAGTGTTGGATTCAAAGCCATCGTTAAAGATTATAAATTGACTTATTATACTCTTGACTATGTAACCAAAGATACTTATATCTTGGCAGCATTCCAAGTAACTCCTCAACCCGGGGTTCCGCCCGAGGAAGCCGGGGCCGCGGTAGCTGCGGAATCTTCTACTGGTACATGGACAACTGTGTGGACCGATGGGCTTACCAGCCTTGATCGTTATAAAGGACGATGCTACAACATTGAGCCCGTTGCTGGAGAAGAAAATCAATATATATGTTATGTAGCTTACCCTTTAGACCTTTTTGAAGAGGGTTCTGTTACTAACATGTTTACTTCCATTGTGGGTAATGTATTTGGGTTTAAAGCCCTGCGCGCTCTACGTCTAGAGGATCTACGAATCCCTCCCGCGTATTCAAAAACTTTCCAAGGC
PX744022.1_L3_donor_450_r2,PX744022.1,Lepisanthes hainanensis,Eudicots,PX744022.1,train,L3_donor_450,450,1050,2,3006770655,ATGTCACCACAAACAGAGACTAAAGCAAGTGTTGGATTCAAAGCCGGTGTTAAAGATTATAAATTGACTTATTATACTCCTGACTATGTAACCAAAGATACTGATATCTTGGCAGCATTCCGAGTAACTCCTCAACCCGGGGTTCCACCCGAGGAAGCAGGGGCCGCGGTAGCTGCGGAATCTTCTACTGGTACATGGACAACTGTGTGGACCGATGGGCTTACCAGCCTTGATCGTTACAAAGGACGATGCTACAACATTGAGCCTGTTGCTGGAGAAGAAAATCAATATATATGTTATGTAGCTTACCCTTTAGACCTTTTTGAAGAAGGTTCTGTTACTAACATGTTTACTTCCATTGTAGGTAATGTATTTGGGTTTAAAGCCTTGCGCGCTCTACGTCTAGAGGATCTACGAGTCCCTCCTGCGTATTCGAAAACTTTCCAAGGC
PX744047.1_L3_donor_450_r2,PX744047.1,Buckleya henryi,Eudicots,PX744047.1,val,L3_donor_450,450,1050,2,4044655631,ATGTCACCACAAACAGAGACTAAAGCAAGTGTTGGATTCAAAGCGGGTGTTAAGGATTATAAATTGACTTATTATACTCCTGATTACGAAACCAAAGATACTGATATCTTGGCAGCATTCCGAGTAACTCCTCAACCCGGAGTTCCGCCTGAGGAAGCGGGGGCCGCGGTAGCTGCCGAATCTTCTACTGGTACATGGACGACTGTGTGGACCGATGGACTTACCAGCCTTGATCGTTACAAAGGCCGATGCTACCACATTGAGCCCGTTGCTGGAGAAGAAAATCAATATATAGCTTATGTAGCTTACCCCTTAGACCTTTTTGAAGAAGGTTCTGTTACTAACATGTTTACTTCCATTGTGGGTAATGTATTTGGGTTCAAAGCCCTACGTGCTCTACGGCTAGAGGATCTCCGAATCCCTCCTGCTTATTCTAAAACTTTCCAAGGC
PX744060.1_L3_donor_450_r2,PX744060.1,Arthrophytum longibracteatum,Eudicots,PX744060.1,train,L3_donor_450,450,1050,2,4219875279,ATGTCACCACAAACCGAAACTAAAGCAAGTGTTGGATTTAAAGCTGGTGTTAAAGATTACAAATTGACTTATTATACTCCTGAGTATGAAACCAAAGATACTGATATCTTGGCAGCATTCCGAGTAACTCCTCAACCTGGAGTTCCACCTGAAGAAGCAGGGGCTGCAGTAGCTGCCGAATCTTCTACTGGTACATGGACAACCGTATGGACCGACGGGCTTACTAGTCTTGATCGTTACAAAGGACGATGCTATCACATCGAGCCTGTTGCTGGAGAAGAAAATCAATATATTTGTTATGTAGCGTATCCCTTAGACCTTTTTGAAGAAGGTTCTGTTACTAACATGTTTACTTCTATTGTGGGTAACGTATTTGGGTTCAAAGCCCTACGTGCTCTACGTTTGGAGGATTTGCGAATCCCTGTTGCTTATATAAAAACTTTCCAAGGC
PX744100.1_L3_donor_450_r2,PX744100.1,Ardisia brevicaulis,Eudicots,PX744100.1,train,L3_donor_450,450,1050,2,3102641600,ATGTCACCACAAACAGAGACTAAAGCAGGTACTGGATTCAAAGCTGGTGTTAAAGATTACAAATTGACTTATTATACTCCTGAGTATGTAACCAAGGATACTGATATTTTGGCAGCATTCCGAGTAACTCCTCAACCCGGAGTTCCGCCCGAAGAAGCAGGGGCCGCAGTAGCTGCCGAATCTTCTACTGGTACATGGACAACCGTGTGGACCGATGGACTTACTAGCCTTGATCGTTACAAAGGGCGATGCTACCACATCGAGCCTGTTGCTGGAGAAGAAAATCAATATATTGCTTATGTAGCTTATCCTTTAGACCTTTTTGAAGAAGGTTCTGTTACTAACATGTTTACTTCTATCGTGGGTAATGTATTTGGGTTCAAAGCCCTGCGCGCTCTACGTCTGGAAGATCTGCGAATCCCGCCTGCGTATGTTAAAACTTTCCAAGGA
PX744121.1_L3_donor_450_r2,PX744121.1,Rhododendron declivatum,Eudicots,PX744121.1,train,L3_donor_450,450,1050,2,865310173,ATGTCACCACAAACAGAGACTAAAGCAAGTGTTGGATTCAAAGCTGGTGTTAAAGAGTACAAATTGAATTATTATACTCCTCAGTATGAAACCAAAGATACTGATATCTTGGCAGCATTCCGAGTAACTCCTCAACCGGGAGTTCCACCTGAAGAAGCAGGGGCCGCGGTAGCTGCGGAATCTTCTACTGGTACATGGACAACAGTGTGGACTGATGGACTTACTAGCCTTGATCGTTACAAAGGGCGATGCTACCACATCGAGCCTGTTGCTGGAGACGAAAATCAATTTATTGCTTATGTAGCTTATCCTTTAGACCTTTTTGAAGAAGGTTCTGTTACTAACATGTTTACTTCCATTGTGGGTAATGTATTTGGGTTCAAAGCCCTGCGCGCTCTACGTCTGGAAGATCTACGAATCCCTGCAGCGTATGCTAAAACGTTCCAAGGA
PX744240.1_L3_donor_450_r2,PX744240.1,Pedicularis ikomai,Eudicots,PX744240.1,train,L3_donor_450,450,1050,2,4032806463,ATGAGTTGTAGGGAGGGATTTATGTCACCACAAACAGAAACTAAAGCAAGTGTTGGATTCAAAGCGGGTGTTAAAGAGTACAAATTGACTTATTATACTCCTGAATACGAAACCAAAGATACTGATATCTTGGCAGCATTCCGAGTAACTCCTCAACCCGGAGTTCCGCCTGAAGAAGCAGGGGCTGCAGTAGCTGCCGAATCTTCTACTGGTACATGGACAACTGTGTGGACCGATGGACTTACCAGCCTTGATCGTTACAAAGGACGATGCTACCACATCGAGCCCGTTCCTGGAGAAACAGATCAATATATCTGTTATGTAGCTTACCCTTTAGACCTTTTTGAAGAAGGTTCTGTTACGAACATGTTTACTTCCATTGTAGGAAATGTATTTGGATTCAAAGCCTTGCGTGCTCTACGTCTGGAAGATCTGCGAATTCCTCCTGCT
PX744248.1_L3_donor_450_r2,PX744248.1,Adenophora wulingshanica,Eudicots,PX744248.1,train,L3_donor_450,450,1050,2,1960298695,ATGTCACCACAAACAGAGACGAAGGCAAATGTTGGATTTAAGGCTGGGGTTAAAGATTATAAATTAACTTATTATACTCCGGACTATGAAACCAAGGATACCGATATTTTGGCAGCCTTTCGAGTCACTCCTCAACCCGGAGTTCCCCCGGAAGAAGCAGGGGCCGCAGTAGCTGCCGAATCGTCTACTGGTACATGGACAACTGTGTGGACCGATGGGCTTACGAGCCTTGATCGTTACAAAGGGAGATGCTATCACATCGAGCCCGTTGCCGGAGAAGAAACTCAATTTATTGCTTATGTAGCTTACCCATTAGACCTTTTTGAAGAAGGTTCTGTTACTAACATGTTTACTTCCATTGTGGGTAATGTATTTGGATTTAAAGCACTGCGTGCTCTACGTCTAGAAGATTTGCGAATCCCAACTGCGTATATTAAAACATTTCAAGGC
PX744249.1_L3_donor_450_r2,PX744249.1,Pentaphragma spicatum,Eudicots,PX744249.1,train,L3_donor_450,450,1050,2,449047973,ATGTCACCACAAACAGAAACTAAAGCAAGTGTTGGATTCAAAGCTGGTGTTAAAGATTATAAATTGACTTATTATACTCCTGACTATGAAACCAAAGATACTGATATCTTGGCAGCATTCCGAGTAACTCCTCAACCTGGAGTTCCACCTGAAGAAGCAGGGGCCGCAGTAGCTGCCGAATCTTCTACTGGTACATGGACAACTGTGTGGACTGATGGACTTACGAGCCTTGATCGTTACAAAGGGCGATGCTATGGAATCGAGCCCGTTCCTGGAGAAGAAAATCAATTTATTGCTTATGTAGCTTACCCATTAGACCTTTTTGAAGAAGGTTCTGTTACTAACATGTTTACTTCCATTGTGGGTAATGTATTTGGGTTCAAAGCCCTACGTGCTCTACGTCTGGAAGATCTGCGAATCCCTACTGCGTATGTTAAAACTTTCCAAGGT
PX744267.1_L3_donor_450_r2,PX744267.1,Leontopodium smithianum,Eudicots,PX744267.1,train,L3_donor_450,450,1050,2,3345642336,ATGTCACCACAAACAGAGACTAAAGCAAGTGTTGGATTCAAAGCAGGTGTTAAAGATTATAAATTGACTTATTATACTCCTGAGTATGAAACCAAGGATACTGATATCTTGGCAGCATTTCGAGTAACTCCTCAACCTGGAGTTCCGCCTGAAGAAGCAGGGGCCGCAGTAGCTGCCGAATCTTCTACTGGTACATGGACAACTGTGTGGACCGATGGACTTACGAGCCTTGATCGTTACAAAGGACGATGCTATGGAATTGAGCCTGTTCCTGGAGAAGAAAATCAATATATTGCTTATGTAGCTTACCCATTAGACCTTTTTGAAGAAGGTTCTGTTACTAACATGTTTACTTCCATTGTAGGTAATGTATTTGGGTTCAAAGCCCTGCGTGCTCTACGTTTGGAAGATTTGCGAATCCCTACTGCGTATGTTAAAACTTTCCAAGGT
PX744315.1_L3_donor_450_r2,PX744315.1,Platostoma hispidum,Eudicots,PX744315.1,train,L3_donor_450,450,1050,2,3054986527,ATGAGTTGTAGGGAGGGATTTATGTCACCACAAACAGAGACTAAAGCAAGTGTTGGATTCAAAGCGGGTGTTAAAGAGTACAAATTGACTTATTATACTCCTGAATACGAAACCAAAGATACTGATATCTTGGCAGCATTCCGAGTAACTCCTCAACCTGGAGTTCCGCCTGAAGAAGCAGGGGCCGCGGTAGCTGCCGAATCTTCTACTGGTACATGGACAACTGTGTGGACCGATGGACTTACCAGTCTTGATCGTTACAAAGGGCGATGCTACGCCATCGAGCCCGTTCCTGGAGAAAAAGATCAATATATCTGTTATGTAGCTTACCCTTTAGACCTTTTTGAAGAAGGTTCTGTTACTAACATGTTTACTTCCATTGTAGGAAATGTATTTGGATTCAAAGCCCTACGTGCTCTACGTCTGGAAGATCTGCGAATTCCTACTGCT
PX744322.1_L3_donor_450_r2,PX744322.1,Allmania nodiflora,Eudicots,PX744322.1,train,L3_donor_450,450,1050,2,3192276651,ATGTCACCACAAACAGAGACTAAAGCAAGTGTTGGATTTAAAGCTGGTGTTAAAGATTACAAATTGACTTATTATACTCCTGAGTATGAAACCCTAGATACTGATATCTTGGCAGCATTCCGAGTAACTCCTCAACCTGGAGTTCCACCTGAAGAAGCAGGGGCTGCAGTAGCTGCCGAATCTTCTACTGGTACATGGACAACTGTATGGACCGACGGACTTACCAGTCTTGATCGTTACAAAGGACGATGCTACCACATCGAGCCCGTTGCTGGAGAAGAAAATCAATATATTTGTTATGTAGCGTATCCTTTAGACCTTTTTGAAGAAGGTTCTGTTACTAACATGTTTACTTCCATTGTGGGTAACGTATTTGGGTTCAAAGCCCTGCGTGCTCTACGTTTGGAGGATTTGCGAATCCCTGTTGCTTATATAAAAACTTTCCAAGGT
PX924757.1_L3_donor_450_r2,PX924757.1,Augea capensis,Eudicots,PX924757.1,train,L3_donor_450,450,1050,2,4269136869,ATGTCACCACAAACAGAGACTAAAGCAAGTGTTGGATTCAAGGCTGGTGTTAAAGATTATAAATTGACTTATTATACTCCTGAATATGAAACAAAGGATACTGATATTTTGGCAGCCTTCCGAGTAACTCCTCAACCTGGAGTTCCACCTGAGGAAGCAGGGGCTGCAGTAGCTGCTGAATCTTCTACTGGTACATGGACAACCGTGTGGACTGATGGTCTTACCAATCTTGATCGTTACAAAGGACGATGCTATGGCTTGGAGGCTGTTCCTGGAGAAGACAATCAATACATTGCTTATGTAGCTTATCCTTTAGACCTTTTTGAAGAAGGTTCCGTTACTAACATGTTTACTTCCATTGTGGGTAATGTATTTGGTTTCAAAGCTCTACGTGCTCTGCGTTTGGAAGATTTACGAATTCCTACTTCATATACCAAAACTTTCCAAGGG
PZ584713.1_L3_donor_450_r2,PZ584713.1,Paulinella sp. B8128-1,SAR/other protist,PZ584713.1,train,L3_donor_450,450,1050,2,2126524454,ATGAGCAAGAAGTACGACGCCGGGGTTAAGGAGTACAGAGACACTTACTGGACTCCTGACTATATTCCCCTTGACACTGATCTACTAGCCTGTTTTAAATGTACTGGACAAGCGGGTGTTCCTCGTGAAGAAGTTGCAGCAGCTGTAGCTGCTGAATCTTCTACTGGTACTTGGTCTACTGTATGGTCTGAGTTACTTACAGATCTAGACTTCTACAAAGGTCGTTGCTATCGAATTGAAGAAGTACCTAATGATAAAGAGTCTTTTTATGCGTTTATCGCGTATCCACTAGATCTATTTGAAGAAGGTTCTGTTACCAACGTACTAACCTCATTGGTAGGTAACGTATTTGGTTTCAAAGCTCTACGTCATTTACGTCTCGAGGATATTAGATTCCCGCTAGCTTTTATTAAGACTTGTGGTGGTCCGCCTAACGGAATTCAGGTTGAG
AB050950.1_L4_donor_900_r0,AB050950.1,Filibryum ogatae,Mosses,AB050950.1,train,L4_donor_900,900,600,0,1338467825,ATGTCACCACAAACGGAGACTAAAGCAGGTGTTGGATTTAAAGCTGGTGTTAAAGATTACAGATTAACTTATTACACTCCAGATTATCAGACTAAAGAAACTGATATTTTAGCAGCATTTCGAATGACTCCTCAACCAGGAGTACCCGCTGAAGAGGCGGGAGCTGCAGTAGCTGCGGAATCTTCCACTGGTACATGGACCACTGTTTGGACTGATGGACTTACCAGTCTCGATCGCTACAAAGGACGATGCTATGATCTTGAAGCAGTTCCTGGAGAAGAGAATCAATATATTGCTTATGTTGCTTACCCATTAGATTTATTTGAAGAAGGTTCTGTTACCAATTTATTTACTTCTATTGTTGGTAATGTTTTCGGATTTAAAGCCTTACGAGCTTTACGTCTAGAAGATTTACGTATTCCTCCAGCTTATTCCAAAACTTTCCAAGGTCCACCTCATGGTATTCAAGTCGAAAGAGATAAATTAAATAAATATGGTCGTCCATTATTAGGATGTACTATTAAGCCAAAATTAGGTTTATCTGCTAAAAACTATGGTAGAGCCGTATATGAATGTCTTCGTGGTGGGCTTGATTTCACAAAAGATGATGAAAACGTAAATTCTCAACCTTTTATGCGTTGGAGAGATCGTTTCTTATTTGTAGCTGAAGCTATTTACAAATCTCAAGCTGAAACAGGTGAAATTAAAGGACATTATTTAAATGCTACCGCAGGTACATGTGAAGAAATGATGAAAAGAGCTCAATTTGCTAGAGAACTAGGCATGCCTATTGTCATGCACGATTATTTAACAGGTGGTTTTACTGCAAATACCAGTTTGGCTCATTACTGTCGTGATAATGGCTTGCTTCTTCATATCCACCGCGCGATGCATGCAGTT
AB071411.1_L4_donor_900_r0,AB071411.1,Mastopoma subfiliferum,Mosses,AB071411.1,train,L4_donor_900,900,600,0,313365698,ATGTCACCACAAACGGAGACTAAAGCAGGTGTTGGATTTAAAGCTGGTGTTAAAGATTACAGATTAACCTATTACACTCCAGATTATCAGACTAAAGAAACTGATATTTTAGCAGCATTTCGAATGACTCCTCAACCAGGAGTACCCGCTGAAGAGGCGGGAGCTGCAGTAGCTGCAGAATCTTCCACCGGTACATGGACCACTGTTTGGACCGATGGACTTACTAGTCTTGATCGTTATAAAGGACGATGCTATGATCTTGAAGCAGTTCCTGGAGAAGAAAATCAATATATTGCTTATGTTGCTTACCCATTAGATCTATTTGAAGAAGGTTCAGTTACCAATTTATTTACTTCTATCGTTGGTAATGTTTTTGGATTTAAAGCTTTGCGAGCTTTACGTCTGGAAGATTTACGTATTCCTCCAGCTTATTCCAAAACTTTTCAAGGCCCACCTCATGGTATTCAAGTTGAAAGAGATAAATTAAATAAATATGGTCGTCCATTATTAGGATGTACTATTAAGCCAAAATTGGGTTTATCTGCTAAAAACTATGGTAGAGCTGTATATGAATGTCTTCGTGGTGGACTTGATTTCACAAAAGATGATGAAAACGTAAATTCTCAACCTTTTATGCGTTGGAGAGATCGTTTCTTATTCGTAGCCGAAGCTATTTACAAATCTCAATCTGAAACAGGTGAAATTAAAGGACATTATTTAAATGCTACCGCAGGTACATCTGAAGAAATGTTGAAAAGAGCTCAATTTGCTAGAGAACTAGGCATGCCTATTATCATGCATGATTATTTAACAGGTGGTTTTACCGCAAACACCAGTTTGGCTCATTACGCTCGTGATAATGGCTTGCTCCTTCATATTCACCGCGCAATGCATGCAGTT
AB159651.1_L4_donor_900_r0,AB159651.1,Thorea gaudichaudii,Red algae,AB159651.1,train,L4_donor_900,900,600,0,1937049923,ATGTCTCAATCCGTAGAAGAACGGACAAGGATTAAAAACGAACGTTACGAATCTGGAGTAATACCATACGCAAAGATGGGTTACTGGGATCCTGACTACGTAATCAAAGATACCGATGTTCTAGCTTTATTTCGAGTTACTCCTCAACCGGGTGTAGATCCAATTGAAGCTTCTGCAGCTGTTGCAGGTGAATCATCAACAGCAACTTGGACAGTAGTTTGGACAGACCTTCTAACAGCTTGCGACCTTTATAGAGCAAAAGCATACAAAGTAGATGCAGTACCAAATAACTCTGAGCAATACTTCGCATACATTGCTTATGACATAGATTTATTTGAAGAAGGTTCTATAGCAAACTTAACCGCATCAATTATAGGAAATGTATTCGGATTTAAGGCTGTAAAAGCATTGCGTCTTGAAGACATGCGTTTACCTATTGCTTATCTGAAAACTTTTCAAGGTCCTGCTACCGGTACAATAGTAGAACGTGAACGTATGGATAAGTTTGGTCGTCCTTTCTTGGGAGCAACTGTAAAACCAAAACTAGGCCTTTCTGGAAAAAACTATGGAAGAGTAGTGTACGAAGGTTTAAAGGGAGGACTAGACTTTCTAAAAGATGACGAAAATATTAATTCTCAACCATTTATGCGTTGGAGAGAAAGATATCTGTTTTCTATAGAAGGTGTTAACCGTGCACAGGCAGCAACAGGAGAAGTAAAAGGACACTACTTAAACGTAACTGCCGGCACAATGGAAGATATGTATGAAAGAGCTGAGTTTGCTAAAGAACTAGGAAGTGTCATTTGTATGATTGATCTAGTTATTGGATACACAGCTATTCAAACAATGGCAGTATGGGCTCGTAAGGCAGACATGATCTTACACTTACATAGAGCGGGT
AB159659.1_L4_donor_900_r0,AB159659.1,Nemalionopsis tortuosa,Red algae,AB159659.1,train,L4_donor_900,900,600,0,359556041,ATGTCTCAATCCGTAGAAGAACGGACAAGGATCAAAAATGAACGCTATGAATCTGGCGTAATTCCATACGCAAAAATGGGTTACTGGGATCCTGACTACGTAGTTAAAGATACTGATGTTTTAGCTTTATTTCGAGTTACTCCACAACCGGGAGTAGATCCAATAGAAGCATCTGCAGCTGTTGCCGGTGAGTCATCAACAGCAACTTGGACAGTAGTTTGGACAGATCTTTTAACTGCTTGTGACCTTTACAGAGCAAAAGCCTATAAAGTAGATGCTGTGCCAAATAGTTCCGAGCAATATTTTGCATATATTGCATATGACATTGACTTATTTGAAGAAGGTTCTATTGCAAACTTAACAGCATCTATCATAGGTAATGTATTCGGCTTTAAAGCTGTTAAAGCATTACGTCTTGAAGATATGCGATTACCCGTAGCATATTTAAAAACTTTTCAAGGTCCTGCTACAGGAACTATTGTAGAACGCGAAAGAATGGATAAATTTGGTCGTCCTTTTCTAGGTGCCACAGTAAAACCAAAACTAGGTCTCTCTGGTAAAAATTATGGTCGAGTTGTTTACGAAGGCCTAAAAGGAGGCTTAGACTTCTTAAAAGATGATGAAAATATTAACTCTCAACCATTTATGCGTTGGAGAGAAAGATATTTATTTTCTATGGAAGGAGTGAATCGTGCACAAGCAGCTGCAGGAGAAATTAAAGGACATTATTTAAATGTTACTGCAGGAACAATGGAAGAAATGTATGAAAGAGCTGAATTCGCCAAAGAACTAGGAAGTGTCATATGCATGATTGACTTAGTTATCGGATATACAGCAATTCAAACAATGGCGATATGGGCACGCAAAGCAGATATGATCTTACATTTACATCGCGCTGGC
AB540047.1_L4_donor_900_r0,AB540047.1,Gloiopeltis sp. Nomozaki/2003,Red algae,AB540047.1,train,L4_donor_900,900,600,0,3706209648,ATGTCTCAATCTGTAGAAGAACGGACAAGAATCAAAGACGAACGTTACGAATCTGGAGTTATCCCATATGCTAAGATGGGCTATTGGGATCCTGATTATGTTGTTAAAGAGACGGACGTACTAGCTTTATTCCGTGTAAGCCCGCAACCTGGTGTAGATCCTGTAGAAGCTTCTGCGGCAATAGCAGGCGAATCATCGACAGCAACATGGACAGTAGTTTGGACAGACCTTTTAACAGCTTGTGATTTATATAGAGCTAAAGCGTATAAGGTTGATGCAGTACCAAATACATCTGAGCAATACTTTGCATACATAGCCTATGATATTGATCTATTTGAAGAAGGATCTATCGCTAACTTAACAGCTTCAATTATTGGCAACGTCTTTGGATTTAAAGCTGTTAAAGCTCTAAGATTAGAAGATATGCGTTTACCCGTTGCTTATCTAAAGACTTTCCAAGGTCCAGCTACGGGTATTATCGTAGAACGTGAACGTATGGACAAATTTGGTCGTCCTTTCTTAGGAGCAACTGTTAAGCCTAAATTAGGCCTATCTGGAAAAAATTATGGTAGAGTGGTCTATGAAGGGTTGAAAGGTGGCTTGGACTTTTTGAAAGACGATGAAAACATTAACTCTCAACCTTTCATGCGCTGGAAAGAAAGATATCTGTTTTCTATGGAAGGTGTAAACCGAGCGATAGCGGCATCTGGTGAGACAAAAGGCCATTACTTAAATGTAACTGCTGCTACAATGGAAGAAATGTATGAGAGAGCCGAGTTTGCTAAAGAGATTGGTAGTATAATTATCATGATCGATCTAGTAATCGGTTACACTGCAATTCAGACTATGGCTGTATGGGCCCGTAAGAATGATATGATACTGCATTTGCATCGTGCAGGT
AB540051.1_L4_donor_900_r0,AB540051.1,Gloiopeltis complanata,Red algae,AB540051.1,test,L4_donor_900,900,600,0,1143841285,ATGTCTCAATCTGTAGAAGAACGGACAAGAATCAAAGACGAACGTTACGAATCTGGAGTTATCCCGTATGCTAAGATGGGCTATTGGGATCCTGATTATGTTGTTAAAGAAACTGATGTGCTAGCTTTATTTCGTGTAAGTCCACAACCTGGTGTAGATCCTGTAGAAGCTTCTGCAGCAATAGCGGGCGAATCATCAACGGCAACATGGACAGTAGTTTGGACAGACCTTTTAACAGCTTGTGATTTATATAGAGCTAAAGCATATAAGGTTGATGCAGTACCAAATACGTCTGATCAGTACTTTGCATACATAGCTTATGATATTGATTTATTTGAAGAAGGATCTATCGCTAACTTAACAGCTTCAATTATTGGCAACGTCTTTGGATTTAAAGCTGTTAAAGCTCTAAGATTGGAAGATATGCGTTTACCTGTTGCCTATTTAAAGACTTTCCAGGGTCCTGCGACGGGTATTATTGTAGAACGTGAACGTATGGACAAATTTGGTCGTCCTTTCTTAGGAGCAACTGTTAAACCTAAATTAGGCCTATCTGGAAAAAACTATGGTAGGGTAGTCTATGAAGGATTAAAAGGTGGCTTAGACTTCTTGAAAGATGATGAAAACATTAACTCTCAACCTTTTATGCGTTGGAAAGAAAGATATTTATTTTCTATGGAAGGCGTAAACCGAGCAATAGCGGCATCCGGTGAAACGAAAGGCCATTATTTAAATGTAACTGCCGCTACAATGGAAGAAATGTATGAAAGAGCCGAATTTGCTAAAGAGATTGGTAGTATAATTATCATGATCGATCTAGTAATTGGTTACACTGCAATTCAAACCATGGCTGTATGGGCCCGTAAAAATGATATGATACTGCACTTACATCGTGCAGGT
AB540052.1_L4_donor_900_r0,AB540052.1,Gloiopeltis complanata,Red algae,AB540052.1,train,L4_donor_900,900,600,0,3003980031,ATGTCTCAATCTGTAGAAGAACGGACAAGAATCAAAGACGAACGTTACGAATCTGGAGTTATCCCGTACGCTAAAATGGGCTATTGGGATCCTGATTATGTTGTTAAAGAAACTGATGTACTAGCTTTATTTCGTGTAAGCCCACAGCCTGGTGTAGATCCTGTAGAAGCTTCTGCTGCAATAGCAGGCGAATCATCAACGGCAACATGGACAGTAGTTTGGACAGATCTTTTAACAGCATGTGATTTATATAGAGCTAAAGCATACAAAGTTGATGCAGTACCAAACACATCGGATCAATATTTTGCATACATAGCTTATGATATTGATTTATTTGAAGAAGGATCTATCGCTAACTTAACAGCTTCAATTATAGGCAACGTCTTTGGATTTAAAGCTGTTAAAGCTCTAAGATTGGAAGATATGCGTTTACCCGTTGCCTATCTAAAGACTTTTCAGGGTCCTGCTACGGGTATTATTGTAGAACGTGAACGTATGGACAAATTTGGTCGTCCTTTCTTAGGAGCAACTGTTAAACCTAAATTAGGCCTATCTGGAAAAAACTATGGTAGGGTAGTATATGAAGGATTGAAAGGTGGCTTAGACTTCTTGAAAGATGATGAAAACATTAACTCTCAACCTTTTATGCGTTGGAAAGAAAGATATTTATTTTCTATGGAAGGTGTAAACCGAGCGATAGCGGCATCCGGTGAAACAAAAGGCCATTATTTAAATGTCACTGCCGCTACAATGGAAGACATGTATGAGAGAGCCGAATTTGCTAAAGAGATTGGTAGTATAATTATCATGATTGATCTAGTAATTGGTTACACTGCAATTCAAACCATGGCTATATGGGCTCGCAAAAATGATATGATACTACACTTACATCGTGCAGGT
AB853073.1_L4_donor_900_r0,AB853073.1,Hypnodontopsis apiculatus,Mosses,AB853073.1,train,L4_donor_900,900,600,0,3380084297,ATGTCACCACAAACGGAGACTAAAGCAGGTGTTGGATTTAGAGCTGGTGTTAAAGATTACAGATTAACTTATTACACTCCAGAGTATCAAACTTTAGAAACTGATATTTTAGCAGCATTTCGAATGACTCCTCAACCAGGAGTACCACCTGAAGAAGCAGGAGCTGCAGTAGCTGCGGAATCTTCCACCGGTACATGGACCACTGTTTGGACTGATGGACTTACTAGTCTTGATCGTTATAAAGGTCGATGCTATGATATTGAAGCAGTTGCTGGAGAAGAAAATCAATATATCGCTTATGTTGCTTACCCATTAGATTTATTTGAAGAAGGTTCCGTTACTAATTTATTTACTTCTATTGTTGGTAATGTTTTTGGATTTAAAGCTTTACGAGCTTTACGTCTAGAAGATTTGCGTATTCCTCCATCTTATACCAAAACTTTCCAAGGCCCACCTCATGGTATTCAAGTTGAAAGAGATAAATTAAACAAATATGGTCGTCCATTATTAGGATGTACTATTAAGCCAAAATTGGGTTTATCTGCTAAAAACTATGGTCGAGCTGTGTATGAATGTCTTCGTGGTGGACTTGATTTCACAAAAGATGATGAAAATGTAAATTCTCAACCATTTATGCGTTGGAGAGACCGTTTCTTATTTATAGCGGAAGCTATTTACAAATCTCAATCTGAAACAGGTGAAATTAAAGGACATTATTTAAATGCTACCGCAGGCACTTGTGAAGAAATGTTAAAAAGAGCTTACTTTGCTAGAGAATTGGGCGTTCCTATTATTATGCATGACTATTTAACAGGTGGTTTTACTGCAAATACTACTTTAGCTCATTATTGCCGTGATAACGGATTACTTCTTCATATTCACCGTGCAATGCATGCAGTT
AB853079.1_L4_donor_900_r0,AB853079.1,Timmiella anomala,Mosses,AB853079.1,train,L4_donor_900,900,600,0,3142210649,ATGTCACCACAAACGGAGACTAAAGCAGGTGTTGGATTTAAAGCTGGTGTTAAAGATTACAGATTAACTTATTACACTCCAGATTATCAGACTAAAGAAACTGATATTTTAGCAGCATTTCGAATGACTCCTCAACCAGGAGTACCACCTGAAGAAGCAGGAGCTGCTGTAGCTGCTGAATCTTCCACTGGTACATGGACCACTGTTTGGACTGATGGACTTACTAGTCTTGATCGTTATAAAGGTCGATGCTATGATATTGAAGCAGTTCCTGGAGAAGAAAATCAATATATCGCTTATGTTGCTTACCCCTTAGATTTATTTGAAGAAGGTTCTGTTACCAATTTATTTACTTCTATTGTTGGTAATGTTTTTGGATTTAAAGCTTTACGAGCTTTACGTCTAGAAGATTTACGTATTCCTCCAGCTTATTCCAAAACTTTCCAAGGTCCACCTCATGGTATTCAAGTCGAAAGAGATAAATTAAACAAATATGGTCGTCCATTATTAGGATGCACTATTAAACCAAAATTGGGTTTATCTGCTAAAAACTATGGTAGAGCTGTATATGAATGTCTTCGTGGTGGACTTGATTTCACAAAAGATGATGAAAACGTAAATTCTCAACCGTTTATGCGTTGGAGAGACCGTTTCTTATTCGTAGCGGAAGCTATTTACAAATCTCAAGCTGAAACAGGTGAAATTAAAGGACATTATTTAAATGCTACCGCAGGTACTTGTGAAGAAATGTTAAAAAGAGCTCAATTTGGTAGAGAGTTGGGCGTTCCTATTATTATGCATGACTATTTAACAGGTGGTTTTACTGCAAACACTACTTTGGCTCACTATTGTCGTGATAATGGGTTACTTCTTCATATTCACCGTGCAATGCATGCAGTT
AB970712.1_L4_donor_900_r0,AB970712.1,Clastobryellina orientalis,Mosses,AB970712.1,train,L4_donor_900,900,600,0,4208714525,ATGTCACCACAAACGGAGACTAAAGCAGGTGTTGGATTTAAAGCTGGTGTTAAAGATTACAGATTAACTTATTACACCCCAGATTATCAGACTAAAGAAACTGATATTTTAGCAGCATTTCGAATGACGCCTCAACCAGGAGTACCCGCTGAAGAGGCAGGAGCTGCAGTAGCTGCGGAATCTTCCACTGGTACATGGACTACTGTTTGGACTGATGGACTTACCAGTCTTGATCGTTATAAAGGACGATGCTATGATCTTGAAGCTGTTCGTGGAGAAGAAAATCAATTTATTGCTTATGTTGCTTACCCATTAGATCTATTTGAAGAAGGTTCTGTTACCAATTTATTTACTTCTATTGTTGGTAATGTTTTTGGATTTAAAGCCTTACGAGCTTTGCGTCTAGAAGATTTACGTATTCCTCCAGCTTATTCCAAAACTTTCCAAGGCCCACCTCATGGTATTCAAGTTGAAAGAGATAAATTAAATAAATATGGTCGTCCATTATTAGGATGTACTATTAAGCCAAAATTGGGTTTATCTGCTAAAAACTATGGTAGAGCTGTATATGAATGTCTTCGTGGTGGACTTGATTTCACAAAAGACGATGAAAACGTAAATTCTCAGCCTTTTATGCGTTGGAGAGATCGCTTCTTATTTGTAGCTGAAGCTATTTACAAATCTCAAGCTGAAACAGGTGAAATTAAAGGACATTATTTAAATGCTACCGCAGGTACATCTGAAGAAATGTTGAAAAGAGCTCAATTTGCTAGAGAATTAGGCATGCCTATTATCATGCACGACTATTTAACAGGTGGTTTTACTGCAAACACCAGTTTGGCTCATTACGCTCGTGATAATGGCTTGCTTCTTCATATTCACCGCGCAATGCATGCAGTT
AY346095.1_L4_donor_900_r0,AY346095.1,Acanthorrhynchium papillatum,Mosses,AY346095.1,train,L4_donor_900,900,600,0,3069385925,ATGTCACCACAAACGGAGACTAGAGCAAGTGTTGGATTTAAAGCTGGTGTTAAAGATTACAGATTAAATTATTACACTCCAGATTATCAGACTAAAGACACTGATATTTTAGCAGCATTTCGAATGACTCCTCAACCAGGAGTACCCGCTGAAGAGGCAGGAGCTGCAGTAGCTGCGGAATCTTCCACTGGTACATGGACCACTGTTTGGACTGATGGACTTACCAGTCTTGATCGTTATAAAGGACGATGCTATGATCTTGAAGCAGTTCCTGGAGAAGAGAATCAATATATTGCTTATGTTGCTTACCCATTAGATCTATTTGAAGAAGGTTCTGTTACCAATTTATTTACCTCTATTGTTGGTAATGTTTTTGGATTTAAAGCTTTACGAGCTTTACGTCTAGAAGATTTACGTATCCCTCCATCTTATTCCAAAACTTTCCAAGGCCCACCTCATGGTATTCAAGTCGAAAGAGATAAATTAAATAAATATGGTCGTCCATTATTAGGATGTACTATTAAGCCAAAATTGGGTTTATCTGCTAAAAACTATGGTAGAGCTGTATATGAATGTCTTCGTGGTGGACTTGACTTCACAAAAGATGATGAAAACGTAAATTCTCAACCTTTTATGCGTTGGAGAGATCGTTTCTTATTTGTAGCTGAAGCCATTTACAAATCTCAAGGTGAGACAGGTGAAATTAAAGGACATTATTTAAATGCTACCGCAGGTACATCTGAAGAAATGTTGAAAAGAGCTCAATTTGCTAGAGAACTAGGCATGCCTATTATCATGCACGACTACTTGACAGGTGGTTTTACTGCAAACACCACTTTGGCTCATTACGCTCGTGATAATGGTTTGCTCCTTCATATTCATCGCGCAATGCATGCAGTT
AY858644.1_L4_donor_900_r0,AY858644.1,Platanus orientalis,Other angiosperms,AY858644.1,test,L4_donor_900,900,600,0,3269325540,ATGTCACCACAAACAGAAACTAAAGCAAGTGTTGGACTCAAAGCTGGTGTTAAAGATTACAAATTGACTTATTATACTCCTGACTATGAAACCAAAGATACTGATATCTTGGCAGCATTCCGAGTAACTCCTCAACCTGGAGTTCCACCTGAGGAAGCAGGAGCCGCGGTAGCTGCCGAATCTTCTACTGGTACATGGACAACTGTGTGGACCGATGGACTTACTAGCCTTGATCGTTACAAAGGACGATGCTACCACATCGAGCCCGTTGCTGGAGAAGAAAATCAATATATTGCTTATGTAGCTTACCCTTTAGACCTTTTTGAAGAAGGTTCTGTTACTAACATGTTTACTTCCATTGTGGGTAATGTATTTGGGTTCAAAGCCCTACGTGCTCTACGTCTGGAGGATCTGCGAATCCCTCCTGCTTATTCTAAAACCTTCCAAGGACCACCTCATGGTATCCAAGTTGAGAGAGATAAATTGAACAAGTATGGTCGTCCTCTATTGGGATGTACTATTAAACCAAAATTGGGGTTATCCGCTAAGAACTACGGTAGAGCGGTTTATGAATGTCTTCGCGGTGGACTTGATTTTACCAAGGATGATGAGAACGTGAACTCCCAACCATTTATGCGTTGGAGAGACCGTTTCTTATTTTGTGCCGAAGCAATTTATAAAGCACAGGCCGAAACAGGTGAAATCAAAGGGCATTACTTGAATGCTACGGCGGGTACATGTGAAGAAATGATTAAAAGGGCTGTATTTGCCAGAGAATTAGGAGTTCCTATCGTAATGCATGACTACTTAACGGGGGGATTCACTGCAAATACTAGCTTGTCTCATTATTGCCGAGATAATGGCCTACTTCTTCACATCCATCGCGCAATGCATGCAGTT
AY996366.1_L4_donor_900_r0,AY996366.1,Spermatochnus paradoxus,Brown algae,AY996366.1,train,L4_donor_900,900,600,0,1408221144,ATGCCTGAAGATGTGCAGAATCGAACTCGAATAAAAAGTGAACGTTATGAATCAGGTGTTATCCCATATGCCAAAATGGGTTACTGGGATGCTGATTATAATGTTAAAGAAACTGATATTCTAGCTCTTTTTCGTATCACTCCACAACCAGGCGTAGATCCCGTTGAGGCTGCTGCTGCTGTTGCCGGTGAATCTTCTACTGCAACATGGACAGTAGTTTGGACAGATTTATTAACTGCTTGTGATATCTATAGAGCGAAAGCATATAGAGTAGATCCAGTACCTGGAACAAGTGATCAATTCTTTGCTTATATAGCTTACGAATGTGATTTATTTGAGGAAGGTTCTCTTGCTAACTTAACAGCATCTATTATTGGGAACGTGTTCGGTTTTAAAGCTGTTAAAGCGTTACGTTTAGAAGATATGAGAATTCCTTACGCTTACTTAAAAACTTTCCAAGGCCCAGCAACAGGTGTTATTGTGGAAAGAGAAAGATTAGATAAATTTGGCCGTCCTTTATTAGGGGCTACTGTAAAACCTAAATTAGGTCTTTCTGGTAAAAACTACGGACGTGTTGTTTATGAAGGTTTAACTGGTGGTCTTGATTTCCTTAAAGATGATGAAAATATTAACTCACAACCATTCATGCGTTGGAAAGAACGTTTCTTATACTGTATGGAAGGTGTTAACCGTGCTGCTGCTGCAACCGGTGAAGTTAAAGGTTCTTATCTAAATATTACTGCTGCAACTATGGAGCAAATGTATGAACGTGCAGAATATGCGTGTGCAATTGGTTCAGTTATTGTGATGATTGATTTAGTTATTGGTTACACAGCAATCCAAAGTATGGCAATATGGGCACGTAAAAATGAAATGATTTTACATTTACATCGTGCAGGA
EF547818.1_L4_donor_900_r0,EF547818.1,Aneura sp. Shaw 702,Liverworts,EF547818.1,train,L4_donor_900,900,600,0,666720635,ATGTCACCACAAACGGAGACTAAAGCAGGTGTTGGATTCAAAGCCGGTGTTAAAGATTATAGATTGACCTATTATACACCCGAGTACGAGACGAAAGAAACGGATATTTTAGCAGCATTTCGTATGACCCCTCAACCCGGAGTACCACCGGAAGAAGCTGGGGCTGCGGTAGCTGCCGAATCCTCCACCGGTACTTGGACCACAGTTTGGACTGACGGCCTCACGAGTCTTGATCGTTACAAGGGTCGATGTTATGACATCGAACCTGTCGCCGGGGAAGATAATCAATATATCGCCTACGTGGCTTATCCCCTAGATTTGTTCGAAGAGGGTTCTGTTACAAATTTGTTCACCTCCATCGTCGGTAATGTATTCGGATTTAAGGCATTACGAGCCCTACGTCTTGAAGATTTACGAATCCCTCCGTCTTATGTAAAAACTTTTCAAGGTCCACCTCATGGTATTCAGGTTGAAAGGGATAAGTTAAATAAGTATGGTCGTCCTTTGTTGGGATGTACAATAAAACCAAAATTGGGTCTATCTGCTAAGAATTACGGTAGAGCTGTATATGAGTGCCTACGAGGCGGACTTGATTTCACGAAAGATGACGAGAACGTGAATTCTCAACCATTTATGCGTTGGAGAGATCGCTTCCTGTTCGTAGCAGAAGCCATTTTCAAATCTCAGGCAGAAACTGGCGAAATCAAGGGACATTACTCAAATGCCACCGCAGGTACATCGGAAGAAATGTTGAAAAGAGCAGCATGTGCTAGAGAATTAGGTGTCCCTATTATTATGCATGATTACTTAACAGGTGGTTTCACTGCGAATACCAGTTTAGCCCACTACTGTAGGGATAACGGTTTACTTCTCCATATTCACCGTGCAATGCATGCAGTT
EF658643.1_L4_donor_900_r0,EF658643.1,Laurencia intricata,Red algae,EF658643.1,train,L4_donor_900,900,600,0,1835150021,ATGTCTAACTCTGTAGAAGAACGGGCACGGATTAAAAACGAACGTTATGAATCTGGTGTAATTCCATACGCAAAAATGGGATATTTCCACCCTAACTATGTAGTTAAAGATACAGATATATTAGCTCTATTTAGAGTTAGTCCACAACCAGGAGTAGATCCAGTAGAGGCTTCAGCAGCAGTTGCAGGTGAATCATCTACTGCAACATGGACTGTTGTATGGACAGATTTACTAACAGCTTGCGATTTATATCGTGCAAAAGCATATAAAGTAGATGCTGTACCAAATACTTCTGATCAATATTTTGCATACATAGCTTATGATATTGATTTATTTGAAGAAGGATCTATTGCTAATTTAACTGCTTCTATAATTGGTAATGTATTTGGATTTAAAGCAGTTAAAGCATTAAGACTTGAAGATATGCGTATTCCTGTAGCATACTTAAAAACTTTCCAGGGTCCAGCTACTGGTTTAGTTGTAGAACGTTACCGTATGGATAAATATTGTCGTCCATTCCTAGGTGCAACAGTAAAACCAAAATTAGGTTTATCTGGTAAAAACTATGGTAGAGTAGTATACGAAGGTTTAAGAGGTGGTCTAGACTTCCTTAAAGATGATGAAAATATTAACTCTCAACCATTCATGCGTTGGAAAGAGAGATTTTTATACTCTATGGAAGCTGTGAATCGCTCTATTGCTGCTACAGGTGAAGTCAAAGGACATTACATGAATATTACAGCAGCAACAATGGAAGATATGTACGAAAGAGCTGAATTTGCTAAACAATTAGGCACAGTTATTGTCATGATTGATTTAGTAATTGGATATACTGCTATTCAGACAATGGCGATTTGGGCACGTAAAAATGATATGATTTTGCACTTGCACCGCGCAGGT
EU713367.1_L4_donor_900_r0,EU713367.1,Legousia pentagonia,Eudicots,EU713367.1,train,L4_donor_900,900,600,0,45361593,ATGTCACCACAAACAGAGACTAAAGCAAATGTTGGATTTAAAGCTGGTGTTAAAGATTATAAATTAACTTATTATACTCCAGACTATGAAACCAAAAATACCGATATTTTGGCAGCCTTTCGAGTAACTCCTCAACCCGGAGTTCCCCCGGAAGAAGCAGGGGCCGCAGTAGCTGCCGAATCGTCTACTGGGACATGGACAACTGTGTGGACTGATGGGCTTACGAGCCTTGATCGTTACAAAGGGAGATGCTATCACATCGAGCCCGTTGCTGGCGAAGAAAATCAATTTATTGCTTATGTAGCTTACCCATTAGACCTTTTTGAAGAAGGTTCGGTTACTAACATGTTTACTTCCATTGTGGGTAATGTATTTGGATTTAAAGCACTGCGTGCTCTACGTCTAGAAGATTTGCGAATCCCACCCGCCTATATTAAAACATTTCAAGGCCCGCCTCATGGCATCCAAGTTGAGAGAGATAAATTGAACAAGTATGGTCGTCCCCTGTTGGGATGTACTATTAAACCAAAATTAGGGTTATCGGCAAAAAACTACGGTAGAGCAGTTTATGAATGTCTTCGTGGGGGACTTGATTTTACTAAAGATGATGAGAACGTCAACTCGCAACCCTTTATGCGATGGAGAGATCGTTTCTTATTTTGTGCCGAAGCAATTTATAAAGCACAGGCTGAAACAGGGGAAATCAAAGGACATTACTTGAATGCTACTGCAGGTACATCCGAAGAAATGATGAAAAGGGCTGTCTTTGCCAGAGAGTTGGGAGTTCCTATCGTAATGCATGACTACATAACAGGGGGATTCACTGCAAATACTAGCTTGGCTCATTATTGCCGAGATAATGGTCTACTTCTTCACATCCACCGTGCAATGCATGCAGTT
FJ438476.1_L4_donor_900_r0,FJ438476.1,Haematococcus lacustris,Green algae,FJ438476.1,val,L4_donor_900,900,600,0,3224635276,ATGGTTCCACAAACAGAAACAAGAGCAGGTGCTGGGTTTAAAGCTGGTGTAAAAGATTATCGTTTAACGTATTATACACCAGATTACGTTGTTAGAGATACTGATATTTTAGCAGCGTTCCGTATGACACCACAACCAGGTGTACCACCAGAAGAATGTGGTGCAGCAGTAGCAGCTGAATCATCAACAGGTACTTGGACAACAGTATGGACAGATGGCTTAACAAGTTTAGACCGTTACAAAGGTAGATGCTACGACATCGAGCCAGTACCAGGCGAGGAAAACCAATACATCGCTTACGTAGCTTACCCTATCGATTTATTTGAAGAAGGTTCGGTAACTAACATGTTTACTTCAATTGTAGGAAACGTATTTGGGTTTAAAGCATTACGTGCATTACGTTTAGAAGATTTACGTATTCCACCAGCATATGTAAAAACATTCTCAGGACCTCCACACGGTATTCAAGTTGAACGTGACAAAATTAACAAATACGGCCGTGGTTTATTAGGCTGTACTATCAAGCCGAAATTAGGACTTTCAGCAAAAAATTATGGACGTGCCGTATACGAATGTTTACGCGGTGGTCTCGACTTTACAAAAGACGACGAGAACGTAACTTCACAGCCTTTTATGCCCTGGAGAGACCGTTTCTTATTCGTAGCTGAAGCTTTTTACAAAGCACAATCCGAAACAGGCGAAGTTAAGGGCCATTATTTAAACGCAACTGCTGGTACAGCAGAAGAAATGCTTAAACGTGCACAATGTGCTAAGGAGTTGGGTGTACCGATCATCATGCATGACTACCTTACAGGGGGGTTTACATCAAATACTTCATTAGCACATTTCTGTCGTGATAATGGTTTATTATTACACATTCACCGTGCTATGCATGCTGTA
KT693213.1_L4_donor_900_r0,KT693213.1,Hormotilopsis gelatinosa,Green algae,KT693213.1,train,L4_donor_900,900,600,0,1495625537,ATGGCTCCACAAACAGAAACAAAAGCCGGGGCGGGATTTAAAGCAGGGGTTAAAGACTATAGATTAACTTACTATACACCTGACTACATCGTTAAGGACACTGACATCCTTGCTGCTTTCCGTATGACTCCGCAACCAGGTGTTCCACCTGAAGAATGTGGTGCAGCTGTTGCTGCTGAGTCTTCAACTGGTACATGGACTACTGTATGGACTGACGGTTTAACTAGCTTAGACCGTTACAAAGGCCGTTGTTATGATATCGAACCGGTTCCTGGTGAAGATAACCAATATATTGCTTATGTTGCTTATCCGATTGACCTTTTTGAAGAAGGTTCTGTTACAAACTTATTCACATCAATTGTAGGGAACGTATTTGGTTTCAAAGCTCTACGTGCTCTAAGACTGGAAGATTTACGTATTTCACCAGCTTACGCTAAGACATTCCAAGGTCCTCCTCACGGGATTCAAGTTGAGCGCGACAAGCTGAACAAGTATGGTCGTGGCCTTTTAGGTTGTACAATCAAACCAAAACTTGGTTTATCAGCTAAAAACTACGGTCGTGCTGTATACGAATGTTTACGTGGTGGTTTAGATTTTACTAAAGATGATGAAAACGTAAACTCTCAACCATTCATGCGTTGGAGAGACCGTTTCCTTTTCGTAGCTGAAGCTATTTACAAAGCTCAAGCTGAAACAGGTGAAATCAAAGGTCACTACTTAAACGCTACTGCTGGTACATGTAACGAAATGCTAAAAAGAGCAGAATGTGCTAAAGAACTAGGTATGCCGATCATCATGCACGACTATATTACTGCTGGTTTCACTGCAAACACGACTCTAGCTCAATACTGCCGTGACCACGGTCTTCTTCTTCACATTCACCGTGCAATGCACGCTGTT
KU645801.1_L4_donor_900_r0,KU645801.1,Passiflora quadrangularis,Eudicots,KU645801.1,train,L4_donor_900,900,600,0,3728727614,ATGTCACCACAAACAGAGACTAAAGCAAGTGTTGGATTCAAGGCTGGTGTTAAAGATTATAAATTGACTTATTATACTCCTGAATATAACCCCAAAGATACTGATATCTTGGCAGCATTCCGAGTAACTCCTCAACCTGGAGTTCCCGCTGAGGAAGCGGGAGCTGCAGTAGCTGCTGAATCTTCTACTGGTACATGGACAACCGTGTGGACCGATGGGCTTACCAGTCTTGATCGTTATAAAGGACGATGCTACGATATTGAACCTGTTGCTGGAGAAGAAAGTCAATTTATTGCTTATGTAGCGTACCCCTTAGACCTTTTTGAAGAAGGTTCCGTTACTAACATGTTTACTTCCATTGTAGGTAATGTATTTGGGTTCAAAGCCCTACGCGCTTTACGTCTGGAAGATTTGCGAATCCCCACTGCTTATACTAAAACGTTTCAGGGCCCACCTCATGGCATCCAAGTTGAGAGAGATAAGTTGAACAAGTATGGTCGCCCTCTATTGGGTTGTACTATCAAACCTAAATTGGGGTTATCCGCTAAGAATTACGGTAGAGCTGTTTATGAGTGTCTCCGCGGTGGACTTGATTTTACCAAAGATGATGAGAACGTGAACTCCCAACCATTTATGCGTTGGAGAGACCGTTTCTTATTTTGTGCCGAAGCAATTTATAAAGCACAGGCGGAAACTGGTGAAATTAAAGGGCATTATTTGAATGCTACTGCGGGTACATGCGAAGAAATGATGAAAAGGGCTATATTTGCTAGAGAATTGGGAGTTCCTATCGTAATGCATGACTACTTAACAGGAGGATTCACTGCAAATACTAGCTTGGCTCGTTATTGCCGAGATAATGGTTTACTTCTGCACATCCACCGCGCAATGCATGCAGTT
KU645803.1_L4_donor_900_r0,KU645803.1,Cananga odorata,Other angiosperms,KU645803.1,train,L4_donor_900,900,600,0,3421298672,ATGTCACCAAAAACAGAGACTAAAGCAAGTGTTGGATTCAAAGCTGGTGTTAAAGAGTACAAATTGACTTATTATACTCCTGAATATGAAACCAAGGATACTGATATCTTGGCAGCATTCCGAGTAACCCCTCAACCCGGAGTTCCGCCTGAGGAAGCAGGGGCTGCGGTAGCTGCCGAATCTTCTACTGGTACATGGACAACTGTGTGGACCGATGGACTTACCAGCCTTGATCGTTACAAAGGACGATGCTACCACATCGAGCCCGTTGCTGGGGAGGAAAATCAATATATTGCTTATGTAGCTTACCCTTTAGACCTTTTTGAAGAGGGTTCTGTTACTAACATGTTTACTTCCATTGTAGGTAATGTATTTGGATTTAAAGCTCTACGAGCTCTACGTCTGGAAGACTTGCGAATTCCTACTTCTTATGTCAAGACTTTCCAGGGCCCACCTCACGGCATCCAAGTTGAGAGAGATAAATTGAACAAGTATGGCCGTCCCCTATTGGGATGTACTATTAAACCAAAATTGGGATTATCCGCCAAGAACTACGGTAGGGCGGTTTATGAATGTCTCCGCGGTGGACTTGATTTTACCAAGGATGATGAGAACGTGAACTCCCAACCATTTATGCGCTGGAGAGACCGTTTCTTATTTTGTGCCGAAGCAATTTATAAAGCGCAGGCCGAAACAGGTGAAATCAAAGGACATTACCTGAATGCTACTGCAGGTACATGCGAAGAAATGATCAAAAGGGCCGTATTTGCCAGGGAATTGGGAGCTCCCATCGTAATGCATGACTACTTAACAGGGGGATTCACTGCAAATACTAGCTTGGCTCATTATTGCCGAGACAACGGCCTACTTCTTCACATCCATCGCGCAATGCATGCAGTT
KU645804.1_L4_donor_900_r0,KU645804.1,Asimina incana,Other angiosperms,KU645804.1,val,L4_donor_900,900,600,0,4059638494,ATGTCACCAAAAACAGAGACTAAAGCAAGTGTTGGGTTCAAAGCGGGTGTTAAAGAGTACAAATTGACTTATTATACTCCTGAATATGAAACCAAAGATACTGATATCTTGGCAGCATTCCGAGTAACCCCTCAACCCGGAGTTCCGCCCGAGGAAGCAGGGGCTGCGGTAGCTGCCGAATCCTCTACTGGTACATGGACAACTGTGTGGACCGATGGACTTACCAGCCTTGATCGTTACAAAGGACGATGCTACCACATCGAGCCTGTTGTTGGAGAGGAAAATCAATTTATTGCTTATGTAGCTTACCCTTTAGATCTTTTTGAGGAGGGTTCTGTTACTAACATGTTTACTTCCATTGTAGGTAATGTGTTTGGGTTCAAAGCTCTACGAGCTCTACGCCTAGAGGACTTGCGAATTCCTACTTCTTATATCAAGACTTTCCAGGGCCCGCCCCACGGCATCCAAGTTGAGAGAGATAAATTGAACAAGTATGGCCGTCCCCTATTGGGATGTACTATTAAACCAAAATTGGGGTTATCCGCCAAGAACTACGGTAGGGCGGTTTATGAATGTCTCCGTGGTGGACTTGATTTTACCAAGGATGATGAGAACGTGAACTCCCAACCATTTATGCGCTGGAGAGACCGTTTCTTATTTTGTGCTGAAGCCATTTATAAAGCGCAGGCCGAAACGGGTGAAATCAAAGGACATTACTTGAATGCTACTGCAGGTACATGCGAAGAAATGATCAAAAGGGCCGTGTTTGCCAGGGAATTGGGGGTTCCCATCGTAATGCATGACTACTTAACGGGGGGATTCACTGCAAATACTAGCTTGGCTCATTATTGCCGAGACAACGGCCTACTTCTTCACATCCATCGCGCAATGCATGCAGTT
LC060504.1_L4_donor_900_r0,LC060504.1,Acinetospora filamentosa,Brown algae,LC060504.1,train,L4_donor_900,900,600,0,2723036363,ATGCCTGAAGATGTGCAGAATCGAACTCGAATAAAAAGTGAACGTTATGAATCAGGTGTTATTCCATATGCAAAAATGGGATATTGGGATGCTGATTATAACGTTAAAGAAACTGATATTCTAGCTCTTTTTCGTATCACACCACAACCAGGCGTAGATCCCGTTGAAGCTGCTGCTGCTGTTGCCGGTGAATCTTCTACTGCAACATGGACTGTAGTTTGGACAGATTTATTAACTGCTTGTGATATCTATAGAGCGAAAGCATATAGAGTAGACCCAGTACCTGGAACAAGTGATCAATTTTTTGCTTATATAGCATATGAATGTGATTTATTTGAAGAAGGCTCTCTTGCTAATTTAACAGCCTCTATTATTGGTAACGTTTTCGGTTTTAAAGCCGTTAAAGCTTTACGTTTAGAAGATATGAGAATCCCTTACGCTTACTTAAAGACTTTCCAAGGTCCAGCAACAGGTGTAATTGTAGAGAGAGAAAGATTAGATAAATTTGGTCGTCCTTTATTAGGGGCTACTGTAAAACCTAAATTAGGTCTTTCTGGTAAAAACTATGGTCGTGTTGTTTATGAGGGTTTAACTGGTGGTCTTGATTTCCTTAAGGATGATGAAAATATTAACTCGCAACCATTTATGCGTTGGAAAGAACGTTTCCTATACTGTATGGAAGGTGTTAATAGAGCTGCTGCTGCAACTGGTGAAGTTAAAGGTTCTTACCTAAACATTACAGCTGCAACTATGGAACAAATGTATGAACGTGCAGAATACGCTCATGCAATTGGATCAGTTATTGTGATGATCGATTTAGTTATTGGTTACACAGCAATCCAAAGTATGGCAATTTGGGCAAGAAAGTACGAAATGATTCTACATTTACACCGTGCTGGA
LC060517.1_L4_donor_900_r0,LC060517.1,Acinetospora asiatica,Brown algae,LC060517.1,train,L4_donor_900,900,600,0,211127936,ATGCCTGAAGATGTGCAGAATCGAACTCGAATAAAAAGTGAACGTTATGAATCAGGTGTTATTCCATATGCAAAAATGGGATATTGGGATGCTGATTATAACGTTAAAGAAACTGATATTCTAGCTCTTTTTCGTATCACACCACAACCAGGCGTAGATCCCGTTGAAGCTGCTGCTGCTGTTGCCGGTGAATCTTCTACTGCGACATGGACTGTAGTTTGGACAGATTTATTAACTGCTTGTGACATCTATAGAGCGAAAGCATATAGAGTAGATCCAGTACCTGGAACAAGTGATCAATTTTTTGCTTACATAGCATATGAATGTGATTTATTTGAAGAAGGTTCTCTTGCTAACTTAACAGCATCGATTATCGGTAACGTTTTCGGTTTTAAAGCCGTTAAAGCATTACGTTTAGAAGATATGAGAATCCCTTACGCATACTTAAAGACTTTCCAAGGTCCAGCGACAGGTGTAATTGTAGAGAGAGAAAGATTAGATAAGTTTGGTCGTCCTTTATTAGGAGCGACTGTAAAACCTAAATTAGGTCTTTCTGGTAAGAACTATGGTCGTGTTGTATATGAAGGTTTAACTGGTGGTCTTGATTTCCTTAAAGATGATGAAAACATTAACTCACAACCATTTATGCGTTGGAAAGAACGTTTCTTATACTGTATGGAAGGGGTAAACCGAGCTGCTGCTGCAACTGGTGAAGTTAAAGGTTCTTACCTGAACATTACAGCTGCAACTATGGAAGAAATGTACCAACGTGCAGAATACGCTCATGCGATTGGTTCAGTTATTGTGATGATCGATTTAGTTATCGGTTACACAGCAATTCAAAGTATGGCAATCTGGGCAAGAAAGTACGAAATGATTTTACATTTACACCGTGCTGGA
LC145073.1_L4_donor_900_r0,LC145073.1,Haplomitrium hookeri,Liverworts,LC145073.1,val,L4_donor_900,900,600,0,991872373,ATGTCACCACAGACAGAAACTAGAGCAGGTGTTGGATTCAAAGCCGGTGTGAAAGATTACAGATTGACTTATTATACTCCCAATTACGAGACCAAAGACACCGACATCTTGGCAGCATTCCGAATGACTCCTCAACCTGGAGTGCCACCCGAAGAAGCTGGAGCGGCAGTAGCTGCCGAATCTTCCACAGGTACATGGACCACCGTTTGGACTGATGGGCTTACGAGCCTTGATCGTTACAAGGGTCGCTGCTATGGTATTGAACCTGTCGCGGGGGAGGAAAATCAATATATTGCTTATGTCGCTTATCCACTAGATTTGTTCGAGGAAGGTTCCGTCACCAATTTATTCACTTCCATAGTAGGTAACGTATTTGGCTTTAAAGCGTTGCGAGCTCTACGTCTCGAAGATTTGAGAATTCCCCCAGCTTATTCCAAAACTTTTCAAGGTCCACCGCACGGTATTCAAGTTGAAAGAGATAAATTAAACAAATATGGTCGTCCATTACTGGGATGTACTATCAAACCCAAACTAGGTTTATCGGCTAAAAACTATGGTAGAGCTGTTTACGAGTGTCTTCGTGGCGGGCTTGACTTTACAAAAGACGACGAAAACGTAAATTCCCAGCCATTTATGCGTTGGAGGGATCGTTTCGTATTCGTAGCAGAAGCTCTTTTTAAGTCTCAAGCGGAAACCGGCGAAATCAAAGGACATTACTTAAATGCCACTGCCGGTACGTGCGAGGAAATGATGAAAAGGGCAGAATTTGCTAGAGAATTGGGCGTACCTATTGTCATGCACGATTATTTGACGGGGGGGTTTACCGCGAACACGAGTTTAGCTCATTACTGCCGGGACAATGGTTTACTTCTTCATATCCACCGTGCAATGCATGCTGTT
LC176260.1_L4_donor_900_r0,LC176260.1,Weisiopsis anomala,Mosses,LC176260.1,val,L4_donor_900,900,600,0,4286858591,ATGTCACCACAAACGGAGACTAAAGCAGGTGTTGGATTTAAAGCTGGTGTTAAAGATTACAGATTAACTTATTACACTCCAGACTATCAGACTAAAGAAACTGATATTTTAGCAGCATTTCGAATGACTCCTCAACCAGGAGTACCAGCTGAAGAAGCAGGAGCTGCAGTAGCTGCGGAATCATCTACTGGTACATGGACTACTGTTTGGACTGATGGACTTACTAGTCTTGATCGTTATAAAGGTCGATGCTATGATATTGAAGCAGTTCCTGGAGAAGAAAATCAATATATCGCTTATGTTGCTTACCCATTAGATTTATTTGAAGAAGGTTCTGTTACTAACTTATTTACTTCTATTGTTGGTAATGTTTTTGGATTCAAAGCTTTACGAGCTTTGCGTCTAGAAGATTTGCGTATTCCTCCAGCTTATTCCAAAACTTTCCAAGGCCCACCTCATGGTATTCAAGTTGAGAGAGACAAATTAAACAAATATGGTCGTCCATTATTAGGATGCACTATTAAACCAAAATTAGGTTTATCTGCTAAAAACTACGGTAGAGCTGTTTATGAATGTCTTCGTGGTGGACTTGATTTTACAAAAGATGATGAAAACGTAAATTCTCAACCGTTCATGCGTTGGAGAGATCGTTTTTTATTTGTAGCGGAAGCTCTTTACAAATCTCAAGCTGAAACAGGGGAAATTAAAGGACATTATCTAAATGCTACCGCAGGTACCTGTGAAGAAATGTTAAAAAGAGCTCAATTTGCTAGAGAATTGGGTGTTCCTATTATTATGCACGACTATTTAACTGGTGGTTTTACTGCAAATACTAGTTTAGCTCATTATTGCCGTGACAACGGATTACTTCTTCATATTCACCGTGCAATGCATGCAGTT
LC200423.1_L4_donor_900_r0,LC200423.1,Selenastrum capricornutum,Green algae,LC200423.1,val,L4_donor_900,900,600,0,3679727790,ATGGTTCCTCAAACAGAAACTAAAGCAGGCGCTGGATTTAAAGCTGGTGTAAAAGACTACCGTTTAACATACTACACTCCTGATTACGTTGTTAAAGAAACTGACGTATTAGCTGCATTCCGTATGACTCCACAACCAGGTGTTCCACCTGAAGAGTGTGGTGCTGCCGTAGCTGCAGAATCATCAACAGGTACTTGGACAACAGTATGGACAGACGGTTTAACTACATTAGATCGTTACAAAGGACGTTGTTACGATCTTGAACCTGTTCCAGGTGAAGATAACCAATACATTGCGTATGTTGCTTACCCAGTAGATTTATTTGAAGAAGGTTCAGTAACAAACTTATTTACTTCAATCGTAGGTAACGTATTTGGTTTCAAAGCTTTACGTGCTCTTCGTTTAGAAGATCTTCGTATTCCTCCAGCTTACGTTAAAACATTCGAAGGACCTCCACACGGTATCCAAGTTGAGCGTGACAAATTAAACAAATATGGTCGTGGTCTTTTAGGTTGTACAATTAAACCAAAATTAGGTTTATCAGCTAAAAACTACGGACGTGCTGTTTACGAATGTTTACGTGGTGGTTTAGACTTCACAAAAGATGACGAAAACGTTAACTCACAACCATTCATGCGTTGGAGAGACCGTTTCTTATTCGTTGCTGAAGCTATCTACAAAGCACAAGCAGAAACTGGTGAAATTAAAGGTCACTACTTAAACGCAACTGCAGGTACATGTGAAGAAATGTTAAAACGTGCACAATGTGCTAAAGATATCGGTGTACCGATTGTTATGCACGACTACTTAACAGGTGGTTTCACTGCAAACACTTCTTTATCTCACTTCTGTCGTGATAATGGTTTATTATTACACATTCACCGTGCTATGCACGCGGTT
LC270392.1_L4_donor_900_r0,LC270392.1,Pohlia annotina,Mosses,LC270392.1,test,L4_donor_900,900,600,0,3513678499,ATGTCACCACAAACGGAGACTAAAGCAGGTGTTGGATTTAAAGCTGGTGTTAAAGATTACAGATTAACTTATTACACTCCAGATTATCAGACTAAAGAAACTGATATTTTAGCAGCATTTCGAATGACTCCTCAACCAGGAGTACCAGCTGAAGAGGCAGGAGCGGCAGTAGCTGCGGAATCTTCCACTGGTACATGGACTACTGTTTGGACTGATGGACTTACTAGTCTTGATCGTTACAAAGGACGATGCTATGATATTGAAGCAGTTCCTGGAGAAGAGAATCAATATATTGCTTATGTTGCTTACCCATTAGATTTATTTGAAGAAGGTTCTGTTACCAATTTATTTACTTCTATTGTTGGTAATGTTTTTGGGTTTAAAGCTTTACGAGCTTTACGTCTAGAAGATTTACGTATTCCTCCAGCTTATTCCAAAACTTTCCAAGGCCCACCTCATGGTATTCAAGTTGAAAGAGATAAATTAAACAAATATGGTCGTCCATTATTAGGATGCACTATTAAGCCAAAATTGGGTTTATCTGCTAAAAACTATGGTAGAGCTGTATATGAATGTCTTCGTGGTGGACTTGATTTCACAAAAGATGATGAAAACGTAAATTCTCAGCCTTTTATGCGTTGGAGAGATCGTTTCTTATTTGTAGCTGAAGCTCTTTACAAATCTCAAGCTGAAACAGGTGAAATTAAAGGACATTATTTAAATGCTACCGCAGGTACATGTGAAGAAATGATGAAAAGAGCTTACTTTGCTAGAGAACTAGGCGCTCCTATTGTTATGCATGACTATCTAACAGGTGGTTTTACTGCAAATACTAGTTTGGCTCATTATTGCCGTGATAACGGCTTACTTCTTCACATTCACCGTGCAATGCATGCAGTT
LC272005.1_L4_donor_900_r0,LC272005.1,Fissidens subangustus,Mosses,LC272005.1,train,L4_donor_900,900,600,0,2058574012,ATGTCACCACAAACGGAGACTAAAGCAGGTGTTGGATTTAAAGCTGGTGTTAAAGATTACAGATTAACTTATTACACTCCAGATTATCAGACTAAAGAAACTGATATTTTAGCAGCATTTCGAATGACTCCTCAACCAGGGGTCCCATCTGAAGAAGCAGGAGCTGCAGTAGCTGCGGAATCTTCTACTGGTACATGGACCACTGTTTGGACTGATGGACTTACTAGTCTTGATCGTTATAAAGGTCGATGCTATGATATTGAACCAGTTGCTGGAGAAGAGAATCAATATATCGCTTATGTTGCTTACCCATTAGATTTATTTGAAGAAGGTTCTGTTACCAATTTATTTACTTCTATTGTTGGTAATGTTTTTGGATTTAAAGCTTTACGAGCTTTGCGTCTAGAAGATTTGCGTATTCCTCCATCTTATTCCAAAACTTTCCAGGGCCCACCTCATGGTATTCAAGTTGAAAGAGATAAATTGAACAAGTATGGTCGTCCATTATTAGGATGTACAATTAAACCAAAATTGGGTTTATCTGCTAAAAATTACGGTAGAGCTGTGTATGAATGTCTTCGTGGTGGACTTGATTTTACAAAAGATGATGAAAACGTGAATTCTCAACCATTTATGCGCTGGAGAGACCGTTTCGTATTTGTAGCAGAAGCTCTTTACAAATCTCAAGCTGAAACAAATGAAATTAAAGGACATTATCTAAATGCTACCGCAGGTACTTGTGAAGAAATGTTAAAAAGAGCTGAATTTGCTAGAGAATTGGGAGTTCCTATTGTTATGCATGACTATTTAACAGGTGGTTTTACTGCAAATACTACTTTAGCTCATTATTGCCGCGATAACGGTTTACTTCTTCATATTCACCGTGCAATGCATGCAGTT
LC376047.1_L4_donor_900_r0,LC376047.1,Hattoria yakushimensis,Liverworts,LC376047.1,train,L4_donor_900,900,600,0,244307605,ATGTCACCACAAACGGAGACTAAAGCAGGTGTTGGATTCAAAGCTGGTGTTAAAGATTATAGATTAACTTACTATACGCCTGATTATGAGACGAAAGAAACAGATATTTTGGCAGCATTTCGTATGACTCCTCAGCCTGGAGTACCACCTGAAGAAGCAGGAGCAGCAGTAGCTGCCGAATCTTCAACTGGGACATGGACTACTGTTTGGACCGACGGACTTACAAGTCTTGATCGTTACAAAGGCCGATGTTATGATATTGAACCCGTTGCTGGCGAAGAAAATCAATATATTGCTTATGTGGCCTACCCATCAGATTCATTTGAAGAAGGTTCTGTTACCAATCTTTTCACCTCTATTGTAGGAAATGTGTTCGGATTCAAAGCTTTACGAGCTTTACGTCTTGAAGATTTACGAATTCCTCCAGCTTATGTAAAAACTTTTCAAGGTCCGCCTCATGGCATCCAAGTTGAAAGAGACAAATTAAATAAATATGGTCGTCCTTTATTGGGTTGTACCATTAAACCAAAATTAGGTTTATCTGCTAAAAATTATGGTAGAGCTGTTTATGAATGTCTTCGTGGTGGACTTGATTTCACAAAAGATGATGAAAATGTAAATTCTCAACCATTTATGCGTTGGAGAGATCGTTTCTTATTCGTAGCAGAAGCTCTTTTCAAATCTCAGGCTGAAACTGGTGAAATTAAAGGACATTACTTAAATGCTACTGCAGGTACATCTGAAGAAATGATGAAAAGAGCTGCATGTGCTAGAGAATTGGGTGTACCAATCGTTATGCATGATTATCTCACAGGTGGTTTCACTGCAAACACTAGTCTAGCTCACTATTGTCGGGATAACGGTTTACTTCTTCATATTCACCGTGCGATGCATGCTGTT
LC493039.1_L4_donor_900_r0,LC493039.1,Colpomenia borea,Brown algae,LC493039.1,train,L4_donor_900,900,600,0,2569165754,ATGCCTGAAGATGTGCAGAATCGAACTCGAATAAAAAGTGAACGTTACGAATCAGGTGTTATTCCATATGCCAAAATGGGATATTGGGATGCTGATTATAACGTTAAAGAAACTGATATTCTAGCTCTTTTTCGTATCACTCCACAACCAGGTGTAGATCCCGTTGAAGCTGCCGCTGCTGTTGCCGGCGAATCTTCTACTGCAACATGGACGGTAGTTTGGACAGACTTACTAACTGCTTGTGATATCTATAGAGCAAAAGCATATAGAGTAGATCCAGTACCCGGAACAAGTGACCAATTCTTTGCTTATATAGCTTACGAATGTGATTTATTTGAAGAAGGTTCTCTTGCCAATTTAACGGCATCTATTATTGGTAACGTTTTCGGTTTCAAAGCTGTTAAAGCATTACGTTTAGAAGATATGAGAATTCCTTACGCTTACTTAAAAACTTTCCAAGGACCAGCAACAGGTGTGGTTGTGGAAAGAGAAAGATTAGATAAATTTGGTCGTCCTTTATTAGGGGCTACTGTAAAACCTAAATTAGGTCTTTCTGGTAAAAACTACGGGCGTGTTGTTTATGAAGGTTTAACTGGTGGTCTTGACTTCCTTAAGGATGATGAGAATATTAATTCACAACCATTTATGCGTTGGAAGGAACGTTTCTTATATTGTATGGAAGGTGTTAACCGAGCTGCTGCTGCAACAGGTGAAGTTAAAGGTTCTTATCTGAATATTACCGCTGCAACTATGGAACAAATGTATGAACGTGCAGAATATGCTCATTCAATCGGTTCTGTTATTGTTATGATCGATTTAGTTATCGGTTATACAGCAATCCAAAGTATGGCAATCTGGGCACGAAAAGCTGAAATGATCTTACATTTACATCGTGCAGGT
LC723702.1_L4_donor_900_r0,LC723702.1,Schistochila sciurea,Liverworts,LC723702.1,train,L4_donor_900,900,600,0,3011454462,ATGTCACCACAAACGGAGACTAAAGCAGGTGTTGGATTCAAAGCTGGTGTTAAAGATTATAGATTAACTTATTATACTCCGGATTATGAAACGAAAGATACGGATATTTTGGCAGCGTTTCGTATGACCCCTCAACCTGGAGTTCCAGCCGAAGAAGCAGGTGCAGCGGTTGCTGCCGAATCTTCCACAGGTACTTGGACTACAGTTTGGACTGATGGACTTACAAGTCTTGATCGTTACAAAGGTCGATGCTATGATATCGAACCTGTCGCTGGAGAAGAAAATCAATACATAGCTTATGTTGCTTATCCTTTAGATCCATTTGAAGAAGGTTCCGTTACGAACTTATTCACTTCCATTGTAGGTAATGTTTTCGGATTTAAAGCTTTGCGAGCTATACGTCTTGAAGATTTGCGAATTCCTCCGTCATATGTAAAAACTTTTCAAGGTCCGCCTCACGGTATTCAAGTTGAGAGAGATAAATTGAATAAATATGGTCGTCCTTTATTGGGATGTACAATTAAACCAAAATTAGGCTTATCTGCCAAAAATTATGGTAGAGCTGTATATGAATGTCTTCGTGGTGGGCTTGATTTCACGAAAGATGATGAAAATGTAAATTCTCAACCATTTATGCGCTGGAGAGATCGTTTCTTGTTTGTAGCAGAAGCTCTTTTTAAATCTCAATCTGAAACTGGTGAAATCAAAGGACATTATTTAAATGCTACTGCAGGTACCTGTGAAGAAATGATGAAAAGAGCTGCATGTGCTAGAGAGTTGGGTGTACCCATTGTTATGCATGATTATCTTACAGGTGGCTTTACCGCAAATACTAGTTTAGCTCATTATTGTCGCGATAATGGTTTACTTCTTCACATTCATCGTGCAATGCATGCAGTT
LC735540.1_L4_donor_900_r0,LC735540.1,Centella asiatica,Eudicots,LC735540.1,train,L4_donor_900,900,600,0,2612236556,ATGTCACCACAAACAGAGACTAAAGCAGGTGTTGGATTCAAAGCTGGGGTTAAAGATTACAAATTGACTTATTATACTCCTGACTATGAAACCAAAGATACTGATATCTTGGCAGCATTCCGAGTAACTCCTCAACCTGGAGTTCCACCTGAAGAAGCAGGGGCCGCGGTAGCTGCCGAATCTTCTACTGGTACATGGACAACTGTGTGGACCGACGGACTTACCAGCCTTGATCGTTACAAAGGGCGATGCTACGGAATCGAGCCCGTTCCTGGAGAAGAAAATCAATTTATTGCTTATGTAGCTTACCCATTAGACCTTTTTGAAGAAGGTTCTGTTACTAACATGTTTACTTCCATTGTTGGTAATGTATTTGGGTTCAAAGCCCTGCGTGCCCTACGTCTGGAAGATCTGCGAATCCCTGTTGCTTATGTGAAAACTTTCCAAGGCCCGCCTCATGGTATCCAAGTTGAAAGAGATAAATTGAACAAGTATGGTCGTCCCCTGTTGGGATGTACTATTAAACCTAAATTGGGGTTATCCGCTAAAAACTACGGTAGAGCGGTTTATGAATGTCTCCGCGGTGGACTTGATTTTACCAAAGACGATGAGAACGTGAACTCCCAACCATTTATGCGTTGGAGAGATCGTTTCTTATTTTGTGCCGAAGCGCTTTTTAAAGCACAGGTTGAAACAGGTGAAATCAAAGGGCATTACTTGAATGCTACTGCGGGTACTGTCGAAGAAATGATGAAAAGGGCTATATTTGCTAGAGAATTGGGAGTTCCTATCATAATGCACGATTACTTAACAGGGGGATTCACTGCAAATACTAGCTTGGCTCATTATTGCCGAGATAATGGCCTACTTCTTCACATCCACCGTGCAATGCATGCAGTT
LC791202.1_L4_donor_900_r0,LC791202.1,Pleurozia subinflata,Liverworts,LC791202.1,val,L4_donor_900,900,600,0,4282552396,ATGTCACCACAAACGGAGACTAAAACAGGTGTTGGATTCAAAGCTGGTGTTAAAGATTATCGCTTAACTTATTATACTCCTGATTATCAGACGAAGGAGACAGATATTTTAGCAGCATTTCGTATGACTCCGCAACCTGGAGTACCGGCACAAGAAGCAGGAGCTGCAGTAGCCGCTGAGTCTTCTACTGGTACTTGGACTACAGTTTGGACTGATGGACTTACAAGTCTTGATCGTTACAAAGGTCGATGCTATGATATTGAACCTGTTGCTGGAGAAGAAAATCAATATATTGCTTATGTAGCTTATCCCCTAGATTTATTTGAAGAAGGTTCTGTTACAAACCTTTTTACTTCTATTGTAGGTAATGTATTTGGATTCAAAGCTTTACGAGCTTTGCGTCTTGAAGATTTACGAATTCCTCCAGCTTATACAAAAACTTTCCAAGGTCCACCTCATGGTATACAAGTTGAGAGAGATAAATTGAATAAATATGGTCGTCCTTTATTGGGATGTACTATTAAACCAAAACTAGGTTTATCTGCTAAAAATTATGGTAGAGCTGTGTATGAATGTCTTCGTGGTGGACTCGATTTTACAAAAGATGATGAGAATGTAAATTCTCAACCATTTATGCGTTGGAGAGATCGTTTTTTGTTTGTAGCAGAAGCTCTTTTTAAATCTCAAGCAGAAACTGGTGAAATTAAAGGACATTATTTAAATGCTACTGCAGGAACATCCGAAGAAATGTTAAAAAGAGCACAATGTGCTAGAGAGTTAGGCGTACCTATTGTTATGCATGACTATCTTACAGGTGGTTTTACCGCAAATACCACTTTAGCTCATTATTGTAGAGATAATGGTCTACTTCTTCATATTCACCGTGCGATGCATGCAGTT
LC858738.1_L4_donor_900_r0,LC858738.1,Cyathodium tuberosum,Liverworts,LC858738.1,train,L4_donor_900,900,600,0,1425655311,ATGTCACCACAAACGGAGACTAAAGCAGGTGCTGGATTCAAAGCTGGTGTTAAAGATTATCGATTAAATTATTACACTCCTGATTATGAGACCAAAGATACAGATATTTTGGCAGCATCTAGAATGACTCCTCAACCTGGTGTACCACCGGAAGAAGCAGGAGCAGCTGTTGCTGCTGAATCTTCTACTGGTACATGGACTACAGTCTGGACTGATGGTCTTACTAACCTTGATCGTTATAAAGGTCGATGCTATGATATTGACCCTGTTCCTGGGGAACAAAATCAATATATTGCTTATGTAGCTTATCCTTTAGATCCATCCGAGGAAGGATCTGTTACAAATATGTTTACTTCGATTGTAGGTAATGTATTTGGTTTTAAAGCTTTGAGAGCATTGCGACTTGAAGATTTGAGAATTCCTCCGGCTTACACAAAAACTCTCCAAGGTCCTCCTCATGGTATACAGGTTGAAAGAGATAAATTAAATAAATATGGTCGTCCTTTATTAGGATGTACTATTAAACCAAAATTAGGTTTATCTGCTAAAAATTATGGTAGAGCTGTATATGAATGTCTTCGTGGTGGACTTGACTTTACTAAAGATGATGAAAACGTAAATTCTCAGCCGTTTATGCGTTGGAGAGATCGTTTCTTATTCGTGGCAGAGGCTCCTTATAAAGCTCAATCAGAAACTGGGGAAATCAAAGGACATTACTTGAATGCTACTGCAGGTACTTCTGAAGAAATGATAAAAAGAGCTGTGTGTGCTAGAGAATTGGGTGTACCAATTGTTATGCATGATCATCCAACTGGTGGTTTTACCGCAAATACTAGTTTGGCTTCTTATTGTCGTGATAACGGTTTACTCCTTCACATTCACCGCGCAATGCATGCGGTT
LC858740.1_L4_donor_900_r0,LC858740.1,Cyathodium cavernarum,Liverworts,LC858740.1,train,L4_donor_900,900,600,0,171010425,ATGTCACCACAAACGGAGACTAAAGCAGGTGCTGGATTCAAAGCTGGTGTTAAAGATTATCGATTAACTTATTACACTCCTGATTATGAGACCAAAGATACAGATATTTTGGCAGCATTCAGAATGACTCCTCAACCTGGCGTACCAGCGGAAGAAGCGGGAGCAGCTGTTGCTGCTGAATCTTCCACCGGTACATGGACTACAGTCTGGACTGATGGTCTTACTAACCTTGATCGTTATAAAGGTCGATGCTACGATATCGACCCTGTTCCCGGGGAACAAAATCAATATATTGCTTATGTAGCTTATCCTTTAGATCTATTTGAGGAAGGTTCTGTTACAAACATGTTTACTTCGATTGTAGGTAATGTATTCGGTTTTAAAGCTTTGAGAGCATTGCGACTTGAAGATTTAAGAATTCCTCCGGCTTATACAAAAACTTTTCAAGGTCCTCCTCACGGTATCCAAGTTGAAAGGGATAAATTGAATAAATATGGTCGTCCTTTATTAGGATGTACTATCAAACCAAAATTAGGTTTATCTGCTAAAAATTATGGTAGAGCTGTATATGAATGTCTTCGTGGTGGGCTGGACTTTACCAAAGATGATGAAAACGTAAATTCTCAGCCATTTATGCGTTGGAGAGATCGTTTCTTATTCGTGGCAGAAGCTCTTTACAAAGCTCAATCAGAAACTGGGGAAATTAAAGGACATTACTTGAATGCTACTGCAGGTACTTCTGAAGAAATGATGAAGAGAGCTGTGTGTGCTAGAGAATTAGGTGTACCAATTGTTATGCATGATTATTTGACCGGTGGTTTTACTGCAAATACTAGTTTGGCCTTCTATTGTCGTGACAATGGTTTACTTCTTCACATTCACCGCGCAATGCATGCGGTT
LC859596.1_L4_donor_900_r0,LC859596.1,Trichocolea japonica,Liverworts,LC859596.1,train,L4_donor_900,900,600,0,610805151,ATGTCACCACAAACGGAGACTAAAACAGGTGTTGGATTCAAAGCTGGTGTGAAAGATTATAGATTAACTTATTACACACCTGATTATGAGACGAAAGAGACAGATATTTTGGCAGCATTTCGTATGACTCCTCAACCAGGAGTACCACCTGAAGAAGCAGGAGCAGCAGTAGCTGCTGAATCTTCGACTGGTACGTGGACCACGGTTTGGACTGACGGACTTACAACTCTTGATCGTTACAAAGGTCGATGCTATGATATTGAACCTGTCGCTGGCGAAGAAAATCAATATATTGCTTATGTAGCTTATCCATTAGATTTATTCGAAGAAGGTTCTGTCACAAATCTTTTCACTTCTATTGTAGGTAATGTATTCGGATTCAAAGCTCTACGAGCTTTACGTCTTGAAGATTTACGTATTCCTCCAGCTTATGTTAAAACTTTTCAAGGTCCACCTCACGGTATTCAAGTTGAAAGAGATAAATTAAATAAATATGGTCGTCCTTTATTGGGCTGTACCATTAAACCAAAATTAGGTTTATCTGCTAAAAATTATGGTAGAGCTGTATACGAATGTCTTCGTGGTGGACTTGATTTTACAAAAGATGATGAAAATGTAAACTCTCAACCATTTATGCGTTGGAGAGATCGTTTCTTGTTTGTAGCAGAAGCTATTTTCAAATCTCAAGCTGAAACTGGTGAAATTAAAGGACACTATTTAAATGCTACTGCAGGTACATCTGAAGAAATGATGAAAAGAGCTGCATGTGCTAGAGAATTGGGTGTCCCAATTATTATGCATGATTATCTTACAGGTGGATTCACTGCAAATACTAGTTTAGCTCATTATTGCAGAGATAACGGGTTACTTCTTCACATCCATCGTGCGATGCACGCCGTT
LC884819.1_L4_donor_900_r0,LC884819.1,Cyanidium caldarium,Red algae,LC884819.1,train,L4_donor_900,900,600,0,1089396664,ATGGCTCAGTCTGTGCAAGAACGAACACGTCTGAAAAATAAAAGGTATGAATCTGGCGTAATACCATATGCGAAAATGGGATATTGGGATCCGAACTATGTTGTAAAAGACACTGATATCTTAGCACTATTTAGAGTTACTCCTCAACCTGGGGTTGACCCTATTGAAGCTTCTGCCGCGGTAGCAGGAGAATCTTCAACAGCTACATGGACCGTGATTTGGTGCGATTTACTTACAGCCTGTGATGTTTACAGAGCAAAAGCTTACAGAGTTGATCAAGTGCCTAATTCTCCAGATCAATATTTCGCCTACATTGCCTACGACCTGGATTTATTCGAAGAAGGATCTATAGCAAATTTAACAGCATCGATAATCGGAAACGTTTTCGGGTTTAAAGCTTTAGCAGCATTGAGGCTGGAAGACATGAGAATACCTATAGGATACTTGAAAACTTTCCAAGGACCTGCGACTGGCGTAGTCGTTGAAAGAGAACGTTTGAATATGTTTGGCAAGCCTTTTCTAGGTGCTACTGTAAAACCTAAACTAGGGCTTTCTAGTAAAAACTATGGACGGGTTGTTTACGAAGGCTTAAAAGGAGGCTTGAATTTCCTTAAAGATGATGAAAACATAAATTCTCAACCATTCATGAGATGGAGAGAAAGGTTCTTGTACGTGATGGAAGGAGTTAACCGTGCATCTGCAGCAACTGGAGAAATAAAAGGTTCTTATCTAAATGTGACTGCAGCAACAATGGAAGAGATGTATAACAGAGCTGCATGTGCAAAAGAAGTGGGCTCAATCATCATAATGATAGATTTAGTAATAGGATACACAGCTATTCAATCTATGGCTATTTGGGCACGCGAAAATAATATGATTTTACATTTACACAGAGCAGGA
LC899187.1_L4_donor_900_r0,LC899187.1,Pyropia akasakae,Red algae,LC899187.1,train,L4_donor_900,900,600,0,781672234,ATGTCTCAATCCGTAGAATCACGGACTAGGATTAAAAGCGAACGTTACGAATCTGGAGTAATCCCTTACGCTAAAATGGGCTACTGGGATGCTGACTATGTAATTAAAGAAACAGATATTTTAGCTCTTTTCAGAATCACTCCTCAACCAGGTGTTGACCCGATTGAAGCATCTGCTGCAATTGCAGGTGAATCTTCAACAGCTACTTGGACAGTTGTATGGACTGATTTATTAACAGCTTGTGACTTATACAGAGCAAAAGCATATCGAGTAGATCCAGTTCCAAACGTGGCAGATCAATATTTTGCTTATATAGCTTATGATATTGATTTATTTGAAGAAGGTTCCATTGCGAACTTAACTGCTTCAATTATTGGTAACGTTTTTGGGTTTAAAGCTGTTAAAGCTCTTCGTTTGGAAGACATGCGTATGCCAGTAGCTTATCTAAAAACGTTCCAAGGTCCTGCAACTGGATTGATTGTAGAACGTGAGCGTATGGATAAGTTCGGTAGACCTTTCTTAGGTGCTACAGTTAAACCTAAACTAGGTTTATCTGGCAAAAACTACGGAAGAGTTGTATACGAAGGCTTAAAAGGCGGTCTTGATTTCCTTAAAGATGATGAGAATATTAACTCACAACCATTTATGCGTTGGAGAGAAAGATTTTTATATTCTATGGAAGGTGTAAATAAAGCATCTGCTTCTGCTGGCGAAATTAAAGGTCATTACCTTAACGTAACAGCTGCGACAATGGAAGATATGTATGAGAGAGCCGAATTCTCTAAAGAGGTTGGTAGTATCATTTGTATGATTGACCTTGTGATTGGTTATACCGCGATTCAAAGTATGGCAATTTGGGCTCGTAAACATGACATGATTTTACATCTACATAGAGCTGGT
LC924737.1_L4_donor_900_r0,LC924737.1,Conocephalum orientale,Liverworts,LC924737.1,train,L4_donor_900,900,600,0,2065018459,ATGTCACCACAAACGGAGACTAAAGCAGGTACTGGATTCAAAGCTGGTGTTAAAGATTATCGATTAACTTATTATACTCCGGATTATGAAACTAAAGATACGGATATTTTAGCAGCATTTAGAATGACTCCTCAGCCTGGGGTACCAGCAGAAGAAGCAGGAGCAGCAGTTGCTGCTGAATCTTCTACTGGTACATGGACTACAGTTTGGACTGATGGTCTTACTAACCTTGATCGTTATAAAGGTCGATGCTATGGTATTGACCCTGTTCCTGGAGAAGAAAATCAATATATTGCTTATGTAGCTTATCCTTTAGATTTATTTGAAGAAGGATCTGTTACAAATATGTTTACTTCTATTGTAGGTAATGTATTTGGATTTAAAGCTTTAAGAGCGTTACGTCTTGAAGATTTACGAATTCCTGTAGCTTATACAAAAACTTTCCAAGGTCCTCCTCATGGTATTCAAGTTGAAAGAGATAAATTAAACAAATATGGTCGTCCTTTATTAGGATGTACTATTAAACCAAAATTAGGTTTATCTGCTAAAAATTATGGTAGAGCTGTATATGAATGTCTTCGTGGTGGACTTGACTTTACTAAAGATGATGAAAATGTAAATTCTCAACCATTTATGCGTTGGAGAGATCGTTTCTTATTTGTAGCAGAAGCTCTTTATAAATCTCAAGCAGAAACTGGAGAAATCAAAGGACATTACTTAAATGCTACTGCAGGTACATCTGAAGAAATGCTAAAAAGAGCAGCATGTGCTAGAGAATTAGGTGCACCAATTGTTATGCATGACTATTTAACTGGTGGTTTTACTGCAAATACTAGTTTAGCTCATTATTGCCGTGATAATGGTTTACTTCTTCATATTCACCGTGCAATGCATGCAGTT
LC924765.1_L4_donor_900_r0,LC924765.1,Porella ulophylla,Liverworts,LC924765.1,train,L4_donor_900,900,600,0,2604688158,ATGTCACCACAAACGGAAACTAAAACAGGTGCTGGATTTAAAGCTGGTGTTAAAGATTATAGATCAACTTATTATACTCCCGACTATGATACAAAGGAGACAGATATTTTAGCAGCATTTCGTATGACTCCTCAACCTGGAGTACCAGAACAAGAAGCAGGAGCAGCAGTAGCTGCTGAATCTTCCACCGGTACATGGACTACGGTTTGGACTGATGGACTTACAAGTCTTGATCGTTACAAAGGTCGATGCTATGATATTGAACCCGTTGCTGGAGAGGATAATCAATTTATTGCTTATGTGGCTTATCCATTAGATCTATTTGAGGAAGGCTCCGTTACAAACCTGTTTACTTCTATTGTAGGTAATGTATTCGGATTCAAAGCTTTACGAGCGTTACGTCTCGAAGATTTACGAATTCCTCCAGCTTATGTAAAAACTTTTCAAGGCCCACCTCATGGTATCCAAGTTGAAAGGGATAAATTGAATAAATATGGTCGTCCTCTATTGGGATGTACTATAAAACCTAAATTAGGTTTATCCGCTAAAAATTATGGTAGAGCTGTATATGAATGTCTTCGTGGTGGACTTGACTTTACAAAAGATGATGAAAATGTAAACTCTCAACCATTTATGCGTTGGAGAGATCGTTTTTTGTTTGTAGCGGAAGCTCTTTTCAAATCTCAAGCCGAAACTGGCGAAATCAAAGGACATTATTTAAATGCTACTGCAGGTACATCTGAAGAAATGTTGAAAAGAGCAGAATGTGCTAGAGAATTGGGTGTACCAATTGTTATGCATGATTATCTTACAGGAGGCTTTACCGCAAATACCAGTTTAGCTCATTATTGTCGAGATAATGGTTTACTTCTTCATATTCATCGTGCAATGCATGCAGTT
LC924778.1_L4_donor_900_r0,LC924778.1,Acrolejeunea pusilla,Liverworts,LC924778.1,train,L4_donor_900,900,600,0,2087566669,ATGTCACCACAAACGGAGACTAAAGCAGGTGTTGGATTTAAAGCGGGCGTTAAGGATTATAGATTAACTTATTATACTCCTGAGTACCAGGTAAAGGCGACAGATATTTTGGCAGCATTTCGTATGACTCCTCAAGCCGGAGTACCAGCAGAAGAGGCAGGAGCAGCTGTAGCTGCTGAATCTTCAACTGGTACATGGACTACGGTTTGGACTGATGGACTTACAAGTCTTGATCGATATAAAGGTCGATGCTATGATATTGAACCTGTTCGTGGAGAAGAGAATCAATATATTGCTTATGTTGCTTATCCATTAGATTTATTCGAAGAAGGTTCTGTTACTAACCTTTTTACTTCTATTGTAGGTAACGTATTTGGATTTAAAGCTTTACGAGCTTTGCGTCTTGAAGATTTGCGAATTCCTCCATCTTATACCAAAACTTTCCAAGGTCCGCCTCATGGTATCCAAGTTGAAAGAGATAAATTGAACAAGTATGGTCGTCCTTTATTAGGATGTACTATTAAACCAAAATTAGGTTTATCGGCAAAAAATTATGGTAGAGCTGTATATGAATGTCTTCGTGGTGGACTTGATTTCACAAAAGATGATGAAAATGTAAATTCTCAACCATTTATGCGTTGGAGAGATCGCTTTTTGTTTGTAGCTGAAGCTCTTTTCAAATCTCAATCCGAAACGGGTGAAATTAAAGGACATTATTTAAATGCTACAGCAGGTACATCTGAAGAAATGTTAAAACGAGCACAATGTGCTAGAGAATTAGGTGTACCAATTGTTATGCATGACTATCTTACAGGTGGTTTTACTGCAAATACTAGTTTAGCTCATTATTGTAGAGATAATGGTTTACTTCTTCATATTCACCGTGCAATGCATGCAGTT
LC924831.1_L4_donor_900_r0,LC924831.1,Ceratodon purpureus,Mosses,LC924831.1,train,L4_donor_900,900,600,0,1558320818,ATGTCACCACAAACGGAGACTAAAGCAGGTGTTGGATTTAAAGCTGGTGTTAAAGATTACAGATTAAATTATTACACTCCAGATTATCAGACTAAAGATACTGATATTTTAGCAGCATTTCGAATGACTCCTCAACCAGGAGTACCACCTGAAGAAGCAGGAGCTGCAGTAGCTGCGGAATCTTCCACTGGTACATGGACCACTGTTTGGACTGATGGACTTACTAGTCTTGATCGTTATAAAGGTCGATGCTATGATATTGAAGCAGTTCCTGGAGAAGAAAATCAATATATCGCTTATGTTGCTTACCCATTAGATTTATTTGAAGAAGGTTCTGTTACCAATTTATTTACTTCTATTGTTGGTAATGTTTTTGGATTTAAAGCTTTACGAGCTTTGCGTCTAGAAGATTTACGTATTCCTCCAGCTTATTCCAAAACTTTCCAAGGACCACCTCATGGTATTCAAGTTGAAAGAGATAAATTAAACAAATATGGTCGTCCATTATTAGGATGTACTATTAAACCAAAATTGGGTTTATCTGCTAAAAACTATGGTAGAGCTGTTTATGAATGTCTTCGTGGTGGACTTGATTTCACAAAAGATGATGAAAACGTAAACTCTCAACCGTTTATGCGTTGGAGAGACCGTTTCTTATTTGTAGCAGAAGCTATTTACAAATCTCAAGGCGAAACAGGTGAAATTAAAGGACATTATCTAAATGCTACCGCAGGTACCTGTGAAGAAATGTTCAAAAGAGCTGCATTTGCTAGAGAATTGGGCATGCCTATTGTTATGCATGACTATTTAACAGGTGGTTTTACTGCAAATACTAGTTTAGCTCATTATTGCCGTGATAACGGATTACTTCTTCATATTCACCGTGCAATGCATGCAGTT
LC924878.1_L4_donor_900_r0,LC924878.1,Orthotrichum consobrinum,Mosses,LC924878.1,val,L4_donor_900,900,600,0,3722974135,ATGTCACCACAAACGGAGACTAAAGCAGGTGTTGGATTTAAAGCTGGTGTTAAAGATTACAGATTAACTTATTACACTCCAGATTATCAAACTAAAGAAACTGATATTTTAGCAGCATTTCGAATGACTCCTCAACCAGGAGTGCCAGCTGAAGAAGCAGGAGCTGCAGTAGCTGCAGAATCTTCTACTGGTACATGGACTACTGTTTGGACTGATGGCCTTACTAGTCTTGATCGTTATAAAGGACGATGCTATGATCTTGAAGCAGTTCCTGGAGAAGATAATCAATATATTGCTTATGTTGCTTACCCATTAGATTTATTTGAAGAAGGTTCTGTTACCAATTTATTTACTTCTATTGTTGGTAATGTTTTTGGATTTAAAGCTTTACGAGCTTTACGTCTAGAAGATTTACGTATTCCTCCAGCTTATTCCAAAACTTTCCAAGGTCCACCTCATGGTATTCAAGTTGAACGCGATAAATTAAACAAATATGGTCGTCCATTATTAGGGTGTACTATTAAACCAAAATTAGGTTTATCTGCTAAAAATTATGGTAGAGCTGTATATGAATGTCTTCGTGGTGGACTTGATTTCACAAAAGATGATGAAAACGTAAATTCTCAACCTTTTATGCGTTGGAGAGACCGTTTCTTATTTTGCGCTGAAGCTATCTATAAATCTCAAGCTGAAACAGGTGAGATTAAAGGACATTATTTAAATGCTACCGCAGGTACATGTGAAGAAATGATGAAAAGAGCAGAATTTGCTAGAGAACTAGGAATGCCTATTGTAATGCATGACTATTTAACAGGTGGTTTTACTGCAAATACTAGTTTGGCTCATTATTGCCGTGATAATGGTTTACTTCTTCATATTCACCGTGCAATGCATGCAGTT
LC924944.1_L4_donor_900_r0,LC924944.1,Pylaisiadelpha yokohamae,Mosses,LC924944.1,train,L4_donor_900,900,600,0,2801359427,ATGTCACCACAAACGGAGACCAAAGCAGGTGTTGGATTTAAAGCTGGTGTTAAAGATTACAGATTAACTTATTACACCCCAGATTATCAAACTAAAGACACTGATATTTTGGCAGCATTTCGGATGACGCCTCAACCAGGAGTACCCGCTGAAGAGGCAGGAGCTGCAGTAGCTGCGGAATCCTCCACCGGTACATGGACCACTGTTTGGACCGATGGTCTTACCAGTCTTGATCGTTATAAAGGACGATGCTATGATCTTGAAGCAGTTCCTGGAGAAGAAAATCAATATATTGCTTATGTTGCTTACCCATTAGATCTATTTGAAGAAGGTTCTGTTACCAATTTATTCACCTCTATTGTTGGTAATGTTTTTGGATTCAAAGCTTTACGAGCTTTACGTCTAGAAGATTTACGTATTCCTCCAGCTTATTCCAAAACTTTCCAAGGCCCACCTCATGGTATTCAAGTTGAAAGAGATAAATTAAATAAATATGGTCGTCCATTATTAGGATGTACTATTAAGCCAAAATTGGGTTTATCCGCTAAAAATTATGGTAGAGCTGTATATGAATGTCTTCGTGGTGGACTTGATTTCACAAAGGATGATGAAAACGTAAATTCTCAACCTTTTATGCGTTGGAGAGATCGTTTCTTATTTGTAGCTGAAGCTATTTACAAATCTCAAGCTGAAACAGGTGAAATTAAAGGACATTATTTAAATGCTACTGCAGGTACATCTGAAGAAATGTTGAAAAGAGCTCAATTTGCTAGAGAACTAGGCATGCCTATTATCATGCACGACTATTTAACAGGTGGTTTTACTGCAAACACTAGTTTGGCTCATTATGCTCGTGATAATGGCTTGCTTCTTCATATTCACCGCGCAATGCATGCAGTT
LC924950.1_L4_donor_900_r0,LC924950.1,Calohypnum plumiforme,Mosses,LC924950.1,val,L4_donor_900,900,600,0,2702941708,ATGTCACCACAAACGGAGACTAAAGCAGGTGTTGGATTTAAAGCTGGTGTTAAAGATTACAGATTAACTTATTACACTCCAGATTATCAGACTACAGCAACTGATATTTTAGCAGCATTTCGAATGACTCCTCAACCAGGAGTACCCGCTGAAGAGGCGGGAGCTGCAGTAGCTGCGGAATCCTCCACTGGTACATGGACCACTGTTTGGACTGATGGACTTACCAGTCTTGATCGTTATAAAGGACGATGCTATGATCTCGAAGCAGTTCCTGGAGAAGAAAATCAATATATTGCTTATGTTGCTTACCCATTAGATTTATTTGAAGAAGGTTCTGTTACCAATTTATTTACTTCTATTGTTGGTAATGTTTTTGGATTTAAAGCTTTACGAGCTTTACGTCTAGAAGATTTACGTATTCCTCCAGCTTATTCCAAAACTTTCCAGGGTCCACCTCATGGTATTCAAGTTGAAAGAGATAAATTAAATAAATATGGTCGTCCATTATTAGGATGTACTATTAAGCCAAAATTAGGTTTATCTGCTAAAAACTATGGTAGAGCTGTATATGAATGTCTTCGTGGTGGACTTGATTTCACAAAAGATGATGAAAACGTAAATTCTCAACCTTTTATGCGTTGGAGAGATCGTTTCTTATTCGTAGCTGAAGCTATTTATAAATCTCAATCTGAAACAGGTGAAATTAAGGGACATTATTTAAATGCTACCGCAGGTACATGTGAAGAAATGATGAAAAGAGCTCAGTTTGCTAGAGAATTAGGCATGCCTATTGTCATGCACGACTATTTGACAGGTGGTTTTACTGCAAATACTAGTTTGGCTCATTACTGTCGTGATAATGGCTTGCTCCTTCATATTCACCGTGCAATGCATGCAGTT
LC924964.1_L4_donor_900_r0,LC924964.1,Myuroclada maximowiczii,Mosses,LC924964.1,train,L4_donor_900,900,600,0,1073592628,ATGTCACCACAAACGGAGACTAAAGCAGGTGTTGGATTTAAAGCTGGTGTTAAAGATTACAGATTAACTTATTACACTCCAGATTATCAGACTAAAGAAACTGATATTTTAGCAGCATTTCGAATGACTCCTCAACCAGGAGTACCCGCTGAAGAGGCAGGAGCTGCAGTAGCTGCGGAATCTTCCACTGGTACATGGACCACCGTTTGGACCGATGGACTTACCAGTCTTGATCGTTATAAAGGACGATGCTATGATCTTGAAGCAGTTCCTGGAGAAGAGAATCAATATATTGCTCATGTTGCTTACCCATTAGATCTATTTGAAGAAGGTTCTGTTACCAATTTATTTACTTCTATTGTTGGTAATGTTTTCGGATTTAAAGCTTTACGAGCTTTACGTCTAGAAGATTTACGTATTCCTCCAGCTTATTCCAAAACTTTCCAAGGTCCACCTCATGGTATTCAAGTCGAAAGAGATAAATTAAACAAATATGGTCGTCCATTATTAGGATGTACCATTAAGCCAAAATTGGGTTTATCTGCTAAAAACTATGGTAGAGCTGTATATGAATGTCTTCGTGGTGGACTTGATTTCACAAAAGATGATGAAAACGTAAATTCTCAACCTTTTATGCGTTGGAGAGATCGTTTCTTATTTGTAGCTGAAGCTATTTACAAATCTCAAGCTGAAACAGGTGAAATTAAAGGACATTATTTAAATGCTACCGCAGGTACATGTGAAGAAATGATGAAAAGAGCTCAATTTGCTAGAGAACTAGGCATGCCTATTGTCATGCACGACTATTTAACAGGTGGTTTTACTGCAAACACCAGTTTGGCCCATTACTGTCGTGATAATGGCTTGCTTCTTCATATTCACCGCGCAATGCATGCAGTT
MG251837.1_L4_donor_900_r0,MG251837.1,Hydroclathrus rapanuii,Brown algae,MG251837.1,train,L4_donor_900,900,600,0,509285607,ATGCTTGAAGATGTGCAGAATCGAACTCGAATAAAAAGTGAACGTTACGAATCAGGTGTAATTCCATATGCCAAAATGGGGTATTGGGATGCTGATTATAACGTTAAAGATACTGATATTCTAGCTCTTTTTCGTATCACTCCACAGCCAGGTGTAGATCCCGTTGAAGCTGCCGCTGCTGTTGCCGGCGAATCTTCTACTGCAACATGGACGGTAGTTTGGACAGACTTATTAACTGCTTGTGATATTTATCGAGCAAAAGCATATAGAGTAGATCCAGTACCCGGAACAAGTGACCAATTCTTTGCTTATATAGCTTACGAATGTGATTTATTTGAAGAAGGTTCTCTTGCTAACTTAACGGCATCTATTATTGGTAACGTTTTTGGTTTTAAAGCTGTTAAAGCGTTACGTTTAGAAGATATGAGAATTCCTTACGCTTATTTAAAAACTTTCCAAGGACCAGCAACAGGTGTGGTTGTGGAAAGAGAAAGACTAGATAAATTTGGTCGTCCTTTATTAGGGGCTACTGTGAAACCTAAATTAGGTCTTTCTGGTAAAAACTACGGACGTGTTGTTTATGAAGGTTTAACTGGTGGTCTTGACTTCCTTAAGGATGATGAGAATATTAATTCACAACCATTTATGCGTTGGAAAGAACGTTTCTTATACTGTATGGAAGGTGTTAACCGAGCTGCTGCTGCAACAGGTGAAGTTAAAGGTTCATATCTTAACATTACTGCTGCGACTATGGAACAAATGTATGAACGTGCAGAATATGCTCATTCAATTGGTTCTGTTATTATTATGATCGATTTAGTTATTGGTTATACAGCAATCCAAAGTATGGCAATATGGGCACGAAAAGCTGAAATGATCTTACATTTACATCGTGCTGGA
MH172437.1_L4_donor_900_r0,MH172437.1,Pectinopitys harmsiana,Conifers,MH172437.1,train,L4_donor_900,900,600,0,305949769,ATGTCACCAAAAACAGAGACTAAAGTAAGTGCTGGGTTCAAAGCTGGTGTTAAAGATTACAGATTAACTTATTATACTCCGGACTATCAGACCCAAGAGACTGATATCTTGGCAGCATTCCGAGTCACTCCTCAACCCGGAGTGCCCCCCGAGGAAGCAGGAGCGGCAGTAGCTGCCGAATCTTCCACTGGTACATGGACTACTGTTTGGACCGATGGACTCACCAGCCTTGATCGTTACAAGGGGCGATGCTATGACATCGAGCCTGTTCCTGGAGAGGAAAGTCAATTTATTGCCTATGTAGCTTACCCCTTGGACCTTTTTGAAGAAGGTTCTGTTACTAACCTGTTCACTTCCATTGTAGGTAATGTATTTGGATTCAAAGCCCTACGGGCTCTACGTTTGGAAGATCTGCGAATTCCTCCTGCTTATTCCAAAACCTTCCAAGGTCCACCCCATGGTATCCAAGTAGAAAGAGATAAATTAAATAAATATGGCCGTCCTTTGTTGGGATGTACTATCAAACCAAAACTGGGTCTGTCCGCCAAGAATTATGGTAGAGCAGTTTACGAATGTCTTCGTGGTGGACTTGATTTCACAAAGGATGATGAGAACGTAAATTCCCAACCATTTATGCGCTGGAGAGATCGTTTTTGCTTTTGCGCAGAAGCACTTTTTAAAGCTCAGGCTGAAACGGGTGAAATTAAGGGGCATTACCTGAATGCTACCGCAGGTACATGCGAAGAAATGATAAAAAGAGCGGTATTCGCTAGAGAATTGGGAGTTCCTATCGTTATGCATGACTATCTGACGGGGGGTTTTACTGCAAATACTTCGTTGGCTCATTATTGTCGAGACAACGGCCTACTTCTTCACATTCACCGCGCAATGCATGCAGTT
MH270460.1_L4_donor_900_r0,MH270460.1,Macleaya microcarpa,Other angiosperms,MH270460.1,train,L4_donor_900,900,600,0,2694526897,ATGTCACCACAAACAGAGACTAAAGCAAGTGTTGGATTCAAAGCTGGTGTTAAAGATTACAAATTGACTTATTATACTCCTGACTATGAAACCAAAGATACTGATATCTTGGCAGCATTCCGAGTAACTCCTCAACCTGGAGTTCCGCCTGAGGAAGCAGGGGCCGCGGTAGCTGCCGAATCTTCTACTGGTACATGGACAACTGTGTGGACCGATGGACTTACCAGCCTTGATCGTTACAAAGGAAGATGCTACCATATCGAGCCCGTAGCTGGAGAAGACAATCAATATATTTGTTATGTAGCTTACCCTTTAGACCTTTTTGAAGAAGGTTCTGTTACTAACATGTTTACTTCCATTGTGGGTAATGTATTTGGGTTCAAAGCGCTGCGCGCTCTACGTCTGGAGGATCTGCGAATTCCTCCTGCTTATGTTAAAACTTTCCAAGGCCCACCTCATGGTATCCAAGTTGAGAGAGATAAATTGAACAAGTATGGTCGTCCCCTATTGGGATGTACTATTAAACCAAAATTGGGGTTATCCGCTAAGAACTACGGTAGAGCGGTTTATGAATGTCTCCGCGGTGGACTTGATTTTACCAAGGATGATGAAAACGTGAACTCCCAACCCTTTATGCGTTGGAGAGACCGTTTCTTATTTTGTGCCGAAGCAATTTATAAAGCACAGGCCGAAACAGGTGAAATCAAAGGGCATTACTTGAATGCTACTGCAGGTACATGCGAAGAAATGATCAAAAGGGCTGTATTTGCCAGAGAATTGGGAGTTCCTATCGTAATGCATGACTATTTAACGGGGGGATTCACTGCAAATACTAGCTTGGCTCATTATTGCCGAGATAATGGCCTACTTCTTCACATCCACCGCGCAATGCATGCAGTT
MH390671.1_L4_donor_900_r0,MH390671.1,Quinchamalium chilense,Eudicots,MH390671.1,train,L4_donor_900,900,600,0,2134016921,ATGTCACCACAAACAGAGACTAAAGCGAGTGTTGGATTCAAAGCTGGTGTTAAAGAGTACAAATTGACTTATTATACTCCTGATTATGAAACCAAAGATACTGATATCTTGGCAGCATTCCGAGTAACTCCGCAACCTGGAGTTCCACCCGAAGAAGCGGGGGCTGCCGTAGCTGCTGAATCTTCTACTGGTACATGGACAACTGTATGGACCGACGGACTTACCAGCCTTGATCGTTATAAAGGAAGATGTTACCACATCGAGCCCGTTGCTGGCGAAGAAAATCAATATATTGCTTATGTTGCTTATCCCTTAGACCTTTTTGAAGAAGGCTCTGTTACTAATATGTTTACTTCCATTGTAGGTAATGTATTTGGGTTTAAAGCCTTGCGTGCCCTACGTTTAGAGGATCTGAGAATCCCCCCTGCTTATTCTAAAACGTTCCAAGGTCCGCCACACGGTATCCAAGTTGAGAGAGATAAATTGAACAAGTATGGTCGTCCCCTACTGGGATGTACTATAAAACCTAAATTAGGGTTATCCGCTAAGAACTACGGCAGAGCAGTTTATGAATGCCTTCGTGGTGGACTTGATTTTACTAAAGATGATGAAAATGTAAACTCTCAACCATTTATGCGTTGGAGAGACCGTTTCTTATTTTGTGCCGAAGCCATTTATAAAGCACAAGCCGAAACAGGTGAAATCAAAGGGCATTACTTGAATGCAACTGCAGGTACATGCGAAGAAATGATCAAAAGGGCTGTATTTGCCAGAGAATTGGGAGTCCCTATTGTAATGCACGACTACTTAACAGGAGGATTCACTGCAAATACTAGCTTGGCTCATTATTGCCGAGATAATGGATTACTTCTGCACATCCATCGTGCAATGCATGCGGTT
MH390672.1_L4_donor_900_r0,MH390672.1,Schoepfia schreberi,Eudicots,MH390672.1,train,L4_donor_900,900,600,0,1257111517,ATGTCACCACAAACAGAGACTAAAGCAAGTGTTGGATTCAAAGCTGGTGTTAAAGAGTACAAATTGACTTATTATACTCCTGATTATGAAACCAAAGATACTGATATCTTGGCAGCATTCCGAGTAACTCCTCAACCCGGAGTTCCACCCGAGGAAGCGGGGGCCGCGGTAGCTGCCGAATCCTCTACTGGTACATGGACAACTGTGTGGACCGATGGACTTACCAGCCTTGATCGTTATAAAGGAAGATGCTACCACATTGAGCCCGTTGCTGGCGAAGAAAATCAATATATTGCTTATGTCGCTTATCCCTTAGACCTTTTTGAAGAAGGCTCTGTTACTAACATGTTGACTTCCATTGTCGGTAATGTATTTGGGTTTAAAGCCTTGCGTGCCCTGCGTTTAGAGGATCTGAGAATCCCCCCTGCTTATTCTAAAACGTTCCAAGGCCCACCTCATGGTATCCAAGTTGAGAGAGATAAATTGAACAAGTATGGCCGTCCCCTATTGGGATGTACTATTAAACCAAAATTGGGGTTATCCGCTAAAAACTATGGCCGAGCGGTTTATGAATGCCTTCGCGGTGGACTTGATTTTACCAAAGATGATGAGAACGTAAACTCTCAACCATTTATGCGTTGGAGAGACCGTTTCTTATTTTGTGCCGAAGCCATTTTTAAAGCACAGGCCGAAACAGGTGAAATCAAAGGGCATTACTTGAATGCTACGGCAGGTACATGGGAAGAAATGCTCAAAAGGGCTGTATGTGCCAGAGAGTTGGGAGTCCCTATCATAATGCATGACTACTTAACAGGAGGATTCACTGCAAATACTAGCTTGGCTCATTATTGCCGAGATAATGGCTTACTTCTGCACATCCATCGTGCAATGCATGCGGTT
MH545292.1_L4_donor_900_r0,MH545292.1,Batophora occidentalis,Green algae,MH545292.1,train,L4_donor_900,900,600,0,527979772,ATGGCTCCACAAACTGAGACTAAAGCAAGTGCTGGATTTAAAGCGGGTGTAAAAGATTATCGTTTAACATATTACACTCCTGATTATCAAGTACAAGACACTGATATTTTAGCTGCGTTTCGAATGACTCCACAACCTGGAGTACCAGCAGAAGAATGTGCTGCTGCAGTTGCCGCTGAATCTTCAACAGGTACTTGGACAACAGTATGGACAGACGGTTTAACAAGTCTTGATCGTTATAAAGGTCGTTGTTATGATGTTGAACCAGTTCCTGGAGAAGATAACCAATATATTGCATATGTAGCGTACCCTCTAAATCTATTTGAAGAAGGATCTGTAACAAACTTATTCACTTCAGTTGTTGGGAACGTTTTTGGATTTAAAGCTCTTCGTGCTCTTCGTTTAGAAGATCTTCGTATTCCACAAGCATACGTTAAAACATTCTTTGGACCTCCTCATGGGATTCAAGTTGAACGTGATAAATTAAACAAGTATGGGCGCGGATTCCTAGGGTGTACGATTAAGCCAAAATTAGGACTTTCAGCTAAAAACTACGGACGTGCTTGTTACGAATGTTTACGTGGGGGTCTAGATTTTACGAAAGATGATGAAAACGTAAATTCACAACCATTTATGCGTTGGCGTGACCGTTTCTTATTCGTTGCTGAAGCCATCTATAAATCACAAGCAGAAACAGGAGAAATTAAAGGGCATTATTTAAATGCAACAGCTCCTACGAGCGAAGAAATGCTAAAACGTGCAGAATTAGCAAAACACCTTGGTGTACCTATCGTTATGCATGACTATTTAACTGCCGGATTTACATCAAATACTTCATTAGCTAATTATTGTCGTGACAACGGTTTATTATTACATATTCACCGTGCAATGCACGCTGTA
MH545335.1_L4_donor_900_r0,MH545335.1,Halicoryne sp. HV04044,Green algae,MH545335.1,train,L4_donor_900,900,600,0,3877144882,ATGGGAACAACTGAAACGAAAGCAGGTGCTGGATTTAAAGCGGGTGTAAAAGATTATCGTCTAACGTACTATACACCTGATTATCAAGTACAAGATACAGATATTTTAGCAGCATTTCGAATGACGCCTCAGCCAGGAGTTCCAGCGGAAGAATGTGCCGCTGCTGTAGCTGCTGAATCTTCAACAGGTACTTGGACTACTGTTTGGACAGATGGATTAACTTCGCTAGACCGTTACAAAGGTCGATGCTATGATGTTGAACCTGTTCCTGGAGAAGATAATCAATACATTGCATATGTGGCTTATCCTTTAAACTTATTTGAAGAAGGGTCTGTAACAAATTTATTTACGTCAATTGTTGGTAACGTTTTTGGATTCAAAGCTCTTCGTGCTCTTCGTTTAGAAGATCTTCGTATTCCTCAAGCATTTGTCAAAACATTCTTGGGACCACCACATGGTATTCAAGTAGAACGTGATAAATTAAACAAATATGGTCGTAGTTTATTAGGTTGTACGATTAAGCCAAAACTTGGTCTTTCAGCTAAAAACTACGGTCGTGCATGTTATGAATGTTTACGTGGAGGACTTGATTTCACTAAGGATGATGAAAATGTAAACTCACAACCATTTATGCGTTGGCGTGATCGATTCTTATTTGTTGCAGAAGCTATTTACAAATCACAAGCGGAAACAGGAGAAATTAAAGGACATTATTTAAATGCAACTGCGCCAACTAGTGAAACAATGCTTCAACGTGCAGAAGTAGCTAAACATTTAGGTGTACCTATTATTATGCACGATTATCTAACGGCAGGTTTTACAGCCAATACGTCATTAGCTAATTATTGTCGTGACCACGGGTTATTACTACATATTCACCGTGCTATGCACGCAGTTATT
MH616272.1_L4_donor_900_r0,MH616272.1,Borya sphaerocephala,Monocots,MH616272.1,train,L4_donor_900,900,600,0,3747801535,ATGTCACCACAAACAGAGACTAAAGCAAATGTTGGATTTAAAGCTGGTGTTAAAGATTACAAATTGACTTATTATACTCCTGACTACGACACCAAAGATACTGATATTTTGGCAGCATTTCGAGTAACTCCTCAACCAGGAGTTCCGCCTGAAGAAGCAGGGGCCGCGGTAGCTGCCGAATCTTCTACTGGTACATGGACAACTGTGTGGACTGATGGACTTACCAGTCTTGATCGTTACAAAGGACGATGCTACCACATCGAGGCTGTTGTTGGGGAAGAAAATCAATATATTGCTTATGTAGCTTATCCTTTAGACCTTTTTGAAGAAGGTTCTGTTACTAACATGTTTACTTCCATTGTTGGTAATGTATTTGGTTTCAAAGCCCTACGAGCTCTACGTCTGGAGGATCTGCGAATTCCCCCTGCTTATTCAAAAACTTTCCAAGGCCCGCCCCATGGTATCCAAGTTGAAAGAGATAAATTGAACAAGTATGGTCGTCCCCTATTGGGATGTACTATTAAACCAAAATTGGGATTATCCGCAAAAAACTACGGTAGAGCGGTTTATGAATGTCTACGTGGTGGACTTGATTTTACTAAAGATGATGAAAACGTGAACTCACAACCATTTATGCGTTGGAGAGACCGTTTCGTATTTTGTGCTGAAGCAATTTATAAAGCGCAAGCCGAAACGGGTGAAATCAAAGGACATTACTTGAATGCAACTGCGGGTACATGTGAAGAAATGATCAAAAGGGCCGTATTTGCTAGAGAATTGGGAGTTCCTATCGTAATGCATGACTATTTAACTGGAGGATTCACTGCAAATACTAGCTTGGCTCATTATTGCCGCGACAACGGCCTACTTCTTCACATCCATCGTGCAATGCACGCAGTT
MH661965.1_L4_donor_900_r0,MH661965.1,Epiblema grandiflorum,Monocots,MH661965.1,train,L4_donor_900,900,600,0,3511884808,ATGAGTTGTAGGGAGGGACTTATGTCACCACAAACAGAGACTAAAGCAAGCGTTGGATTTAAAGCTGGTGTTAAAGATTACAAATTGACTTATTATACTCCTGACTACGAAACAAAAGATACTGATATCTTGGCAGCATTCCGAGTAACTCCTCAACCGGGAGTTCCGCCTGAAGAAGCGGGAGCTGCGGTAGCAGCCGAATCTTCTACTGGTACATGGACAACTGTGTGGACTGATGGACTTACCAGTCTTGATCGTTACAAAGGACGGTGCTACCACATTGAGGCCGTTGTTGGGGAGGAAAATCAATATATTGCTTATGTAGCTTATCCTTTAGACCTTTTTGAAGAAGGTTCTGTTACTAACATGTTTACTTCCATTGTGGGTAATGTTTTTGGTTTCAAAGCCCTGCGAGCTCTACGTCTGGAAGATTTGCGAATTCCCCCTTCTTATTCCAAAACTTTCCAAGGTCCGCCTCATGGCATCCAAGTTGAAAGAGATAAATTGAACAAGTACGGTCGTCCCCTATTGGGATGTACTATTAAACCAAAATTGGGATTATCCGCAAAAAACTACGGTAGAGCGGTTTATGAATGTCTACGGGGTGGACTTGATTTTACTAAGGATGATGAAAACGTGAACTCACAACCATTTATGCGTTGGAGAGATCGTTTCTTATTTTGTGCCGAATCTCTTTATAAGGCACAAGCCGAAACGGGGGAAATCAAAGGACATTACTTGAATGCAACTGCGGGTACATCTGAAGAAATGATCAAAAGAGCGATCTTTGCCAGAGAATTGGGAGTTCCTATCGTAATGCACGACTATTTAACTGGAGGATTCACCGCAAATACTAGCTTAGCTCATTATTGCCGCGATAACGGTCTACTTCTTCACATC
MK295219.1_L4_donor_900_r0,MK295219.1,Chlorella sp. 64.01,Green algae,MK295219.1,train,L4_donor_900,900,600,0,2248087318,ATGGCTCCACAAACTGAAACTAGAGCAGGTGCTGGATTTAAAGCAGGTGTTAAAGATTATCGTTTAACATACTATACTCCTGACTATCAACCAAAAGAAACTGATATTCTTGCAGCATTCCGTATGACACCACAACCAGGTGTACCACCGGAAGAAGCTGGTGCAGCGGTAGCAGCAGAATCTTCAACAGGTACTTGGACGACTGTATGGACAGACGGTTTAACTAGTTTAGATCGTTATAAAGGTCGTTGTTATGATATTGAACCAGTTCCAGGTGAAGAAAATCAATATATTGCATATATTGCTTACCCTTTAGATCTTTTTGAAGAAGGTTCTGTAACGAATTTATTTACTTCAATTGTAGGTAACGTTTTTGGTTTCAAAGCTCTTCGTGCATTACGTCTAGAAGATCTTCGTATTCCACCAGCGTATGTAAAAACTTTCCAAGGACCTCCACACGGTATTCAAGTTGAACGTGATAAACTAAACAAATACGGTCGTGCGCTTTTAGGTTGTACTATTAAACCAAAATTAGGTCTTTCTGCGAAAAACTATGGTCGTGCAGTTTATGAGTGTTTACGTGGTGGTCTTGATTTTACAAAAGATGATGAAAACGTAAACTCTCAACCATTTATGCGCTGGAGAGATCGTTTCTTATTCGTAGCAGAAGCAATTTATAAATCTCAAGCAGAAACTGGTGAGATTAAAGGTCACTATTTAAATGCAACAGCAGCTACAGCAGAAGAAATGCTTAAACGTGCTCAGTGTGCAAAAGATTTAGGTGTACCTATTGTTATGCACGATTATTTAACAGGTGGTTTTACAGCAAATACTAGTTTAGCTACTTATTGTCGTGATCATGGTCTTCTTTTACACATTCACCGTGCAATGCACGCTGTA
MK295220.1_L4_donor_900_r0,MK295220.1,Pseudochlorella pringsheimii,Green algae,MK295220.1,train,L4_donor_900,900,600,0,2105147524,ATGTCTCCACAAACTGAAACTAAAGCAAGGGTGGGTTTCAAAGCAGGTGTTAAAGACTACCGTTTAACTTACTATACTCCTGATTACCAACCAAAAGATACTGATATTCTTGCAGCGTTCCGTATGACTCCTCAACCAGGTGTTCCACCAGAAGAAGCTGGTGCAGCGGTAGCAGCAGAATCATCAACTGGTACTTGGACGACTGTATGGACTGACGGTTTAACTAGTTTAGATCGTTACAAAGGTCGTTGTTATGATATCGAGCCAGTTCCAGGTGAAGAAAACCAATACATTGCATATATTGCATATCCTTTAGATCTTTTTGAAGAAGGTTCTGTAACAAACTTATTTACTTCAATTGTAGGTAACGTTTTTGGTTTCAAAGCTCTTCGTGCTTTACGTTTAGAAGATCTTCGTATTCCACCAGCATACGTAAAAACTTTCCAAGGTCCTCCTCACGGTATTCAAGTAGAACGTGATAAACTTAACAAATACGGTCGTGGTTTATTAGGTTGTACAATTAAACCAAAATTAGGTCTTTCAGCTAAAAACTACGGTCGTGCTGTATATGAATGTTTACGTGGTGGTCTTGATTTCACAAAAGATGATGAAAACGTAAACTCTCAACCATTTATGCGTTGGAGAGATCGTTTCTTATTTGTTGCTGAAGCTATTTACAAATCTCAAGCTGAAACTGGTGAAATTAAAGGTCACTATTTAAACGCAACGGCAGCTACAGCAGAAGCAATGATGCAACGTGCTGAATGTGCGAAAGATTTAGGTGTACCTATTATTATGCACGATTACTTAACTGGTGGTTTTACAGCAAACACAAGTTTATCTCATTATTGTCGTGATAATGGTCTTCTTTTACACATTCACCGTGCAATGCACGCTGTA
MK806439.1_L4_donor_900_r0,MK806439.1,Lepisorus jakonensis,Ferns,MK806439.1,train,L4_donor_900,900,600,0,1759755596,ATGTCACCACAAACGGAGACTAAAGCGGGTGTTGGATTCAAAGCTGGTGTCAAAGATTATCGATTGACTTATTACACCCCCGAATACAAAACCAAAGATACCGATATCTTAGCAGCATTTCGAATGACCCCACAACCTGGAGTACCGGCTGAGGAAGCTGGAGCTGCGGTAGCTGCAGAATCCTCCACAGGTACGTGGACCACTGTATGGACAGATGGGTTGACTAGTCTTGACCGTTACAAGGGCCGATGCTATGACATCGAACCCGTCGCTGGGGAAGAGAATCAGTATATCGCGTATGTAGCTTATCCTTTGGATCTATTTGAAGAAGGTTCCGTTACTAATTTATTCACCTCCATAGTCGGTAATGTCTTCGGATTTAAGGCTCTGCGCGCTCTACGCTTGGAAGACCTTCGAATTCCTCCCGCTTATTCTAAAACTTTCATAGGACCGCCTCATGGTATTCAGGTTGAAAGGGATAAATTGAACAAATATGGACGTCCCCTATTGGGATGTACAATCAAGCCAAAATTGGGTCTGTCTGCTAAAAATTATGGTAGAGCCGTCTACGAATGCCTTCGCGGTGGACTTGATTTCACAAAAGATGATGAAAATGTGAATTCCCAGCCATTCATGCGTTGGAGAGATCGTTTCCTATTTGTGGCAGAAGCTCTTTTCAAATCCCAGGCTGAAACGGGAGAAATCAAAGGGCATTACTTAAATGCTACTGCAGGTACATGTGAAGAAATGTTGAAAAGAGCTGTTTTTGCTAGGGAGTTGGGTGTACCAATTATCATGCATGACTACCTAACCGGAGGGTTTACTGCAAATACCAGCTTAGCTTTTTATTGCAGAGATAATGGACTACTTCTTCATATTCACCGCGCGATGCATGCTGTG
MN030175.1_L4_donor_900_r0,MN030175.1,Botrypus virginianus,Ferns,MN030175.1,train,L4_donor_900,900,600,0,875593487,ATGTCACCACAAACGGAGACTAAAGCAGGTGTTGGATTCAAAGCTGGTGTTAAAGATTATCGATTGACCTATTACACTCCCGATTACAAAACCAAGGATACTGATATCCTAGCAGCTTTTCGAATGACTCCCCAACCTGGAGTGCCAGCTGAGGAAGCGGGAGCCGCGGTAGCTGCTGAATCTTCCACCGGTACGTGGACCACCGTATGGACCGATGGACTTACCAGCCTTGATCGTTACAAGGGTCGATGCTATGAAATCGAACCTGTTCCCGGGGAGGAGAATCAATTCATTGCTTATGTGGCGTATCCTCTAGATCTTTTTGAGGAAGGTTCTGTCACCAACATGTTCACTTCCATTGTAGGTAACGTATTCGGATTCAAGGCATTGAGAGCTTTACGGTTGGAAGATTCAAGAATCCCCCCTGCTTATTCTAAGACTTTCACGGGTCCGCCTCACGGTATTCAAGTCGAGAGGGATAAATTAAACAAATACGGTCGCCCCTTACTAGGATGTACCATCAAACCCAAATTGGGATTATCTGCCAAAAATTATGGCAGAGCTGTTTATGAATGTTTACGTGGTGGGCTCGATTTCACCAAGGATGATGAAAACGTAAATTCCCAACCGTTTATGCGTTGGAGAGATCGTTTCTTATTCGTGGCAGAAGCTCTTTTCAAATCTCAAGCTGAAACGGGTGAGATTAAGGGGCATTACTTAAACGCTACCGCGGGTACTTGTGAGGAAATGCTAAAAAGAGCAGTATTTGCTCGAGAATTGGGAGTACCCATTGTCATGCACGATTATTTGACAGGAGGATTCACTGCAAATACTAGCTCAGCTTTCTACTGCCGGGATAATGGTCTACTCCTTCACATTCATCGTGCAATGCATGCTGTT
MN601490.1_L4_donor_900_r0,MN601490.1,Clematis sp. DPP-2019a,Other angiosperms,MN601490.1,train,L4_donor_900,900,600,0,1276192289,ATGTCACCACAAACAGAGACTAAAGCGAGTGTTGGCTTCAAAGCAGGTGTTAAAGAGTACAAATTGAATTATTATACTCCTGAATATGAACCCAAAGAAACTGATACCTTGGCGGCATTCCGAGTAAGTCCTCAACCTGGAGTTCCACCTGAAGAAGCAGGGGCTGCTGTAGCTGCCGAATCTTCTACGGGTACATGGACAACTGTGTGGACCGATGGACTTACCAGCCTTGATCGTTACAAAGGACGATGCTACGATATCGAGCCCGTTGCTGGAGAAGAAAATCAATATATTTGTTATGTAGCCTACCCTTTAGACCTTTTTGAAGAAGGTTCTGTTACTAACATGTTTACTTCTATTGTGGGTAATGTATTTGGGTTCAAAGCGTTACGCGCTCTACGTCTGGAAGATCTGCGAGTTCCTGTTGCTTATATTAAAACTTTCCAAGGCCCGCCTCATGGCATCCAAGTTGAGAGAGATAAATTGAACAAGTATGGTCGTCCCCTATTGGGATGTACTATTAAACCAAAATTGGGCTTATCTGCTAAGAACTATGGTAGAGCAGTTTATGAATGTCTCCGTGGTGGACTTGATTTTACCAAGGATGATGAGAACGTGAACTCCCAACCCTTTATGCGTTGGAGAGACCGTTTCCTATTTTGTGCTGAAGCAATTTATAAAGCACAAGCCGAAACAGGTGAAATCAAAGGGCATTACTTGAATGCTACTGCGGGTACATGCGAAGAAATGATAAAAAGAGCTGTATTTGCCAGAGAATTGGGAGTACCCATCGTAATGCACGACTACCTAACGGGGGGATTCACCGCAAATACCAGCTTGGCTCATTATTGCCGGGATAATGGGTTACTTCTTCACATCCACCGCGCAATGCATGCAGTT
MN793055.1_L4_donor_900_r0,MN793055.1,Chara vulgaris,Other green,MN793055.1,train,L4_donor_900,900,600,0,1889709729,ATGTCACCACAGACAGAAACTAAAACAAGTGCTGGATTTAAAGCAGGGGTAAAAGATTACAGATTAACTTACTATACTCCTGAGTATAAAACTAAAGATACTGACATTTTAGCTGCATTTCGTGTAACTCCACAACCTGGCGTTCCACCTGAAGAAGCAGGTGCTGCAGTAGCTGCAGAATCTTCCACTGGTACATGGACTACTGTTTGGACTGACGGATTAACTAGTTTAGACCGATACAAAGGAAGATGCTACGATATTGAACCTGTTGCTGGTGAAGAGAATCAGTTTATTGCATATGTTGCTTATCCTCTTGATTTATTTGAAGAAGGATCAGTAACAAATTTATTCACATCGATTGTAGGTAATGTATTTGGATTTAAAGCATTAAGGGCTTTACGTTTGGAAGATTTACGTATTCCTCCTGCTTATACAAAGACTTTTCAAGGGCCACCTCATGGTATTCAAGTTGAAAGAGATAAACTAAATAAATATGGACGACCATTATTGGGATGTACTATTAAACCCAAATTAGGTTTATCTGCTAAAAATTATGGTAGAGCTGTATATGAATGTCTTCGCGGTGGACTTGACTTTACAAAAGATGACGAAAACGTGAATTCTCAGCCTTTTATGCGATGGAGAGATAGATTCTTATTTGTAGCAGAAGCAATTTATAAATCTCAAGCAGAAACTGGAGAAATTAAAGGTCACTATTTAAATGCTACTGCAGGAACTTGTGAAGAAATGCTTAAGAGAGCACAATGTGCAAGAGAATTAGGTATGCCTATTGTTATGCATGATTATCTTACAGGTGGATTTACAGCTAATACTACTCTAGCTCATTATTGTCGAGATAATGGTTTATTGCTTCATATCCACCGTGCTATGCACGCTGTA
MT439865.1_L4_donor_900_r0,MT439865.1,Glomerochrysis psammophila,SAR/other protist,MT439865.1,val,L4_donor_900,900,600,0,2858657645,ATGTCTCAATCTGTATCAGAACGTACACGTATTAAGAGCGAACGTTATGAATCTGGTGTAATCCCTTACGCTAAAATGGGTTACTGGGATTCTAGTTACACAATCAAGAGTACGGATGTTCTTGCATTATTCCGTATTACACCTCAACCGGGCGTAGATCCAGTTGAAGCTGCTGCTGCCGTAGCGGGTGAATCTTCAACAGCTACATGGACTGTTGTATGGACAGATTTATTAACAGCATGTGATGTATACCGTGCAAAAGCATATCGTGTAGATCCGGTTCCAAGTGCTGCTGATCAATTCTTTGCATATATCGCATATGAAGGTGATTTATTTGAGGAAGGTTCATTAGCGAATATGACAGCTTCTATCATCGGTAACGTATTTGGTTTCAAAGCCGTTAAAGCGTTACGTTTAGAAGATATGCGTATTCCACACTCTTACTTAAAGACTTTCCAAGGTCCTGCAACAGGTGTAATTGTAGAGCGTGAGCGTTTAGATACTTATGGCCGTCCTCTTTTAGGTGCTACAGTTAAGCCTAAGTTAGGTCTTTCTGGTCGTAACTACGGTCGTGTAGTATTTGAAGGTTTAAAGGGTGGTTTAGACTTCTTAAAGGATGATGAGAACATTAACTCTCAACCTTTCATGCGTTGGCGTGAGCGTTTCATCTACTGTATTGAAGGTATCAACCGTGCGGTTGCTGCAACAGGTGAAGTTAAGGGTTCTTACCTAAACATTACAGCGGCTACGATGGAAGAAATGTACGTTCGTGCAGAGTACGCTAAAGAGCTTGGTTCAGTTATTGTAATGATTGATTTAGTTATTGGTTACACAGCGATCCAAAGTATGGCTATTTGGGCGCGTGAGAATGATATGCTTTTACATTTACACCGTGCCGGT
MW267923.1_L4_donor_900_r0,MW267923.1,Zygnema circumcarinatum,Other green,MW267923.1,train,L4_donor_900,900,600,0,2058223588,ATGTCACCACAAACAGAAACCAAAGCAGGTGCTGGATTTAAAGCAGGGGTAAAAGATTACCGACTTACCTATTACACTCCTGACTATGAAACTAAGGAAACCGATATCCTTGCTGCATTCCGTATGACTCCTCAACCTGGAGTTCCACCGGAAGAAGCAGGTGCTGCTGTAGCAGCAGAGTCCTCTACTGGTACATGGACTACTGTTTGGACCGATGGTCTTACTAGTCTAGATCGCTACAAAGGTAGATGCTATGATCTTGAACCAGTTCCTGGAGAAGAGAATCAATACATTGCATATATCGCATATCCTCTTGACCTATTCGAAGAAGGTTCTGTAACCAACTTGTTCACCTCTATTGTAGGAAACGTATTTGGATTTAAAGCACTTCGAGCTCTACGTTTAGAAGATTTACGTATTCCTCCAGCTTACTCTAAAACCTTCCAAGGCCCTCCTCATGGTATTCAGGTAGAAAGAGACAAACTAAACAAATATGGACGTCCTTTGCTAGGTTGTACTATTAAACCTAAATTGGGTCTATCTGCAAAAAACTACGGTAGAGCAGTATATGAAGTTCTTCGTGGTGGTTTGGATTTCACTAAAGATGACGAAAACGTAAACTCTCAACCATTTATGCGTTGGAGAGACCGCTTCTTGTTCTGCGCTGAAGCAATCTACAAAGCTCAAGCTGAAACCGGTGAAATTAAAGGACATTACCTAAATGCTACCGCAGGTACTTGTGAAGAGATGATGAAGAGAGCAGAATATGCTAAAGAGCTTGGAGTACCGATTATTATGCACGACTATTTGACAGGTGGTTTTACTGCAAATACCAGTTTGTCTCATTACTGCCGTGACAATGGTCTACTTCTACACATCCACCGTGCTATGCACGCTGTT
MW524049.1_L4_donor_900_r0,MW524049.1,Dryopteris fragrans,Ferns,MW524049.1,train,L4_donor_900,900,600,0,3193038228,ATGTCACCACAAACGGAGACTAAAGCAGGTGTTGGATTCAAAGCTGGTGTCAAAGATTATCGATTGACCTATTACACCCCCGAATACAAGACCAAAGATACCGATATCTTAGCAGCCTTTAGAATGACCCCACAACCCGGAGTACCGGCTGAGGAAGCCGGAGCTGCGGTAGCTGCGGAATCCTCCACGGGTACGTGGACCACTGTATGGACAGATGGGTTGACCAGTCTTGACCGTTACAAGGGCCGATGCTACGACATCGAACCCGTTGCTGGAGAGGAAAACCAGTATATCGCGTATGTAGCTTATCCTTTGGATCTATTCGAAGAAGGTTCTGTCACCAATCTGTTCACCTCCATTGTAGGTAATGTTTTCGGATTTAAGGCTCTACGCGCTTTACGCTTGGAAGACCTTCGAATCCCCCCCGCTTATTCTAAAACTTTCCTTGGACCGCCTCATGGTATTCAGGTCGAAAGGGATAAACTAAACAAATATGGACGTCCCTTATTGGGATGTACAATCAAGCCAAAATTAGGTCTGTCTGCTAAGAATTATGGTAGAGCCGTCTACGAATGCCTCCGCGGCGGACTTGACTTCACGAAAGATGATGAAAATGTGAATTCCCAGCCATTCATGCGTTGGAGAGATCGCTTCCTATTCGTGGCAGAAGCTCTTTTCAAATCCCAGGCTGAAACAGGGGAAATCAAGGGGCATTACTTAAATGCCACTGCAGGTACGTGTGAAGAAATGTTGAAGAGAGCTATTTTTGCTAGAGAGTTGGGTGTACCAATTGTCATGCATGACTACCTGACCGGGGGGTTTACCGCAAATACCAGCTTAGCTTTTTACTGCAGAGACAATGGGCTGCTTCTTCATATTCACCGTGCGATGCATGCCGTG
MZ133428.1_L4_donor_900_r0,MZ133428.1,Corbierea radiosa,Green algae,MZ133428.1,train,L4_donor_900,900,600,0,333922594,ATGGTTCCACAAACAGAAACAAGAGCTGGTGCTGGGTTTAAAGCTGGTGTTAAAGATTATCGATTAACGTATTATACACCAGATTACGTAGTGAAAGACACTGATATTTTAGCTGCTTTCCGTATGACTCCACAACCAGGTGTTCCACCAGAAGAATGTGGTGCAGCTGTTGCAGCTGAATCATCAACAGGTACTTGGACAACTGTATGGACTGACGGTTTAACATCTTTAGATCGTTATAAAGGTCGTTGTTACGATATCGAACCTGTACCAGGGGAAGATAACCAATATATTGCTTATGTAGCATACCCAATTGACCTTTTTGAAGAAGGTTCTGTAACAAACTTATTAACTTCAATTGTAGGTAACGTTTTTGGTTTCAAAGCATTACGTGCATTACGTTTAGAAGATCTTCGTATTTCTTCTGCTTATGCTAAAACATTCCAAGGACCTCCACATGGTATTCAAGTAGAACGTGATAAACTAAACAAATATGGTCGTGGTTTATTAGGTTGTACTATTAAACCAAAACTAGGTCTTTCTGCTAAAAACTATGGTCGTGCTGTTTACGAATGTTTACGTGGTGGTTTAGACTTTACAAAAGATGACGAAAACGTAAACTCACAACCATTCATGCGTTGGCGTGACCGTTTCCTTTTCGTAGCTGAAGCTACTTATAAAGCACAAACAGAAACAGGTGAAATTAAAGGACACTACCTTAACGCTACAGCAGCAACTTGTGAAGAAATGTTAAAACGTGCACAATGTGCTAAAGAATTAGGTGTACCTATTATTATGCACGACTATATCACAGGTGGTTTCACAGCTAACACATCATTAGCTCACTACTGTAGAGATCATGGTCTTTTACTACACATCCACCGTGCTATGCACGCTGTT
MZ714562.1_L4_donor_900_r0,MZ714562.1,Scutellaria indica var. tsusimensis,Eudicots,MZ714562.1,train,L4_donor_900,900,600,0,1330201727,ATGTCACCACAAACTGAAACCAGAACAGGTACTGGCTTTAAAGCAGGCGTTAAGGACTATCGCCTAACTTACTACACTCCTGATTATGAGACCAAAGAGACTGATATCCTAGCTGCATTTCGGATGACTCCTCAACCTGGAGTTCCTCCTGAAGAAGCAGGTGCTGCGGTTGCAGCTGAATCTTCAACCGGTACCTGGACCACTGTATGGACCGATGGACTAACCAACCTTGATCGTTATAAGGGTCGCTGTTACGATATTGAACCTGTTGCTGGTGAGGAAAACCAATATATTGCATATGTGGCATATCCTTTGGACCTTTTTGAAGAGGGTTCAGTCACCAACCTGTTTACTTCTATTGTAGGAAACGTATTCGGCTTTAAGGCACTTCGTGCTCTTCGATTGGAAGATCTTCGCATTCCTCCAGCCTATGTGAAAACTTTCCAAGGTCCTCCTCATGGTATCCAGGTTGAGCGAGATAAACTAAACAAATACGGTCGACCTTTGCTTGGTTGTACTATTAAGCCTAAACTTGGTCTTTCTGCTAAAAACTATGGCCGGGCAGTGTACGAATGCCTACGTGGTGGTTTGGACTTTACAAAAGATGATGAAAACGTAAACTCTCAGCCTTTCATGCGCTGGAGAGATAGATTCCTTTTTGTAGCAGAGGCTACCTTTAAAGCTCAGGCTGAAACTGGTGAAATCAAAGGACATTACCTGAATGCTACGGCTGGTACTTCCGAAGAGATGCTAAAAAGAGCTCAATTTGCAAGAGAGCTAGGAGCACCAATCGTAATGCACGATTACCTAACTGGTGGCTTTACTGCAAACACAAGTCTTGCACACTACTGCCGTGATAACGGTTTGCTTCTTCACATTCACCGTGCTATGCACGCGGTA
OK588964.1_L4_donor_900_r0,OK588964.1,Hydrocleys nymphoides,Monocots,OK588964.1,train,L4_donor_900,900,600,0,2118939439,ATGTCACCACAAACGGAGACTAAAACAGGTGTTGGATTCAAAGCTGGTGTTAAAGATTACAAATTGACTTATTATACTCCTGAATATCAAACAAAAGATACTGATATCTTGGCAGCATTCCGAGTAACCCCGCAACCCGGAGTTCCACCTGAGGAAGCAGGGGCCGCAGTAGCTGCCGAATCTTCTACTGGTACATGGACAACCGTGTGGACTGATGGACTTACTAGTCTAGATCGTTACAAAGGACGATGCTACCACATCGAGCCTGTTATTGGGGAGGAAAATCAATATTTTTGTTATGTAGCTTATCCTTTGGACCTTTTTGAAGAAGGTTCCGTTACCAACATGTTTACTTCCATTGTAGGTAATGTATTTGGGTTTAAAGCTCTACGAGCTCTACGTTTGGAGGATTTGCGAATTCCTCCTGCTTATTCCAAAACTTTCCAAGGTCCACCTCACGGTATCCAGGTTGAAAGAGATAAATTGAACAAATACGGCCGTCCTCTATTGGGATGTACTATTAAACCAAAATTGGGATTATCCGCGAAAAACTACGGTAGAGCAGTTTATGAATGTCTTCGTGGTGGACTTGATTTTACCAAAGATGATGAAAACGTGAACTCACAACCATTTATGCGTTGGAGAGACCGTTTCCTATTTTGTGCTGAAGCAATTTATAAAGCGCAAGCCGAAACAGGTGAAATCAAAGGACATTACTTGAATGCTACTGCGGGTACGTGTGAAGAAATGATCAAAAGGGCTGTATTTGCCAGAGAATTGGGAGTTCCCATCGTAATGCATGACTACTTAACAGGTGGATTCACTGCAAATACTAGCTTGGCTGCGTATTGCCGAGACAATGGTTTACTTCTTCATATTCACCGCGCAATGCATGCAGTT
OK588972.1_L4_donor_900_r0,OK588972.1,Baldellia ranunculoides,Monocots,OK588972.1,train,L4_donor_900,900,600,0,2683407357,ATGTCACCACAAACAGAGACTAAAACAGGTGTTGGATTCAAAGCCGGTGTTAAAGATTACAAATTGACTTATTATACTCCTGAATATCAAACCAAAGATACTGATATCTTGGCAGCATTCCGAGTAACTCCGCAACCGGGAGTTCCACCTGAGGAAGCAGGTGCCGCGGTAGCTGCCGAATCTTCTACTGGTACATGGACAACTGTGTGGACTGATGGACTTACTAGTTTGGATCGTTACAAAGGACGATGCTACCACATCGAACCTGTTATTGGAGAGGAAAATCAATATTTTTGTTATGTAGCTTATCCTTTAGACCTTTTTGAAGAAGGTTCTGTTACCAACATGTTTACTTCCATTGTAGGTAATGTATTTGGGTTTAAAGCTCTACGAGCTCTACGTTTGGAGGATTTGCGAATCCCTCCTGCTTATTCCAAAACTTTCCAAGGTCCACCTCACGGTATCCAAGTTGAAAGAGATAAATTGAACAAATATGGTCGTCCCCTATTGGGATGTACTATTAAACCAAAATTGGGATTATCTGCGAAAAACTACGGTAGAGCGGTTTATGAATGTCTTCGTGGTGGACTTGATTTTACCAAAGATGATGAAAACGTGAACTCACAACCATTTATGCGTTGGAGAGACCGTTTCCTATTTTGTGCTGAAGCAATTTATAAATCACAAGCCGAAACAGGTGAAATCAAAGGACATTACTTGAATGCTACTGCAGGTACGTGTGAAGAAATGATCAAAAGAGCCGTATTTGCTAGAGAATTGGGAGTTCCTATTGTAATGCATGACTACTTAACAGGGGGATTCACTGCAAATACTACCTTGGCAGCGTATTGCCGTGACAACGGTTTACTTCTTCATATTCACCGCGCAATGCATGCAGTT
OK588984.1_L4_donor_900_r0,OK588984.1,Echinodorus paniculatus,Monocots,OK588984.1,train,L4_donor_900,900,600,0,3953183858,ATGTCACCACAAACAGAGACTAAAACAGGTGTTGGATTCAAAGCAGGTGTTAAAGATTACAAATTGACCTATTATACTCCTGAATATCAAACCAAAGATACTGATATCTTGGCAGCATTCCGAGTAACCCCGCAACCCGGAGTTCCACCTGAAGAAGCAGGGGCCGCAGTAGCTGCCGAATCTTCTACTGGTACATGGACAACTGTGTGGACTGATGGACTTACTAGTCTTGATCGTTACAAAGGACGATGCTACCACATCGAACCTGTTATTGGAGAAGAAAATCAATATTTTTGTTATGTAGCTTATCCCTTAGACCTTTTTGAAGAAGGTTCTGTTACCAACATGTTTACTTCCATTGTAGGTAATGTATTTGGGTTTAAAGCTCTACGAGCTCTACGCTTGGAGGATTTGCGAATTCCTTCTGCTTATTCCAAAACTTTCCAAGGTCCGCCTCACGGTATCCAAGTTGAAAGAGATAAATTGAACAAATATGGCCGTCCCCTATTGGGATGTACTATTAAACCAAAATTGGGATTATCCGCAAAAAACTACGGTAGAGCTGTTTATGAATGTCTTCGCGGTGGACTTGATTTTACCAAAGATGATGAAAACGTGAACTCACAACCATTTATGCGTTGGAGAGACCGTTTCCTATTTTGTGCGGAAGCCATTTATAAAGCGCAAGCCGAAACAGGGGAAATCAAAGGACATTACCTGAATGCTACTGCAGGTACGTGTGAAGAAATGATCAAAAGGGCCGTATTTGCCAGAGAATTGGGAGTTCCTATCGTAATGCATGACTACTTAACGGGGGGATTCACTGCAAATACTAGCTTGGCTGCGTATTGCCGGGACAACGGTTTACTTCTTCATATTCACCGCGCAATGCATGCAGTT
OK588986.1_L4_donor_900_r0,OK588986.1,Helanthium bolivianum,Monocots,OK588986.1,train,L4_donor_900,900,600,0,2135147032,ATGTCACCGCAAACAGAGACTAAAACAGGTGTCGGATTCAAAGCTGGTGTTAAAGATTACAAATTGACTTATTATACTCCTGAATATCAAACCAAAGATACTGATATCTTGGCAGCATTCCGAGTAACCCCGCAACCTGGAGTTCCACCTGAGGAAGCAGGGGCCGCCGTAGCGGCCGAATCTTCTACTGGTACATGGACAACCGTGTGGACTGATGGACTTACTAGTCTTGATCGTTACAAAGGACGATGCTACCACATTGAACCTGTTATTGGAGAGGAAAATCAATATTTTTGTTATGTAGCTTATCCTTTAGACCTTTTTGAAGAAGGTTCCGTTACCAACATGTTTACTTCCATTGTAGGTAATGTATTTGGGTTTAAAGCTCTACGAGCTCTACGTTTGGAGGATTTGCGAATTCCTTCTTCTTATTCCAAAACTTTCCAAGGTCCCCCTCATGGTATCCAAGTCGAAAGAGATAAATTGAACAAATATGGCCGTCCCCTATTGGGATGTACTATTAAACCAAAATTAGGATTATCCGCGAAAAACTACGGTAGAGCGGTTTATGAATGTCTTCGTGGTGGACTTGATTTTACTAAAGATGATGAAAACGTGAACTCACAACCATTTATGCGTTGGAGAGACCGTTTCCTATTTTGTGCTGAAGCAATTTATAAAGCGCAGGCTGAAACAGGTGAAATCAAAGGACATTACTTGAATGCTACTGCTGGTACGTGTGAAGAAATGATCAAAAGGGCCGTATTTGCTAGAGAATTAGGAGTTCCTATCGTAATGCATGACTACTTAACAGGGGGATTCACTGCAAATACTAGCTTGGCTGCCTATTGCCGGGACAACGGTTTACTTCTTCATATTCACCGTGCTATGCATGCAGTT
OK588987.1_L4_donor_900_r0,OK588987.1,Limnocharis flava,Monocots,OK588987.1,train,L4_donor_900,900,600,0,1237485828,ATGTCACCACAAACAGAGACTAAAACAGGTGTTGGATTCCAAGCAGGTGTAAAAGATTACAAATTAACTTATTATACTCCTGAATATCAAACAAAAGATACTGATATCTTGGCAGCATTCCGAGTAACCCCGCAACCCGGGGTTCCACCTGAGGAAGCTGGGGCCGCAGTAGCCGCCGAATCCTCGACCGGTACATGGACAACTGTGTGGACTGATGGACTTACTAGTCTGGATCGTTACAAAGGACGATGCTACCACATCGAGCCTGTTATTGGAGAGGAAAATCAATATTTTTGTTATGTAGCTTATCCTTTGGACCTTTTTGAAGAAGGTTCCGTTACCAACATGTTTACTTCCATTGTGGGTAATGTATTTGGCTTTAAAGCTCTACGAGCTCTACGTTTAGAGGATTTGCGAATTCCGTCTTCTTATTCCAAAACTTTCCAAGGCCCACCTCATGGTATCCAAGTTGAAAGAGATAAATTGAATAAATACGGACGTCCCCTATTGGGATGTACTATTAAACCGAAATTGGGATTATCCGCGAAAAACTACGGTCGGGCGGTTTATGAATGTCTTCGTGGTGGACTTGATTTTACCAAAGATGATGAAAACGTTAACTCACAACCATTCATGCGTTGGAGAGACCGTTTCCTATTTTGTGCTGAAGCAATTTATAAAGCCCAAGCCGAAACAGGTGAAATCAAAGGACATTACTTGAATGCTACCGCGGGTACGTGTGAAGAAATGATCAAAAGGGCCGTCTTTGCCAGAGAATTAGGGGTTCCTATCGTAATGCATGACTACTTAACAGGGGGGTTCACTGCAAATACTAGCTTGGCTGCCTATTGCCGAGACAATGGGTTACTTCTTCATATTCACCGCGCAATGCATGCTGTT
OL504528.1_L4_donor_900_r0,OL504528.1,Smilax weniae,Monocots,OL504528.1,train,L4_donor_900,900,600,0,3665220210,ATGTCACCACAAACAGAGACTAAAGCAAGTGTTGGATTCAAAGCTGGTGTTAAAGATTACAAATTGACTTATTATACTCCTGACTATGAAACCAAAGATACTGATATCTTGGCAGCATTCCGAGTAACTCCTCAACCCGGAGTTCCGCCTGAAGAGGCAGGGGCAGCGGTAGCCGCAGAATCTTCTACTGGTACATGGACAACTGTGTGGACTGATGGACTTACCAGTCTTGATCGTTACAAAGGACGATGCTACCACATAGAGAGCGTTGTTGGGGAGGAAAATCAATATATTGCTTATGTAGCTTATCCTTTAGACCTTTTTGAAGAAGGCTCGGTTACTAACATGTTTACTTCCATTGTGGGTAATGTATTTGGTTTCAAAGCCCTACGAGCTCTACGTCTAGAGGATTTGCGAATTCCTACTTCTTATTCCAAAACTTTCCAAGGCCCACCCCATGGCATCCAAGTTGAAAGAGATAAATTGAACAAGTATGGTCGTCCCCTATTGGGATGTACCATTAAACCAAAATTGGGATTATCCGCAAAGAACTACGGTAGAGCGGTTTATGAATGTCTGCGCGGTGGACTTGATTTTACCAAAGATGATGAAAACGTGAACTCACAACCATTTATGCGTTGGAGAGACCGTTTCTTATTTTGTGCCGAAGCACTTTTTAAAGCGCAGGCCGAAACGGGTGAAATCAAAGGACATTACTTGAATGCTACTGCGGGTACATGTGAAGAAATGATCAAAAGGGCCGTATTTGCTCGAGAATTGGGAGCTCCTATCGTAATGCATGACTACTTAACGGGGGGATTCACTGCAAATACTAGTTTAGCTCATTATTGCCGAGATAACGGCCTACTTCTTCACATCCATCGCGCAATGCATGCAGTT
ON568338.1_L4_donor_900_r0,ON568338.1,Scytosiphon sp. Atlantic complex sp. 1,Brown algae,ON568338.1,test,L4_donor_900,900,600,0,4114139984,ATGCCTGAAGATGTGCAGAATCGAACTCGAATAAAAAGTGAACGTTACGAATCAGGTGTTATTCCATATGCCAAAATGGGATATTGGGATGCCGATTATAACGTTAAAGAAACTGATATTCTAGCTCTTTTTCGTATCACTCCACAACCAGGTGTAGATCCCGTTGAAGCTGCCGCTGCTGTTGCCGGCGAATCTTCTACTGCAACATGGACGGTAGTTTGGACAGACTTATTAACTGCTTGTGATATCTATAGAGCAAAAGCATATAGAGTAGATCCAGTACCCGGAACAAGTGACCAATTCTTTGCTTACATAGCTTACGAATGTGATTTATTTGAAGAAGGTTCTCTTGCTAACTTAACAGCATCTATTATTGGTAACGTTTTCGGTTTCAAAGCTGTTAAAGCATTACGTTTAGAAGACATGAGAATTCCTTACGCTTACTTAAAAACTTTCCAAGGCCCAGCTACAGGTGTGGTTGTGGAAAGAGAAAGATTAGATAAATTTGGTCGTCCTTTATTAGGGGCTACTGTAAAACCTAAATTAGGTCTTTCTGGTAAAAACTACGGACGTGTTGTTTATGAAGGTTTAACTGGTGGTCTTGACTTCCTTAAGGATGATGAAAATATTAATTCACAACCGTTTATGCGTTGGAAAGAACGTTTCTTATACTGTATGGAAGGTGTTAACCGAGCTGCTGCTGCAACAGGTGAAGTTAAAGGTTCTTATCTTAACATTACCGCTGCCACTATGGAAGAAATGTATGAACGTGCAGAATACGCACATTCAATTGGTTCAGTTATTGTTATGATCGATTTAGTTATTGGTTATACAGCAATCCAAAGTATGGCAATATGGGCACGAAAAGCTGAAATGATTTTACATTTACATCGTGCAGGT
ON684489.1_L4_donor_900_r0,ON684489.1,Juniperus navicularis,Conifers,ON684489.1,train,L4_donor_900,900,600,0,132203440,ATGTCACCAAAAACAGAGACTAAAGCAAGTGTCGGATTCAAAGCGGGTGTTAAAGATTACAGATTAACTTATTATACTCCGGAATATCAGACCAAAGATACTGATATCTTGGCAGCATTCCGAGTCACTCCTCAACCTGGAGTGCCCCCCGAAGAAGCGGGAGCAGCGGTAGCTGCCGAATCTTCCACTGGTACGTGGACCACTGTTTGGACCGATGGCCTTACCAGTCTTGATCGCTACAAGGGGCGATGCTATGATATTGAACCCGTTCCTGGAGAAGAAACTCAATTTATTGCCTATGTAGCTTACCCTTTAGACCTTTTTGAAGAAGGCTCTGTGACTAACCTGTTTACTTCTATTGTAGGTAATGTATTTGGATTCAAAGCTTTACGGGCTCTACGTCTGGAAGATTTACGAATTCCTCCTGCTTATTCAAAAACTTTTCAAGGCCCACCACATGGTATTCAAGTAGAAAGAGATAAATTAAACAAATATGGTCGTCCTTTATTGGGATGTACTATCAAACCAAAATTGGGTCTATCTGCCAAGAATTATGGTAGAGCGGTTTATGAATGTCTCCGTGGTGGACTTGATTTTACCAAGGATGATGAAAACGTGAATTCCCAGCCATTTATGCGCTGGAGAGATCGTTTCTGCTTTTGTGCAGAAGCAATTTATAAAGCTCAGGCTGAGACGGGTGAGATTAAGGGACATTACCTGAATGCGACTGCAGGTACATGTGAAGAAATGATTAAAAGAGCAGTATTCGCCAGAGAATTGGGAGTTCCTATAGTCATGCATGACTATCTGACTGGAGGTTTTACAGCAAATACTTCGTTGGCTCATTATTGCCGAGATAACGGCCTACTTCTTCACATTCACCGCGCAATGCACGCAGTT
ON920851.1_L4_donor_900_r0,ON920851.1,Pseudostaurastrum enorme,SAR/other protist,ON920851.1,train,L4_donor_900,900,600,0,3539621041,ATGTTTCAATCTGTAGAAGAAAGAACACGAATTAAAAATGAACGTTATGAATCAGGTGTAATCCCTTACGCTGAAATGGGATATTGGGATGCTAATTATACAGTTAAAGATACTGATGTATTAGCTTTATTCCGTATTACTCCACAACCTGGTGTTGATCCTATTGAAGCGGCAGCAGCGGTAGCTGGTGAATCTTCAACAGCAACATGGACTGTTGTATGGACTGACTTACTAACTGCTTGTGACGTTTATCGTGCAAAAGCTTACAAAGTAGATACAGTTCCGGGTGCAGCAGACCAATTCTTTGGATTTATCGCTTATGAATGTGATTTATTTGAAGAAGGATCACTTGCAAACTTAACAGCATCAATTATTGGTAACGTGTTCGGTTTCAAAGCTGTAAAAGCTCTTCGTTTAGAAGACATGCGTATTCCTTACGCTTACTTAAAAACGTTCCAAGGACCTGCAACAGGTGTTATTGTTGAACGTGAACGTCTTGACAAATTTGGACGTCCATTACTTGGTGCAACTGTAAAACCAAAACTAGGTCTTTCTGGTAAAAACTACGGACGTGTAGTATTTGAAGGATTAAAAGGTGGTTTAGACTTCTTAAAAGACGACGAAAACATTAACTCACAACCATTTATGCGTTGGAGAGAACGTTTCTCTTACGTAATGGAAGGTGTTAACAGATCTGCTGCAGCTTCTGGAGAAGTTAAAGGTTCTTACCTTAACGTTACAGCTGGTACTATGGAAGATATGTACGAACGTGCTGAATTCGCAAAACTGATTGGTTCTGTGATTATCATGATTGACTTAGTAATTGGTTATACTGCTATTCAATCAATGGCTCTTTGGTCACGTAAAAATGATATGATCCTTCACCTTCACCGTGCAGGA
ON933796.1_L4_donor_900_r0,ON933796.1,Commiphora wightii,Eudicots,ON933796.1,train,L4_donor_900,900,600,0,1197963040,ATGAGTTGTAGGGAGGGACTTATGTCACCACAAACAGAGACTAAAGCAAGTGTTGGATTCAAAGCCGGTGTTAAAGACTATAAATTGAATTATTATACTCCTCAATATCAAACCAAAGATACTGATATCTTGGCAGCATTCCGAGTAACTCCTCAACCCGGAGTTCCACCCGAGGAAGCGGGGGCCGCGGTAGCTGCGGAATCTTCTACTGGTACATGGACAACTGTGTGGACCGATGGGCTTACCAGCCTTGATCGTTACAAAGGACGATGCTACAACATTGAGCCCGTTGCTGGAGAAGAAAATCAATATATATGTTATGTAGCTTACCCTTTAGACCTTTTTGAAGAAGGTTCTGTTACTAACATGTTTACTTCCATTGTGGGTAATGTATTTGGGTTCAAAGCCCTGCGCGCTCTACGTCTAGAGGATCTACGAATCCCTACCGCGTATATTAAAACTTTCCAAGGCCCACCGCATGGGATCCAAGTTGAAAGAGATAAATTGAACAAGTATGGCCGTCCCCTATTGGGATGTACTATTAAACCTAAATTAGGGTTATCCGCTAAGAACTACGGTAGAGCTGTTTATGAATGTCTACGTGGTGGACTTGACTTTACCAAAGATGATGAGAACGTGAACTCCCAACCATTTATGCGTTGGAGAGACCGTTTCTTATTTTGTGCGGAAGCTCTTTTTAAATCGCAGGCTGAAACGGGTGAAATTAAAGGTCATTACTTGAATGCTACTGCAGGTACATGCGAAGAAATGATGAAAAGGGCTGTATTTGCCAGAGAGTTGGGAGCTCCTATCGTAATGCATGACTACTTAACAGGGGGATTCACCGCAAATACTACCTTGGCTCATTATTGCCGAGATAATGGTCTACTTCTTCACATC
OP237580.1_L4_donor_900_r0,OP237580.1,Baolia bracteata,Eudicots,OP237580.1,train,L4_donor_900,900,600,0,3516143273,ATGTCACCACAAACAGAGACTAAAGCAAGTGTTGGATTTAAAGCGGGTGTTAAAGATTACAAATTGACTTATTATACTCCTGAGTATGAAACCCAAGATACTGATATCTTGGCAGCATTCCGAGTAACTCCTCAACCTGGAGTTCCACCCGAAGAAGCAGGGGCTGCAGTAGCTGCCGAATCTTCTACTGGTACATGGACAACTGTATGGACCGACGGACTTACCAGTCTTGATCGTTACAAAGGACGATGCTACCACATCGAGCCCGTTGCTGGAGAAGAAAATCAATATATTTGTTATGTAGCGTATCCTTTAGACCTTTTTGAAGAAGGTTCTGTTACTAACATGTTTACTTCCATTGTGGGTAACGTATTTGGGTTCAAAGCCCTGCGTGCTCTACGTTTGGAGGATTTGCGAATCCCTGTTGCTTATATAAAAACTTTCCAAGGCCCGCCTCACGGTATCCAAGTTGAAAGAGATAAATTGAACAAGTATGGCCGTCCCCTATTGGGATGTACTATTAAACCTAAATTGGGGTTATCCGCTAAAAACTATGGTCGAGCAGTTTATGAATGTCTTCGTGGTGGACTTGATTTTACCAAAGATGATGAAAACGTGAACTCCCAACCGTTTATGCGTTGGAGAGACCGTTTCCTATTTTGTGCCGAAGCTCTTTATAAAGCACAAGCTGAAACAGGTGAAATCAAAGGGCATTACTTGAATGCTACCGCGGGTACATGCGAAGAAATGATAAAAAGAGCTGTATTTGCCAGAGAATTGGGAGTTCCTATCGTAATGCATGACTACTTAACAGGTGGATTCACTGCAAATACTAGCTTGGCTCATTATTGTCGAGATAATGGTCTACTTCTTCACATCCACCGTGCAATGCACGCAGTT
OP330067.1_L4_donor_900_r0,OP330067.1,Asplenium trichomanes,Ferns,OP330067.1,train,L4_donor_900,900,600,0,243309188,ATGTCGCCACAAACGGAGACTAAGGCGGGTGTTGGATTCAAAGCTGGTGTCAAAGATTACCGGCTGACTTATTACACCCCCGAATACAAAGTTAAAGATACTGATATTTTGGCAGCTTTTCGGATGACCCCACAACCCGGAGTACCAGCTGAAGAAGCTGGAGCTGCAGTAGCTGCGGAGTCCTCTACAGGTACGTGGACCACTGTTTGGACAGATGGGTTGACTAGTCTTGACCGTTACAAGGGCCGATGCTACGATATTGAGCCCGTCGCTGGAGAGGAAAATCAGTATATCGCGTATGTAGCTTATCCCTTGGACCTTTTTGAAGAAGGTTCCGTCACCAACCTGTTTACTTCCATTGTAGGTAACGTTTTTGGATTTAAAGCTCTACGTGCCCTACGCTTGGAAGACCTTCGAATCCCTCCCGCTTACTCTAAAACTTTCATCGGACCGCCACATGGTATTCAGGTTGAAAGGGATAAGTTGAACAAATATGGACGTCCCTTATTGGGATGTACGATCAAGCCAAAATTAGGTCTATCTGCCAAAAATTATGGTAGAGCCGTTTATGAATGTCTTCGTGGTGGACTTGATTTTACAAAAGATGATGAAAACGTAAACTCCCAACCATTCATGCGCTGGAGAGATCGCTTTTTATTTGTTGCAGAAGCTCTTTTCAAATCCCAGGCTGAAACAGGCGAGATTAAGGGGCATTACTTAAACGCTACTGCAGGTACATGTGAAGAAATGATGAAGAGAGCTGTTTTTGCTAGAGAATTGGGCGTACCAATTGTCATGCATGACTACCTGACCGGAGGGTTTACTGCAAATACCAGTTTAGCTTACTATTGCAGAGACAATGGGCTGCTTCTTCATATTCATCGCGCGATGCATGCTGTG
OQ863300.1_L4_donor_900_r0,OQ863300.1,Laurencia catarinensis,Red algae,OQ863300.1,train,L4_donor_900,900,600,0,1198589994,ATGTCTAACTCTGTAGAAGAACGGACACGGATTAAAAACGAACGTTATGAATCTGGTGTAATTCCATACGCAAAAATGGGATACTGGGACCCTAACTATGTAGTTAAAGATACAGATATATTAGCTCTGTTTAGAGTTAGTCCACAACCAGGAGTAGATCCAGTAGAAGCTTCTGCAGCCGTTGCAGGTGAATCATCTACTGCAACATGGACTGTTGTATGGACAGATTTATTAACAGCTTGCGATTTATATCGTGCAAAAGCATATAAAGTAGATGCTGTACCAAATACTTCTGACCAATATTTCGCATATATAGCTTATGATATTGATTTATTTGAAGAGGGATCTATTGCTAATTTAACTGCTTCTATTATTGGTAATGTATTTGGATTTAAAGCAGTTAAAGCATTAAGGCTTGAAGATATGCGTATTCCTGTAGCATATCTTAAAACTTTCCAAGGTCCAGCGACTGGGTTAGTTGTAGAACGTGAACGTATGGATAAATTTGGACGTCCATTCTTAGGTGCAACAGTAAAACCTAAGCTAGGTTTATCCGGTAAAAACTATGGTAGAGTAGTATACGAAGGTCTAAAAGGTGGTTTAGATTTCCTTAAAGATGATGAAAATATTAATTCTCAACCATTTATGCGTTGGAAAGAGAGATTTTTATACTCTATGGAAGCTGTAAATCGCTCTATTGCTGCTACAGGTGAAGTAAAAGGACATTACATGAATGTTACAGCAGCAACAATGGAAGACATGTACGAAAGAGCTGAATTTGCTAAGCAATTAGGTACAGTTATTATCATGATTGATTTAGTAATTGGATATACTGCTATTCAAACAATGGCGATCTGGGCACGTAAAAATGATATGATCTTACACTTACACCGCGCAGGT
OQ863312.1_L4_donor_900_r0,OQ863312.1,Laurencia sp. A25,Red algae,OQ863312.1,train,L4_donor_900,900,600,0,2141406401,ATGTCTAACTCTGTAGAAGCACGGACACGGATTAAAAACGAACGTTATGAATCTGGTGTAATTCCATACGCAAAAATGGGATACTGGGACCCTAACTACGTAGTTAAAGATACAGATATATTAGCTCTATTTAGAGTTAGTCCACAACCAGGAGTAGATCCAGTAGAGGCTTCTGCAGCAGTTGCAGGTGAATCATCTACTGCAACATGGACTGTTGTATGGACAGATTTATTAACAGCTTGTGATTTATATCGTGCAAAAGCATATAAAGTAGATGCTGTACCAAATACTTCTGATCAATATTTTGCATATATAGCTTATGATATTGACTTATTTGAAGAAGGATCTATTGCCAATTTAACTGCTTCTATTATTGGTAATGTATTTGGATTTAAAGCAGTTAAAGCATTAAGACTTGAAGATATGCGTATTCCTGTAGCATATCTTAAGACTTTCCAAGGTCCAGCTACTGGTATAGTTGTAGAACGTGAACGCATGGATAAATTTGGACGTCCATTCTTAGGTGCAACAGTAAAACCAAAATTAGGTTTATCTGGTAAAAATTATGGTAGAGTAGTATATGAAGGCTTAAGAGGTGGTTTAGATTTCCTTAAAGATGATGAAAATATTAACTCTCAACCATTCATGCGTTGGAAAGAGAGATTTTTATACTCTATGGAAGCTGTCAATCGCTCTATTGCTGCTACAGGTGAAGTGAAAGGCCATTATATGAATGTTACATCAGCAACAATGGAAGAGATGTACGAAAGAGCTGAATTTGCTAAGCAATTGGGTACAGTTATTATCATGATTGACTTAGTAATTGGATATACTGCTATTCAGACAATGGCGATTTGGTCACGTAAAAATGATATGATCTTGCACTTACATCGCGCAGGT
OQ868456.1_L4_donor_900_r0,OQ868456.1,Pteris pseudowulaiensis,Ferns,OQ868456.1,train,L4_donor_900,900,600,0,3943200834,ATGTCGCCACAAACGGAGACTAAAGCAGGTGTTGGATTCAAAGCTGGTGTCAAAGATTATCGATTGACTTATTACACTCCCGAATACAAGACCAAAGATACTGATATATTAGCGGCTTTCCGAATGACCCCACAACCTGGAGTACCAGCTGAGGAGGCCGGAGCTGCAGTAGCTGCGGAATCCTCTACGGGTACCTGGACCACGGTATGGACAGACGGACTTACCAGTCTCGATCGCTACAAGGGCCGGTGTTACGATATTGAGCCTGTTGCTGGGGAGGAAAATCAGTATATTGCGTATGTAGCTTATCCTCTGGATTTATTCGAGGAAGGTTCCGTCACCAATATGCTGACTTCCATTGTAGGTAATGTTTTTGGCTTCAAGGCCCTACGCGCTCTGCGTCTGGAAGACCTACGAATTCCTCCTGCGTATTCCAAAACTTTTATAGGACCCCCCCACGGCATTCAGGTAGAAAGGGATAAACTAAACAAATATGGACGTCCCCTACTGGGATGTACAATCAAGCCAAAATTGGGCTTGTCTGCCAAAAATTATGGTAGAGCAGTTTATGAATGCCTTCGTGGTGGACTTGATTTCACGAAAGATGATGAAAACGTGAATTCCCAACCTTTCATGCGTTGGAGAGACCGCTTCTTATTTGTAGCAGAAGCCCTTTTTAAAGCCCAAGCAGAAACGGGTGAAATCAAGGGACATTATTTAAATGCCACTGCAGGCACCTGTGAAGAGATGATGAAGAGAGCTGTTTTCGCCAGAGAATTGGGTGCACCAATTGTCATGCATGACTACTTGACTGGGGGTTTTACCGCAAATACCAGCTTAGCTTTTTATTGCAGAGACAACGGACTACTTCTTCACATTCACCGGGCGATGCATGCTGTC
OR165438.1_L4_donor_900_r0,OR165438.1,Cyanotis obtusa,Monocots,OR165438.1,test,L4_donor_900,900,600,0,1941639772,ATGTCACCACAAACAGAGACTAAAGCAAGTGTTGGATTTAAAGCGGGTGTTAAAGATTATAAATTGACTTATTATACTCCTGAGTACCAAACCAAAGATACTGATATATTGGCAGCATTCCGAGTAACTCCTCAACCAGGAGTTCCGCCTGAGGAAGCAGGTGCTGCGGTAGCTGCCGAATCTTCTACTGGTACATGGACAACCGTGTGGACTGATGGACTTACCAGTCTTGATCGTTACAAAGGACGATGCTATCACATCGAGCCCGTTCCTGGGGAGGAAAGTCAATTTATTGCTTATGTAGCTTATCCTTTAGACCTTTTTGAAGAAGGTTCTGTTACTAACATGTTTACTTCCATTGTAGGTAATGTATTTGGTTTCAAAGCCCTGCGAGCTCTACGTTTGGAGGATTTGCGAATTCCTACTTCTTATGTCAAAACTTTTCAGGGTCCGCCTCACGGTATCCAAGTTGAAAGAGATAAGTTGAACAAGTATGGTCGTCCCCTATTGGGATGTACTATTAAACCTAAATTGGGATTATCCGCAAAGAACTATGGTAGAGCAGTTTATGAATGTCTACGTGGCGGACTTGATTTTACCAAGGATGATGAGAATGTAAACTCACAACCATTTATGCGTTGGAGAGACCGTTTCTTATTTTGTGCTGAAGCACTTTATAAAGCGCAGGCCGAAACGGGTGAAATCAAAGGACATTACTTGAATGCTACTGCGGGTACGTGTGAAGAAATGATGAAAAGGGCGCAATGTGCTAGAGAATTGGGAGTTCCTATCGTAATGCACGACTACTTAACTGGGGGGTTCACCGCAAATACTACCTTGGCTCAGTATTGCCGCGATAATGGCCTACTTCTTCACATCCACCGCGCAATGCATGCAGTT
OR165493.1_L4_donor_900_r0,OR165493.1,Tradescantia fluminensis,Monocots,OR165493.1,train,L4_donor_900,900,600,0,4125176690,ATGTCACCACAAACAGAGACTAAAGCAAGTGTTGGATTTAAAGCGGGTGTTAAAGATTATAAATTGACTTATTATACTCCTGAGTACCAAACTAAAGATACTGATATATTGGCAGCATTCCGAGTAACTCCTCAACCAGGAGTTCCGCCGGAGGAAGCAGGGGCTGCGGTAGCTGCGGAATCTTCTACTGGTACATGGACAACTGTGTGGACTGATGGACTTACCAGTCTTGATCGATACAAAGGACGATGCTACCACATCGAGCCTGTTCCTGGGGAGGAAAGTCAATTTATTGCTTATGTAGCTTATCCTTTAGACCTTTTTGAAGAAGGTTCTGTTACTAACATGTTTACTTCCATTGTAGGTAATGTATTTGGTTTCAAAGCCCTGCGAGCTCTACGTTTGGAGGATTTGCGAATTCCCATTGCTTATGTCAAAACTTTTGAAGGCCCGCCTCACGGTATCCAAGTTGAAAGAGATAAGTTGAACAAGTATGGTCGTCCCCTATTGGGATGTACTATTAAACCTAAATTGGGATTATCCGCAAAGAACTACGGTAGAGCAGTTTATGAATGTCTACGTGGCGGACTTGATTTTACCAAGGATGATGAAAATGTGAACTCACAACCATTTATGCGTTGGAGAGACCGTTTCTTATTTTGTGCTGAAGCAATTTATAAATCGCAGGCCGAAACGGGTGAAATCAAAGGACATTACTTGAATGCTACTGCGGGTACATGTGAAGAAATGCTTAAAAGGGCCCAATGTGCTAGAGAATTGGGAGCTCCTATCGTAATGCACGACTACTTAACCGGGGGATTCACCGCAAATACTACCTTGTCTCATTATTGCCGCGACAACGGCTTACTTCTTCACATCCACCGCGCAATGCATGCAGTT
OR359632.1_L4_donor_900_r0,OR359632.1,Amoenothamnion planktonicum,Red algae,OR359632.1,train,L4_donor_900,900,600,0,3213434312,ATGTCTAACTCTGTAGAAGAACGGACAAGAATTAAAAATGAACGTTATGAATCTGGTGTAATCCCTTATGCAAAAATGGGATATTGGGATCCAGAATATGTGGTTAAAGATACAGACGTATTAGCTCTGTTTCGTGTATCTCCACAGCCAGGCGTTGACCCAATTGAAGCTTCTGCTGCAGTTGCTGGTGAATCATCTACTGCTACTTGGACTGTAGTATGGACTGATTTATTAACAGCTTGTGATTTATATAGAGCTAAAGCTTATAAAGTAGATGCTGTTCCAAATACTTCTGATCAATACTTTGCATATATCTCATATGATATTGATCTATTTGAAGAAGGATCAATTGCAAACTTAACAGCTTCAATCATTGGTAACGTATTTGGCTTTAAAGCAGTTAAAGCTTTAAGACTAGAAGATATGCGTATTCCTTATGCTTACTTAAAAACATTCCAAGGACCTGCAACAGGATTGGTTGTAGAACGTGAACGTATGGACAAATTTGGTCGTCCGTTTCTAGGTGCAACTGTAAAACCAAAACTAGGCTTATCAGGTAAAAACTACGGAAGAGTAGTATATGAAGGTCTAAAAGGTGGTCTAGATTTCCTAAAAGATGATGAAAATATTAACTCTCAACCATTCATGCGTTGGAAAGAAAGATTCTTATATTCTATGGAAGCTGTAAACCGTTCAATTGCCGCTAGTGGCGAAGTGAAAGGTCATTACATGAATGTAACAGCTGCTAACATGGAAGATATGTATGAAAGAGCTGAATTTGCTAAACAACTAGGTACAGTTATTATCATGATTGACTTAGTAATTGGATATACAGCTATCCAAAGTATGGGAGTTTGGGCTCGTAAAAATGATATGATTTTACATTTACACCGTGCAGGT
PP263658.1_L4_donor_900_r0,PP263658.1,Daphniphyllum macropodum subsp. humile,Eudicots,PP263658.1,val,L4_donor_900,900,600,0,2310943635,ATGAGTTGTAGGGAGGGACTTATGTCACCACAAACAGAGACTAAAGCAAGTGTTGGATTCAAAGCTGGTGTTAAAGATTACAAATTGACTTATTATACTCCTGACTATGACACCAAAGATACTGATATCTTGGCAGCATTCCGAGTAACTCCTCAACCTGGAGTTCCACCTGAGGAAGCAGGGGCCGCGGTAGCTGCGGAATCTTCTACTGGTACATGGACAACTGTGTGGACCGATGGACTTACCAGCCTTGATCGTTACAAAGGACGATGCTACCATATCGAGCCCATCGCTGGAGAAGAAAATCAATTTATTGCTTATGTAGCTTACCCTTTAGACCTTTTTGAAGAAGGGTCTGTTACTAACATGTTTACTTCCATTGTGGGTAATGTATTTGGGTTCAAAGCCCTGCGCGCTCTACGTCTGGAGGATCTGCGAATCCCTCCTGCTTATTCTAAAACTTTCCAAGGCCCGCCTCATGGCATCCAAGTTGAGAGAGATAAATTGAACAAGTATGGTCGTCCCCTATTGGGATGTACTATTAAACCAAAATTGGGGTTATCTGCTAAAAACTACGGTAGAGCAGTTTATGAATGTCTCCGTGGTGGACTTGATTTTACCAAAGATGATGAAAACGTGAACTCCCAACCATTTATGCGTTGGAGAGACCGTTTCTTATTTTGTGCCGAAGCACTTTATAAGGCACAAGCTGAAACAGGTGAAATTAAAGGACATTACTTGAATGCTACTGCAGGTACATGCGAAGACATGATGAAAAGGGCGGTATTTGCCAGAGAATTGGGAGTTCCTATCGTAATGCATGACTACTTAACAGGGGGATTCACTGCAAATACCACTTTGGCTCATTATTGCCGAGATAATGGCCTACTTCTTCACATC
PQ031122.1_L4_donor_900_r0,PQ031122.1,Mallomonas flora,SAR/other protist,PQ031122.1,train,L4_donor_900,900,600,0,3924000117,ATGAGTACAGGAGAAAGAACGCGTATTAAATCAGAACGTTATGAATCTGGAGTAATCCCATACAAAAAAATGGGTTATTGGGATGCAGACTACACAGTTAAAGATACTGATGTTTTATGTCTTTTCCGTATTACACCACAACCAGGAGTTGATCCAGTTGAAGCTGCAGCAGCTGTTGCTGGAGAATCATCAACTGCTACTTGGACTGTTGTATGGACAGATTTATTAACTGCTTGTGATGTATATCGTGCAAAAGCTTATTTCGTTGAAGAAGTTCCTAATGCAGTAGATGAATTCTTTGCATTTATTGCTTACGAATGTGACTTATTTGAAGAAGGTTCAATTTCTAACTTAACAGCTTCTATTATTGGAAACGTTTTTGGATTTAAAGCCGTTAAATGTTTACGTTTAGAAGATATGCGTATTCCTTATGCATACTTAAAAACTTTCCAAGGTCCAGCAACAGGAGTTGTTGTAGAACGTGAAAGAATGGATGTTTTTGGACGTCCAATGTTAGGTGCTACTGTTAAACCTAAATTAGGTCTTTCAGGAAAAAACTATGGTCGTGTAGTTTATGAAGGATTAAAAGGTGGTTTAGACTTCTTAAAAGATGATGAAAATATTAACTCACAACCATTCATGAGATGGCGTGAAAGATTCTCTTATTGTATGGAAGGTATCAACAGAGCCGTTGCAAAATCAGGTCAAGTTAAAGGTTCTTACCTAAACATTACTGCTCCTACAATGGAAGATATGTATGAAAGAGGAGAATATGCAAAAAATGTAGGTTCAGTAATTGTCATGATTGACTTAGTTATTGGATATACAGCAATTCAATCTATGGGACTTTGGGCTCGTAGAAACGATATGATTCTTCATTTACATCGTGCTGGTCACTCT
PQ031123.1_L4_donor_900_r0,PQ031123.1,Mallomonas striata,SAR/other protist,PQ031123.1,train,L4_donor_900,900,600,0,438113430,ATGAGTGATGCAGTAGAAAGAACACGTATTAAATCAGAACGTTATGAATCTGGAGTAATTCCATATAAAAAAATGGGTTATTGGGATGCAGACTATACAGTGAAAGAAACTGATGTTCTTTGTCTTTTCCGTATTACACCACAACCAGGTGTTGACCCAGTAGAAGCTGCTGCAGCTGTAGCTGGAGAATCATCTACAGCTACATGGACAGTTGTATGGACAGATTTATTAACAGCTTGTGATGTATATCGTGCTAAAGCTTATTTCGTGGAAGAAGTTCCAAATAAACCAGATGAATTCTTTGCATTTATTGCTTACGAATGTGATTTATTTGAAGAAGGTTCAATTGCAAATTTAACAGCTTCTATTATTGGGAACGTTTTCGGATTTAAAGCCGTTAAAGCTTTACGTTTAGAAGATATGCGTATTCCGTATGCTTATTTAAAAACTTTCCAAGGTCCTGCAACAGGAGTTGTTGTAGAACGTGAAAGAATGGATGTTTTTGGACGTCCTTTATTAGGTGCTACTGTTAAACCAAAATTAGGTCTTTCTGGAAAAAACTATGGTCGTGTAGTTTATGAAGGATTAAAAGGTGGTTTAGATTTCTTAAAAGATGATGAAAATATTAACTCACAACCATTCATGAGATGGCGTGAAAGATTCCTTTACTGTATGGAAGGGATTAACAAAGCTGTTGCTAAATCAGGACAAGTTAAAGGTTCATACCTTAATGTAACTGCTTCTACAATGGAAGATATGTACGAAAGAGCAGAATATGCAAAAGCAGTTGGTTCAGTTATTGTTATGATTGATCTTGTTATTGGTTATACAGCAATTCAATCAATGGCATTATGGTCTCGTAAAAATGATATGATTCTTCACTTACACCGTGCAGGTCAT
PQ031125.1_L4_donor_900_r0,PQ031125.1,Mallomonas kalinae,SAR/other protist,PQ031125.1,train,L4_donor_900,900,600,0,2365131462,ATGAGTGATGCATCAGAAAGAACGCGTATTAAATCAGAACGTTATGAATCTGGAGTAATTCCATACAAAAAAATGGGGTATTGGGATGCTGATTATTCAGTAAAAGAAACTGACGTTTTATGTCTTTTCCGTATTACACCACAACCAGGAGTTGATCCTATTGAAGCTGCTGCAGCTGTAGCTGGAGAATCTTCAACAGCAACTTGGACAGTTGTTTGGACTGACTTATTAACAGCTTGTGATGTATATCGTGCAAAAGCATATTTCGTAGAAGAAGTACCAAATAAACCAGAAGAATTCTTCGCTTTTATCGCATACGAATGTGATTTATTTGAAGAAGGTTCTATTGCTAACTTAACAGCATCAATTATCGGAAACGTTTTTGGTTTCAAAGCTGTTAAAGCATTACGTTTAGAAGATATGCGTATTCCTTTTGCTTACCTAAAAACTTTCCAAGGTCCTGCAACAGGAGTTGTTGTAGAACGTGAAAGAATGGATGTTTTTGGACGTCCTTTATTAGGTGCTACTGTTAAACCAAAATTAGGTCTTTCTGGTAAAAACTATGGTCGTGTAGTTTATGAAGGATTAAAAGGTGGTTTAGATTTCTTAAAAGATGATGAAAATATTAATTCACAACCATTCATGAGATGGCGTGAAAGATTCCTTTACTGTATGGAAGGTATCAACAAAGCCGTTGCTAAATCAGGACAAGTTAAAGGTTCTTACCTTAACGTAACTGCCGCTACAATGGAAGAAATGTATGAAAGAGCAGCATATGCAAAATCGGTTGGTTCAGTAATTATCATGATTGATCTTGTTATTGGTTATACAGCAATTCAATCAATGGCACTGTGGGCACGTAAAAATGATTTAATTCTTCACTTACACCGTGCAGGTCAT
PQ031131.1_L4_donor_900_r0,PQ031131.1,Mallomonas annulata,SAR/other protist,PQ031131.1,train,L4_donor_900,900,600,0,148681021,ATGAGTGATGCAGTAGAAAGAACACGTATTAAATCAGAACGTTATGAATCAGGAGTAATTCCATACAAAAAAATGGGTTATTGGGATGCAGACTATACAATTAAAGATAGTGATGTATTATGTCTTTTCCGTTTAACACCACAACCAGGAGTTGACCCAGTTGAAGCTGCTGCAGCTGTTGCTGGAGAATCATCTACTGCTACTTGGACAGTTGTATGGACTGATTTATTAACAGCATGTGATGTATATCGTGCTAAAGCTTACTTCGTTGAAGAAGTTCCAAACAAACCAGACGAATTTTTCGCTTTTATCGCATACGAATGTGATTTATTTGAAGAAGGTTCTATTGCTAACTTAACAGCATCTATCATCGGAAACGTTTTCGGTTTCAAAGCCGTTAAAGCTTTACGTTTAGAAGATATGCGTATTCCTTATGCATACTTAAAAACTTTCCAAGGTCCAGCTACTGGAGTTATTGTTGAACGTGAAAGAATGGATGTATTTGGACGTCCTTTATTAGGAGCTACTGTTAAACCTAAATTAGGTCTTTCTGGTAAAAACTATGGTCGTGTAGTTTATGAAGGATTAAAAGGTGGTTTAGATTTCTTAAAAGATGATGAAAATATTAACTCACAACCATTCATGAGATGGCGTGAAAGATTCCTATACTGTATGGAAGGAATTAACAAAGCCGTTGCTAAATCAGGACAAGTTAAAGGTTCTTACCTTAATGTTACTGCATCTACAATGGAAGATATGTACGAAAGAGCAGAATATGCTAAAGCAGTTGGTTCAGTTATTGTTATGATTGACCTTGTTATCGGTTATACAGCAATTCAATCAATGGCTTTATGGGCTCGTAAAAATGATATGATTCTTCACTTACACCGTGCAGGACAT
PQ031145.1_L4_donor_900_r0,PQ031145.1,Mallomonas splendens,SAR/other protist,PQ031145.1,val,L4_donor_900,900,600,0,1786667084,ATGAGTGATGCATCAGAAAGAACGCGTATTAAATCAGAACGTTATGAATCTGGAGTAATTCCATACAAAAAAATGGGTTATTGGGATGCAGATTACACAGTAAAAGATTCTGATGTATTATGTCTTTTCCGTTTAACACCACAACCAGGTGTTGACCCGATTGAAGCAGCAGCTGCTGTTGCTGGAGAATCTTCTACAGCTACTTGGACTGTTGTTTGGACTGATTTATTAACAGCATGTGATGTATATCGTGCTAAAGCTTATTTTGTTGAAGAAGTTCCAAATAAAGTTGATGAATACTTTGCCTTTATTGCTTACGAATGTGATTTATTTGAAGAAGGTTCAATTGCAAACTTAACTGCTTCAATTATTGGAAACGTTTTTGGTTTCAAAGCTGTAAAAGCATTACGTTTAGAAGATATGCGTATTCCTTATGCATATTTAAAAACTTTCTTAGGTCCTGCAACTGGAGTAATTGTAGAACGTGAAAGAATGGATTGTTTTGGACGTCCTTTATTAGGAGCAACAGTTAAACCTAAATTAGGTCTTTCTGGAAAAAACTATGGTCGTGTAGTTTATGAAGGATTAAGAGGTGGATTAGATTTCTTAAAAGATGACGAAAATATTAACTCTCAACCATTCATGCGTTGGCGTGAAAGATTCCTTTATGTTATGGAAGGGATTAATAAAGCCGTTGCTAAAACAGGACAAGTTAAAGGTTCTTACCTTAACGTAACTGCATCTACAATGGAAGATATGTACGAAAGAGCAGAATATGCTAAATCAGTAGGATCAGTAATTGTTATGATTGACCTTGTTATTGGATACACAGCTATTCAATCAATGGGATACTGGGCACGTAAAAATGATATGATTCTTCACTTACACCGTGCAGGTCAT
PQ213023.1_L4_donor_900_r0,PQ213023.1,Vaucheria litorea,SAR/other protist,PQ213023.1,train,L4_donor_900,900,600,0,4187200934,ATGTCTAAGTCTGTACAAGAGCGTACTCGAATTAAAAGCCAACGTTATGAATCTGGTGTAATTCCTTATGCGAAAATGGGTTATTGGGATGCATTTTATAATGTAAAACATACGGATGTATTAGCGTTATTTCGTATTACTCCGCAACCTGGTGTAGATCCTGTAGAAGCAGCAGCAGCTGTTGCTGGTGAATCTTCAACTGCGACTTGGACAGTAGTATGGACTGATTTATTAACTGCTTGTGATATTTATCGTGCAAAAGCATATCGTGTAGATCCAGTTCCTGGAACAACTGATCAATATTTTGCATATATTTCATATCAAATTGAATTATTTGAAGAAGGGTCATTAGCAAATTTAACTGCATCAATCATTGGTAATGTTTTTGGATTTAAAGCTGTTAAAGCTTTACGTTTAGAAGATATGCGAATTCCTTTTGCATATTTAAAAACTTTTCAAGGTCCTGCTACAGGTTTAGTTGTAGAAAGAGAAAGAATGGATAAATTTGGACGTCCATTATTAGGAGCTACGGTAAAACCGAAATTAGGTCTTTCAGGTAAAAACTATGGTCGTGTAGTATATGAAGGACTTCGTGGTGGTTTAGATTTCTTAAAAGATGATGAGAATATTAATTCTCAACCATTTATGCGTTGGAGAGAGCGTTTTCTTTACTGTATGGAAGGTGTTAATCGTGCAGTAGCAGCTAGTGGTGAAGTTAAAGGTTCATACCTTAATACAACTGCAGGTACAATGGAAGAGATGTATGAACGTGCAGAATATGCTAAAAGTATAGGCTCAATTATTGTAATGATTGACCTTGTAATTGGTTATACTGCTATTCAATCTATGTCAATTTGGGCTAGAAAAGCTGATATGATTTTACATTTACACCGTGCAGGT
PQ791840.1_L4_donor_900_r0,PQ791840.1,Pelagomonas calceolata,SAR/other protist,PQ791840.1,train,L4_donor_900,900,600,0,514274388,ATGTCTCAAAATGTATCTGAACGTACAAGAATTAAAAGTGAACGTTACGAATCTGGTGTAATCCCTTACGCTAAAATGGGTTACTGGGATGCTAACTACGCAGTTAAGACAACTGACTTATTAGCATTATTCCGTATCACTCCACAACCAGGTGTTGACCCAGTTGAAGCTGCTGCTGCAGTTGCTGGTGAGTCTTCTACTGCAACATGGACTGTTGTATGGACTGACTTATTAACTGCTTGTGATATCTACCGTGCTAAGGCATTCCGTGTAGATCCAGTTCCAAGTGCTCCTGATCAATTCTTCGCGTACGTAGCATACGAAGGTGACTTATTCGAGGAAGGTTCTTTAGCGAACATGACTGCTTCGATTATTGGTAACGTATTCGGTTTCAAAGCTGTTAAAGCGTTACGTTTAGAAGATATGCGTATCCCACACACTTACTTAAAGACTTTCCAAGGTCCTGCTTCTGGTGTAATTGTAGAGCGTGAGCGTTTAGACACATTCGGACGTCCACTTTTAGGTGCTACAGTAAAGCCTAAGTTAGGTTTATCTGGTAAGAACTACGGTCGTGTAGTATTCGAAGGTTTAAAAGGTGGTTTAGACTTCTTAAAGGATGATGAGAACATTAACTCACAACCATTCATGCGTTGGAGAGAGCGTTTCTTATACTGTATCGAAGGTATCAACCGTGCTGCTGCAGCGACTGGTGAAGTTAAGGGTTCTTACTTAAACATGACTGCTGGTAACAACGACGAGATGATTACTCGTGGTGAATTCGCTAAAGAGTTAGGTTCAGTAATTGTAATGATTGACTTAGTAATCGGTTACACTGCTATCCAAACTGCTGCAATCTGGGCTCGTGCTAACCACATGATCTTACACTTACACCGTGCTGGT
PQ791846.1_L4_donor_900_r0,PQ791846.1,Arachnochrysis pilardiaziae,SAR/other protist,PQ791846.1,train,L4_donor_900,900,600,0,3489978195,ATGTCTCAATCTGTATCAGAACGTACACGAATTAAGAGCGAACGTTATGAATCTGGAGTAATTCCTTATGCTAAAATGGGTTACTGGGATTCTAACTATACCATTAAGACTACTGATGTTCTTGCGCTATTCCGTATTACTCCTCAACCAGGTGTGGACCCGGTTGAAGCGGCTGCAGCTGTAGCAGGGGAGTCTTCAACAGCTACATGGACTGTTGTATGGACAGATTTATTGACTGCATGTGATATTTACCGTGCGAAAGCCTATCGTGTAGACCCAGTTCCCAGTGCAGCGGATCAATTCTTTGCATATATCGCTTATGAAGGTGATTTATTTGAAGAAGGTTCATTAGCAAACATGACTGCATCAATTATCGGGAACGTATTTGGTTTTAAAGCTGTTAAAGCCTTACGTTTAGAAGATATGCGAATTCCGCACTCTTACTTAAAAACTTTCCAAGGACCGGCAACCGGTGTAATTGTAGAACGTGAGCGTTTGGATACATTTGGACGTCCACTTTTAGGTGCAACCGTTAAGCCAAAGCTAGGTCTTTCTGGTCGTAACTATGGGCGTGTAGTTTTTGAAGGTTTAAAAGGTGGATTAGATTTTTTAAAGGATGATGAAAATATTAATTCACAACCCTTTATGCGTTGGAGAGAGCGATTCTTGTATTGTATAGAAGGTATCAATCGTGCGGTTGCAGCAACAGGTGAAGTTAAGGGTTCCTACTTAAACATAACTGCGGCTACAATGGAAGAAATGTATACACGTGCAGAGTATGCGAAAGAATTGGGTTCAATTATTGTTATGATTGACTTGGTAATTGGTTATACTGCAATTCAAAGTATGGCACTTTGGGCACGTGCTAATGATATGATTTTACATTTACATCGTGCTGGT
PV575775.1_L4_donor_900_r0,PV575775.1,Sargassum hemiphyllum var. chinense,Brown algae,PV575775.1,train,L4_donor_900,900,600,0,3627378442,ATGCCTGAGAACGTACAGGAAAGAACTCGAATAAAAAGTGAGCGTTATGAATCTGGTGTAATACCATATGCTAAAATGGGATATTGGGATGCAGATTACAAGGTTAAAGAAACTGATATTCTAGCTCTATTTCGTATAACTCCTCAACCAGGTGTAGATCCTCTAGAAGCTGCGGCTGCTGTTGCCGGTGAATCTTCTACAGCAACATGGACAGTAGTATGGACAGATTTACTGACGGCTTGTGATATCTACCGAGCGAAAGCATATCGTGTCGATCCTGTTCCAGGAACAAACGATCAATATTTCTCATACATTGCATATGAATGTGATTTATTTGAGGAAGGTTCTCTTGCAAACTTAACTGCATCTATTATCGGTAACGTTTTTGGTTTTAAAGCTGTTAAAGCATTACGTTTAGAAGATATGAGAATTCCTTACGCTTACCTTAAAACGTTCCAAGGTCCCGCTACAGGTGTTGTCGTGGAAAGAGAAAGATTAGATAAATTTGGACGTCCTTTATTAGGAGCTACTGTTAAACCTAAATTAGGTCTTTCAGGTAAAAATTATGGTCGTGTTGTTTACGAAGGTTTAACAGGTGGTCTTGATTTCCTTAAAGATGATGAAAACATTAATTCGCAACCATTTATGAGATGGAAAGAGCGTTTCTTGTATTGTATGGAAGGTGTTAACCGTTCGGCTGCTGCTACAGGTGAAGTTAAGGGTTCTTATCTTAATGTTACTGCAGCAACAATCGAAAATATGTATGAACGTGCAGAGTACTCTCATGCTATTGGTAGTGTTATTTGTATGATCGATTTAGTCGTTGGATATACAGCAATCCAAACTATGGCAATTTGGGCTCGAAAAGCTGAGATGATTTTACATTTACATCGTGCGGGT
PV999901.1_L4_donor_900_r0,PV999901.1,Pseudoderbesia sp. HV-2025c,Green algae,PV999901.1,train,L4_donor_900,900,600,0,37062548,ATGGGTCCAAAAACAGAAACTAAGGCAGGTGCTGGTTTTAAGGCAGGGGTAAAAGATTATCGCCTCACTTATTATACACCAGACTATCAAGTGAAAGACACAGATGTGTTAGCTGCATTTCGTATGACTCCGCAACCTGGGGTACCCGCTGAAGAGTGTGGTGCAGCGGTAGCCGCGGAATCTTCAACAGGGACATGGACAACTGTATGGACAGATGGTTTAACAAGTTTAGATAGCTATAAAGGCCGTTGTTATGATATCGAGCCTGTTGCTGGTGAAGATAACCAGTATATCGCTTATGTTGCTTATCCTTTAGATTTATTTGAAGAAGGGTCTGTAACGAACTTATTCACTTCCATTGTTGGAAACGTCTTTGGTTTTAAAGCTTTACGTGCTCTACGTTTAGAAGATCTTCGAATCCCGGTTTCTTATGTGAAAACATTCCAAGGCCCACCCCACGGTATTCAAGTTGAGCGCGATAAGCTAAACAAATACGGTCGCTCATTATTAGGTTGTACAATTAAACCAAAACTTGGTCTTTCTGCGAAAAACTATGGCCGCGCTTGTTACGAATGTTTACGCGGTGGATTAGATTTCACTAAAGATGATGAAAACGTAAATTCACAACCATTCATGCGTTGGCGTGATCGCTTTTTATTCGTAGCCGAAGCACTTTACAAATCACAAGCAGAAACGGGTGAAATCAAAGGGCACTACTTAAACGCAACCGCGGGAACTTGCGAAGAAATGCTAAAACGCGCGCAAGTGGCTAAAGAGTTAGGTGTTCCTATCATTATGCACGACTACTTAACTGGTGGTTGGACAGCAAACACGACTTTAGCTCGTTACTGCCGTGATCATGGCCTTTTATTACACATCCACCGTGCAATGCACGCTGTA
PV999913.1_L4_donor_900_r0,PV999913.1,Pseudoderbesia epilithica,Green algae,PV999913.1,train,L4_donor_900,900,600,0,3958680985,ATGGCTCCAAAAACTGAAACAAAAGCAGGTGCAGGATTTAAAGCAGGGGTAAAAGACTATCGTTTAACTTACTATACACCGGATTATCAAACAAAAGATACAGATATTCTTGCTGCTTTTCGTATGACTCCACAGCCAGGTGTACCACCAGAAGAATGTGGCGCTGCTGTAGCTGCAGAATCCTCAACAGGAACATGGACAACGGTATGGACAGATGGTTTAACAAGTTTAGATCGTTACAAAGGTCGTTGTTATGATTTAGAACCTGTAAAAGGTGAAGAAAATCAATATATTGCATATGTAGCATACCCACTTGATTTATTTGAAGAAGGTTCAGTAACTAATTTATTTACTTCAATTGTAGGTAATGTATTTGGTTTTAAAGCTTTACGTGCCCTTCGTTTAGAAGATTTACGTATTTCTGTAGCATATGCAAAAACTTTCCAAGGACCTCCTCATGGTATTGAGGTAGAACGTGATAAATTAAATAAATATGGACGTCCATTATTAGGTTGTACAATTAAACCGAAATTAGGTTTATCAGCGAAAAACTATGGTCGTGCTGTTTATGAATGTTTACGTGGTGGTCTAGATTTTACAAAAGATGATGAAAATGTAAATTCACAACCATTTATGCGTTGGCGTGATCGTTTCTTATTTGTTGCAGAAGCTATCTATAAATCACAAGCCGAAACAGGTGAAATTAAAGGGCACTATTTAAATGCCACAGCAGGTACTTGTGAGGGGATGCTTAAACGTGCACAATGTGCAAAAGAATTAGGTGTACCTATTATCATGCATGATTATTTAACAGGAGGTTGGACAGCTAATACAAGTTTAGCACATTACTGTCGTGATCATGGATTATTACTACATATTCACCGTGCCATGCATGCTGTA
PX743792.1_L4_donor_900_r0,PX743792.1,Stemona parviflora,Monocots,PX743792.1,val,L4_donor_900,900,600,0,179955781,ATGTCACCACAAACAGAGACTAAAGCAAGTGTTGGATTCAAAGCTGGTGTTAAAGATTACAAATTGACTTATTATACTCCTGATTACGAAACCAAGGATACTGATATCTTGGCAGCATTTCGAGTAACTCCTCAACCCGGAGTTCCGCCTGAAGAAGCAGGGGCTGCGGTAGCTGCTGAATCTTCTACTGGTACATGGACAACTGTGTGGACTGATGGACTTACCAGTCTTGATCGTTACAAAGGACGATGCTACCACATCGAGAGCGTTGTTGGGGAGGAAAATCAATATATTGCTTATGTAGCTTATCCTTTAGACCTTTTTGAAGAAGGTTCTGTTACTAATATGTTTACTTCCATTGTAGGTAATGTATTTGGTTTCAAAGCCCTACGAGCTCTACGTCTGGAGGATCTGCGAATTCCTCCTGCCTATTCCAAGACTTTTCAAGGACCGCCTCATGGTATCCAAGTTGAAAGAGATAAATTGAACAAGTACGGTCGTCCCCTATTGGGATGTACTATTAAACCAAAATTGGGATTATCTGCAAAGAACTACGGTAGAGCCGTTTATGAATGTCTACGGGGGGGACTTGATTTTACCAAGGATGATGAAAACGTGAACTCACAACCATTTATGCGTTGGAGAGACCGTTTCTTATTTTGTGCCGAAGCACTTTATAAAGCGCAAGCCGAAACCGGTGAAATCAAAGGACATTACTTGAATGCTACTGCGGGTACATGTGAAGAAATGAACAAAAGGGCCGTATTTGCCAGAGAATTGGGAGTACCTATCGTAATGCATGACTACTTAACTGGAGGATTCACTGCAAATACCAGCCTGGCTCATTATTGCCGTGACAACGGATTACTTCTTCACATCCATCGCGCAATGCATGCAGTC
PX743818.1_L4_donor_900_r0,PX743818.1,Corydalis caudata,Other angiosperms,PX743818.1,train,L4_donor_900,900,600,0,3378830265,ATGAGTTGTAGGGAGGGACTTATGTCACCACAAACAGAGACTAAAGCAAGTGTTGGATTCAAAGCTGGTGTTAAAGATTACAAATTGACTTATTATACTCCTGACTATGAAACAAAAGATACTGATATCTTGGCAGCATTCCGAGTCACTCCTCAACCTGGAGTTCCACCTGAGGAAGCAGGGGCCGCGGTAGCTGCCGAAAGTAACTTGCACACATGGACAACTGTGTGGACCGATGGGCTTACCAGCCTTGATCGTTACAAAGGACGATGCTATCACATCGAGCCAGTTGCTGGAGAAGACAATCAATATATTTGTTATGTAGCTTACCCTTTAGACCTTTTTGAAGAAGGCTCTGTTACTAATATGTTTACTTCCATTGTGGGTAATGTATTTGGGTTCAAAGCACTACGGGCTCTACGTCTGGAGGATCTGCGAATTCCTCCCGCTTATGTTAAAACTTTCCAAGGACCACCTCATGGAATCCAAGTTGAGAGAGATAAATTGAACAAGTATGGTCGTCCCCTATTGGGATGTACGATTAAACCAAAATTGGGGTTATCCGCTAAGAATTACGGTCGCGCGGTTTATGAATGTCTTCGCGGTGGACTTGATTTTACCAAAGATGATGAAAACGTGAATTCTCAACCATTTATGCGTTGGAGAGACCGTTTCCTATTTTGTGCTGAAGCAATTTATAAAGCACAGGCCGAAACAGGTGAAATCAAAGGACATTACTTAAATGCTACTGCAGGGACATGTGAAGAAATGATCAAAAGGGCTGTATTTGCCAGAGAATTGGGAGTTCCTATCGTAATGCATGACTACTTAACCGGGGGATTCACTGCTAATACTAGCTTGTCTCATTATTGCCGAGATAATGGCCTACTTCTTCACATC
PX743828.1_L4_donor_900_r0,PX743828.1,Arcangelisia gusanlung,Other angiosperms,PX743828.1,train,L4_donor_900,900,600,0,1407824270,ATGAGTTGTAGGGAGGGACTTATGTCACCACAAACAGAGACTAAAGCAAGTGTTGGATTCAAAGCTGGTGTTAAAGATTACAAATTGACTTATTATACTCCTGACTATGTAACCAAAGATACTGATACGCTAGCAGCATTCCGAGTAACTCCTCAACCTGGAGTTCCGCCTGAAGAAGCGGGGGCTGCGGTAGCTGCCGAATCTTCTACAGGTACATGGACAACTGTGTGGACCGATGGACTTACCAGTCTTGATCGTTACAAAGGACGATGCTACCACATTGAGCCCGTTGCTGGGGAAGAAAATCAATATATTTGTTATGTAGCTTACCCCTTAGACCTTTTTGAAGAAGGTTCTGTTACTAATATGTTTACTTCCATTGTGGGTAATGTTTTTGGGTTCAAAGCGCTACGCGCTCTACGTCTGGAGGATCTGCGAATTCCTACTGCTTATATTAAAACTTTCCAAGGCCCGCCTCATGGCATCCAAGTTGAGAGAGATAAATTGAACAAGTATGGTCGTCCCCTATTGGGATGTACTATTAAACCAAAATTGGGATTATCCGCTAAGAACTACGGTAGAGCAGTTTATGAATGTCTCCGCGGTGGACTTGATTTTACCAAGGATGATGAAAACGTGAACTCCCAACCATTTATGCGTTGGAGAGACCGTTTCCTATTTTGTGCTGAAGCACTTTATAAAGCACAAGCCGAAACGGGTGAAATCAAAGGACATTACTTGAATGCTACTGCAGGTACATGCGAAGAAATGATCAAAAGGGCTGTATGTGCCAGAGAGTTGGGAGTCCCTATTGTAATGCATGACTACTTAACGGGAGGATTCACTGCGAATACTTCCTTGGCTCATTATTGCCGAGATAATGGTCTACTTCTTCACATC
PX743839.1_L4_donor_900_r0,PX743839.1,Thalictrum fortunei,Other angiosperms,PX743839.1,test,L4_donor_900,900,600,0,158215687,ATGTCACCACAAACAGAGACTAAAGCAAGTGTTGGCTTCAAAGCGGGTGTTAAAGATTACAAATTGACTTATTATACTCCTGAATATGAACCCAAAGATACTGATACCTTGGCGGCATTCCGAGTAACTCCTCAACCGGGAGTTCCTGCTGAAGAAGCAGGGGCTGCTGTAGCTGCCGAATCTTCTACAGGTACATGGACAACTGTGTGGACCGATGGACTTACCAGCCTTGATCGTTACAAAGGACGATGCTACCACATCGAGCCCGTTGCTGGAGAAGAAAATCAATATATTTGTTATGTAGCCTATCCTTTAGACCTTTTTGAAGAAGGTTCTGTTACTAACATGTTTACTTCCATTGTGGGTAATGTATTTGGGTTCAAAGCGTTGCGCGCTCTACGCCTGGAGGATCTGCGAATTCCTGTTGCTTATGTTAAAACTTTCCAAGGCCCTCCTCATGGGATCCAAGTTGAGAGAGATAAATTGAACAAGTATGGTCGTCCCCTATTGGGATGTACTATTAAACCAAAATTGGGATTATCCGCTAAGAACTACGGTAGAGCGGTTTATGAATGTCTCCGCGGTGGACTTGATTTTACCAAGGATGATGAGAACGTGAACTCCCAGCCCTTTATGCGTTGGAGAGACCGTTTCCTATTTTGTGCTGAAGCACTTTATAAAGCACAAGCCGAAACAGGTGAAATCAAAGGACATTATTTGAATGCTACTGCGGGTACATGCGAAGAAATGATAAAAAGGGCTGTATTTGCCAGAGAATTGGGAGTACCCATCGTAATGCACGACTACTTAACGGGTGGATTCACCGCAAATACTAGCTTGGCTCATTATTGCCGAGATAATGGTCTACTTCTTCACATCCACCGCGCAATGCATGCAGTT
PX743843.1_L4_donor_900_r0,PX743843.1,Sabia discolor,Other angiosperms,PX743843.1,train,L4_donor_900,900,600,0,1226492359,ATGTCACCACAAACAGAGACTAAAGCAAGTGCTGGATTCAAAGCTGGTGTTAAAGATTACAAATTGAATTATTATACTCCTGAATATAACACCCTAGACACTGATATCTTGGCAGCATTCCGAGTAACTCCTCAACCAGGAGTTCCACCTGAGGAAGCAGGCGCCGCGGTAGCTGCCGAATCTTCTACTGGTACATGGACAACTGTGTGGACCGATGGACTTACCAGCCTTGATCGTTACAAAGGGCGATGCTACCACATCGAGCCCGTTGCTGGAGAAGAAAATCAATATATTGCTTATGTAGCTTACCCTTTAGACCTTTTTGAAGAGGGTTCTGTTACTAACATGTTTACTTCCATTGTAGGTAATGTATTTGGGTTCAAAGCCCTACGCGCTCTACGTCTGGAGGATCTGCGAATCCCTCCGGCTTACATTAAAACTTTCCAAGGCCCGCCTCATGGCATCCAAGTTGAGAGAGATAAATTGAACAAGTATGGTCGTCCCCTATTGGGATGTACTATTAAACCAAAATTGGGGTTATCCGCTAAGAACTACGGTAGAGCTGTTTATGAATGTCTCCGCGGTGGACTTGATTTTACCAAAGATGATGAGAACGTGAACTCCCAACCATTTATGCGTTGGAGAGACCGTTTCGTATTTTGTGCCGAAGCTATTTATAAAGCACAGGCTGAAACAGGCGAAATCAAAGGACATTACTTGAATGCTACTGCAGGTACATGCGAAGAAATGATAAAAAGGGCTGTATTTGCCAGAGAATTGGGAGTTCCTATCGTAATGCATGACTACTTAACGGGGGGATTCACTGCAAATACTACCTTAGCTCATTATTGCCGAGATAATGGCCTGCTTCTGCACATCCATCGCGCAATGCATGCAGTT
PX743855.1_L4_donor_900_r0,PX743855.1,Saxifraga unguiculata,Eudicots,PX743855.1,test,L4_donor_900,900,600,0,699110888,ATGTCACCACAAACAGAGACTAAAGCGAGTGTTGGATTCAAAGCCGGTGTTAAAGATTACAAATTGACTTATTATACCCCTGATTATGAAACCAAAGATACTGATATCTTGGCAGCATTCCGAGTAACTCCTCAACCTGGAGTTCCACCTGAGGAAGCAGGGGCCGCAGTAGCTGCTGAATCTTCTACTGGCACATGGACAACTGTATGGACCGATGGACTTACCAACCTTGATCGTTACAAAGGACGATGCTATCACATAGAGCCCGTTGCTGGAGAAGAAAATCAATTTATTGCTTATGTAGCTTACCCCTTAGACCTTTTTGAAGAAGGTTCTGTTACTAATATGTTTACTTCCATTGTGGGTAATGTATTTGGGTTCAAAGCCCTGCGCGCTCTACGTCTAGAGGATCTGCGAATCCCTGTTGCGTATGTTAAAACTTTTCAAGGCCCCCCTCATGGTATCCAAGTTGAGAGAGATAAATTGAACAAGTATGGTCGCCCCCTATTGGGCTGTACTATTAAACCTAAATTGGGGTTATCTGCTAAGAACTACGGCAGAGCAGTTTATGAATGTCTCCGTGGTGGACTTGACTTTACCAAAGATGATGAAAACGTAAACTCCCAACCATTTATGCGTTGGAGAGACCGTTTCTTATTTTGTGCCGAAGCTCTTTATAAAGCACAAGCTGAAACAGGTGAAATCAAAGGGCATTACTTGAATGCGACTGCAGGGACATGCGAAGAAATGATCAAAAGAGCTGTATTTGCTAGAGAATTGGGAGTTCCTATCGTAATGCACGATTACTTAACAGGGGGATTCACTGCAAATACTAGCTTAGCTCATTATTGCCGAGATAATGGCCTACTTCTTCACATCCATCGTGCAATGCATGCAGTT
PX743950.1_L4_donor_900_r0,PX743950.1,Myrica nana,Eudicots,PX743950.1,train,L4_donor_900,900,600,0,221601270,ATGTCACCACAAACAGAGACTAAAGCAAGTGTTGGATTCAAAGCTGGTGTTAAAGATTATAAATTGACTTATTATACTCCTGACTATGAAACCAAGGATACTGATATCTTGGCAGCGTTCCGAGTAACTCCTCAACCTGGAGTTCCGCCTGAGGAAGCAGGGGCAGCAGTAGCTGCTGAATCTTCTACTGGTACATGGACAACTGTGTGGACCGATGGGCTTACTAGTCTTGATCGTTACAAAGGACGATGCTACCACATCGAGCCAGTTGCTGGAGAAGAAAGTCAATTTATTGCTTATGTAGCTTACCCCTTAGACCTTTTTGAAGAAGGTTCTGTTACTAACATGTTTACTTCCATTGTGGGTAATGTATTTGGATTCAAGGCCCTGCGCGCTCTACGTCTGGAGGATTTGCGAATCCCTACTTCTTATGTTAAAACTTTCCAAGGCCCGCCGCATGGCATCCAAGTTGAGAGAGATAAATTAAACAAGTATGGCCGTCCCCTATTGGGATGTACTATTAAACCCAAATTGGGATTATCCGCTAAGAATTACGGTAGAGCAGTTTATGAATGTCTCCGCGGTGGACTTGATTTTACCAAAGATGATGAGAACGTGAATTCCCAACCGTTTATGCGTTGGAGAGATCGTTTCCTATTTTGTGCCGAAGCTATTTATAAAGCGCAGGCTGAAACAGGTGAAATCAAAGGACATTACTTGAATGCTACTGCAGGTACATGCGAAGAAATGATTAAAAGGGCTGTATTTGCCAGAGAATTGGGAGTTCCTATCGTAATGCACGACTACTTAACCGGGGGATTCACGGCAAATACTAGCTTGGCTCATTATTGCCGAGATAATGGTCTACTTCTTCACATCCATCGTGCAATGCATGCAGTT
PX743996.1_L4_donor_900_r0,PX743996.1,Acalypha matsudae,Eudicots,PX743996.1,train,L4_donor_900,900,600,0,3353277981,ATGTCACCACAAACAGAGACTAAAGCAAGTGTTGGGTTCAAGGCTGGTGTTAAAGATTATAAATTGACTTATTTTACTCCTGACTATCAAACCAAAGATACTGATATCTTGGCAGCATTCCGAGTAACTCCTCAACCTGGAGTTCCGCCGGAGGAAGCAGGAGCTGCGGTAGCTGCTGAATCTTCTACTGGTACATGGACAACTGTGTGGACCGATGGGCTTACCAGTCTTGATCGTTATAAAGGACGATGCTACGACATCGAGCCCGTTGCTGGAGAGGAAAATCAATATATTGCTTATGTAGCTTACCCATTAGACCTTTTTGAAGAAGGTTCTGTTACTAACATGTTTACTTCCATTGTGGGTAATGTATTTGGGTTCAAAGCCCTACGCGCCCTACGTCTGGAGGATTTGCGAATCCCTACTGCTTATATTAAAACTTTCCAAGGGCCGCCTCACGGTATCCAAGTTGAGAGGGATAAATTGAATAAGTATGGTCGCCCTCTATTGGGTTGTACTATTAAACCTAAATTGGGTCTATCCGCTAAAAATTACGGTAGGGCCGTTTATGAATGTCTACGCGGTGGACTTGATTTTACCAAAGATGATGAGAACGTAAACTCCCAACCATTTATGCGTTGGAGAGACCGTTTCTTATTTTGTGCCGAAGCAATTTTTAAGGCACAGGCTGAAACAGGCGAAATCAAAGGACATTATTTAAATGCTACTGCGGGTACATGTGAAGAAATGATCAAAAGGGCTGTATTTGCCAGAGAATTAGGAGCTCCTATCGTAATGCATGACTACTTAACAGGGGGGTTCACTGCAAATACTAGCTTGGCTCATTATTGCCGAGATAATGGTTTACTTCTTCACATTCACCGCGCAATGCATGCAGTT
PX743998.1_L4_donor_900_r0,PX743998.1,Falconeria insignis,Eudicots,PX743998.1,train,L4_donor_900,900,600,0,2122526130,ATGTCACCACAAACAGAAACTAAAGCAAGTGTTGGATTCAAGGCTGGTGTTAAAGATTATAAATTGACTTATTATACTCCTGAATATGAAACCAAAGATACTGATATCTTGGCAGCATTCCGAGTAACTCCTCAACCTGGAGTTCCGCCTGAGGAAGCAGGAGCTGCGGTAGCTGCTGAATCTTCTACTGGTACATGGACAACTGTGTGGACTGATGGGCTTACCAGTCTTGATCGTTATAAAGGACGATGCTACCACATCGAGCCCGTTGCTGGAGAAGAAAATCAATATATTGCTTATGTAGCTTACCCCTTAGACCTTTTTGAAGAAGGTTCTGTTACTAACATGTTTACTTCCATTGTGGGTAATGTATTTGGGTTCAAAGCTCTACGCGCCCTACGTCTGGAGGATTTGCGAATCCCTACTGCTTATATTAAAACTTTCCAAGGGCCGCCTCATGGCATCCAAGTTGAGAGAGATAAATTGAACAAGTATGGTCGCCCTCTATTGGGTTGTACTATTAAACCTAAATTGGGGCTATCCGCTAAGAATTACGGTAGAGCGGTTTATGAATGTCTTCGCGGCGGACTTGATTTTACCAAAGATGATGAGAACGTGAACTCCCAACCATTTATGCGTTGGAGAGACCGTTTCTTATTTTGTGCCGAAGCACTTTTTAAAGCACAGGCTGAAACAGGTGAAATCAAAGGACATTATTTGAATGCTACTGCAGGTACATGCGAAGAAATGATCAAAAGGGCTGTATTTGCCAGAGAATTAGGAGTTCCTATCATAATGCATGACTACATAACAGGGGGATTCACTGCAAATACTAGCTTGGCTCATTATTGCCGAGATAATGGCTTACTTCTTCACATTCACCGCGCAATGCATGCAGTT
PX744014.1_L4_donor_900_r0,PX744014.1,Fordiophyton faberi,Eudicots,PX744014.1,train,L4_donor_900,900,600,0,742681401,ATGTCACCACAAACAGAGACTAAAGCAAGTGTTGGATTCAAAGCTGGTGTTAAAGATTATAGACTGACTTATTATACTCCTGACTATCAAGTCAAACCTACTGATACCTTGGCAGCATTCCGAGTAACTCCGCAACCAGGAGTTCCGCCTGAAGAAGCAGGGGCTGCGGTAGCTGCTGAATCTTCTACTGGTACATGGACAACTGTGTGGACCGATGGGCTTACCAGCCTTGATCGTTATAAAGGAAGATGCTACAACATCGAGCCGGTTGCTGGAGAAGAAAATCAATATATATGTTATGTAGCTTACCCTTTAGACCTTTTTGAAGAAGGTTCTGTTACTAATATGTTTACTTCAATTGTAGGGAATGTATTTGGCTTCAAAGCCCTTCGCGCTCTACGTCTGGAGGATTTGCGAATCCCTACTGCCTATATTAAAACTTTCCAAGGACCGCCTCATGGCATCCAAGTTGAGAGAGATAAATTGAACAAGTATGGACGTCCCCTATTGGGATGTACTATTAAACCGAAATTAGGTTTATCCGCTAAGAATTACGGTAGAGCAGTTTATGAATGTCTTCGTGGTGGACTTGATTTTACGAAAGATGATGAGAACGTAAACTCACAACCGTTTATGCGTTGGAGAGACCGTTTCTTATTTTGTGCTGAAGCCCTTTATAAAGCACAAGCTGAAACAGGTGAAATCAAAGGACATTACTTGAATGCTACTGCAGGTACATGCGAAGAAATGATTAAAAGGGCTGTATTTGCCAGAGAATTGGGAGTTCCTATCGTAATGCATGACTACTTAACGGGAGGATTCACTGCAAATACTAGCTTGGCTCATTATTGCCGAGATAATGGTCTACTTCTTCACATCCACCGTGCAATGCATGCAGTT
PX744018.1_L4_donor_900_r0,PX744018.1,Acer albopurpurascens,Eudicots,PX744018.1,test,L4_donor_900,900,600,0,1037995390,ATGTCACCACAAACAAAGACTAAAGCAAGTGTTGGATTCAAAGCCATCGTTAAAGATTATAAATTGACTTATTATACTCTTGACTATGTAACCAAAGATACTTATATCTTGGCAGCATTCCAAGTAACTCCTCAACCCGGGGTTCCGCCCGAGGAAGCCGGGGCCGCGGTAGCTGCGGAATCTTCTACTGGTACATGGACAACTGTGTGGACCGATGGGCTTACCAGCCTTGATCGTTATAAAGGACGATGCTACAACATTGAGCCCGTTGCTGGAGAAGAAAATCAATATATATGTTATGTAGCTTACCCTTTAGACCTTTTTGAAGAGGGTTCTGTTACTAACATGTTTACTTCCATTGTGGGTAATGTATTTGGGTTTAAAGCCCTGCGCGCTCTACGTCTAGAGGATCTACGAATCCCTCCCGCGTATTCAAAAACTTTCCAAGGCCCCCCTCATGGCATCCAAGTTGAGAGAGATAAATTGAACAAGTACGGGCGCCCCCTATTGGGATGTACTATTAAACCTAAATTGGGATTATCCGCTAAGAACTACGGTAGAGCAGTTTATGAATGTCTACGTGGTGGACTTGACTTTACCAAAGATGATGAGAACGTAAACTCCCAACCATTTATGCGTTGGAGAGACCGTTTCTTGTTTTGTGCAGAAGCTATTTATAAATCGCAGGCAGAAACTGGTGAAATCAAAGGTCATTACTTGAATGCTACTGCAGGTACATGGGAAGAGATGCTAAAAAGGGCGGTATTTGCCAGAGAGTTGGGAGTTCCTATCGTAATGCATGACTACTTAACAGGGGGATTCACCGCAAATACTAGCTTGGCTCATTATTGCCGAGATAATGGTCTACTTCTTCACATCCATCGTGCAATGCATGCAGTT
PX744022.1_L4_donor_900_r0,PX744022.1,Lepisanthes hainanensis,Eudicots,PX744022.1,train,L4_donor_900,900,600,0,3172066333,ATGTCACCACAAACAGAGACTAAAGCAAGTGTTGGATTCAAAGCCGGTGTTAAAGATTATAAATTGACTTATTATACTCCTGACTATGTAACCAAAGATACTGATATCTTGGCAGCATTCCGAGTAACTCCTCAACCCGGGGTTCCACCCGAGGAAGCAGGGGCCGCGGTAGCTGCGGAATCTTCTACTGGTACATGGACAACTGTGTGGACCGATGGGCTTACCAGCCTTGATCGTTACAAAGGACGATGCTACAACATTGAGCCTGTTGCTGGAGAAGAAAATCAATATATATGTTATGTAGCTTACCCTTTAGACCTTTTTGAAGAAGGTTCTGTTACTAACATGTTTACTTCCATTGTAGGTAATGTATTTGGGTTTAAAGCCTTGCGCGCTCTACGTCTAGAGGATCTACGAGTCCCTCCTGCGTATTCGAAAACTTTCCAAGGCCCCCCTCACGGCATCCAAGTTGAGAGAGATAAATTGAACAAGTATGGACGTCCCCTATTGGGATGTACTATTAAACCTAAATTGGGATTATCTGCTAAGAACTACGGTAGAGCAGTTTATGAATGTCTACGTGGTGGACTTGACTTTACCAAAGATGATGAGAACGTAAACTCCCAACCATTTATGCGTTGGAGAGACCGTTTCTTGTTTTGTGCGGAAGCGCTTTTTAAAGCGCAGGCGGAAACTGGTGAAATCAAAGGTCATTACTTGAATGCTACTGCAGGTACATGCGAAGAAATGATAAAAAGGGCTGTATTCGCCAGAGAGTTGGGAGCTCCTATCGTAATGCATGACTATTTAACAGGGGGATTCACCGCGAATACTAGCTTGGCTCATTATTGCCGGGATAATGGTCTACTTCTTCACATCCATCGTGCAATGCATGCAGTT
PX744047.1_L4_donor_900_r0,PX744047.1,Buckleya henryi,Eudicots,PX744047.1,val,L4_donor_900,900,600,0,1657285641,ATGTCACCACAAACAGAGACTAAAGCAAGTGTTGGATTCAAAGCGGGTGTTAAGGATTATAAATTGACTTATTATACTCCTGATTACGAAACCAAAGATACTGATATCTTGGCAGCATTCCGAGTAACTCCTCAACCCGGAGTTCCGCCTGAGGAAGCGGGGGCCGCGGTAGCTGCCGAATCTTCTACTGGTACATGGACGACTGTGTGGACCGATGGACTTACCAGCCTTGATCGTTACAAAGGCCGATGCTACCACATTGAGCCCGTTGCTGGAGAAGAAAATCAATATATAGCTTATGTAGCTTACCCCTTAGACCTTTTTGAAGAAGGTTCTGTTACTAACATGTTTACTTCCATTGTGGGTAATGTATTTGGGTTCAAAGCCCTACGTGCTCTACGGCTAGAGGATCTCCGAATCCCTCCTGCTTATTCTAAAACTTTCCAAGGCCCGCCTCATGGCATCCAAGTTGAAAGAGATAAATTGAACAAGTATGGCCGTCCCCTATTGGGATGTACTATTAAACCTAAATTGGGGTTATCCGCTAAGAACTATGGTAGAGCAGTTTATGAATGTCTTCGCGGTGGACTTGATTTTACCAAAGATGATGAGAACGTAAACTCCCAACCATTTATGCGTTGGAGAGACCGTTTCTTATTTTGTGCCGAAGCCATTTATAAAGCACAGGCCGAAACAGGCGAAATCAAAGGGCATTACTTGAATGCTACTGCGGGTACATGCGAAGAAATGATCAAAAGGGCTGTATTTGCCAGAGAATTGGGAGTTCCTATCGTAATGCATGACTACTTAACGGGGGGATTCACTGCAAATACTAGTTTGGCTCATTATTGCCGAGATAATGGCCTACTTCTTCACATCCATCGTGCAATGCATGCGGTT
PX744060.1_L4_donor_900_r0,PX744060.1,Arthrophytum longibracteatum,Eudicots,PX744060.1,train,L4_donor_900,900,600,0,2730434357,ATGTCACCACAAACCGAAACTAAAGCAAGTGTTGGATTTAAAGCTGGTGTTAAAGATTACAAATTGACTTATTATACTCCTGAGTATGAAACCAAAGATACTGATATCTTGGCAGCATTCCGAGTAACTCCTCAACCTGGAGTTCCACCTGAAGAAGCAGGGGCTGCAGTAGCTGCCGAATCTTCTACTGGTACATGGACAACCGTATGGACCGACGGGCTTACTAGTCTTGATCGTTACAAAGGACGATGCTATCACATCGAGCCTGTTGCTGGAGAAGAAAATCAATATATTTGTTATGTAGCGTATCCCTTAGACCTTTTTGAAGAAGGTTCTGTTACTAACATGTTTACTTCTATTGTGGGTAACGTATTTGGGTTCAAAGCCCTACGTGCTCTACGTTTGGAGGATTTGCGAATCCCTGTTGCTTATATAAAAACTTTCCAAGGCCCACCTCACGGTATTCAGGTTGAGAGAGATAAATTAAACAAGTATGGTCGTCCCCTATTGGGATGCACTATTAAACCTAAATTGGGGTTATCCGCTAAAAACTATGGTCGAGCAGTTTATGAATGTCTTCGCGGTGGACTTGATTTTACCAAAGATGATGAAAACGTGAACTCCCAACCGTTTATGCGTTGGAGAGACCGTTTCCTATTTTGTGCCGAAGCTCTTTATAAAGCACAGGCCGAAACCGGCGAAATCAAAGGACATTACTTGAATGCTACTGCGGGTACATGTGAAGACATGATGAAAAGGGCTGTATTTGCGAGAGAATTGGGAGCTCCTATCGTAATGCATGACTACTTAACAGGTGGATTCACTGCAAATACCACCTTGGCTCATTATTGCCGAGATAATGGTCTACTTCTTCACATTCACCGTGCAATGCACGCAGTT
PX744100.1_L4_donor_900_r0,PX744100.1,Ardisia brevicaulis,Eudicots,PX744100.1,train,L4_donor_900,900,600,0,2628773995,ATGTCACCACAAACAGAGACTAAAGCAGGTACTGGATTCAAAGCTGGTGTTAAAGATTACAAATTGACTTATTATACTCCTGAGTATGTAACCAAGGATACTGATATTTTGGCAGCATTCCGAGTAACTCCTCAACCCGGAGTTCCGCCCGAAGAAGCAGGGGCCGCAGTAGCTGCCGAATCTTCTACTGGTACATGGACAACCGTGTGGACCGATGGACTTACTAGCCTTGATCGTTACAAAGGGCGATGCTACCACATCGAGCCTGTTGCTGGAGAAGAAAATCAATATATTGCTTATGTAGCTTATCCTTTAGACCTTTTTGAAGAAGGTTCTGTTACTAACATGTTTACTTCTATCGTGGGTAATGTATTTGGGTTCAAAGCCCTGCGCGCTCTACGTCTGGAAGATCTGCGAATCCCGCCTGCGTATGTTAAAACTTTCCAAGGACCGCCTCATGGTATCCAAGTTGAAAGAGATAAATTGAATAAGTATGGTCGTCCACTGTTGGGATGTACTATTAAACCTAAATTGGGATTATCCGCTAAAAACTACGGTAGAGCTGTTTATGAATGTCTTCGTGGTGGACTTGATTTTACCAAAGATGATGAGAACGTGAACTCCCAACCATTTATGCGTTGGCGAGACCGTTTCGTATTTTGTGCCGAAGCTATTTATAAAGCACAGGCTGAAACTGGTGAAATCAAAGGTCATTACTTGAACGCTACTGCAGGTACATGTGAAGAAATGATAAAGAGGGCTGTATTTGCCAGAGAATTAGGCGTTCCTATCGTAATGCATGACTATTTAACAGGGGGATTCACTGCAAATACTAGCTTGGCTCATTATTGCCGAGATAATGGCTTACTTCTTCACATCCACCGCGCAATGCATGCAGTT
PX744121.1_L4_donor_900_r0,PX744121.1,Rhododendron declivatum,Eudicots,PX744121.1,train,L4_donor_900,900,600,0,242114375,ATGTCACCACAAACAGAGACTAAAGCAAGTGTTGGATTCAAAGCTGGTGTTAAAGAGTACAAATTGAATTATTATACTCCTCAGTATGAAACCAAAGATACTGATATCTTGGCAGCATTCCGAGTAACTCCTCAACCGGGAGTTCCACCTGAAGAAGCAGGGGCCGCGGTAGCTGCGGAATCTTCTACTGGTACATGGACAACAGTGTGGACTGATGGACTTACTAGCCTTGATCGTTACAAAGGGCGATGCTACCACATCGAGCCTGTTGCTGGAGACGAAAATCAATTTATTGCTTATGTAGCTTATCCTTTAGACCTTTTTGAAGAAGGTTCTGTTACTAACATGTTTACTTCCATTGTGGGTAATGTATTTGGGTTCAAAGCCCTGCGCGCTCTACGTCTGGAAGATCTACGAATCCCTGCAGCGTATGCTAAAACGTTCCAAGGACCGCCTCATGGTATCCAAGTTGAAAGAGATAAATTGAACAAGTACGGTCGTCCCCTGTTGGGATGTACTATTAAACCTAAATTGGGGTTATCTGCTAAAAACTATGGGAGAGCTGTTTATGAATGTCTCCGCGGTGGACTTGATTTTACCAAAGATGATGAGAACGTGAACTCCCAACCATTTATGCGTTGGAGAGACCGTTTCTTATTTTGTGCCGAAGCACTTTATAAAGCACAGGCGGAAACAGGCGAAATCAAAGGGCATTACTTAAATGCTACTGCAGGTACATGCGATGAAATGATGAAAAGAGCTGTATTTGCCAGAGAATTAGGAGTTCCTATCGTAATGCATGACTATTTAACAGGGGGATTCACTGCAAATACTACCTTGGCTGAGTATTGCCGAGATAATGGCCTACTTCTTCACATCCATCGTGCAATGCATGCAGTT
PX744240.1_L4_donor_900_r0,PX744240.1,Pedicularis ikomai,Eudicots,PX744240.1,train,L4_donor_900,900,600,0,1410280240,ATGAGTTGTAGGGAGGGATTTATGTCACCACAAACAGAAACTAAAGCAAGTGTTGGATTCAAAGCGGGTGTTAAAGAGTACAAATTGACTTATTATACTCCTGAATACGAAACCAAAGATACTGATATCTTGGCAGCATTCCGAGTAACTCCTCAACCCGGAGTTCCGCCTGAAGAAGCAGGGGCTGCAGTAGCTGCCGAATCTTCTACTGGTACATGGACAACTGTGTGGACCGATGGACTTACCAGCCTTGATCGTTACAAAGGACGATGCTACCACATCGAGCCCGTTCCTGGAGAAACAGATCAATATATCTGTTATGTAGCTTACCCTTTAGACCTTTTTGAAGAAGGTTCTGTTACGAACATGTTTACTTCCATTGTAGGAAATGTATTTGGATTCAAAGCCTTGCGTGCTCTACGTCTGGAAGATCTGCGAATTCCTCCTGCTTATATTAAAACTTTCCAAGGCCCGCCGCACGGGATCCAAGTTGAAAGAGATAAATTGAACAAGTACGGTCGTCCCCTGTTGGGATGTACTATTAAACCTAAATTGGGGTTATCTGCTAAAAACTACGGTAGAGCAGTTTATGAATGTCTTCGCGGTGGACTTGATTTTACCAAAGATGATGAGAACGTGAACTCCCAGCCATTTATGCGTTGGAGAGATCGTTTCTTATTTTGTGCTGAAGCACTTTATAAAGCACAGGCTGAAACAGGCGAAATCAAAGGGCATTACTTGAATGCTACTGCGGGTACATGTGAAGAAATGATCAAAAGAGCTGTATTTGCTAGAGAATTGGCAGTTCCTATCGTAATGCACGACTACTTAACAGGAGGATTCACTGCAAATACTAGCTTGTCTCATTATTGCCGAGATAATGGCCTACTTCTTCACATT
PX744248.1_L4_donor_900_r0,PX744248.1,Adenophora wulingshanica,Eudicots,PX744248.1,train,L4_donor_900,900,600,0,3941913277,ATGTCACCACAAACAGAGACGAAGGCAAATGTTGGATTTAAGGCTGGGGTTAAAGATTATAAATTAACTTATTATACTCCGGACTATGAAACCAAGGATACCGATATTTTGGCAGCCTTTCGAGTCACTCCTCAACCCGGAGTTCCCCCGGAAGAAGCAGGGGCCGCAGTAGCTGCCGAATCGTCTACTGGTACATGGACAACTGTGTGGACCGATGGGCTTACGAGCCTTGATCGTTACAAAGGGAGATGCTATCACATCGAGCCCGTTGCCGGAGAAGAAACTCAATTTATTGCTTATGTAGCTTACCCATTAGACCTTTTTGAAGAAGGTTCTGTTACTAACATGTTTACTTCCATTGTGGGTAATGTATTTGGATTTAAAGCACTGCGTGCTCTACGTCTAGAAGATTTGCGAATCCCAACTGCGTATATTAAAACATTTCAAGGCCCGCCTCACGGCATCCAAGTTGAGAGAGATAAATTGAATAAGTATGGTCGTCCCCTATTGGGATGTACTATTAAACCAAAATTAGGGTTATCCGCTAAAAACTACGGCAGAGCAGTTTATGAATGTCTTCGTGGTGGACTTGATTTTACTAAAGATGATGAGAACGTCAACTCCCAACCCTTTATGCGGTGGAGAGATCGTTTCTTATTTTGTGCCGAAGCCATTTATAAAGCACAGGCTGAAACAGGTGAAATCAAAGGCCATTACTTGAATGCTACTGCGGGTACATCCGAAGAAATGATGAAAAGGGCTGTCTTTGCCAGAGAGTTGGGAGTTCCTATCGTAATGCATGACTACATAACAGGGGGATTTACTGCAAATACTAGCTTGGCTCATTATTGCCGAGATAATGGTCTACTTCTTCATATCCACCGCGCAATGCATGCAGTT
PX744249.1_L4_donor_900_r0,PX744249.1,Pentaphragma spicatum,Eudicots,PX744249.1,train,L4_donor_900,900,600,0,2816527297,ATGTCACCACAAACAGAAACTAAAGCAAGTGTTGGATTCAAAGCTGGTGTTAAAGATTATAAATTGACTTATTATACTCCTGACTATGAAACCAAAGATACTGATATCTTGGCAGCATTCCGAGTAACTCCTCAACCTGGAGTTCCACCTGAAGAAGCAGGGGCCGCAGTAGCTGCCGAATCTTCTACTGGTACATGGACAACTGTGTGGACTGATGGACTTACGAGCCTTGATCGTTACAAAGGGCGATGCTATGGAATCGAGCCCGTTCCTGGAGAAGAAAATCAATTTATTGCTTATGTAGCTTACCCATTAGACCTTTTTGAAGAAGGTTCTGTTACTAACATGTTTACTTCCATTGTGGGTAATGTATTTGGGTTCAAAGCCCTACGTGCTCTACGTCTGGAAGATCTGCGAATCCCTACTGCGTATGTTAAAACTTTCCAAGGTCCGCCTCATGGCATCCAAGTTGAGAGAGATAAATTGAACAAGTATGGTCGTCCCCTGTTGGGATGTACTATTAAACCTAAATTGGGGTTATCTGCTAAAAACTATGGTAGAGCAGTTTATGAATGTCTGCGTGGTGGCCTTGATTTTACCAAAGATGATGAGAACGTGAACTCGCAACCATTTATGCGTTGGAGAGATCGTTTCGTATTTTGTGCCGAAGCACTTTATAAAGCACAGGCTGAAACAGGTGAAATCAAAGGGCATTACTTGAATGCTACTGCGGGTACATGCGAAGAAATGATGAAAAGGGCCATATTTGCCAGAGAATTGGGAGTTCCTATCGTAATGCATGACTACCTAACAGGGGGATTCACTGCAAATACTAGCTTGGCTCATTATTGCCGAGATAATGGCTTACTTCTTCACATCCACCGCGCAATGCATGCAGTT
PX744267.1_L4_donor_900_r0,PX744267.1,Leontopodium smithianum,Eudicots,PX744267.1,train,L4_donor_900,900,600,0,3857079123,ATGTCACCACAAACAGAGACTAAAGCAAGTGTTGGATTCAAAGCAGGTGTTAAAGATTATAAATTGACTTATTATACTCCTGAGTATGAAACCAAGGATACTGATATCTTGGCAGCATTTCGAGTAACTCCTCAACCTGGAGTTCCGCCTGAAGAAGCAGGGGCCGCAGTAGCTGCCGAATCTTCTACTGGTACATGGACAACTGTGTGGACCGATGGACTTACGAGCCTTGATCGTTACAAAGGACGATGCTATGGAATTGAGCCTGTTCCTGGAGAAGAAAATCAATATATTGCTTATGTAGCTTACCCATTAGACCTTTTTGAAGAAGGTTCTGTTACTAACATGTTTACTTCCATTGTAGGTAATGTATTTGGGTTCAAAGCCCTGCGTGCTCTACGTTTGGAAGATTTGCGAATCCCTACTGCGTATGTTAAAACTTTCCAAGGTCCGCCTCACGGCATCCAAGTTGAGAGAGATAAATTGAACAAGTATGGTCGTCCCCTGTTGGGATGTACTATTAAACCTAAATTGGGGTTATCCGCTAAAAACTACGGTAGAGCTGTTTATGAATGTCTTCGTGGTGGCCTTGATTTTACTAAAGATGATGAGAACGTGAACTCCCAACCATTTATGCGTTGGAGAGACCGTTTCGTATTTTGTGCCGAAGCTATTTATAAATCACAAGCTGAAACAGGGGAAATCAAAGGTCATTACTTGAATGCTACTGCGGGTACATGCGAAGAAATGATGAAAAGGGCTGCATTTGCCAGAGAATTGGGAGTTCCTATCGTAATGCATGACTACCTAACAGGTGGATTCACTGCAAATACTACCTTGGCTCATTATTGCCGAGATAATGGTCTACTTCTTCACATCCACCGCGCAATGCATGCAGTT
PX744315.1_L4_donor_900_r0,PX744315.1,Platostoma hispidum,Eudicots,PX744315.1,train,L4_donor_900,900,600,0,886021145,ATGAGTTGTAGGGAGGGATTTATGTCACCACAAACAGAGACTAAAGCAAGTGTTGGATTCAAAGCGGGTGTTAAAGAGTACAAATTGACTTATTATACTCCTGAATACGAAACCAAAGATACTGATATCTTGGCAGCATTCCGAGTAACTCCTCAACCTGGAGTTCCGCCTGAAGAAGCAGGGGCCGCGGTAGCTGCCGAATCTTCTACTGGTACATGGACAACTGTGTGGACCGATGGACTTACCAGTCTTGATCGTTACAAAGGGCGATGCTACGCCATCGAGCCCGTTCCTGGAGAAAAAGATCAATATATCTGTTATGTAGCTTACCCTTTAGACCTTTTTGAAGAAGGTTCTGTTACTAACATGTTTACTTCCATTGTAGGAAATGTATTTGGATTCAAAGCCCTACGTGCTCTACGTCTGGAAGATCTGCGAATTCCTACTGCTTATATTAAAACTTTCCAAGGCCCGCCTCATGGGATCCAAGTTGAGAGAGATAAATTGAACAAGTACGGTCGTCCTCTGCTGGGATGTACTATTAAACCTAAATTGGGGTTATCTGCTAAAAACTATGGTAGAGCGGTTTATGAATGTCTTCGCGGTGGACTTGATTTTACCAAAGATGATGAGAACGTGAACTCCCAGCCATTTATGCGTTGGAGAGACCGCTTCTTATTTTGTGCCGAAGCAATTTATAAATCCGTGGCTGAAACAGGTGAAATCAAAGGGCATTACTTGAATGCTACTGCGGGTACATGCGAAGAAATGATGAAAAGAGCTGTATTTGCTAGAGAATTGGGAGTTCCTATCATAATGCATGACTACTTAACAGGAGGATTCACCGCAAATACCAGTTTGGCTCATTATTGCCGAGATAATGGGTTACTTCTTCACATT
PX744322.1_L4_donor_900_r0,PX744322.1,Allmania nodiflora,Eudicots,PX744322.1,train,L4_donor_900,900,600,0,214134060,ATGTCACCACAAACAGAGACTAAAGCAAGTGTTGGATTTAAAGCTGGTGTTAAAGATTACAAATTGACTTATTATACTCCTGAGTATGAAACCCTAGATACTGATATCTTGGCAGCATTCCGAGTAACTCCTCAACCTGGAGTTCCACCTGAAGAAGCAGGGGCTGCAGTAGCTGCCGAATCTTCTACTGGTACATGGACAACTGTATGGACCGACGGACTTACCAGTCTTGATCGTTACAAAGGACGATGCTACCACATCGAGCCCGTTGCTGGAGAAGAAAATCAATATATTTGTTATGTAGCGTATCCTTTAGACCTTTTTGAAGAAGGTTCTGTTACTAACATGTTTACTTCCATTGTGGGTAACGTATTTGGGTTCAAAGCCCTGCGTGCTCTACGTTTGGAGGATTTGCGAATCCCTGTTGCTTATATAAAAACTTTCCAAGGTCCGCCTCACGGTATCCAAGTTGAGAGAGATAAATTGAACAAGTATGGTCGTCCCCTATTGGGATGCACTATTAAACCGAAATTAGGGTTATCCGCTAAAAACTATGGTCGAGCATGTTATGAATGTCTTCGTGGTGGACTTGATTTTACCAAAGATGATGAAAACGTGAACTCCCAACCATTTATGCGTTGGAGAGACCGTTTCCTATTTTGTGCCGAAGCTCTTTATAAAGCACAGGCCGAAACAGGTGAAATCAAAGGGCATTACTTGAATGCTACCGCAGGGAATTGCGAAGAAATGATAAAAAGAGCTGTATTTGCCAGAGAGTTGGGAGTTCCTATCGTAATGCATGACTACTTAACAGGCGGATTCACTGCAAATACTAGCTTGGCTCAGTATTGCCGAGACAATGGTCTACTTCTTCACATCCACCGTGCAATGCACGCAGTT
PX924757.1_L4_donor_900_r0,PX924757.1,Augea capensis,Eudicots,PX924757.1,train,L4_donor_900,900,600,0,398713994,ATGTCACCACAAACAGAGACTAAAGCAAGTGTTGGATTCAAGGCTGGTGTTAAAGATTATAAATTGACTTATTATACTCCTGAATATGAAACAAAGGATACTGATATTTTGGCAGCCTTCCGAGTAACTCCTCAACCTGGAGTTCCACCTGAGGAAGCAGGGGCTGCAGTAGCTGCTGAATCTTCTACTGGTACATGGACAACCGTGTGGACTGATGGTCTTACCAATCTTGATCGTTACAAAGGACGATGCTATGGCTTGGAGGCTGTTCCTGGAGAAGACAATCAATACATTGCTTATGTAGCTTATCCTTTAGACCTTTTTGAAGAAGGTTCCGTTACTAACATGTTTACTTCCATTGTGGGTAATGTATTTGGTTTCAAAGCTCTACGTGCTCTGCGTTTGGAAGATTTACGAATTCCTACTTCATATACCAAAACTTTCCAAGGGCCTCCTCATGGTATCCAAGTTGAAAGAGATAAATTGAATAAGTACGGTCGTCCATTATTGGGATGTACTATTAAGCCTAAATTGGGTCTATCTGCAAAGAATTATGGTAGAGCAGTTTATGAATGTCTTCGAGGTGGACTTGATTTTACCAAAGATGATGAGAATGTGAACTCCCAGCCATTTATGCGTTGGAGAGACCGCTTCTTATTTTGTGCTGAAGGAATTTATAAAGCACAGGCTGAAACAGGTGAAATTAAAGGGCATTACTTGAATGCAACTGCAGGTACATGCGAAGAAATGATGAAGAGGGCTGCTTGTGCTAGAGAATTAGGAGTTCCTATCGTAATGCATGACTACTTAACAGGTGGATTCACTGCAAATACTAGCTTGGCTCATTATTGTCGAGATAATGGTCTACTTCTTCACATTCACCGTGCAATGCATGCAGTT
PZ584713.1_L4_donor_900_r0,PZ584713.1,Paulinella sp. B8128-1,SAR/other protist,PZ584713.1,train,L4_donor_900,900,600,0,3940544510,ATGAGCAAGAAGTACGACGCCGGGGTTAAGGAGTACAGAGACACTTACTGGACTCCTGACTATATTCCCCTTGACACTGATCTACTAGCCTGTTTTAAATGTACTGGACAAGCGGGTGTTCCTCGTGAAGAAGTTGCAGCAGCTGTAGCTGCTGAATCTTCTACTGGTACTTGGTCTACTGTATGGTCTGAGTTACTTACAGATCTAGACTTCTACAAAGGTCGTTGCTATCGAATTGAAGAAGTACCTAATGATAAAGAGTCTTTTTATGCGTTTATCGCGTATCCACTAGATCTATTTGAAGAAGGTTCTGTTACCAACGTACTAACCTCATTGGTAGGTAACGTATTTGGTTTCAAAGCTCTACGTCATTTACGTCTCGAGGATATTAGATTCCCGCTAGCTTTTATTAAGACTTGTGGTGGTCCGCCTAACGGAATTCAGGTTGAGCGTGACCGGATGAACAAATATGGTCGTCCATTACTCGGATGTACAATCAAGCCTAAGCTAGGTCTATCAGGTAAAAACTATGGACGTGTAGTTTACGAGTGTCTTCGTGGAGGCCTTGACTTCACTAAGGATGACGAGAATATAAACTCTCAGCCTTTCCAAAGATGGCAAAATAGATTTGAATTCGTTGCTGAAGCAGTTAAAGCCGCTGAGCAAGAGACAGGCGAGCGGAAAGGTCATTATCTCAACTGTACAGCAAATACACCTGAAGAGATGTATGAGCGTGCTGAGTTTGCTAAAGAACTAAACCAGCCAATCGTGATGCATGACTTCATCACTGGTGGTTTTACTGCAAATACCGGTCTATCTAAATGGTGTCGTAAAAATGGAATCCTGCTTCATATTCACCGTGCAATGCATGCGGTAATTGACCGTCATCCAAAGCATGGT
AB050950.1_L4_donor_900_r1,AB050950.1,Filibryum ogatae,Mosses,AB050950.1,train,L4_donor_900,900,600,1,2694580710,ATGTCACCACAAACGGAGACTAAAGCAGGTGTTGGATTTAAAGCTGGTGTTAAAGATTACAGATTAACTTATTACACTCCAGATTATCAGACTAAAGAAACTGATATTTTAGCAGCATTTCGAATGACTCCTCAACCAGGAGTACCCGCTGAAGAGGCGGGAGCTGCAGTAGCTGCGGAATCTTCCACTGGTACATGGACCACTGTTTGGACTGATGGACTTACCAGTCTCGATCGCTACAAAGGACGATGCTATGATCTTGAAGCAGTTCCTGGAGAAGAGAATCAATATATTGCTTATGTTGCTTACCCATTAGATTTATTTGAAGAAGGTTCTGTTACCAATTTATTTACTTCTATTGTTGGTAATGTTTTCGGATTTAAAGCCTTACGAGCTTTACGTCTAGAAGATTTACGTATTCCTCCAGCTTATTCCAAAACTTTCCAAGGTCCACCTCATGGTATTCAAGTCGAAAGAGATAAATTAAATAAATATGGTCGTCCATTATTAGGATGTACTATTAAGCCAAAATTAGGTTTATCTGCTAAAAACTATGGTAGAGCCGTATATGAATGTCTTCGTGGTGGGCTTGATTTCACAAAAGATGATGAAAACGTAAATTCTCAACCTTTTATGCGTTGGAGAGATCGTTTCTTATTTGTAGCTGAAGCTATTTACAAATCTCAAGCTGAAACAGGTGAAATTAAAGGACATTATTTAAATGCTACCGCAGGTACATGTGAAGAAATGATGAAAAGAGCTCAATTTGCTAGAGAACTAGGCATGCCTATTGTCATGCACGATTATTTAACAGGTGGTTTTACTGCAAATACCAGTTTGGCTCATTACTGTCGTGATAATGGCTTGCTTCTTCATATCCACCGCGCGATGCATGCAGTT
AB071411.1_L4_donor_900_r1,AB071411.1,Mastopoma subfiliferum,Mosses,AB071411.1,train,L4_donor_900,900,600,1,3894728395,ATGTCACCACAAACGGAGACTAAAGCAGGTGTTGGATTTAAAGCTGGTGTTAAAGATTACAGATTAACCTATTACACTCCAGATTATCAGACTAAAGAAACTGATATTTTAGCAGCATTTCGAATGACTCCTCAACCAGGAGTACCCGCTGAAGAGGCGGGAGCTGCAGTAGCTGCAGAATCTTCCACCGGTACATGGACCACTGTTTGGACCGATGGACTTACTAGTCTTGATCGTTATAAAGGACGATGCTATGATCTTGAAGCAGTTCCTGGAGAAGAAAATCAATATATTGCTTATGTTGCTTACCCATTAGATCTATTTGAAGAAGGTTCAGTTACCAATTTATTTACTTCTATCGTTGGTAATGTTTTTGGATTTAAAGCTTTGCGAGCTTTACGTCTGGAAGATTTACGTATTCCTCCAGCTTATTCCAAAACTTTTCAAGGCCCACCTCATGGTATTCAAGTTGAAAGAGATAAATTAAATAAATATGGTCGTCCATTATTAGGATGTACTATTAAGCCAAAATTGGGTTTATCTGCTAAAAACTATGGTAGAGCTGTATATGAATGTCTTCGTGGTGGACTTGATTTCACAAAAGATGATGAAAACGTAAATTCTCAACCTTTTATGCGTTGGAGAGATCGTTTCTTATTCGTAGCCGAAGCTATTTACAAATCTCAATCTGAAACAGGTGAAATTAAAGGACATTATTTAAATGCTACCGCAGGTACATCTGAAGAAATGTTGAAAAGAGCTCAATTTGCTAGAGAACTAGGCATGCCTATTATCATGCATGATTATTTAACAGGTGGTTTTACCGCAAACACCAGTTTGGCTCATTACGCTCGTGATAATGGCTTGCTCCTTCATATTCACCGCGCAATGCATGCAGTT
AB159651.1_L4_donor_900_r1,AB159651.1,Thorea gaudichaudii,Red algae,AB159651.1,train,L4_donor_900,900,600,1,4107431585,ATGTCTCAATCCGTAGAAGAACGGACAAGGATTAAAAACGAACGTTACGAATCTGGAGTAATACCATACGCAAAGATGGGTTACTGGGATCCTGACTACGTAATCAAAGATACCGATGTTCTAGCTTTATTTCGAGTTACTCCTCAACCGGGTGTAGATCCAATTGAAGCTTCTGCAGCTGTTGCAGGTGAATCATCAACAGCAACTTGGACAGTAGTTTGGACAGACCTTCTAACAGCTTGCGACCTTTATAGAGCAAAAGCATACAAAGTAGATGCAGTACCAAATAACTCTGAGCAATACTTCGCATACATTGCTTATGACATAGATTTATTTGAAGAAGGTTCTATAGCAAACTTAACCGCATCAATTATAGGAAATGTATTCGGATTTAAGGCTGTAAAAGCATTGCGTCTTGAAGACATGCGTTTACCTATTGCTTATCTGAAAACTTTTCAAGGTCCTGCTACCGGTACAATAGTAGAACGTGAACGTATGGATAAGTTTGGTCGTCCTTTCTTGGGAGCAACTGTAAAACCAAAACTAGGCCTTTCTGGAAAAAACTATGGAAGAGTAGTGTACGAAGGTTTAAAGGGAGGACTAGACTTTCTAAAAGATGACGAAAATATTAATTCTCAACCATTTATGCGTTGGAGAGAAAGATATCTGTTTTCTATAGAAGGTGTTAACCGTGCACAGGCAGCAACAGGAGAAGTAAAAGGACACTACTTAAACGTAACTGCCGGCACAATGGAAGATATGTATGAAAGAGCTGAGTTTGCTAAAGAACTAGGAAGTGTCATTTGTATGATTGATCTAGTTATTGGATACACAGCTATTCAAACAATGGCAGTATGGGCTCGTAAGGCAGACATGATCTTACACTTACATAGAGCGGGT
AB159659.1_L4_donor_900_r1,AB159659.1,Nemalionopsis tortuosa,Red algae,AB159659.1,train,L4_donor_900,900,600,1,799954851,ATGTCTCAATCCGTAGAAGAACGGACAAGGATCAAAAATGAACGCTATGAATCTGGCGTAATTCCATACGCAAAAATGGGTTACTGGGATCCTGACTACGTAGTTAAAGATACTGATGTTTTAGCTTTATTTCGAGTTACTCCACAACCGGGAGTAGATCCAATAGAAGCATCTGCAGCTGTTGCCGGTGAGTCATCAACAGCAACTTGGACAGTAGTTTGGACAGATCTTTTAACTGCTTGTGACCTTTACAGAGCAAAAGCCTATAAAGTAGATGCTGTGCCAAATAGTTCCGAGCAATATTTTGCATATATTGCATATGACATTGACTTATTTGAAGAAGGTTCTATTGCAAACTTAACAGCATCTATCATAGGTAATGTATTCGGCTTTAAAGCTGTTAAAGCATTACGTCTTGAAGATATGCGATTACCCGTAGCATATTTAAAAACTTTTCAAGGTCCTGCTACAGGAACTATTGTAGAACGCGAAAGAATGGATAAATTTGGTCGTCCTTTTCTAGGTGCCACAGTAAAACCAAAACTAGGTCTCTCTGGTAAAAATTATGGTCGAGTTGTTTACGAAGGCCTAAAAGGAGGCTTAGACTTCTTAAAAGATGATGAAAATATTAACTCTCAACCATTTATGCGTTGGAGAGAAAGATATTTATTTTCTATGGAAGGAGTGAATCGTGCACAAGCAGCTGCAGGAGAAATTAAAGGACATTATTTAAATGTTACTGCAGGAACAATGGAAGAAATGTATGAAAGAGCTGAATTCGCCAAAGAACTAGGAAGTGTCATATGCATGATTGACTTAGTTATCGGATATACAGCAATTCAAACAATGGCGATATGGGCACGCAAAGCAGATATGATCTTACATTTACATCGCGCTGGC
AB540047.1_L4_donor_900_r1,AB540047.1,Gloiopeltis sp. Nomozaki/2003,Red algae,AB540047.1,train,L4_donor_900,900,600,1,257488185,ATGTCTCAATCTGTAGAAGAACGGACAAGAATCAAAGACGAACGTTACGAATCTGGAGTTATCCCATATGCTAAGATGGGCTATTGGGATCCTGATTATGTTGTTAAAGAGACGGACGTACTAGCTTTATTCCGTGTAAGCCCGCAACCTGGTGTAGATCCTGTAGAAGCTTCTGCGGCAATAGCAGGCGAATCATCGACAGCAACATGGACAGTAGTTTGGACAGACCTTTTAACAGCTTGTGATTTATATAGAGCTAAAGCGTATAAGGTTGATGCAGTACCAAATACATCTGAGCAATACTTTGCATACATAGCCTATGATATTGATCTATTTGAAGAAGGATCTATCGCTAACTTAACAGCTTCAATTATTGGCAACGTCTTTGGATTTAAAGCTGTTAAAGCTCTAAGATTAGAAGATATGCGTTTACCCGTTGCTTATCTAAAGACTTTCCAAGGTCCAGCTACGGGTATTATCGTAGAACGTGAACGTATGGACAAATTTGGTCGTCCTTTCTTAGGAGCAACTGTTAAGCCTAAATTAGGCCTATCTGGAAAAAATTATGGTAGAGTGGTCTATGAAGGGTTGAAAGGTGGCTTGGACTTTTTGAAAGACGATGAAAACATTAACTCTCAACCTTTCATGCGCTGGAAAGAAAGATATCTGTTTTCTATGGAAGGTGTAAACCGAGCGATAGCGGCATCTGGTGAGACAAAAGGCCATTACTTAAATGTAACTGCTGCTACAATGGAAGAAATGTATGAGAGAGCCGAGTTTGCTAAAGAGATTGGTAGTATAATTATCATGATCGATCTAGTAATCGGTTACACTGCAATTCAGACTATGGCTGTATGGGCCCGTAAGAATGATATGATACTGCATTTGCATCGTGCAGGT
AB540051.1_L4_donor_900_r1,AB540051.1,Gloiopeltis complanata,Red algae,AB540051.1,test,L4_donor_900,900,600,1,3542862688,ATGTCTCAATCTGTAGAAGAACGGACAAGAATCAAAGACGAACGTTACGAATCTGGAGTTATCCCGTATGCTAAGATGGGCTATTGGGATCCTGATTATGTTGTTAAAGAAACTGATGTGCTAGCTTTATTTCGTGTAAGTCCACAACCTGGTGTAGATCCTGTAGAAGCTTCTGCAGCAATAGCGGGCGAATCATCAACGGCAACATGGACAGTAGTTTGGACAGACCTTTTAACAGCTTGTGATTTATATAGAGCTAAAGCATATAAGGTTGATGCAGTACCAAATACGTCTGATCAGTACTTTGCATACATAGCTTATGATATTGATTTATTTGAAGAAGGATCTATCGCTAACTTAACAGCTTCAATTATTGGCAACGTCTTTGGATTTAAAGCTGTTAAAGCTCTAAGATTGGAAGATATGCGTTTACCTGTTGCCTATTTAAAGACTTTCCAGGGTCCTGCGACGGGTATTATTGTAGAACGTGAACGTATGGACAAATTTGGTCGTCCTTTCTTAGGAGCAACTGTTAAACCTAAATTAGGCCTATCTGGAAAAAACTATGGTAGGGTAGTCTATGAAGGATTAAAAGGTGGCTTAGACTTCTTGAAAGATGATGAAAACATTAACTCTCAACCTTTTATGCGTTGGAAAGAAAGATATTTATTTTCTATGGAAGGCGTAAACCGAGCAATAGCGGCATCCGGTGAAACGAAAGGCCATTATTTAAATGTAACTGCCGCTACAATGGAAGAAATGTATGAAAGAGCCGAATTTGCTAAAGAGATTGGTAGTATAATTATCATGATCGATCTAGTAATTGGTTACACTGCAATTCAAACCATGGCTGTATGGGCCCGTAAAAATGATATGATACTGCACTTACATCGTGCAGGT
AB540052.1_L4_donor_900_r1,AB540052.1,Gloiopeltis complanata,Red algae,AB540052.1,train,L4_donor_900,900,600,1,3794630061,ATGTCTCAATCTGTAGAAGAACGGACAAGAATCAAAGACGAACGTTACGAATCTGGAGTTATCCCGTACGCTAAAATGGGCTATTGGGATCCTGATTATGTTGTTAAAGAAACTGATGTACTAGCTTTATTTCGTGTAAGCCCACAGCCTGGTGTAGATCCTGTAGAAGCTTCTGCTGCAATAGCAGGCGAATCATCAACGGCAACATGGACAGTAGTTTGGACAGATCTTTTAACAGCATGTGATTTATATAGAGCTAAAGCATACAAAGTTGATGCAGTACCAAACACATCGGATCAATATTTTGCATACATAGCTTATGATATTGATTTATTTGAAGAAGGATCTATCGCTAACTTAACAGCTTCAATTATAGGCAACGTCTTTGGATTTAAAGCTGTTAAAGCTCTAAGATTGGAAGATATGCGTTTACCCGTTGCCTATCTAAAGACTTTTCAGGGTCCTGCTACGGGTATTATTGTAGAACGTGAACGTATGGACAAATTTGGTCGTCCTTTCTTAGGAGCAACTGTTAAACCTAAATTAGGCCTATCTGGAAAAAACTATGGTAGGGTAGTATATGAAGGATTGAAAGGTGGCTTAGACTTCTTGAAAGATGATGAAAACATTAACTCTCAACCTTTTATGCGTTGGAAAGAAAGATATTTATTTTCTATGGAAGGTGTAAACCGAGCGATAGCGGCATCCGGTGAAACAAAAGGCCATTATTTAAATGTCACTGCCGCTACAATGGAAGACATGTATGAGAGAGCCGAATTTGCTAAAGAGATTGGTAGTATAATTATCATGATTGATCTAGTAATTGGTTACACTGCAATTCAAACCATGGCTATATGGGCTCGCAAAAATGATATGATACTACACTTACATCGTGCAGGT
AB853073.1_L4_donor_900_r1,AB853073.1,Hypnodontopsis apiculatus,Mosses,AB853073.1,train,L4_donor_900,900,600,1,1068246123,ATGTCACCACAAACGGAGACTAAAGCAGGTGTTGGATTTAGAGCTGGTGTTAAAGATTACAGATTAACTTATTACACTCCAGAGTATCAAACTTTAGAAACTGATATTTTAGCAGCATTTCGAATGACTCCTCAACCAGGAGTACCACCTGAAGAAGCAGGAGCTGCAGTAGCTGCGGAATCTTCCACCGGTACATGGACCACTGTTTGGACTGATGGACTTACTAGTCTTGATCGTTATAAAGGTCGATGCTATGATATTGAAGCAGTTGCTGGAGAAGAAAATCAATATATCGCTTATGTTGCTTACCCATTAGATTTATTTGAAGAAGGTTCCGTTACTAATTTATTTACTTCTATTGTTGGTAATGTTTTTGGATTTAAAGCTTTACGAGCTTTACGTCTAGAAGATTTGCGTATTCCTCCATCTTATACCAAAACTTTCCAAGGCCCACCTCATGGTATTCAAGTTGAAAGAGATAAATTAAACAAATATGGTCGTCCATTATTAGGATGTACTATTAAGCCAAAATTGGGTTTATCTGCTAAAAACTATGGTCGAGCTGTGTATGAATGTCTTCGTGGTGGACTTGATTTCACAAAAGATGATGAAAATGTAAATTCTCAACCATTTATGCGTTGGAGAGACCGTTTCTTATTTATAGCGGAAGCTATTTACAAATCTCAATCTGAAACAGGTGAAATTAAAGGACATTATTTAAATGCTACCGCAGGCACTTGTGAAGAAATGTTAAAAAGAGCTTACTTTGCTAGAGAATTGGGCGTTCCTATTATTATGCATGACTATTTAACAGGTGGTTTTACTGCAAATACTACTTTAGCTCATTATTGCCGTGATAACGGATTACTTCTTCATATTCACCGTGCAATGCATGCAGTT
AB853079.1_L4_donor_900_r1,AB853079.1,Timmiella anomala,Mosses,AB853079.1,train,L4_donor_900,900,600,1,1178844357,ATGTCACCACAAACGGAGACTAAAGCAGGTGTTGGATTTAAAGCTGGTGTTAAAGATTACAGATTAACTTATTACACTCCAGATTATCAGACTAAAGAAACTGATATTTTAGCAGCATTTCGAATGACTCCTCAACCAGGAGTACCACCTGAAGAAGCAGGAGCTGCTGTAGCTGCTGAATCTTCCACTGGTACATGGACCACTGTTTGGACTGATGGACTTACTAGTCTTGATCGTTATAAAGGTCGATGCTATGATATTGAAGCAGTTCCTGGAGAAGAAAATCAATATATCGCTTATGTTGCTTACCCCTTAGATTTATTTGAAGAAGGTTCTGTTACCAATTTATTTACTTCTATTGTTGGTAATGTTTTTGGATTTAAAGCTTTACGAGCTTTACGTCTAGAAGATTTACGTATTCCTCCAGCTTATTCCAAAACTTTCCAAGGTCCACCTCATGGTATTCAAGTCGAAAGAGATAAATTAAACAAATATGGTCGTCCATTATTAGGATGCACTATTAAACCAAAATTGGGTTTATCTGCTAAAAACTATGGTAGAGCTGTATATGAATGTCTTCGTGGTGGACTTGATTTCACAAAAGATGATGAAAACGTAAATTCTCAACCGTTTATGCGTTGGAGAGACCGTTTCTTATTCGTAGCGGAAGCTATTTACAAATCTCAAGCTGAAACAGGTGAAATTAAAGGACATTATTTAAATGCTACCGCAGGTACTTGTGAAGAAATGTTAAAAAGAGCTCAATTTGGTAGAGAGTTGGGCGTTCCTATTATTATGCATGACTATTTAACAGGTGGTTTTACTGCAAACACTACTTTGGCTCACTATTGTCGTGATAATGGGTTACTTCTTCATATTCACCGTGCAATGCATGCAGTT
AB970712.1_L4_donor_900_r1,AB970712.1,Clastobryellina orientalis,Mosses,AB970712.1,train,L4_donor_900,900,600,1,3124603545,ATGTCACCACAAACGGAGACTAAAGCAGGTGTTGGATTTAAAGCTGGTGTTAAAGATTACAGATTAACTTATTACACCCCAGATTATCAGACTAAAGAAACTGATATTTTAGCAGCATTTCGAATGACGCCTCAACCAGGAGTACCCGCTGAAGAGGCAGGAGCTGCAGTAGCTGCGGAATCTTCCACTGGTACATGGACTACTGTTTGGACTGATGGACTTACCAGTCTTGATCGTTATAAAGGACGATGCTATGATCTTGAAGCTGTTCGTGGAGAAGAAAATCAATTTATTGCTTATGTTGCTTACCCATTAGATCTATTTGAAGAAGGTTCTGTTACCAATTTATTTACTTCTATTGTTGGTAATGTTTTTGGATTTAAAGCCTTACGAGCTTTGCGTCTAGAAGATTTACGTATTCCTCCAGCTTATTCCAAAACTTTCCAAGGCCCACCTCATGGTATTCAAGTTGAAAGAGATAAATTAAATAAATATGGTCGTCCATTATTAGGATGTACTATTAAGCCAAAATTGGGTTTATCTGCTAAAAACTATGGTAGAGCTGTATATGAATGTCTTCGTGGTGGACTTGATTTCACAAAAGACGATGAAAACGTAAATTCTCAGCCTTTTATGCGTTGGAGAGATCGCTTCTTATTTGTAGCTGAAGCTATTTACAAATCTCAAGCTGAAACAGGTGAAATTAAAGGACATTATTTAAATGCTACCGCAGGTACATCTGAAGAAATGTTGAAAAGAGCTCAATTTGCTAGAGAATTAGGCATGCCTATTATCATGCACGACTATTTAACAGGTGGTTTTACTGCAAACACCAGTTTGGCTCATTACGCTCGTGATAATGGCTTGCTTCTTCATATTCACCGCGCAATGCATGCAGTT
AY346095.1_L4_donor_900_r1,AY346095.1,Acanthorrhynchium papillatum,Mosses,AY346095.1,train,L4_donor_900,900,600,1,512602856,ATGTCACCACAAACGGAGACTAGAGCAAGTGTTGGATTTAAAGCTGGTGTTAAAGATTACAGATTAAATTATTACACTCCAGATTATCAGACTAAAGACACTGATATTTTAGCAGCATTTCGAATGACTCCTCAACCAGGAGTACCCGCTGAAGAGGCAGGAGCTGCAGTAGCTGCGGAATCTTCCACTGGTACATGGACCACTGTTTGGACTGATGGACTTACCAGTCTTGATCGTTATAAAGGACGATGCTATGATCTTGAAGCAGTTCCTGGAGAAGAGAATCAATATATTGCTTATGTTGCTTACCCATTAGATCTATTTGAAGAAGGTTCTGTTACCAATTTATTTACCTCTATTGTTGGTAATGTTTTTGGATTTAAAGCTTTACGAGCTTTACGTCTAGAAGATTTACGTATCCCTCCATCTTATTCCAAAACTTTCCAAGGCCCACCTCATGGTATTCAAGTCGAAAGAGATAAATTAAATAAATATGGTCGTCCATTATTAGGATGTACTATTAAGCCAAAATTGGGTTTATCTGCTAAAAACTATGGTAGAGCTGTATATGAATGTCTTCGTGGTGGACTTGACTTCACAAAAGATGATGAAAACGTAAATTCTCAACCTTTTATGCGTTGGAGAGATCGTTTCTTATTTGTAGCTGAAGCCATTTACAAATCTCAAGGTGAGACAGGTGAAATTAAAGGACATTATTTAAATGCTACCGCAGGTACATCTGAAGAAATGTTGAAAAGAGCTCAATTTGCTAGAGAACTAGGCATGCCTATTATCATGCACGACTACTTGACAGGTGGTTTTACTGCAAACACCACTTTGGCTCATTACGCTCGTGATAATGGTTTGCTCCTTCATATTCATCGCGCAATGCATGCAGTT
AY858644.1_L4_donor_900_r1,AY858644.1,Platanus orientalis,Other angiosperms,AY858644.1,test,L4_donor_900,900,600,1,1225561940,ATGTCACCACAAACAGAAACTAAAGCAAGTGTTGGACTCAAAGCTGGTGTTAAAGATTACAAATTGACTTATTATACTCCTGACTATGAAACCAAAGATACTGATATCTTGGCAGCATTCCGAGTAACTCCTCAACCTGGAGTTCCACCTGAGGAAGCAGGAGCCGCGGTAGCTGCCGAATCTTCTACTGGTACATGGACAACTGTGTGGACCGATGGACTTACTAGCCTTGATCGTTACAAAGGACGATGCTACCACATCGAGCCCGTTGCTGGAGAAGAAAATCAATATATTGCTTATGTAGCTTACCCTTTAGACCTTTTTGAAGAAGGTTCTGTTACTAACATGTTTACTTCCATTGTGGGTAATGTATTTGGGTTCAAAGCCCTACGTGCTCTACGTCTGGAGGATCTGCGAATCCCTCCTGCTTATTCTAAAACCTTCCAAGGACCACCTCATGGTATCCAAGTTGAGAGAGATAAATTGAACAAGTATGGTCGTCCTCTATTGGGATGTACTATTAAACCAAAATTGGGGTTATCCGCTAAGAACTACGGTAGAGCGGTTTATGAATGTCTTCGCGGTGGACTTGATTTTACCAAGGATGATGAGAACGTGAACTCCCAACCATTTATGCGTTGGAGAGACCGTTTCTTATTTTGTGCCGAAGCAATTTATAAAGCACAGGCCGAAACAGGTGAAATCAAAGGGCATTACTTGAATGCTACGGCGGGTACATGTGAAGAAATGATTAAAAGGGCTGTATTTGCCAGAGAATTAGGAGTTCCTATCGTAATGCATGACTACTTAACGGGGGGATTCACTGCAAATACTAGCTTGTCTCATTATTGCCGAGATAATGGCCTACTTCTTCACATCCATCGCGCAATGCATGCAGTT
AY996366.1_L4_donor_900_r1,AY996366.1,Spermatochnus paradoxus,Brown algae,AY996366.1,train,L4_donor_900,900,600,1,2648431531,ATGCCTGAAGATGTGCAGAATCGAACTCGAATAAAAAGTGAACGTTATGAATCAGGTGTTATCCCATATGCCAAAATGGGTTACTGGGATGCTGATTATAATGTTAAAGAAACTGATATTCTAGCTCTTTTTCGTATCACTCCACAACCAGGCGTAGATCCCGTTGAGGCTGCTGCTGCTGTTGCCGGTGAATCTTCTACTGCAACATGGACAGTAGTTTGGACAGATTTATTAACTGCTTGTGATATCTATAGAGCGAAAGCATATAGAGTAGATCCAGTACCTGGAACAAGTGATCAATTCTTTGCTTATATAGCTTACGAATGTGATTTATTTGAGGAAGGTTCTCTTGCTAACTTAACAGCATCTATTATTGGGAACGTGTTCGGTTTTAAAGCTGTTAAAGCGTTACGTTTAGAAGATATGAGAATTCCTTACGCTTACTTAAAAACTTTCCAAGGCCCAGCAACAGGTGTTATTGTGGAAAGAGAAAGATTAGATAAATTTGGCCGTCCTTTATTAGGGGCTACTGTAAAACCTAAATTAGGTCTTTCTGGTAAAAACTACGGACGTGTTGTTTATGAAGGTTTAACTGGTGGTCTTGATTTCCTTAAAGATGATGAAAATATTAACTCACAACCATTCATGCGTTGGAAAGAACGTTTCTTATACTGTATGGAAGGTGTTAACCGTGCTGCTGCTGCAACCGGTGAAGTTAAAGGTTCTTATCTAAATATTACTGCTGCAACTATGGAGCAAATGTATGAACGTGCAGAATATGCGTGTGCAATTGGTTCAGTTATTGTGATGATTGATTTAGTTATTGGTTACACAGCAATCCAAAGTATGGCAATATGGGCACGTAAAAATGAAATGATTTTACATTTACATCGTGCAGGA
EF547818.1_L4_donor_900_r1,EF547818.1,Aneura sp. Shaw 702,Liverworts,EF547818.1,train,L4_donor_900,900,600,1,2874963066,ATGTCACCACAAACGGAGACTAAAGCAGGTGTTGGATTCAAAGCCGGTGTTAAAGATTATAGATTGACCTATTATACACCCGAGTACGAGACGAAAGAAACGGATATTTTAGCAGCATTTCGTATGACCCCTCAACCCGGAGTACCACCGGAAGAAGCTGGGGCTGCGGTAGCTGCCGAATCCTCCACCGGTACTTGGACCACAGTTTGGACTGACGGCCTCACGAGTCTTGATCGTTACAAGGGTCGATGTTATGACATCGAACCTGTCGCCGGGGAAGATAATCAATATATCGCCTACGTGGCTTATCCCCTAGATTTGTTCGAAGAGGGTTCTGTTACAAATTTGTTCACCTCCATCGTCGGTAATGTATTCGGATTTAAGGCATTACGAGCCCTACGTCTTGAAGATTTACGAATCCCTCCGTCTTATGTAAAAACTTTTCAAGGTCCACCTCATGGTATTCAGGTTGAAAGGGATAAGTTAAATAAGTATGGTCGTCCTTTGTTGGGATGTACAATAAAACCAAAATTGGGTCTATCTGCTAAGAATTACGGTAGAGCTGTATATGAGTGCCTACGAGGCGGACTTGATTTCACGAAAGATGACGAGAACGTGAATTCTCAACCATTTATGCGTTGGAGAGATCGCTTCCTGTTCGTAGCAGAAGCCATTTTCAAATCTCAGGCAGAAACTGGCGAAATCAAGGGACATTACTCAAATGCCACCGCAGGTACATCGGAAGAAATGTTGAAAAGAGCAGCATGTGCTAGAGAATTAGGTGTCCCTATTATTATGCATGATTACTTAACAGGTGGTTTCACTGCGAATACCAGTTTAGCCCACTACTGTAGGGATAACGGTTTACTTCTCCATATTCACCGTGCAATGCATGCAGTT
EF658643.1_L4_donor_900_r1,EF658643.1,Laurencia intricata,Red algae,EF658643.1,train,L4_donor_900,900,600,1,1280472330,ATGTCTAACTCTGTAGAAGAACGGGCACGGATTAAAAACGAACGTTATGAATCTGGTGTAATTCCATACGCAAAAATGGGATATTTCCACCCTAACTATGTAGTTAAAGATACAGATATATTAGCTCTATTTAGAGTTAGTCCACAACCAGGAGTAGATCCAGTAGAGGCTTCAGCAGCAGTTGCAGGTGAATCATCTACTGCAACATGGACTGTTGTATGGACAGATTTACTAACAGCTTGCGATTTATATCGTGCAAAAGCATATAAAGTAGATGCTGTACCAAATACTTCTGATCAATATTTTGCATACATAGCTTATGATATTGATTTATTTGAAGAAGGATCTATTGCTAATTTAACTGCTTCTATAATTGGTAATGTATTTGGATTTAAAGCAGTTAAAGCATTAAGACTTGAAGATATGCGTATTCCTGTAGCATACTTAAAAACTTTCCAGGGTCCAGCTACTGGTTTAGTTGTAGAACGTTACCGTATGGATAAATATTGTCGTCCATTCCTAGGTGCAACAGTAAAACCAAAATTAGGTTTATCTGGTAAAAACTATGGTAGAGTAGTATACGAAGGTTTAAGAGGTGGTCTAGACTTCCTTAAAGATGATGAAAATATTAACTCTCAACCATTCATGCGTTGGAAAGAGAGATTTTTATACTCTATGGAAGCTGTGAATCGCTCTATTGCTGCTACAGGTGAAGTCAAAGGACATTACATGAATATTACAGCAGCAACAATGGAAGATATGTACGAAAGAGCTGAATTTGCTAAACAATTAGGCACAGTTATTGTCATGATTGATTTAGTAATTGGATATACTGCTATTCAGACAATGGCGATTTGGGCACGTAAAAATGATATGATTTTGCACTTGCACCGCGCAGGT
EU713367.1_L4_donor_900_r1,EU713367.1,Legousia pentagonia,Eudicots,EU713367.1,train,L4_donor_900,900,600,1,2505459542,ATGTCACCACAAACAGAGACTAAAGCAAATGTTGGATTTAAAGCTGGTGTTAAAGATTATAAATTAACTTATTATACTCCAGACTATGAAACCAAAAATACCGATATTTTGGCAGCCTTTCGAGTAACTCCTCAACCCGGAGTTCCCCCGGAAGAAGCAGGGGCCGCAGTAGCTGCCGAATCGTCTACTGGGACATGGACAACTGTGTGGACTGATGGGCTTACGAGCCTTGATCGTTACAAAGGGAGATGCTATCACATCGAGCCCGTTGCTGGCGAAGAAAATCAATTTATTGCTTATGTAGCTTACCCATTAGACCTTTTTGAAGAAGGTTCGGTTACTAACATGTTTACTTCCATTGTGGGTAATGTATTTGGATTTAAAGCACTGCGTGCTCTACGTCTAGAAGATTTGCGAATCCCACCCGCCTATATTAAAACATTTCAAGGCCCGCCTCATGGCATCCAAGTTGAGAGAGATAAATTGAACAAGTATGGTCGTCCCCTGTTGGGATGTACTATTAAACCAAAATTAGGGTTATCGGCAAAAAACTACGGTAGAGCAGTTTATGAATGTCTTCGTGGGGGACTTGATTTTACTAAAGATGATGAGAACGTCAACTCGCAACCCTTTATGCGATGGAGAGATCGTTTCTTATTTTGTGCCGAAGCAATTTATAAAGCACAGGCTGAAACAGGGGAAATCAAAGGACATTACTTGAATGCTACTGCAGGTACATCCGAAGAAATGATGAAAAGGGCTGTCTTTGCCAGAGAGTTGGGAGTTCCTATCGTAATGCATGACTACATAACAGGGGGATTCACTGCAAATACTAGCTTGGCTCATTATTGCCGAGATAATGGTCTACTTCTTCACATCCACCGTGCAATGCATGCAGTT
FJ438476.1_L4_donor_900_r1,FJ438476.1,Haematococcus lacustris,Green algae,FJ438476.1,val,L4_donor_900,900,600,1,4159022233,ATGGTTCCACAAACAGAAACAAGAGCAGGTGCTGGGTTTAAAGCTGGTGTAAAAGATTATCGTTTAACGTATTATACACCAGATTACGTTGTTAGAGATACTGATATTTTAGCAGCGTTCCGTATGACACCACAACCAGGTGTACCACCAGAAGAATGTGGTGCAGCAGTAGCAGCTGAATCATCAACAGGTACTTGGACAACAGTATGGACAGATGGCTTAACAAGTTTAGACCGTTACAAAGGTAGATGCTACGACATCGAGCCAGTACCAGGCGAGGAAAACCAATACATCGCTTACGTAGCTTACCCTATCGATTTATTTGAAGAAGGTTCGGTAACTAACATGTTTACTTCAATTGTAGGAAACGTATTTGGGTTTAAAGCATTACGTGCATTACGTTTAGAAGATTTACGTATTCCACCAGCATATGTAAAAACATTCTCAGGACCTCCACACGGTATTCAAGTTGAACGTGACAAAATTAACAAATACGGCCGTGGTTTATTAGGCTGTACTATCAAGCCGAAATTAGGACTTTCAGCAAAAAATTATGGACGTGCCGTATACGAATGTTTACGCGGTGGTCTCGACTTTACAAAAGACGACGAGAACGTAACTTCACAGCCTTTTATGCCCTGGAGAGACCGTTTCTTATTCGTAGCTGAAGCTTTTTACAAAGCACAATCCGAAACAGGCGAAGTTAAGGGCCATTATTTAAACGCAACTGCTGGTACAGCAGAAGAAATGCTTAAACGTGCACAATGTGCTAAGGAGTTGGGTGTACCGATCATCATGCATGACTACCTTACAGGGGGGTTTACATCAAATACTTCATTAGCACATTTCTGTCGTGATAATGGTTTATTATTACACATTCACCGTGCTATGCATGCTGTA
KT693213.1_L4_donor_900_r1,KT693213.1,Hormotilopsis gelatinosa,Green algae,KT693213.1,train,L4_donor_900,900,600,1,579717864,ATGGCTCCACAAACAGAAACAAAAGCCGGGGCGGGATTTAAAGCAGGGGTTAAAGACTATAGATTAACTTACTATACACCTGACTACATCGTTAAGGACACTGACATCCTTGCTGCTTTCCGTATGACTCCGCAACCAGGTGTTCCACCTGAAGAATGTGGTGCAGCTGTTGCTGCTGAGTCTTCAACTGGTACATGGACTACTGTATGGACTGACGGTTTAACTAGCTTAGACCGTTACAAAGGCCGTTGTTATGATATCGAACCGGTTCCTGGTGAAGATAACCAATATATTGCTTATGTTGCTTATCCGATTGACCTTTTTGAAGAAGGTTCTGTTACAAACTTATTCACATCAATTGTAGGGAACGTATTTGGTTTCAAAGCTCTACGTGCTCTAAGACTGGAAGATTTACGTATTTCACCAGCTTACGCTAAGACATTCCAAGGTCCTCCTCACGGGATTCAAGTTGAGCGCGACAAGCTGAACAAGTATGGTCGTGGCCTTTTAGGTTGTACAATCAAACCAAAACTTGGTTTATCAGCTAAAAACTACGGTCGTGCTGTATACGAATGTTTACGTGGTGGTTTAGATTTTACTAAAGATGATGAAAACGTAAACTCTCAACCATTCATGCGTTGGAGAGACCGTTTCCTTTTCGTAGCTGAAGCTATTTACAAAGCTCAAGCTGAAACAGGTGAAATCAAAGGTCACTACTTAAACGCTACTGCTGGTACATGTAACGAAATGCTAAAAAGAGCAGAATGTGCTAAAGAACTAGGTATGCCGATCATCATGCACGACTATATTACTGCTGGTTTCACTGCAAACACGACTCTAGCTCAATACTGCCGTGACCACGGTCTTCTTCTTCACATTCACCGTGCAATGCACGCTGTT
KU645801.1_L4_donor_900_r1,KU645801.1,Passiflora quadrangularis,Eudicots,KU645801.1,train,L4_donor_900,900,600,1,924850398,ATGTCACCACAAACAGAGACTAAAGCAAGTGTTGGATTCAAGGCTGGTGTTAAAGATTATAAATTGACTTATTATACTCCTGAATATAACCCCAAAGATACTGATATCTTGGCAGCATTCCGAGTAACTCCTCAACCTGGAGTTCCCGCTGAGGAAGCGGGAGCTGCAGTAGCTGCTGAATCTTCTACTGGTACATGGACAACCGTGTGGACCGATGGGCTTACCAGTCTTGATCGTTATAAAGGACGATGCTACGATATTGAACCTGTTGCTGGAGAAGAAAGTCAATTTATTGCTTATGTAGCGTACCCCTTAGACCTTTTTGAAGAAGGTTCCGTTACTAACATGTTTACTTCCATTGTAGGTAATGTATTTGGGTTCAAAGCCCTACGCGCTTTACGTCTGGAAGATTTGCGAATCCCCACTGCTTATACTAAAACGTTTCAGGGCCCACCTCATGGCATCCAAGTTGAGAGAGATAAGTTGAACAAGTATGGTCGCCCTCTATTGGGTTGTACTATCAAACCTAAATTGGGGTTATCCGCTAAGAATTACGGTAGAGCTGTTTATGAGTGTCTCCGCGGTGGACTTGATTTTACCAAAGATGATGAGAACGTGAACTCCCAACCATTTATGCGTTGGAGAGACCGTTTCTTATTTTGTGCCGAAGCAATTTATAAAGCACAGGCGGAAACTGGTGAAATTAAAGGGCATTATTTGAATGCTACTGCGGGTACATGCGAAGAAATGATGAAAAGGGCTATATTTGCTAGAGAATTGGGAGTTCCTATCGTAATGCATGACTACTTAACAGGAGGATTCACTGCAAATACTAGCTTGGCTCGTTATTGCCGAGATAATGGTTTACTTCTGCACATCCACCGCGCAATGCATGCAGTT
KU645803.1_L4_donor_900_r1,KU645803.1,Cananga odorata,Other angiosperms,KU645803.1,train,L4_donor_900,900,600,1,2147784452,ATGTCACCAAAAACAGAGACTAAAGCAAGTGTTGGATTCAAAGCTGGTGTTAAAGAGTACAAATTGACTTATTATACTCCTGAATATGAAACCAAGGATACTGATATCTTGGCAGCATTCCGAGTAACCCCTCAACCCGGAGTTCCGCCTGAGGAAGCAGGGGCTGCGGTAGCTGCCGAATCTTCTACTGGTACATGGACAACTGTGTGGACCGATGGACTTACCAGCCTTGATCGTTACAAAGGACGATGCTACCACATCGAGCCCGTTGCTGGGGAGGAAAATCAATATATTGCTTATGTAGCTTACCCTTTAGACCTTTTTGAAGAGGGTTCTGTTACTAACATGTTTACTTCCATTGTAGGTAATGTATTTGGATTTAAAGCTCTACGAGCTCTACGTCTGGAAGACTTGCGAATTCCTACTTCTTATGTCAAGACTTTCCAGGGCCCACCTCACGGCATCCAAGTTGAGAGAGATAAATTGAACAAGTATGGCCGTCCCCTATTGGGATGTACTATTAAACCAAAATTGGGATTATCCGCCAAGAACTACGGTAGGGCGGTTTATGAATGTCTCCGCGGTGGACTTGATTTTACCAAGGATGATGAGAACGTGAACTCCCAACCATTTATGCGCTGGAGAGACCGTTTCTTATTTTGTGCCGAAGCAATTTATAAAGCGCAGGCCGAAACAGGTGAAATCAAAGGACATTACCTGAATGCTACTGCAGGTACATGCGAAGAAATGATCAAAAGGGCCGTATTTGCCAGGGAATTGGGAGCTCCCATCGTAATGCATGACTACTTAACAGGGGGATTCACTGCAAATACTAGCTTGGCTCATTATTGCCGAGACAACGGCCTACTTCTTCACATCCATCGCGCAATGCATGCAGTT
KU645804.1_L4_donor_900_r1,KU645804.1,Asimina incana,Other angiosperms,KU645804.1,val,L4_donor_900,900,600,1,4034902215,ATGTCACCAAAAACAGAGACTAAAGCAAGTGTTGGGTTCAAAGCGGGTGTTAAAGAGTACAAATTGACTTATTATACTCCTGAATATGAAACCAAAGATACTGATATCTTGGCAGCATTCCGAGTAACCCCTCAACCCGGAGTTCCGCCCGAGGAAGCAGGGGCTGCGGTAGCTGCCGAATCCTCTACTGGTACATGGACAACTGTGTGGACCGATGGACTTACCAGCCTTGATCGTTACAAAGGACGATGCTACCACATCGAGCCTGTTGTTGGAGAGGAAAATCAATTTATTGCTTATGTAGCTTACCCTTTAGATCTTTTTGAGGAGGGTTCTGTTACTAACATGTTTACTTCCATTGTAGGTAATGTGTTTGGGTTCAAAGCTCTACGAGCTCTACGCCTAGAGGACTTGCGAATTCCTACTTCTTATATCAAGACTTTCCAGGGCCCGCCCCACGGCATCCAAGTTGAGAGAGATAAATTGAACAAGTATGGCCGTCCCCTATTGGGATGTACTATTAAACCAAAATTGGGGTTATCCGCCAAGAACTACGGTAGGGCGGTTTATGAATGTCTCCGTGGTGGACTTGATTTTACCAAGGATGATGAGAACGTGAACTCCCAACCATTTATGCGCTGGAGAGACCGTTTCTTATTTTGTGCTGAAGCCATTTATAAAGCGCAGGCCGAAACGGGTGAAATCAAAGGACATTACTTGAATGCTACTGCAGGTACATGCGAAGAAATGATCAAAAGGGCCGTGTTTGCCAGGGAATTGGGGGTTCCCATCGTAATGCATGACTACTTAACGGGGGGATTCACTGCAAATACTAGCTTGGCTCATTATTGCCGAGACAACGGCCTACTTCTTCACATCCATCGCGCAATGCATGCAGTT
LC060504.1_L4_donor_900_r1,LC060504.1,Acinetospora filamentosa,Brown algae,LC060504.1,train,L4_donor_900,900,600,1,889336509,ATGCCTGAAGATGTGCAGAATCGAACTCGAATAAAAAGTGAACGTTATGAATCAGGTGTTATTCCATATGCAAAAATGGGATATTGGGATGCTGATTATAACGTTAAAGAAACTGATATTCTAGCTCTTTTTCGTATCACACCACAACCAGGCGTAGATCCCGTTGAAGCTGCTGCTGCTGTTGCCGGTGAATCTTCTACTGCAACATGGACTGTAGTTTGGACAGATTTATTAACTGCTTGTGATATCTATAGAGCGAAAGCATATAGAGTAGACCCAGTACCTGGAACAAGTGATCAATTTTTTGCTTATATAGCATATGAATGTGATTTATTTGAAGAAGGCTCTCTTGCTAATTTAACAGCCTCTATTATTGGTAACGTTTTCGGTTTTAAAGCCGTTAAAGCTTTACGTTTAGAAGATATGAGAATCCCTTACGCTTACTTAAAGACTTTCCAAGGTCCAGCAACAGGTGTAATTGTAGAGAGAGAAAGATTAGATAAATTTGGTCGTCCTTTATTAGGGGCTACTGTAAAACCTAAATTAGGTCTTTCTGGTAAAAACTATGGTCGTGTTGTTTATGAGGGTTTAACTGGTGGTCTTGATTTCCTTAAGGATGATGAAAATATTAACTCGCAACCATTTATGCGTTGGAAAGAACGTTTCCTATACTGTATGGAAGGTGTTAATAGAGCTGCTGCTGCAACTGGTGAAGTTAAAGGTTCTTACCTAAACATTACAGCTGCAACTATGGAACAAATGTATGAACGTGCAGAATACGCTCATGCAATTGGATCAGTTATTGTGATGATCGATTTAGTTATTGGTTACACAGCAATCCAAAGTATGGCAATTTGGGCAAGAAAGTACGAAATGATTCTACATTTACACCGTGCTGGA
LC060517.1_L4_donor_900_r1,LC060517.1,Acinetospora asiatica,Brown algae,LC060517.1,train,L4_donor_900,900,600,1,2702966148,ATGCCTGAAGATGTGCAGAATCGAACTCGAATAAAAAGTGAACGTTATGAATCAGGTGTTATTCCATATGCAAAAATGGGATATTGGGATGCTGATTATAACGTTAAAGAAACTGATATTCTAGCTCTTTTTCGTATCACACCACAACCAGGCGTAGATCCCGTTGAAGCTGCTGCTGCTGTTGCCGGTGAATCTTCTACTGCGACATGGACTGTAGTTTGGACAGATTTATTAACTGCTTGTGACATCTATAGAGCGAAAGCATATAGAGTAGATCCAGTACCTGGAACAAGTGATCAATTTTTTGCTTACATAGCATATGAATGTGATTTATTTGAAGAAGGTTCTCTTGCTAACTTAACAGCATCGATTATCGGTAACGTTTTCGGTTTTAAAGCCGTTAAAGCATTACGTTTAGAAGATATGAGAATCCCTTACGCATACTTAAAGACTTTCCAAGGTCCAGCGACAGGTGTAATTGTAGAGAGAGAAAGATTAGATAAGTTTGGTCGTCCTTTATTAGGAGCGACTGTAAAACCTAAATTAGGTCTTTCTGGTAAGAACTATGGTCGTGTTGTATATGAAGGTTTAACTGGTGGTCTTGATTTCCTTAAAGATGATGAAAACATTAACTCACAACCATTTATGCGTTGGAAAGAACGTTTCTTATACTGTATGGAAGGGGTAAACCGAGCTGCTGCTGCAACTGGTGAAGTTAAAGGTTCTTACCTGAACATTACAGCTGCAACTATGGAAGAAATGTACCAACGTGCAGAATACGCTCATGCGATTGGTTCAGTTATTGTGATGATCGATTTAGTTATCGGTTACACAGCAATTCAAAGTATGGCAATCTGGGCAAGAAAGTACGAAATGATTTTACATTTACACCGTGCTGGA
LC145073.1_L4_donor_900_r1,LC145073.1,Haplomitrium hookeri,Liverworts,LC145073.1,val,L4_donor_900,900,600,1,2833560476,ATGTCACCACAGACAGAAACTAGAGCAGGTGTTGGATTCAAAGCCGGTGTGAAAGATTACAGATTGACTTATTATACTCCCAATTACGAGACCAAAGACACCGACATCTTGGCAGCATTCCGAATGACTCCTCAACCTGGAGTGCCACCCGAAGAAGCTGGAGCGGCAGTAGCTGCCGAATCTTCCACAGGTACATGGACCACCGTTTGGACTGATGGGCTTACGAGCCTTGATCGTTACAAGGGTCGCTGCTATGGTATTGAACCTGTCGCGGGGGAGGAAAATCAATATATTGCTTATGTCGCTTATCCACTAGATTTGTTCGAGGAAGGTTCCGTCACCAATTTATTCACTTCCATAGTAGGTAACGTATTTGGCTTTAAAGCGTTGCGAGCTCTACGTCTCGAAGATTTGAGAATTCCCCCAGCTTATTCCAAAACTTTTCAAGGTCCACCGCACGGTATTCAAGTTGAAAGAGATAAATTAAACAAATATGGTCGTCCATTACTGGGATGTACTATCAAACCCAAACTAGGTTTATCGGCTAAAAACTATGGTAGAGCTGTTTACGAGTGTCTTCGTGGCGGGCTTGACTTTACAAAAGACGACGAAAACGTAAATTCCCAGCCATTTATGCGTTGGAGGGATCGTTTCGTATTCGTAGCAGAAGCTCTTTTTAAGTCTCAAGCGGAAACCGGCGAAATCAAAGGACATTACTTAAATGCCACTGCCGGTACGTGCGAGGAAATGATGAAAAGGGCAGAATTTGCTAGAGAATTGGGCGTACCTATTGTCATGCACGATTATTTGACGGGGGGGTTTACCGCGAACACGAGTTTAGCTCATTACTGCCGGGACAATGGTTTACTTCTTCATATCCACCGTGCAATGCATGCTGTT
LC176260.1_L4_donor_900_r1,LC176260.1,Weisiopsis anomala,Mosses,LC176260.1,val,L4_donor_900,900,600,1,3402694256,ATGTCACCACAAACGGAGACTAAAGCAGGTGTTGGATTTAAAGCTGGTGTTAAAGATTACAGATTAACTTATTACACTCCAGACTATCAGACTAAAGAAACTGATATTTTAGCAGCATTTCGAATGACTCCTCAACCAGGAGTACCAGCTGAAGAAGCAGGAGCTGCAGTAGCTGCGGAATCATCTACTGGTACATGGACTACTGTTTGGACTGATGGACTTACTAGTCTTGATCGTTATAAAGGTCGATGCTATGATATTGAAGCAGTTCCTGGAGAAGAAAATCAATATATCGCTTATGTTGCTTACCCATTAGATTTATTTGAAGAAGGTTCTGTTACTAACTTATTTACTTCTATTGTTGGTAATGTTTTTGGATTCAAAGCTTTACGAGCTTTGCGTCTAGAAGATTTGCGTATTCCTCCAGCTTATTCCAAAACTTTCCAAGGCCCACCTCATGGTATTCAAGTTGAGAGAGACAAATTAAACAAATATGGTCGTCCATTATTAGGATGCACTATTAAACCAAAATTAGGTTTATCTGCTAAAAACTACGGTAGAGCTGTTTATGAATGTCTTCGTGGTGGACTTGATTTTACAAAAGATGATGAAAACGTAAATTCTCAACCGTTCATGCGTTGGAGAGATCGTTTTTTATTTGTAGCGGAAGCTCTTTACAAATCTCAAGCTGAAACAGGGGAAATTAAAGGACATTATCTAAATGCTACCGCAGGTACCTGTGAAGAAATGTTAAAAAGAGCTCAATTTGCTAGAGAATTGGGTGTTCCTATTATTATGCACGACTATTTAACTGGTGGTTTTACTGCAAATACTAGTTTAGCTCATTATTGCCGTGACAACGGATTACTTCTTCATATTCACCGTGCAATGCATGCAGTT
LC200423.1_L4_donor_900_r1,LC200423.1,Selenastrum capricornutum,Green algae,LC200423.1,val,L4_donor_900,900,600,1,3137264681,ATGGTTCCTCAAACAGAAACTAAAGCAGGCGCTGGATTTAAAGCTGGTGTAAAAGACTACCGTTTAACATACTACACTCCTGATTACGTTGTTAAAGAAACTGACGTATTAGCTGCATTCCGTATGACTCCACAACCAGGTGTTCCACCTGAAGAGTGTGGTGCTGCCGTAGCTGCAGAATCATCAACAGGTACTTGGACAACAGTATGGACAGACGGTTTAACTACATTAGATCGTTACAAAGGACGTTGTTACGATCTTGAACCTGTTCCAGGTGAAGATAACCAATACATTGCGTATGTTGCTTACCCAGTAGATTTATTTGAAGAAGGTTCAGTAACAAACTTATTTACTTCAATCGTAGGTAACGTATTTGGTTTCAAAGCTTTACGTGCTCTTCGTTTAGAAGATCTTCGTATTCCTCCAGCTTACGTTAAAACATTCGAAGGACCTCCACACGGTATCCAAGTTGAGCGTGACAAATTAAACAAATATGGTCGTGGTCTTTTAGGTTGTACAATTAAACCAAAATTAGGTTTATCAGCTAAAAACTACGGACGTGCTGTTTACGAATGTTTACGTGGTGGTTTAGACTTCACAAAAGATGACGAAAACGTTAACTCACAACCATTCATGCGTTGGAGAGACCGTTTCTTATTCGTTGCTGAAGCTATCTACAAAGCACAAGCAGAAACTGGTGAAATTAAAGGTCACTACTTAAACGCAACTGCAGGTACATGTGAAGAAATGTTAAAACGTGCACAATGTGCTAAAGATATCGGTGTACCGATTGTTATGCACGACTACTTAACAGGTGGTTTCACTGCAAACACTTCTTTATCTCACTTCTGTCGTGATAATGGTTTATTATTACACATTCACCGTGCTATGCACGCGGTT
LC270392.1_L4_donor_900_r1,LC270392.1,Pohlia annotina,Mosses,LC270392.1,test,L4_donor_900,900,600,1,2448956289,ATGTCACCACAAACGGAGACTAAAGCAGGTGTTGGATTTAAAGCTGGTGTTAAAGATTACAGATTAACTTATTACACTCCAGATTATCAGACTAAAGAAACTGATATTTTAGCAGCATTTCGAATGACTCCTCAACCAGGAGTACCAGCTGAAGAGGCAGGAGCGGCAGTAGCTGCGGAATCTTCCACTGGTACATGGACTACTGTTTGGACTGATGGACTTACTAGTCTTGATCGTTACAAAGGACGATGCTATGATATTGAAGCAGTTCCTGGAGAAGAGAATCAATATATTGCTTATGTTGCTTACCCATTAGATTTATTTGAAGAAGGTTCTGTTACCAATTTATTTACTTCTATTGTTGGTAATGTTTTTGGGTTTAAAGCTTTACGAGCTTTACGTCTAGAAGATTTACGTATTCCTCCAGCTTATTCCAAAACTTTCCAAGGCCCACCTCATGGTATTCAAGTTGAAAGAGATAAATTAAACAAATATGGTCGTCCATTATTAGGATGCACTATTAAGCCAAAATTGGGTTTATCTGCTAAAAACTATGGTAGAGCTGTATATGAATGTCTTCGTGGTGGACTTGATTTCACAAAAGATGATGAAAACGTAAATTCTCAGCCTTTTATGCGTTGGAGAGATCGTTTCTTATTTGTAGCTGAAGCTCTTTACAAATCTCAAGCTGAAACAGGTGAAATTAAAGGACATTATTTAAATGCTACCGCAGGTACATGTGAAGAAATGATGAAAAGAGCTTACTTTGCTAGAGAACTAGGCGCTCCTATTGTTATGCATGACTATCTAACAGGTGGTTTTACTGCAAATACTAGTTTGGCTCATTATTGCCGTGATAACGGCTTACTTCTTCACATTCACCGTGCAATGCATGCAGTT
LC272005.1_L4_donor_900_r1,LC272005.1,Fissidens subangustus,Mosses,LC272005.1,train,L4_donor_900,900,600,1,1553606089,ATGTCACCACAAACGGAGACTAAAGCAGGTGTTGGATTTAAAGCTGGTGTTAAAGATTACAGATTAACTTATTACACTCCAGATTATCAGACTAAAGAAACTGATATTTTAGCAGCATTTCGAATGACTCCTCAACCAGGGGTCCCATCTGAAGAAGCAGGAGCTGCAGTAGCTGCGGAATCTTCTACTGGTACATGGACCACTGTTTGGACTGATGGACTTACTAGTCTTGATCGTTATAAAGGTCGATGCTATGATATTGAACCAGTTGCTGGAGAAGAGAATCAATATATCGCTTATGTTGCTTACCCATTAGATTTATTTGAAGAAGGTTCTGTTACCAATTTATTTACTTCTATTGTTGGTAATGTTTTTGGATTTAAAGCTTTACGAGCTTTGCGTCTAGAAGATTTGCGTATTCCTCCATCTTATTCCAAAACTTTCCAGGGCCCACCTCATGGTATTCAAGTTGAAAGAGATAAATTGAACAAGTATGGTCGTCCATTATTAGGATGTACAATTAAACCAAAATTGGGTTTATCTGCTAAAAATTACGGTAGAGCTGTGTATGAATGTCTTCGTGGTGGACTTGATTTTACAAAAGATGATGAAAACGTGAATTCTCAACCATTTATGCGCTGGAGAGACCGTTTCGTATTTGTAGCAGAAGCTCTTTACAAATCTCAAGCTGAAACAAATGAAATTAAAGGACATTATCTAAATGCTACCGCAGGTACTTGTGAAGAAATGTTAAAAAGAGCTGAATTTGCTAGAGAATTGGGAGTTCCTATTGTTATGCATGACTATTTAACAGGTGGTTTTACTGCAAATACTACTTTAGCTCATTATTGCCGCGATAACGGTTTACTTCTTCATATTCACCGTGCAATGCATGCAGTT
LC376047.1_L4_donor_900_r1,LC376047.1,Hattoria yakushimensis,Liverworts,LC376047.1,train,L4_donor_900,900,600,1,8161886,ATGTCACCACAAACGGAGACTAAAGCAGGTGTTGGATTCAAAGCTGGTGTTAAAGATTATAGATTAACTTACTATACGCCTGATTATGAGACGAAAGAAACAGATATTTTGGCAGCATTTCGTATGACTCCTCAGCCTGGAGTACCACCTGAAGAAGCAGGAGCAGCAGTAGCTGCCGAATCTTCAACTGGGACATGGACTACTGTTTGGACCGACGGACTTACAAGTCTTGATCGTTACAAAGGCCGATGTTATGATATTGAACCCGTTGCTGGCGAAGAAAATCAATATATTGCTTATGTGGCCTACCCATCAGATTCATTTGAAGAAGGTTCTGTTACCAATCTTTTCACCTCTATTGTAGGAAATGTGTTCGGATTCAAAGCTTTACGAGCTTTACGTCTTGAAGATTTACGAATTCCTCCAGCTTATGTAAAAACTTTTCAAGGTCCGCCTCATGGCATCCAAGTTGAAAGAGACAAATTAAATAAATATGGTCGTCCTTTATTGGGTTGTACCATTAAACCAAAATTAGGTTTATCTGCTAAAAATTATGGTAGAGCTGTTTATGAATGTCTTCGTGGTGGACTTGATTTCACAAAAGATGATGAAAATGTAAATTCTCAACCATTTATGCGTTGGAGAGATCGTTTCTTATTCGTAGCAGAAGCTCTTTTCAAATCTCAGGCTGAAACTGGTGAAATTAAAGGACATTACTTAAATGCTACTGCAGGTACATCTGAAGAAATGATGAAAAGAGCTGCATGTGCTAGAGAATTGGGTGTACCAATCGTTATGCATGATTATCTCACAGGTGGTTTCACTGCAAACACTAGTCTAGCTCACTATTGTCGGGATAACGGTTTACTTCTTCATATTCACCGTGCGATGCATGCTGTT
LC493039.1_L4_donor_900_r1,LC493039.1,Colpomenia borea,Brown algae,LC493039.1,train,L4_donor_900,900,600,1,2927600061,ATGCCTGAAGATGTGCAGAATCGAACTCGAATAAAAAGTGAACGTTACGAATCAGGTGTTATTCCATATGCCAAAATGGGATATTGGGATGCTGATTATAACGTTAAAGAAACTGATATTCTAGCTCTTTTTCGTATCACTCCACAACCAGGTGTAGATCCCGTTGAAGCTGCCGCTGCTGTTGCCGGCGAATCTTCTACTGCAACATGGACGGTAGTTTGGACAGACTTACTAACTGCTTGTGATATCTATAGAGCAAAAGCATATAGAGTAGATCCAGTACCCGGAACAAGTGACCAATTCTTTGCTTATATAGCTTACGAATGTGATTTATTTGAAGAAGGTTCTCTTGCCAATTTAACGGCATCTATTATTGGTAACGTTTTCGGTTTCAAAGCTGTTAAAGCATTACGTTTAGAAGATATGAGAATTCCTTACGCTTACTTAAAAACTTTCCAAGGACCAGCAACAGGTGTGGTTGTGGAAAGAGAAAGATTAGATAAATTTGGTCGTCCTTTATTAGGGGCTACTGTAAAACCTAAATTAGGTCTTTCTGGTAAAAACTACGGGCGTGTTGTTTATGAAGGTTTAACTGGTGGTCTTGACTTCCTTAAGGATGATGAGAATATTAATTCACAACCATTTATGCGTTGGAAGGAACGTTTCTTATATTGTATGGAAGGTGTTAACCGAGCTGCTGCTGCAACAGGTGAAGTTAAAGGTTCTTATCTGAATATTACCGCTGCAACTATGGAACAAATGTATGAACGTGCAGAATATGCTCATTCAATCGGTTCTGTTATTGTTATGATCGATTTAGTTATCGGTTATACAGCAATCCAAAGTATGGCAATCTGGGCACGAAAAGCTGAAATGATCTTACATTTACATCGTGCAGGT
LC723702.1_L4_donor_900_r1,LC723702.1,Schistochila sciurea,Liverworts,LC723702.1,train,L4_donor_900,900,600,1,4084159397,ATGTCACCACAAACGGAGACTAAAGCAGGTGTTGGATTCAAAGCTGGTGTTAAAGATTATAGATTAACTTATTATACTCCGGATTATGAAACGAAAGATACGGATATTTTGGCAGCGTTTCGTATGACCCCTCAACCTGGAGTTCCAGCCGAAGAAGCAGGTGCAGCGGTTGCTGCCGAATCTTCCACAGGTACTTGGACTACAGTTTGGACTGATGGACTTACAAGTCTTGATCGTTACAAAGGTCGATGCTATGATATCGAACCTGTCGCTGGAGAAGAAAATCAATACATAGCTTATGTTGCTTATCCTTTAGATCCATTTGAAGAAGGTTCCGTTACGAACTTATTCACTTCCATTGTAGGTAATGTTTTCGGATTTAAAGCTTTGCGAGCTATACGTCTTGAAGATTTGCGAATTCCTCCGTCATATGTAAAAACTTTTCAAGGTCCGCCTCACGGTATTCAAGTTGAGAGAGATAAATTGAATAAATATGGTCGTCCTTTATTGGGATGTACAATTAAACCAAAATTAGGCTTATCTGCCAAAAATTATGGTAGAGCTGTATATGAATGTCTTCGTGGTGGGCTTGATTTCACGAAAGATGATGAAAATGTAAATTCTCAACCATTTATGCGCTGGAGAGATCGTTTCTTGTTTGTAGCAGAAGCTCTTTTTAAATCTCAATCTGAAACTGGTGAAATCAAAGGACATTATTTAAATGCTACTGCAGGTACCTGTGAAGAAATGATGAAAAGAGCTGCATGTGCTAGAGAGTTGGGTGTACCCATTGTTATGCATGATTATCTTACAGGTGGCTTTACCGCAAATACTAGTTTAGCTCATTATTGTCGCGATAATGGTTTACTTCTTCACATTCATCGTGCAATGCATGCAGTT
LC735540.1_L4_donor_900_r1,LC735540.1,Centella asiatica,Eudicots,LC735540.1,train,L4_donor_900,900,600,1,300641169,ATGTCACCACAAACAGAGACTAAAGCAGGTGTTGGATTCAAAGCTGGGGTTAAAGATTACAAATTGACTTATTATACTCCTGACTATGAAACCAAAGATACTGATATCTTGGCAGCATTCCGAGTAACTCCTCAACCTGGAGTTCCACCTGAAGAAGCAGGGGCCGCGGTAGCTGCCGAATCTTCTACTGGTACATGGACAACTGTGTGGACCGACGGACTTACCAGCCTTGATCGTTACAAAGGGCGATGCTACGGAATCGAGCCCGTTCCTGGAGAAGAAAATCAATTTATTGCTTATGTAGCTTACCCATTAGACCTTTTTGAAGAAGGTTCTGTTACTAACATGTTTACTTCCATTGTTGGTAATGTATTTGGGTTCAAAGCCCTGCGTGCCCTACGTCTGGAAGATCTGCGAATCCCTGTTGCTTATGTGAAAACTTTCCAAGGCCCGCCTCATGGTATCCAAGTTGAAAGAGATAAATTGAACAAGTATGGTCGTCCCCTGTTGGGATGTACTATTAAACCTAAATTGGGGTTATCCGCTAAAAACTACGGTAGAGCGGTTTATGAATGTCTCCGCGGTGGACTTGATTTTACCAAAGACGATGAGAACGTGAACTCCCAACCATTTATGCGTTGGAGAGATCGTTTCTTATTTTGTGCCGAAGCGCTTTTTAAAGCACAGGTTGAAACAGGTGAAATCAAAGGGCATTACTTGAATGCTACTGCGGGTACTGTCGAAGAAATGATGAAAAGGGCTATATTTGCTAGAGAATTGGGAGTTCCTATCATAATGCACGATTACTTAACAGGGGGATTCACTGCAAATACTAGCTTGGCTCATTATTGCCGAGATAATGGCCTACTTCTTCACATCCACCGTGCAATGCATGCAGTT
LC791202.1_L4_donor_900_r1,LC791202.1,Pleurozia subinflata,Liverworts,LC791202.1,val,L4_donor_900,900,600,1,1712556460,ATGTCACCACAAACGGAGACTAAAACAGGTGTTGGATTCAAAGCTGGTGTTAAAGATTATCGCTTAACTTATTATACTCCTGATTATCAGACGAAGGAGACAGATATTTTAGCAGCATTTCGTATGACTCCGCAACCTGGAGTACCGGCACAAGAAGCAGGAGCTGCAGTAGCCGCTGAGTCTTCTACTGGTACTTGGACTACAGTTTGGACTGATGGACTTACAAGTCTTGATCGTTACAAAGGTCGATGCTATGATATTGAACCTGTTGCTGGAGAAGAAAATCAATATATTGCTTATGTAGCTTATCCCCTAGATTTATTTGAAGAAGGTTCTGTTACAAACCTTTTTACTTCTATTGTAGGTAATGTATTTGGATTCAAAGCTTTACGAGCTTTGCGTCTTGAAGATTTACGAATTCCTCCAGCTTATACAAAAACTTTCCAAGGTCCACCTCATGGTATACAAGTTGAGAGAGATAAATTGAATAAATATGGTCGTCCTTTATTGGGATGTACTATTAAACCAAAACTAGGTTTATCTGCTAAAAATTATGGTAGAGCTGTGTATGAATGTCTTCGTGGTGGACTCGATTTTACAAAAGATGATGAGAATGTAAATTCTCAACCATTTATGCGTTGGAGAGATCGTTTTTTGTTTGTAGCAGAAGCTCTTTTTAAATCTCAAGCAGAAACTGGTGAAATTAAAGGACATTATTTAAATGCTACTGCAGGAACATCCGAAGAAATGTTAAAAAGAGCACAATGTGCTAGAGAGTTAGGCGTACCTATTGTTATGCATGACTATCTTACAGGTGGTTTTACCGCAAATACCACTTTAGCTCATTATTGTAGAGATAATGGTCTACTTCTTCATATTCACCGTGCGATGCATGCAGTT
LC858738.1_L4_donor_900_r1,LC858738.1,Cyathodium tuberosum,Liverworts,LC858738.1,train,L4_donor_900,900,600,1,2569408730,ATGTCACCACAAACGGAGACTAAAGCAGGTGCTGGATTCAAAGCTGGTGTTAAAGATTATCGATTAAATTATTACACTCCTGATTATGAGACCAAAGATACAGATATTTTGGCAGCATCTAGAATGACTCCTCAACCTGGTGTACCACCGGAAGAAGCAGGAGCAGCTGTTGCTGCTGAATCTTCTACTGGTACATGGACTACAGTCTGGACTGATGGTCTTACTAACCTTGATCGTTATAAAGGTCGATGCTATGATATTGACCCTGTTCCTGGGGAACAAAATCAATATATTGCTTATGTAGCTTATCCTTTAGATCCATCCGAGGAAGGATCTGTTACAAATATGTTTACTTCGATTGTAGGTAATGTATTTGGTTTTAAAGCTTTGAGAGCATTGCGACTTGAAGATTTGAGAATTCCTCCGGCTTACACAAAAACTCTCCAAGGTCCTCCTCATGGTATACAGGTTGAAAGAGATAAATTAAATAAATATGGTCGTCCTTTATTAGGATGTACTATTAAACCAAAATTAGGTTTATCTGCTAAAAATTATGGTAGAGCTGTATATGAATGTCTTCGTGGTGGACTTGACTTTACTAAAGATGATGAAAACGTAAATTCTCAGCCGTTTATGCGTTGGAGAGATCGTTTCTTATTCGTGGCAGAGGCTCCTTATAAAGCTCAATCAGAAACTGGGGAAATCAAAGGACATTACTTGAATGCTACTGCAGGTACTTCTGAAGAAATGATAAAAAGAGCTGTGTGTGCTAGAGAATTGGGTGTACCAATTGTTATGCATGATCATCCAACTGGTGGTTTTACCGCAAATACTAGTTTGGCTTCTTATTGTCGTGATAACGGTTTACTCCTTCACATTCACCGCGCAATGCATGCGGTT
LC858740.1_L4_donor_900_r1,LC858740.1,Cyathodium cavernarum,Liverworts,LC858740.1,train,L4_donor_900,900,600,1,817056283,ATGTCACCACAAACGGAGACTAAAGCAGGTGCTGGATTCAAAGCTGGTGTTAAAGATTATCGATTAACTTATTACACTCCTGATTATGAGACCAAAGATACAGATATTTTGGCAGCATTCAGAATGACTCCTCAACCTGGCGTACCAGCGGAAGAAGCGGGAGCAGCTGTTGCTGCTGAATCTTCCACCGGTACATGGACTACAGTCTGGACTGATGGTCTTACTAACCTTGATCGTTATAAAGGTCGATGCTACGATATCGACCCTGTTCCCGGGGAACAAAATCAATATATTGCTTATGTAGCTTATCCTTTAGATCTATTTGAGGAAGGTTCTGTTACAAACATGTTTACTTCGATTGTAGGTAATGTATTCGGTTTTAAAGCTTTGAGAGCATTGCGACTTGAAGATTTAAGAATTCCTCCGGCTTATACAAAAACTTTTCAAGGTCCTCCTCACGGTATCCAAGTTGAAAGGGATAAATTGAATAAATATGGTCGTCCTTTATTAGGATGTACTATCAAACCAAAATTAGGTTTATCTGCTAAAAATTATGGTAGAGCTGTATATGAATGTCTTCGTGGTGGGCTGGACTTTACCAAAGATGATGAAAACGTAAATTCTCAGCCATTTATGCGTTGGAGAGATCGTTTCTTATTCGTGGCAGAAGCTCTTTACAAAGCTCAATCAGAAACTGGGGAAATTAAAGGACATTACTTGAATGCTACTGCAGGTACTTCTGAAGAAATGATGAAGAGAGCTGTGTGTGCTAGAGAATTAGGTGTACCAATTGTTATGCATGATTATTTGACCGGTGGTTTTACTGCAAATACTAGTTTGGCCTTCTATTGTCGTGACAATGGTTTACTTCTTCACATTCACCGCGCAATGCATGCGGTT
LC859596.1_L4_donor_900_r1,LC859596.1,Trichocolea japonica,Liverworts,LC859596.1,train,L4_donor_900,900,600,1,2081270406,ATGTCACCACAAACGGAGACTAAAACAGGTGTTGGATTCAAAGCTGGTGTGAAAGATTATAGATTAACTTATTACACACCTGATTATGAGACGAAAGAGACAGATATTTTGGCAGCATTTCGTATGACTCCTCAACCAGGAGTACCACCTGAAGAAGCAGGAGCAGCAGTAGCTGCTGAATCTTCGACTGGTACGTGGACCACGGTTTGGACTGACGGACTTACAACTCTTGATCGTTACAAAGGTCGATGCTATGATATTGAACCTGTCGCTGGCGAAGAAAATCAATATATTGCTTATGTAGCTTATCCATTAGATTTATTCGAAGAAGGTTCTGTCACAAATCTTTTCACTTCTATTGTAGGTAATGTATTCGGATTCAAAGCTCTACGAGCTTTACGTCTTGAAGATTTACGTATTCCTCCAGCTTATGTTAAAACTTTTCAAGGTCCACCTCACGGTATTCAAGTTGAAAGAGATAAATTAAATAAATATGGTCGTCCTTTATTGGGCTGTACCATTAAACCAAAATTAGGTTTATCTGCTAAAAATTATGGTAGAGCTGTATACGAATGTCTTCGTGGTGGACTTGATTTTACAAAAGATGATGAAAATGTAAACTCTCAACCATTTATGCGTTGGAGAGATCGTTTCTTGTTTGTAGCAGAAGCTATTTTCAAATCTCAAGCTGAAACTGGTGAAATTAAAGGACACTATTTAAATGCTACTGCAGGTACATCTGAAGAAATGATGAAAAGAGCTGCATGTGCTAGAGAATTGGGTGTCCCAATTATTATGCATGATTATCTTACAGGTGGATTCACTGCAAATACTAGTTTAGCTCATTATTGCAGAGATAACGGGTTACTTCTTCACATCCATCGTGCGATGCACGCCGTT
LC884819.1_L4_donor_900_r1,LC884819.1,Cyanidium caldarium,Red algae,LC884819.1,train,L4_donor_900,900,600,1,3767609760,ATGGCTCAGTCTGTGCAAGAACGAACACGTCTGAAAAATAAAAGGTATGAATCTGGCGTAATACCATATGCGAAAATGGGATATTGGGATCCGAACTATGTTGTAAAAGACACTGATATCTTAGCACTATTTAGAGTTACTCCTCAACCTGGGGTTGACCCTATTGAAGCTTCTGCCGCGGTAGCAGGAGAATCTTCAACAGCTACATGGACCGTGATTTGGTGCGATTTACTTACAGCCTGTGATGTTTACAGAGCAAAAGCTTACAGAGTTGATCAAGTGCCTAATTCTCCAGATCAATATTTCGCCTACATTGCCTACGACCTGGATTTATTCGAAGAAGGATCTATAGCAAATTTAACAGCATCGATAATCGGAAACGTTTTCGGGTTTAAAGCTTTAGCAGCATTGAGGCTGGAAGACATGAGAATACCTATAGGATACTTGAAAACTTTCCAAGGACCTGCGACTGGCGTAGTCGTTGAAAGAGAACGTTTGAATATGTTTGGCAAGCCTTTTCTAGGTGCTACTGTAAAACCTAAACTAGGGCTTTCTAGTAAAAACTATGGACGGGTTGTTTACGAAGGCTTAAAAGGAGGCTTGAATTTCCTTAAAGATGATGAAAACATAAATTCTCAACCATTCATGAGATGGAGAGAAAGGTTCTTGTACGTGATGGAAGGAGTTAACCGTGCATCTGCAGCAACTGGAGAAATAAAAGGTTCTTATCTAAATGTGACTGCAGCAACAATGGAAGAGATGTATAACAGAGCTGCATGTGCAAAAGAAGTGGGCTCAATCATCATAATGATAGATTTAGTAATAGGATACACAGCTATTCAATCTATGGCTATTTGGGCACGCGAAAATAATATGATTTTACATTTACACAGAGCAGGA
LC899187.1_L4_donor_900_r1,LC899187.1,Pyropia akasakae,Red algae,LC899187.1,train,L4_donor_900,900,600,1,356786137,ATGTCTCAATCCGTAGAATCACGGACTAGGATTAAAAGCGAACGTTACGAATCTGGAGTAATCCCTTACGCTAAAATGGGCTACTGGGATGCTGACTATGTAATTAAAGAAACAGATATTTTAGCTCTTTTCAGAATCACTCCTCAACCAGGTGTTGACCCGATTGAAGCATCTGCTGCAATTGCAGGTGAATCTTCAACAGCTACTTGGACAGTTGTATGGACTGATTTATTAACAGCTTGTGACTTATACAGAGCAAAAGCATATCGAGTAGATCCAGTTCCAAACGTGGCAGATCAATATTTTGCTTATATAGCTTATGATATTGATTTATTTGAAGAAGGTTCCATTGCGAACTTAACTGCTTCAATTATTGGTAACGTTTTTGGGTTTAAAGCTGTTAAAGCTCTTCGTTTGGAAGACATGCGTATGCCAGTAGCTTATCTAAAAACGTTCCAAGGTCCTGCAACTGGATTGATTGTAGAACGTGAGCGTATGGATAAGTTCGGTAGACCTTTCTTAGGTGCTACAGTTAAACCTAAACTAGGTTTATCTGGCAAAAACTACGGAAGAGTTGTATACGAAGGCTTAAAAGGCGGTCTTGATTTCCTTAAAGATGATGAGAATATTAACTCACAACCATTTATGCGTTGGAGAGAAAGATTTTTATATTCTATGGAAGGTGTAAATAAAGCATCTGCTTCTGCTGGCGAAATTAAAGGTCATTACCTTAACGTAACAGCTGCGACAATGGAAGATATGTATGAGAGAGCCGAATTCTCTAAAGAGGTTGGTAGTATCATTTGTATGATTGACCTTGTGATTGGTTATACCGCGATTCAAAGTATGGCAATTTGGGCTCGTAAACATGACATGATTTTACATCTACATAGAGCTGGT
LC924737.1_L4_donor_900_r1,LC924737.1,Conocephalum orientale,Liverworts,LC924737.1,train,L4_donor_900,900,600,1,936759984,ATGTCACCACAAACGGAGACTAAAGCAGGTACTGGATTCAAAGCTGGTGTTAAAGATTATCGATTAACTTATTATACTCCGGATTATGAAACTAAAGATACGGATATTTTAGCAGCATTTAGAATGACTCCTCAGCCTGGGGTACCAGCAGAAGAAGCAGGAGCAGCAGTTGCTGCTGAATCTTCTACTGGTACATGGACTACAGTTTGGACTGATGGTCTTACTAACCTTGATCGTTATAAAGGTCGATGCTATGGTATTGACCCTGTTCCTGGAGAAGAAAATCAATATATTGCTTATGTAGCTTATCCTTTAGATTTATTTGAAGAAGGATCTGTTACAAATATGTTTACTTCTATTGTAGGTAATGTATTTGGATTTAAAGCTTTAAGAGCGTTACGTCTTGAAGATTTACGAATTCCTGTAGCTTATACAAAAACTTTCCAAGGTCCTCCTCATGGTATTCAAGTTGAAAGAGATAAATTAAACAAATATGGTCGTCCTTTATTAGGATGTACTATTAAACCAAAATTAGGTTTATCTGCTAAAAATTATGGTAGAGCTGTATATGAATGTCTTCGTGGTGGACTTGACTTTACTAAAGATGATGAAAATGTAAATTCTCAACCATTTATGCGTTGGAGAGATCGTTTCTTATTTGTAGCAGAAGCTCTTTATAAATCTCAAGCAGAAACTGGAGAAATCAAAGGACATTACTTAAATGCTACTGCAGGTACATCTGAAGAAATGCTAAAAAGAGCAGCATGTGCTAGAGAATTAGGTGCACCAATTGTTATGCATGACTATTTAACTGGTGGTTTTACTGCAAATACTAGTTTAGCTCATTATTGCCGTGATAATGGTTTACTTCTTCATATTCACCGTGCAATGCATGCAGTT
LC924765.1_L4_donor_900_r1,LC924765.1,Porella ulophylla,Liverworts,LC924765.1,train,L4_donor_900,900,600,1,2819647623,ATGTCACCACAAACGGAAACTAAAACAGGTGCTGGATTTAAAGCTGGTGTTAAAGATTATAGATCAACTTATTATACTCCCGACTATGATACAAAGGAGACAGATATTTTAGCAGCATTTCGTATGACTCCTCAACCTGGAGTACCAGAACAAGAAGCAGGAGCAGCAGTAGCTGCTGAATCTTCCACCGGTACATGGACTACGGTTTGGACTGATGGACTTACAAGTCTTGATCGTTACAAAGGTCGATGCTATGATATTGAACCCGTTGCTGGAGAGGATAATCAATTTATTGCTTATGTGGCTTATCCATTAGATCTATTTGAGGAAGGCTCCGTTACAAACCTGTTTACTTCTATTGTAGGTAATGTATTCGGATTCAAAGCTTTACGAGCGTTACGTCTCGAAGATTTACGAATTCCTCCAGCTTATGTAAAAACTTTTCAAGGCCCACCTCATGGTATCCAAGTTGAAAGGGATAAATTGAATAAATATGGTCGTCCTCTATTGGGATGTACTATAAAACCTAAATTAGGTTTATCCGCTAAAAATTATGGTAGAGCTGTATATGAATGTCTTCGTGGTGGACTTGACTTTACAAAAGATGATGAAAATGTAAACTCTCAACCATTTATGCGTTGGAGAGATCGTTTTTTGTTTGTAGCGGAAGCTCTTTTCAAATCTCAAGCCGAAACTGGCGAAATCAAAGGACATTATTTAAATGCTACTGCAGGTACATCTGAAGAAATGTTGAAAAGAGCAGAATGTGCTAGAGAATTGGGTGTACCAATTGTTATGCATGATTATCTTACAGGAGGCTTTACCGCAAATACCAGTTTAGCTCATTATTGTCGAGATAATGGTTTACTTCTTCATATTCATCGTGCAATGCATGCAGTT
LC924778.1_L4_donor_900_r1,LC924778.1,Acrolejeunea pusilla,Liverworts,LC924778.1,train,L4_donor_900,900,600,1,2694597243,ATGTCACCACAAACGGAGACTAAAGCAGGTGTTGGATTTAAAGCGGGCGTTAAGGATTATAGATTAACTTATTATACTCCTGAGTACCAGGTAAAGGCGACAGATATTTTGGCAGCATTTCGTATGACTCCTCAAGCCGGAGTACCAGCAGAAGAGGCAGGAGCAGCTGTAGCTGCTGAATCTTCAACTGGTACATGGACTACGGTTTGGACTGATGGACTTACAAGTCTTGATCGATATAAAGGTCGATGCTATGATATTGAACCTGTTCGTGGAGAAGAGAATCAATATATTGCTTATGTTGCTTATCCATTAGATTTATTCGAAGAAGGTTCTGTTACTAACCTTTTTACTTCTATTGTAGGTAACGTATTTGGATTTAAAGCTTTACGAGCTTTGCGTCTTGAAGATTTGCGAATTCCTCCATCTTATACCAAAACTTTCCAAGGTCCGCCTCATGGTATCCAAGTTGAAAGAGATAAATTGAACAAGTATGGTCGTCCTTTATTAGGATGTACTATTAAACCAAAATTAGGTTTATCGGCAAAAAATTATGGTAGAGCTGTATATGAATGTCTTCGTGGTGGACTTGATTTCACAAAAGATGATGAAAATGTAAATTCTCAACCATTTATGCGTTGGAGAGATCGCTTTTTGTTTGTAGCTGAAGCTCTTTTCAAATCTCAATCCGAAACGGGTGAAATTAAAGGACATTATTTAAATGCTACAGCAGGTACATCTGAAGAAATGTTAAAACGAGCACAATGTGCTAGAGAATTAGGTGTACCAATTGTTATGCATGACTATCTTACAGGTGGTTTTACTGCAAATACTAGTTTAGCTCATTATTGTAGAGATAATGGTTTACTTCTTCATATTCACCGTGCAATGCATGCAGTT
LC924831.1_L4_donor_900_r1,LC924831.1,Ceratodon purpureus,Mosses,LC924831.1,train,L4_donor_900,900,600,1,474453570,ATGTCACCACAAACGGAGACTAAAGCAGGTGTTGGATTTAAAGCTGGTGTTAAAGATTACAGATTAAATTATTACACTCCAGATTATCAGACTAAAGATACTGATATTTTAGCAGCATTTCGAATGACTCCTCAACCAGGAGTACCACCTGAAGAAGCAGGAGCTGCAGTAGCTGCGGAATCTTCCACTGGTACATGGACCACTGTTTGGACTGATGGACTTACTAGTCTTGATCGTTATAAAGGTCGATGCTATGATATTGAAGCAGTTCCTGGAGAAGAAAATCAATATATCGCTTATGTTGCTTACCCATTAGATTTATTTGAAGAAGGTTCTGTTACCAATTTATTTACTTCTATTGTTGGTAATGTTTTTGGATTTAAAGCTTTACGAGCTTTGCGTCTAGAAGATTTACGTATTCCTCCAGCTTATTCCAAAACTTTCCAAGGACCACCTCATGGTATTCAAGTTGAAAGAGATAAATTAAACAAATATGGTCGTCCATTATTAGGATGTACTATTAAACCAAAATTGGGTTTATCTGCTAAAAACTATGGTAGAGCTGTTTATGAATGTCTTCGTGGTGGACTTGATTTCACAAAAGATGATGAAAACGTAAACTCTCAACCGTTTATGCGTTGGAGAGACCGTTTCTTATTTGTAGCAGAAGCTATTTACAAATCTCAAGGCGAAACAGGTGAAATTAAAGGACATTATCTAAATGCTACCGCAGGTACCTGTGAAGAAATGTTCAAAAGAGCTGCATTTGCTAGAGAATTGGGCATGCCTATTGTTATGCATGACTATTTAACAGGTGGTTTTACTGCAAATACTAGTTTAGCTCATTATTGCCGTGATAACGGATTACTTCTTCATATTCACCGTGCAATGCATGCAGTT
LC924878.1_L4_donor_900_r1,LC924878.1,Orthotrichum consobrinum,Mosses,LC924878.1,val,L4_donor_900,900,600,1,3406810499,ATGTCACCACAAACGGAGACTAAAGCAGGTGTTGGATTTAAAGCTGGTGTTAAAGATTACAGATTAACTTATTACACTCCAGATTATCAAACTAAAGAAACTGATATTTTAGCAGCATTTCGAATGACTCCTCAACCAGGAGTGCCAGCTGAAGAAGCAGGAGCTGCAGTAGCTGCAGAATCTTCTACTGGTACATGGACTACTGTTTGGACTGATGGCCTTACTAGTCTTGATCGTTATAAAGGACGATGCTATGATCTTGAAGCAGTTCCTGGAGAAGATAATCAATATATTGCTTATGTTGCTTACCCATTAGATTTATTTGAAGAAGGTTCTGTTACCAATTTATTTACTTCTATTGTTGGTAATGTTTTTGGATTTAAAGCTTTACGAGCTTTACGTCTAGAAGATTTACGTATTCCTCCAGCTTATTCCAAAACTTTCCAAGGTCCACCTCATGGTATTCAAGTTGAACGCGATAAATTAAACAAATATGGTCGTCCATTATTAGGGTGTACTATTAAACCAAAATTAGGTTTATCTGCTAAAAATTATGGTAGAGCTGTATATGAATGTCTTCGTGGTGGACTTGATTTCACAAAAGATGATGAAAACGTAAATTCTCAACCTTTTATGCGTTGGAGAGACCGTTTCTTATTTTGCGCTGAAGCTATCTATAAATCTCAAGCTGAAACAGGTGAGATTAAAGGACATTATTTAAATGCTACCGCAGGTACATGTGAAGAAATGATGAAAAGAGCAGAATTTGCTAGAGAACTAGGAATGCCTATTGTAATGCATGACTATTTAACAGGTGGTTTTACTGCAAATACTAGTTTGGCTCATTATTGCCGTGATAATGGTTTACTTCTTCATATTCACCGTGCAATGCATGCAGTT
LC924944.1_L4_donor_900_r1,LC924944.1,Pylaisiadelpha yokohamae,Mosses,LC924944.1,train,L4_donor_900,900,600,1,3429098399,ATGTCACCACAAACGGAGACCAAAGCAGGTGTTGGATTTAAAGCTGGTGTTAAAGATTACAGATTAACTTATTACACCCCAGATTATCAAACTAAAGACACTGATATTTTGGCAGCATTTCGGATGACGCCTCAACCAGGAGTACCCGCTGAAGAGGCAGGAGCTGCAGTAGCTGCGGAATCCTCCACCGGTACATGGACCACTGTTTGGACCGATGGTCTTACCAGTCTTGATCGTTATAAAGGACGATGCTATGATCTTGAAGCAGTTCCTGGAGAAGAAAATCAATATATTGCTTATGTTGCTTACCCATTAGATCTATTTGAAGAAGGTTCTGTTACCAATTTATTCACCTCTATTGTTGGTAATGTTTTTGGATTCAAAGCTTTACGAGCTTTACGTCTAGAAGATTTACGTATTCCTCCAGCTTATTCCAAAACTTTCCAAGGCCCACCTCATGGTATTCAAGTTGAAAGAGATAAATTAAATAAATATGGTCGTCCATTATTAGGATGTACTATTAAGCCAAAATTGGGTTTATCCGCTAAAAATTATGGTAGAGCTGTATATGAATGTCTTCGTGGTGGACTTGATTTCACAAAGGATGATGAAAACGTAAATTCTCAACCTTTTATGCGTTGGAGAGATCGTTTCTTATTTGTAGCTGAAGCTATTTACAAATCTCAAGCTGAAACAGGTGAAATTAAAGGACATTATTTAAATGCTACTGCAGGTACATCTGAAGAAATGTTGAAAAGAGCTCAATTTGCTAGAGAACTAGGCATGCCTATTATCATGCACGACTATTTAACAGGTGGTTTTACTGCAAACACTAGTTTGGCTCATTATGCTCGTGATAATGGCTTGCTTCTTCATATTCACCGCGCAATGCATGCAGTT
LC924950.1_L4_donor_900_r1,LC924950.1,Calohypnum plumiforme,Mosses,LC924950.1,val,L4_donor_900,900,600,1,3676542651,ATGTCACCACAAACGGAGACTAAAGCAGGTGTTGGATTTAAAGCTGGTGTTAAAGATTACAGATTAACTTATTACACTCCAGATTATCAGACTACAGCAACTGATATTTTAGCAGCATTTCGAATGACTCCTCAACCAGGAGTACCCGCTGAAGAGGCGGGAGCTGCAGTAGCTGCGGAATCCTCCACTGGTACATGGACCACTGTTTGGACTGATGGACTTACCAGTCTTGATCGTTATAAAGGACGATGCTATGATCTCGAAGCAGTTCCTGGAGAAGAAAATCAATATATTGCTTATGTTGCTTACCCATTAGATTTATTTGAAGAAGGTTCTGTTACCAATTTATTTACTTCTATTGTTGGTAATGTTTTTGGATTTAAAGCTTTACGAGCTTTACGTCTAGAAGATTTACGTATTCCTCCAGCTTATTCCAAAACTTTCCAGGGTCCACCTCATGGTATTCAAGTTGAAAGAGATAAATTAAATAAATATGGTCGTCCATTATTAGGATGTACTATTAAGCCAAAATTAGGTTTATCTGCTAAAAACTATGGTAGAGCTGTATATGAATGTCTTCGTGGTGGACTTGATTTCACAAAAGATGATGAAAACGTAAATTCTCAACCTTTTATGCGTTGGAGAGATCGTTTCTTATTCGTAGCTGAAGCTATTTATAAATCTCAATCTGAAACAGGTGAAATTAAGGGACATTATTTAAATGCTACCGCAGGTACATGTGAAGAAATGATGAAAAGAGCTCAGTTTGCTAGAGAATTAGGCATGCCTATTGTCATGCACGACTATTTGACAGGTGGTTTTACTGCAAATACTAGTTTGGCTCATTACTGTCGTGATAATGGCTTGCTCCTTCATATTCACCGTGCAATGCATGCAGTT
LC924964.1_L4_donor_900_r1,LC924964.1,Myuroclada maximowiczii,Mosses,LC924964.1,train,L4_donor_900,900,600,1,3538193720,ATGTCACCACAAACGGAGACTAAAGCAGGTGTTGGATTTAAAGCTGGTGTTAAAGATTACAGATTAACTTATTACACTCCAGATTATCAGACTAAAGAAACTGATATTTTAGCAGCATTTCGAATGACTCCTCAACCAGGAGTACCCGCTGAAGAGGCAGGAGCTGCAGTAGCTGCGGAATCTTCCACTGGTACATGGACCACCGTTTGGACCGATGGACTTACCAGTCTTGATCGTTATAAAGGACGATGCTATGATCTTGAAGCAGTTCCTGGAGAAGAGAATCAATATATTGCTCATGTTGCTTACCCATTAGATCTATTTGAAGAAGGTTCTGTTACCAATTTATTTACTTCTATTGTTGGTAATGTTTTCGGATTTAAAGCTTTACGAGCTTTACGTCTAGAAGATTTACGTATTCCTCCAGCTTATTCCAAAACTTTCCAAGGTCCACCTCATGGTATTCAAGTCGAAAGAGATAAATTAAACAAATATGGTCGTCCATTATTAGGATGTACCATTAAGCCAAAATTGGGTTTATCTGCTAAAAACTATGGTAGAGCTGTATATGAATGTCTTCGTGGTGGACTTGATTTCACAAAAGATGATGAAAACGTAAATTCTCAACCTTTTATGCGTTGGAGAGATCGTTTCTTATTTGTAGCTGAAGCTATTTACAAATCTCAAGCTGAAACAGGTGAAATTAAAGGACATTATTTAAATGCTACCGCAGGTACATGTGAAGAAATGATGAAAAGAGCTCAATTTGCTAGAGAACTAGGCATGCCTATTGTCATGCACGACTATTTAACAGGTGGTTTTACTGCAAACACCAGTTTGGCCCATTACTGTCGTGATAATGGCTTGCTTCTTCATATTCACCGCGCAATGCATGCAGTT
MG251837.1_L4_donor_900_r1,MG251837.1,Hydroclathrus rapanuii,Brown algae,MG251837.1,train,L4_donor_900,900,600,1,677468297,ATGCTTGAAGATGTGCAGAATCGAACTCGAATAAAAAGTGAACGTTACGAATCAGGTGTAATTCCATATGCCAAAATGGGGTATTGGGATGCTGATTATAACGTTAAAGATACTGATATTCTAGCTCTTTTTCGTATCACTCCACAGCCAGGTGTAGATCCCGTTGAAGCTGCCGCTGCTGTTGCCGGCGAATCTTCTACTGCAACATGGACGGTAGTTTGGACAGACTTATTAACTGCTTGTGATATTTATCGAGCAAAAGCATATAGAGTAGATCCAGTACCCGGAACAAGTGACCAATTCTTTGCTTATATAGCTTACGAATGTGATTTATTTGAAGAAGGTTCTCTTGCTAACTTAACGGCATCTATTATTGGTAACGTTTTTGGTTTTAAAGCTGTTAAAGCGTTACGTTTAGAAGATATGAGAATTCCTTACGCTTATTTAAAAACTTTCCAAGGACCAGCAACAGGTGTGGTTGTGGAAAGAGAAAGACTAGATAAATTTGGTCGTCCTTTATTAGGGGCTACTGTGAAACCTAAATTAGGTCTTTCTGGTAAAAACTACGGACGTGTTGTTTATGAAGGTTTAACTGGTGGTCTTGACTTCCTTAAGGATGATGAGAATATTAATTCACAACCATTTATGCGTTGGAAAGAACGTTTCTTATACTGTATGGAAGGTGTTAACCGAGCTGCTGCTGCAACAGGTGAAGTTAAAGGTTCATATCTTAACATTACTGCTGCGACTATGGAACAAATGTATGAACGTGCAGAATATGCTCATTCAATTGGTTCTGTTATTATTATGATCGATTTAGTTATTGGTTATACAGCAATCCAAAGTATGGCAATATGGGCACGAAAAGCTGAAATGATCTTACATTTACATCGTGCTGGA
MH172437.1_L4_donor_900_r1,MH172437.1,Pectinopitys harmsiana,Conifers,MH172437.1,train,L4_donor_900,900,600,1,1410393548,ATGTCACCAAAAACAGAGACTAAAGTAAGTGCTGGGTTCAAAGCTGGTGTTAAAGATTACAGATTAACTTATTATACTCCGGACTATCAGACCCAAGAGACTGATATCTTGGCAGCATTCCGAGTCACTCCTCAACCCGGAGTGCCCCCCGAGGAAGCAGGAGCGGCAGTAGCTGCCGAATCTTCCACTGGTACATGGACTACTGTTTGGACCGATGGACTCACCAGCCTTGATCGTTACAAGGGGCGATGCTATGACATCGAGCCTGTTCCTGGAGAGGAAAGTCAATTTATTGCCTATGTAGCTTACCCCTTGGACCTTTTTGAAGAAGGTTCTGTTACTAACCTGTTCACTTCCATTGTAGGTAATGTATTTGGATTCAAAGCCCTACGGGCTCTACGTTTGGAAGATCTGCGAATTCCTCCTGCTTATTCCAAAACCTTCCAAGGTCCACCCCATGGTATCCAAGTAGAAAGAGATAAATTAAATAAATATGGCCGTCCTTTGTTGGGATGTACTATCAAACCAAAACTGGGTCTGTCCGCCAAGAATTATGGTAGAGCAGTTTACGAATGTCTTCGTGGTGGACTTGATTTCACAAAGGATGATGAGAACGTAAATTCCCAACCATTTATGCGCTGGAGAGATCGTTTTTGCTTTTGCGCAGAAGCACTTTTTAAAGCTCAGGCTGAAACGGGTGAAATTAAGGGGCATTACCTGAATGCTACCGCAGGTACATGCGAAGAAATGATAAAAAGAGCGGTATTCGCTAGAGAATTGGGAGTTCCTATCGTTATGCATGACTATCTGACGGGGGGTTTTACTGCAAATACTTCGTTGGCTCATTATTGTCGAGACAACGGCCTACTTCTTCACATTCACCGCGCAATGCATGCAGTT
MH270460.1_L4_donor_900_r1,MH270460.1,Macleaya microcarpa,Other angiosperms,MH270460.1,train,L4_donor_900,900,600,1,900308052,ATGTCACCACAAACAGAGACTAAAGCAAGTGTTGGATTCAAAGCTGGTGTTAAAGATTACAAATTGACTTATTATACTCCTGACTATGAAACCAAAGATACTGATATCTTGGCAGCATTCCGAGTAACTCCTCAACCTGGAGTTCCGCCTGAGGAAGCAGGGGCCGCGGTAGCTGCCGAATCTTCTACTGGTACATGGACAACTGTGTGGACCGATGGACTTACCAGCCTTGATCGTTACAAAGGAAGATGCTACCATATCGAGCCCGTAGCTGGAGAAGACAATCAATATATTTGTTATGTAGCTTACCCTTTAGACCTTTTTGAAGAAGGTTCTGTTACTAACATGTTTACTTCCATTGTGGGTAATGTATTTGGGTTCAAAGCGCTGCGCGCTCTACGTCTGGAGGATCTGCGAATTCCTCCTGCTTATGTTAAAACTTTCCAAGGCCCACCTCATGGTATCCAAGTTGAGAGAGATAAATTGAACAAGTATGGTCGTCCCCTATTGGGATGTACTATTAAACCAAAATTGGGGTTATCCGCTAAGAACTACGGTAGAGCGGTTTATGAATGTCTCCGCGGTGGACTTGATTTTACCAAGGATGATGAAAACGTGAACTCCCAACCCTTTATGCGTTGGAGAGACCGTTTCTTATTTTGTGCCGAAGCAATTTATAAAGCACAGGCCGAAACAGGTGAAATCAAAGGGCATTACTTGAATGCTACTGCAGGTACATGCGAAGAAATGATCAAAAGGGCTGTATTTGCCAGAGAATTGGGAGTTCCTATCGTAATGCATGACTATTTAACGGGGGGATTCACTGCAAATACTAGCTTGGCTCATTATTGCCGAGATAATGGCCTACTTCTTCACATCCACCGCGCAATGCATGCAGTT
MH390671.1_L4_donor_900_r1,MH390671.1,Quinchamalium chilense,Eudicots,MH390671.1,train,L4_donor_900,900,600,1,763486574,ATGTCACCACAAACAGAGACTAAAGCGAGTGTTGGATTCAAAGCTGGTGTTAAAGAGTACAAATTGACTTATTATACTCCTGATTATGAAACCAAAGATACTGATATCTTGGCAGCATTCCGAGTAACTCCGCAACCTGGAGTTCCACCCGAAGAAGCGGGGGCTGCCGTAGCTGCTGAATCTTCTACTGGTACATGGACAACTGTATGGACCGACGGACTTACCAGCCTTGATCGTTATAAAGGAAGATGTTACCACATCGAGCCCGTTGCTGGCGAAGAAAATCAATATATTGCTTATGTTGCTTATCCCTTAGACCTTTTTGAAGAAGGCTCTGTTACTAATATGTTTACTTCCATTGTAGGTAATGTATTTGGGTTTAAAGCCTTGCGTGCCCTACGTTTAGAGGATCTGAGAATCCCCCCTGCTTATTCTAAAACGTTCCAAGGTCCGCCACACGGTATCCAAGTTGAGAGAGATAAATTGAACAAGTATGGTCGTCCCCTACTGGGATGTACTATAAAACCTAAATTAGGGTTATCCGCTAAGAACTACGGCAGAGCAGTTTATGAATGCCTTCGTGGTGGACTTGATTTTACTAAAGATGATGAAAATGTAAACTCTCAACCATTTATGCGTTGGAGAGACCGTTTCTTATTTTGTGCCGAAGCCATTTATAAAGCACAAGCCGAAACAGGTGAAATCAAAGGGCATTACTTGAATGCAACTGCAGGTACATGCGAAGAAATGATCAAAAGGGCTGTATTTGCCAGAGAATTGGGAGTCCCTATTGTAATGCACGACTACTTAACAGGAGGATTCACTGCAAATACTAGCTTGGCTCATTATTGCCGAGATAATGGATTACTTCTGCACATCCATCGTGCAATGCATGCGGTT
MH390672.1_L4_donor_900_r1,MH390672.1,Schoepfia schreberi,Eudicots,MH390672.1,train,L4_donor_900,900,600,1,3411287441,ATGTCACCACAAACAGAGACTAAAGCAAGTGTTGGATTCAAAGCTGGTGTTAAAGAGTACAAATTGACTTATTATACTCCTGATTATGAAACCAAAGATACTGATATCTTGGCAGCATTCCGAGTAACTCCTCAACCCGGAGTTCCACCCGAGGAAGCGGGGGCCGCGGTAGCTGCCGAATCCTCTACTGGTACATGGACAACTGTGTGGACCGATGGACTTACCAGCCTTGATCGTTATAAAGGAAGATGCTACCACATTGAGCCCGTTGCTGGCGAAGAAAATCAATATATTGCTTATGTCGCTTATCCCTTAGACCTTTTTGAAGAAGGCTCTGTTACTAACATGTTGACTTCCATTGTCGGTAATGTATTTGGGTTTAAAGCCTTGCGTGCCCTGCGTTTAGAGGATCTGAGAATCCCCCCTGCTTATTCTAAAACGTTCCAAGGCCCACCTCATGGTATCCAAGTTGAGAGAGATAAATTGAACAAGTATGGCCGTCCCCTATTGGGATGTACTATTAAACCAAAATTGGGGTTATCCGCTAAAAACTATGGCCGAGCGGTTTATGAATGCCTTCGCGGTGGACTTGATTTTACCAAAGATGATGAGAACGTAAACTCTCAACCATTTATGCGTTGGAGAGACCGTTTCTTATTTTGTGCCGAAGCCATTTTTAAAGCACAGGCCGAAACAGGTGAAATCAAAGGGCATTACTTGAATGCTACGGCAGGTACATGGGAAGAAATGCTCAAAAGGGCTGTATGTGCCAGAGAGTTGGGAGTCCCTATCATAATGCATGACTACTTAACAGGAGGATTCACTGCAAATACTAGCTTGGCTCATTATTGCCGAGATAATGGCTTACTTCTGCACATCCATCGTGCAATGCATGCGGTT
MH545292.1_L4_donor_900_r1,MH545292.1,Batophora occidentalis,Green algae,MH545292.1,train,L4_donor_900,900,600,1,2725180295,ATGGCTCCACAAACTGAGACTAAAGCAAGTGCTGGATTTAAAGCGGGTGTAAAAGATTATCGTTTAACATATTACACTCCTGATTATCAAGTACAAGACACTGATATTTTAGCTGCGTTTCGAATGACTCCACAACCTGGAGTACCAGCAGAAGAATGTGCTGCTGCAGTTGCCGCTGAATCTTCAACAGGTACTTGGACAACAGTATGGACAGACGGTTTAACAAGTCTTGATCGTTATAAAGGTCGTTGTTATGATGTTGAACCAGTTCCTGGAGAAGATAACCAATATATTGCATATGTAGCGTACCCTCTAAATCTATTTGAAGAAGGATCTGTAACAAACTTATTCACTTCAGTTGTTGGGAACGTTTTTGGATTTAAAGCTCTTCGTGCTCTTCGTTTAGAAGATCTTCGTATTCCACAAGCATACGTTAAAACATTCTTTGGACCTCCTCATGGGATTCAAGTTGAACGTGATAAATTAAACAAGTATGGGCGCGGATTCCTAGGGTGTACGATTAAGCCAAAATTAGGACTTTCAGCTAAAAACTACGGACGTGCTTGTTACGAATGTTTACGTGGGGGTCTAGATTTTACGAAAGATGATGAAAACGTAAATTCACAACCATTTATGCGTTGGCGTGACCGTTTCTTATTCGTTGCTGAAGCCATCTATAAATCACAAGCAGAAACAGGAGAAATTAAAGGGCATTATTTAAATGCAACAGCTCCTACGAGCGAAGAAATGCTAAAACGTGCAGAATTAGCAAAACACCTTGGTGTACCTATCGTTATGCATGACTATTTAACTGCCGGATTTACATCAAATACTTCATTAGCTAATTATTGTCGTGACAACGGTTTATTATTACATATTCACCGTGCAATGCACGCTGTA
MH545335.1_L4_donor_900_r1,MH545335.1,Halicoryne sp. HV04044,Green algae,MH545335.1,train,L4_donor_900,900,600,1,2391905682,ATGGGAACAACTGAAACGAAAGCAGGTGCTGGATTTAAAGCGGGTGTAAAAGATTATCGTCTAACGTACTATACACCTGATTATCAAGTACAAGATACAGATATTTTAGCAGCATTTCGAATGACGCCTCAGCCAGGAGTTCCAGCGGAAGAATGTGCCGCTGCTGTAGCTGCTGAATCTTCAACAGGTACTTGGACTACTGTTTGGACAGATGGATTAACTTCGCTAGACCGTTACAAAGGTCGATGCTATGATGTTGAACCTGTTCCTGGAGAAGATAATCAATACATTGCATATGTGGCTTATCCTTTAAACTTATTTGAAGAAGGGTCTGTAACAAATTTATTTACGTCAATTGTTGGTAACGTTTTTGGATTCAAAGCTCTTCGTGCTCTTCGTTTAGAAGATCTTCGTATTCCTCAAGCATTTGTCAAAACATTCTTGGGACCACCACATGGTATTCAAGTAGAACGTGATAAATTAAACAAATATGGTCGTAGTTTATTAGGTTGTACGATTAAGCCAAAACTTGGTCTTTCAGCTAAAAACTACGGTCGTGCATGTTATGAATGTTTACGTGGAGGACTTGATTTCACTAAGGATGATGAAAATGTAAACTCACAACCATTTATGCGTTGGCGTGATCGATTCTTATTTGTTGCAGAAGCTATTTACAAATCACAAGCGGAAACAGGAGAAATTAAAGGACATTATTTAAATGCAACTGCGCCAACTAGTGAAACAATGCTTCAACGTGCAGAAGTAGCTAAACATTTAGGTGTACCTATTATTATGCACGATTATCTAACGGCAGGTTTTACAGCCAATACGTCATTAGCTAATTATTGTCGTGACCACGGGTTATTACTACATATTCACCGTGCTATGCACGCAGTTATT
MH616272.1_L4_donor_900_r1,MH616272.1,Borya sphaerocephala,Monocots,MH616272.1,train,L4_donor_900,900,600,1,506021606,ATGTCACCACAAACAGAGACTAAAGCAAATGTTGGATTTAAAGCTGGTGTTAAAGATTACAAATTGACTTATTATACTCCTGACTACGACACCAAAGATACTGATATTTTGGCAGCATTTCGAGTAACTCCTCAACCAGGAGTTCCGCCTGAAGAAGCAGGGGCCGCGGTAGCTGCCGAATCTTCTACTGGTACATGGACAACTGTGTGGACTGATGGACTTACCAGTCTTGATCGTTACAAAGGACGATGCTACCACATCGAGGCTGTTGTTGGGGAAGAAAATCAATATATTGCTTATGTAGCTTATCCTTTAGACCTTTTTGAAGAAGGTTCTGTTACTAACATGTTTACTTCCATTGTTGGTAATGTATTTGGTTTCAAAGCCCTACGAGCTCTACGTCTGGAGGATCTGCGAATTCCCCCTGCTTATTCAAAAACTTTCCAAGGCCCGCCCCATGGTATCCAAGTTGAAAGAGATAAATTGAACAAGTATGGTCGTCCCCTATTGGGATGTACTATTAAACCAAAATTGGGATTATCCGCAAAAAACTACGGTAGAGCGGTTTATGAATGTCTACGTGGTGGACTTGATTTTACTAAAGATGATGAAAACGTGAACTCACAACCATTTATGCGTTGGAGAGACCGTTTCGTATTTTGTGCTGAAGCAATTTATAAAGCGCAAGCCGAAACGGGTGAAATCAAAGGACATTACTTGAATGCAACTGCGGGTACATGTGAAGAAATGATCAAAAGGGCCGTATTTGCTAGAGAATTGGGAGTTCCTATCGTAATGCATGACTATTTAACTGGAGGATTCACTGCAAATACTAGCTTGGCTCATTATTGCCGCGACAACGGCCTACTTCTTCACATCCATCGTGCAATGCACGCAGTT
MH661965.1_L4_donor_900_r1,MH661965.1,Epiblema grandiflorum,Monocots,MH661965.1,train,L4_donor_900,900,600,1,3956466104,ATGAGTTGTAGGGAGGGACTTATGTCACCACAAACAGAGACTAAAGCAAGCGTTGGATTTAAAGCTGGTGTTAAAGATTACAAATTGACTTATTATACTCCTGACTACGAAACAAAAGATACTGATATCTTGGCAGCATTCCGAGTAACTCCTCAACCGGGAGTTCCGCCTGAAGAAGCGGGAGCTGCGGTAGCAGCCGAATCTTCTACTGGTACATGGACAACTGTGTGGACTGATGGACTTACCAGTCTTGATCGTTACAAAGGACGGTGCTACCACATTGAGGCCGTTGTTGGGGAGGAAAATCAATATATTGCTTATGTAGCTTATCCTTTAGACCTTTTTGAAGAAGGTTCTGTTACTAACATGTTTACTTCCATTGTGGGTAATGTTTTTGGTTTCAAAGCCCTGCGAGCTCTACGTCTGGAAGATTTGCGAATTCCCCCTTCTTATTCCAAAACTTTCCAAGGTCCGCCTCATGGCATCCAAGTTGAAAGAGATAAATTGAACAAGTACGGTCGTCCCCTATTGGGATGTACTATTAAACCAAAATTGGGATTATCCGCAAAAAACTACGGTAGAGCGGTTTATGAATGTCTACGGGGTGGACTTGATTTTACTAAGGATGATGAAAACGTGAACTCACAACCATTTATGCGTTGGAGAGATCGTTTCTTATTTTGTGCCGAATCTCTTTATAAGGCACAAGCCGAAACGGGGGAAATCAAAGGACATTACTTGAATGCAACTGCGGGTACATCTGAAGAAATGATCAAAAGAGCGATCTTTGCCAGAGAATTGGGAGTTCCTATCGTAATGCACGACTATTTAACTGGAGGATTCACCGCAAATACTAGCTTAGCTCATTATTGCCGCGATAACGGTCTACTTCTTCACATC
MK295219.1_L4_donor_900_r1,MK295219.1,Chlorella sp. 64.01,Green algae,MK295219.1,train,L4_donor_900,900,600,1,2158369269,ATGGCTCCACAAACTGAAACTAGAGCAGGTGCTGGATTTAAAGCAGGTGTTAAAGATTATCGTTTAACATACTATACTCCTGACTATCAACCAAAAGAAACTGATATTCTTGCAGCATTCCGTATGACACCACAACCAGGTGTACCACCGGAAGAAGCTGGTGCAGCGGTAGCAGCAGAATCTTCAACAGGTACTTGGACGACTGTATGGACAGACGGTTTAACTAGTTTAGATCGTTATAAAGGTCGTTGTTATGATATTGAACCAGTTCCAGGTGAAGAAAATCAATATATTGCATATATTGCTTACCCTTTAGATCTTTTTGAAGAAGGTTCTGTAACGAATTTATTTACTTCAATTGTAGGTAACGTTTTTGGTTTCAAAGCTCTTCGTGCATTACGTCTAGAAGATCTTCGTATTCCACCAGCGTATGTAAAAACTTTCCAAGGACCTCCACACGGTATTCAAGTTGAACGTGATAAACTAAACAAATACGGTCGTGCGCTTTTAGGTTGTACTATTAAACCAAAATTAGGTCTTTCTGCGAAAAACTATGGTCGTGCAGTTTATGAGTGTTTACGTGGTGGTCTTGATTTTACAAAAGATGATGAAAACGTAAACTCTCAACCATTTATGCGCTGGAGAGATCGTTTCTTATTCGTAGCAGAAGCAATTTATAAATCTCAAGCAGAAACTGGTGAGATTAAAGGTCACTATTTAAATGCAACAGCAGCTACAGCAGAAGAAATGCTTAAACGTGCTCAGTGTGCAAAAGATTTAGGTGTACCTATTGTTATGCACGATTATTTAACAGGTGGTTTTACAGCAAATACTAGTTTAGCTACTTATTGTCGTGATCATGGTCTTCTTTTACACATTCACCGTGCAATGCACGCTGTA
MK295220.1_L4_donor_900_r1,MK295220.1,Pseudochlorella pringsheimii,Green algae,MK295220.1,train,L4_donor_900,900,600,1,546712688,ATGTCTCCACAAACTGAAACTAAAGCAAGGGTGGGTTTCAAAGCAGGTGTTAAAGACTACCGTTTAACTTACTATACTCCTGATTACCAACCAAAAGATACTGATATTCTTGCAGCGTTCCGTATGACTCCTCAACCAGGTGTTCCACCAGAAGAAGCTGGTGCAGCGGTAGCAGCAGAATCATCAACTGGTACTTGGACGACTGTATGGACTGACGGTTTAACTAGTTTAGATCGTTACAAAGGTCGTTGTTATGATATCGAGCCAGTTCCAGGTGAAGAAAACCAATACATTGCATATATTGCATATCCTTTAGATCTTTTTGAAGAAGGTTCTGTAACAAACTTATTTACTTCAATTGTAGGTAACGTTTTTGGTTTCAAAGCTCTTCGTGCTTTACGTTTAGAAGATCTTCGTATTCCACCAGCATACGTAAAAACTTTCCAAGGTCCTCCTCACGGTATTCAAGTAGAACGTGATAAACTTAACAAATACGGTCGTGGTTTATTAGGTTGTACAATTAAACCAAAATTAGGTCTTTCAGCTAAAAACTACGGTCGTGCTGTATATGAATGTTTACGTGGTGGTCTTGATTTCACAAAAGATGATGAAAACGTAAACTCTCAACCATTTATGCGTTGGAGAGATCGTTTCTTATTTGTTGCTGAAGCTATTTACAAATCTCAAGCTGAAACTGGTGAAATTAAAGGTCACTATTTAAACGCAACGGCAGCTACAGCAGAAGCAATGATGCAACGTGCTGAATGTGCGAAAGATTTAGGTGTACCTATTATTATGCACGATTACTTAACTGGTGGTTTTACAGCAAACACAAGTTTATCTCATTATTGTCGTGATAATGGTCTTCTTTTACACATTCACCGTGCAATGCACGCTGTA
MK806439.1_L4_donor_900_r1,MK806439.1,Lepisorus jakonensis,Ferns,MK806439.1,train,L4_donor_900,900,600,1,957758439,ATGTCACCACAAACGGAGACTAAAGCGGGTGTTGGATTCAAAGCTGGTGTCAAAGATTATCGATTGACTTATTACACCCCCGAATACAAAACCAAAGATACCGATATCTTAGCAGCATTTCGAATGACCCCACAACCTGGAGTACCGGCTGAGGAAGCTGGAGCTGCGGTAGCTGCAGAATCCTCCACAGGTACGTGGACCACTGTATGGACAGATGGGTTGACTAGTCTTGACCGTTACAAGGGCCGATGCTATGACATCGAACCCGTCGCTGGGGAAGAGAATCAGTATATCGCGTATGTAGCTTATCCTTTGGATCTATTTGAAGAAGGTTCCGTTACTAATTTATTCACCTCCATAGTCGGTAATGTCTTCGGATTTAAGGCTCTGCGCGCTCTACGCTTGGAAGACCTTCGAATTCCTCCCGCTTATTCTAAAACTTTCATAGGACCGCCTCATGGTATTCAGGTTGAAAGGGATAAATTGAACAAATATGGACGTCCCCTATTGGGATGTACAATCAAGCCAAAATTGGGTCTGTCTGCTAAAAATTATGGTAGAGCCGTCTACGAATGCCTTCGCGGTGGACTTGATTTCACAAAAGATGATGAAAATGTGAATTCCCAGCCATTCATGCGTTGGAGAGATCGTTTCCTATTTGTGGCAGAAGCTCTTTTCAAATCCCAGGCTGAAACGGGAGAAATCAAAGGGCATTACTTAAATGCTACTGCAGGTACATGTGAAGAAATGTTGAAAAGAGCTGTTTTTGCTAGGGAGTTGGGTGTACCAATTATCATGCATGACTACCTAACCGGAGGGTTTACTGCAAATACCAGCTTAGCTTTTTATTGCAGAGATAATGGACTACTTCTTCATATTCACCGCGCGATGCATGCTGTG
MN030175.1_L4_donor_900_r1,MN030175.1,Botrypus virginianus,Ferns,MN030175.1,train,L4_donor_900,900,600,1,554208526,ATGTCACCACAAACGGAGACTAAAGCAGGTGTTGGATTCAAAGCTGGTGTTAAAGATTATCGATTGACCTATTACACTCCCGATTACAAAACCAAGGATACTGATATCCTAGCAGCTTTTCGAATGACTCCCCAACCTGGAGTGCCAGCTGAGGAAGCGGGAGCCGCGGTAGCTGCTGAATCTTCCACCGGTACGTGGACCACCGTATGGACCGATGGACTTACCAGCCTTGATCGTTACAAGGGTCGATGCTATGAAATCGAACCTGTTCCCGGGGAGGAGAATCAATTCATTGCTTATGTGGCGTATCCTCTAGATCTTTTTGAGGAAGGTTCTGTCACCAACATGTTCACTTCCATTGTAGGTAACGTATTCGGATTCAAGGCATTGAGAGCTTTACGGTTGGAAGATTCAAGAATCCCCCCTGCTTATTCTAAGACTTTCACGGGTCCGCCTCACGGTATTCAAGTCGAGAGGGATAAATTAAACAAATACGGTCGCCCCTTACTAGGATGTACCATCAAACCCAAATTGGGATTATCTGCCAAAAATTATGGCAGAGCTGTTTATGAATGTTTACGTGGTGGGCTCGATTTCACCAAGGATGATGAAAACGTAAATTCCCAACCGTTTATGCGTTGGAGAGATCGTTTCTTATTCGTGGCAGAAGCTCTTTTCAAATCTCAAGCTGAAACGGGTGAGATTAAGGGGCATTACTTAAACGCTACCGCGGGTACTTGTGAGGAAATGCTAAAAAGAGCAGTATTTGCTCGAGAATTGGGAGTACCCATTGTCATGCACGATTATTTGACAGGAGGATTCACTGCAAATACTAGCTCAGCTTTCTACTGCCGGGATAATGGTCTACTCCTTCACATTCATCGTGCAATGCATGCTGTT
MN601490.1_L4_donor_900_r1,MN601490.1,Clematis sp. DPP-2019a,Other angiosperms,MN601490.1,train,L4_donor_900,900,600,1,3523390120,ATGTCACCACAAACAGAGACTAAAGCGAGTGTTGGCTTCAAAGCAGGTGTTAAAGAGTACAAATTGAATTATTATACTCCTGAATATGAACCCAAAGAAACTGATACCTTGGCGGCATTCCGAGTAAGTCCTCAACCTGGAGTTCCACCTGAAGAAGCAGGGGCTGCTGTAGCTGCCGAATCTTCTACGGGTACATGGACAACTGTGTGGACCGATGGACTTACCAGCCTTGATCGTTACAAAGGACGATGCTACGATATCGAGCCCGTTGCTGGAGAAGAAAATCAATATATTTGTTATGTAGCCTACCCTTTAGACCTTTTTGAAGAAGGTTCTGTTACTAACATGTTTACTTCTATTGTGGGTAATGTATTTGGGTTCAAAGCGTTACGCGCTCTACGTCTGGAAGATCTGCGAGTTCCTGTTGCTTATATTAAAACTTTCCAAGGCCCGCCTCATGGCATCCAAGTTGAGAGAGATAAATTGAACAAGTATGGTCGTCCCCTATTGGGATGTACTATTAAACCAAAATTGGGCTTATCTGCTAAGAACTATGGTAGAGCAGTTTATGAATGTCTCCGTGGTGGACTTGATTTTACCAAGGATGATGAGAACGTGAACTCCCAACCCTTTATGCGTTGGAGAGACCGTTTCCTATTTTGTGCTGAAGCAATTTATAAAGCACAAGCCGAAACAGGTGAAATCAAAGGGCATTACTTGAATGCTACTGCGGGTACATGCGAAGAAATGATAAAAAGAGCTGTATTTGCCAGAGAATTGGGAGTACCCATCGTAATGCACGACTACCTAACGGGGGGATTCACCGCAAATACCAGCTTGGCTCATTATTGCCGGGATAATGGGTTACTTCTTCACATCCACCGCGCAATGCATGCAGTT
MN793055.1_L4_donor_900_r1,MN793055.1,Chara vulgaris,Other green,MN793055.1,train,L4_donor_900,900,600,1,2736861983,ATGTCACCACAGACAGAAACTAAAACAAGTGCTGGATTTAAAGCAGGGGTAAAAGATTACAGATTAACTTACTATACTCCTGAGTATAAAACTAAAGATACTGACATTTTAGCTGCATTTCGTGTAACTCCACAACCTGGCGTTCCACCTGAAGAAGCAGGTGCTGCAGTAGCTGCAGAATCTTCCACTGGTACATGGACTACTGTTTGGACTGACGGATTAACTAGTTTAGACCGATACAAAGGAAGATGCTACGATATTGAACCTGTTGCTGGTGAAGAGAATCAGTTTATTGCATATGTTGCTTATCCTCTTGATTTATTTGAAGAAGGATCAGTAACAAATTTATTCACATCGATTGTAGGTAATGTATTTGGATTTAAAGCATTAAGGGCTTTACGTTTGGAAGATTTACGTATTCCTCCTGCTTATACAAAGACTTTTCAAGGGCCACCTCATGGTATTCAAGTTGAAAGAGATAAACTAAATAAATATGGACGACCATTATTGGGATGTACTATTAAACCCAAATTAGGTTTATCTGCTAAAAATTATGGTAGAGCTGTATATGAATGTCTTCGCGGTGGACTTGACTTTACAAAAGATGACGAAAACGTGAATTCTCAGCCTTTTATGCGATGGAGAGATAGATTCTTATTTGTAGCAGAAGCAATTTATAAATCTCAAGCAGAAACTGGAGAAATTAAAGGTCACTATTTAAATGCTACTGCAGGAACTTGTGAAGAAATGCTTAAGAGAGCACAATGTGCAAGAGAATTAGGTATGCCTATTGTTATGCATGATTATCTTACAGGTGGATTTACAGCTAATACTACTCTAGCTCATTATTGTCGAGATAATGGTTTATTGCTTCATATCCACCGTGCTATGCACGCTGTA
MT439865.1_L4_donor_900_r1,MT439865.1,Glomerochrysis psammophila,SAR/other protist,MT439865.1,val,L4_donor_900,900,600,1,1496897065,ATGTCTCAATCTGTATCAGAACGTACACGTATTAAGAGCGAACGTTATGAATCTGGTGTAATCCCTTACGCTAAAATGGGTTACTGGGATTCTAGTTACACAATCAAGAGTACGGATGTTCTTGCATTATTCCGTATTACACCTCAACCGGGCGTAGATCCAGTTGAAGCTGCTGCTGCCGTAGCGGGTGAATCTTCAACAGCTACATGGACTGTTGTATGGACAGATTTATTAACAGCATGTGATGTATACCGTGCAAAAGCATATCGTGTAGATCCGGTTCCAAGTGCTGCTGATCAATTCTTTGCATATATCGCATATGAAGGTGATTTATTTGAGGAAGGTTCATTAGCGAATATGACAGCTTCTATCATCGGTAACGTATTTGGTTTCAAAGCCGTTAAAGCGTTACGTTTAGAAGATATGCGTATTCCACACTCTTACTTAAAGACTTTCCAAGGTCCTGCAACAGGTGTAATTGTAGAGCGTGAGCGTTTAGATACTTATGGCCGTCCTCTTTTAGGTGCTACAGTTAAGCCTAAGTTAGGTCTTTCTGGTCGTAACTACGGTCGTGTAGTATTTGAAGGTTTAAAGGGTGGTTTAGACTTCTTAAAGGATGATGAGAACATTAACTCTCAACCTTTCATGCGTTGGCGTGAGCGTTTCATCTACTGTATTGAAGGTATCAACCGTGCGGTTGCTGCAACAGGTGAAGTTAAGGGTTCTTACCTAAACATTACAGCGGCTACGATGGAAGAAATGTACGTTCGTGCAGAGTACGCTAAAGAGCTTGGTTCAGTTATTGTAATGATTGATTTAGTTATTGGTTACACAGCGATCCAAAGTATGGCTATTTGGGCGCGTGAGAATGATATGCTTTTACATTTACACCGTGCCGGT
MW267923.1_L4_donor_900_r1,MW267923.1,Zygnema circumcarinatum,Other green,MW267923.1,train,L4_donor_900,900,600,1,1940514799,ATGTCACCACAAACAGAAACCAAAGCAGGTGCTGGATTTAAAGCAGGGGTAAAAGATTACCGACTTACCTATTACACTCCTGACTATGAAACTAAGGAAACCGATATCCTTGCTGCATTCCGTATGACTCCTCAACCTGGAGTTCCACCGGAAGAAGCAGGTGCTGCTGTAGCAGCAGAGTCCTCTACTGGTACATGGACTACTGTTTGGACCGATGGTCTTACTAGTCTAGATCGCTACAAAGGTAGATGCTATGATCTTGAACCAGTTCCTGGAGAAGAGAATCAATACATTGCATATATCGCATATCCTCTTGACCTATTCGAAGAAGGTTCTGTAACCAACTTGTTCACCTCTATTGTAGGAAACGTATTTGGATTTAAAGCACTTCGAGCTCTACGTTTAGAAGATTTACGTATTCCTCCAGCTTACTCTAAAACCTTCCAAGGCCCTCCTCATGGTATTCAGGTAGAAAGAGACAAACTAAACAAATATGGACGTCCTTTGCTAGGTTGTACTATTAAACCTAAATTGGGTCTATCTGCAAAAAACTACGGTAGAGCAGTATATGAAGTTCTTCGTGGTGGTTTGGATTTCACTAAAGATGACGAAAACGTAAACTCTCAACCATTTATGCGTTGGAGAGACCGCTTCTTGTTCTGCGCTGAAGCAATCTACAAAGCTCAAGCTGAAACCGGTGAAATTAAAGGACATTACCTAAATGCTACCGCAGGTACTTGTGAAGAGATGATGAAGAGAGCAGAATATGCTAAAGAGCTTGGAGTACCGATTATTATGCACGACTATTTGACAGGTGGTTTTACTGCAAATACCAGTTTGTCTCATTACTGCCGTGACAATGGTCTACTTCTACACATCCACCGTGCTATGCACGCTGTT
MW524049.1_L4_donor_900_r1,MW524049.1,Dryopteris fragrans,Ferns,MW524049.1,train,L4_donor_900,900,600,1,190083054,ATGTCACCACAAACGGAGACTAAAGCAGGTGTTGGATTCAAAGCTGGTGTCAAAGATTATCGATTGACCTATTACACCCCCGAATACAAGACCAAAGATACCGATATCTTAGCAGCCTTTAGAATGACCCCACAACCCGGAGTACCGGCTGAGGAAGCCGGAGCTGCGGTAGCTGCGGAATCCTCCACGGGTACGTGGACCACTGTATGGACAGATGGGTTGACCAGTCTTGACCGTTACAAGGGCCGATGCTACGACATCGAACCCGTTGCTGGAGAGGAAAACCAGTATATCGCGTATGTAGCTTATCCTTTGGATCTATTCGAAGAAGGTTCTGTCACCAATCTGTTCACCTCCATTGTAGGTAATGTTTTCGGATTTAAGGCTCTACGCGCTTTACGCTTGGAAGACCTTCGAATCCCCCCCGCTTATTCTAAAACTTTCCTTGGACCGCCTCATGGTATTCAGGTCGAAAGGGATAAACTAAACAAATATGGACGTCCCTTATTGGGATGTACAATCAAGCCAAAATTAGGTCTGTCTGCTAAGAATTATGGTAGAGCCGTCTACGAATGCCTCCGCGGCGGACTTGACTTCACGAAAGATGATGAAAATGTGAATTCCCAGCCATTCATGCGTTGGAGAGATCGCTTCCTATTCGTGGCAGAAGCTCTTTTCAAATCCCAGGCTGAAACAGGGGAAATCAAGGGGCATTACTTAAATGCCACTGCAGGTACGTGTGAAGAAATGTTGAAGAGAGCTATTTTTGCTAGAGAGTTGGGTGTACCAATTGTCATGCATGACTACCTGACCGGGGGGTTTACCGCAAATACCAGCTTAGCTTTTTACTGCAGAGACAATGGGCTGCTTCTTCATATTCACCGTGCGATGCATGCCGTG
MZ133428.1_L4_donor_900_r1,MZ133428.1,Corbierea radiosa,Green algae,MZ133428.1,train,L4_donor_900,900,600,1,359705098,ATGGTTCCACAAACAGAAACAAGAGCTGGTGCTGGGTTTAAAGCTGGTGTTAAAGATTATCGATTAACGTATTATACACCAGATTACGTAGTGAAAGACACTGATATTTTAGCTGCTTTCCGTATGACTCCACAACCAGGTGTTCCACCAGAAGAATGTGGTGCAGCTGTTGCAGCTGAATCATCAACAGGTACTTGGACAACTGTATGGACTGACGGTTTAACATCTTTAGATCGTTATAAAGGTCGTTGTTACGATATCGAACCTGTACCAGGGGAAGATAACCAATATATTGCTTATGTAGCATACCCAATTGACCTTTTTGAAGAAGGTTCTGTAACAAACTTATTAACTTCAATTGTAGGTAACGTTTTTGGTTTCAAAGCATTACGTGCATTACGTTTAGAAGATCTTCGTATTTCTTCTGCTTATGCTAAAACATTCCAAGGACCTCCACATGGTATTCAAGTAGAACGTGATAAACTAAACAAATATGGTCGTGGTTTATTAGGTTGTACTATTAAACCAAAACTAGGTCTTTCTGCTAAAAACTATGGTCGTGCTGTTTACGAATGTTTACGTGGTGGTTTAGACTTTACAAAAGATGACGAAAACGTAAACTCACAACCATTCATGCGTTGGCGTGACCGTTTCCTTTTCGTAGCTGAAGCTACTTATAAAGCACAAACAGAAACAGGTGAAATTAAAGGACACTACCTTAACGCTACAGCAGCAACTTGTGAAGAAATGTTAAAACGTGCACAATGTGCTAAAGAATTAGGTGTACCTATTATTATGCACGACTATATCACAGGTGGTTTCACAGCTAACACATCATTAGCTCACTACTGTAGAGATCATGGTCTTTTACTACACATCCACCGTGCTATGCACGCTGTT
MZ714562.1_L4_donor_900_r1,MZ714562.1,Scutellaria indica var. tsusimensis,Eudicots,MZ714562.1,train,L4_donor_900,900,600,1,1519884040,ATGTCACCACAAACTGAAACCAGAACAGGTACTGGCTTTAAAGCAGGCGTTAAGGACTATCGCCTAACTTACTACACTCCTGATTATGAGACCAAAGAGACTGATATCCTAGCTGCATTTCGGATGACTCCTCAACCTGGAGTTCCTCCTGAAGAAGCAGGTGCTGCGGTTGCAGCTGAATCTTCAACCGGTACCTGGACCACTGTATGGACCGATGGACTAACCAACCTTGATCGTTATAAGGGTCGCTGTTACGATATTGAACCTGTTGCTGGTGAGGAAAACCAATATATTGCATATGTGGCATATCCTTTGGACCTTTTTGAAGAGGGTTCAGTCACCAACCTGTTTACTTCTATTGTAGGAAACGTATTCGGCTTTAAGGCACTTCGTGCTCTTCGATTGGAAGATCTTCGCATTCCTCCAGCCTATGTGAAAACTTTCCAAGGTCCTCCTCATGGTATCCAGGTTGAGCGAGATAAACTAAACAAATACGGTCGACCTTTGCTTGGTTGTACTATTAAGCCTAAACTTGGTCTTTCTGCTAAAAACTATGGCCGGGCAGTGTACGAATGCCTACGTGGTGGTTTGGACTTTACAAAAGATGATGAAAACGTAAACTCTCAGCCTTTCATGCGCTGGAGAGATAGATTCCTTTTTGTAGCAGAGGCTACCTTTAAAGCTCAGGCTGAAACTGGTGAAATCAAAGGACATTACCTGAATGCTACGGCTGGTACTTCCGAAGAGATGCTAAAAAGAGCTCAATTTGCAAGAGAGCTAGGAGCACCAATCGTAATGCACGATTACCTAACTGGTGGCTTTACTGCAAACACAAGTCTTGCACACTACTGCCGTGATAACGGTTTGCTTCTTCACATTCACCGTGCTATGCACGCGGTA
OK588964.1_L4_donor_900_r1,OK588964.1,Hydrocleys nymphoides,Monocots,OK588964.1,train,L4_donor_900,900,600,1,2227154437,ATGTCACCACAAACGGAGACTAAAACAGGTGTTGGATTCAAAGCTGGTGTTAAAGATTACAAATTGACTTATTATACTCCTGAATATCAAACAAAAGATACTGATATCTTGGCAGCATTCCGAGTAACCCCGCAACCCGGAGTTCCACCTGAGGAAGCAGGGGCCGCAGTAGCTGCCGAATCTTCTACTGGTACATGGACAACCGTGTGGACTGATGGACTTACTAGTCTAGATCGTTACAAAGGACGATGCTACCACATCGAGCCTGTTATTGGGGAGGAAAATCAATATTTTTGTTATGTAGCTTATCCTTTGGACCTTTTTGAAGAAGGTTCCGTTACCAACATGTTTACTTCCATTGTAGGTAATGTATTTGGGTTTAAAGCTCTACGAGCTCTACGTTTGGAGGATTTGCGAATTCCTCCTGCTTATTCCAAAACTTTCCAAGGTCCACCTCACGGTATCCAGGTTGAAAGAGATAAATTGAACAAATACGGCCGTCCTCTATTGGGATGTACTATTAAACCAAAATTGGGATTATCCGCGAAAAACTACGGTAGAGCAGTTTATGAATGTCTTCGTGGTGGACTTGATTTTACCAAAGATGATGAAAACGTGAACTCACAACCATTTATGCGTTGGAGAGACCGTTTCCTATTTTGTGCTGAAGCAATTTATAAAGCGCAAGCCGAAACAGGTGAAATCAAAGGACATTACTTGAATGCTACTGCGGGTACGTGTGAAGAAATGATCAAAAGGGCTGTATTTGCCAGAGAATTGGGAGTTCCCATCGTAATGCATGACTACTTAACAGGTGGATTCACTGCAAATACTAGCTTGGCTGCGTATTGCCGAGACAATGGTTTACTTCTTCATATTCACCGCGCAATGCATGCAGTT
OK588972.1_L4_donor_900_r1,OK588972.1,Baldellia ranunculoides,Monocots,OK588972.1,train,L4_donor_900,900,600,1,1599477305,ATGTCACCACAAACAGAGACTAAAACAGGTGTTGGATTCAAAGCCGGTGTTAAAGATTACAAATTGACTTATTATACTCCTGAATATCAAACCAAAGATACTGATATCTTGGCAGCATTCCGAGTAACTCCGCAACCGGGAGTTCCACCTGAGGAAGCAGGTGCCGCGGTAGCTGCCGAATCTTCTACTGGTACATGGACAACTGTGTGGACTGATGGACTTACTAGTTTGGATCGTTACAAAGGACGATGCTACCACATCGAACCTGTTATTGGAGAGGAAAATCAATATTTTTGTTATGTAGCTTATCCTTTAGACCTTTTTGAAGAAGGTTCTGTTACCAACATGTTTACTTCCATTGTAGGTAATGTATTTGGGTTTAAAGCTCTACGAGCTCTACGTTTGGAGGATTTGCGAATCCCTCCTGCTTATTCCAAAACTTTCCAAGGTCCACCTCACGGTATCCAAGTTGAAAGAGATAAATTGAACAAATATGGTCGTCCCCTATTGGGATGTACTATTAAACCAAAATTGGGATTATCTGCGAAAAACTACGGTAGAGCGGTTTATGAATGTCTTCGTGGTGGACTTGATTTTACCAAAGATGATGAAAACGTGAACTCACAACCATTTATGCGTTGGAGAGACCGTTTCCTATTTTGTGCTGAAGCAATTTATAAATCACAAGCCGAAACAGGTGAAATCAAAGGACATTACTTGAATGCTACTGCAGGTACGTGTGAAGAAATGATCAAAAGAGCCGTATTTGCTAGAGAATTGGGAGTTCCTATTGTAATGCATGACTACTTAACAGGGGGATTCACTGCAAATACTACCTTGGCAGCGTATTGCCGTGACAACGGTTTACTTCTTCATATTCACCGCGCAATGCATGCAGTT
OK588984.1_L4_donor_900_r1,OK588984.1,Echinodorus paniculatus,Monocots,OK588984.1,train,L4_donor_900,900,600,1,1633294854,ATGTCACCACAAACAGAGACTAAAACAGGTGTTGGATTCAAAGCAGGTGTTAAAGATTACAAATTGACCTATTATACTCCTGAATATCAAACCAAAGATACTGATATCTTGGCAGCATTCCGAGTAACCCCGCAACCCGGAGTTCCACCTGAAGAAGCAGGGGCCGCAGTAGCTGCCGAATCTTCTACTGGTACATGGACAACTGTGTGGACTGATGGACTTACTAGTCTTGATCGTTACAAAGGACGATGCTACCACATCGAACCTGTTATTGGAGAAGAAAATCAATATTTTTGTTATGTAGCTTATCCCTTAGACCTTTTTGAAGAAGGTTCTGTTACCAACATGTTTACTTCCATTGTAGGTAATGTATTTGGGTTTAAAGCTCTACGAGCTCTACGCTTGGAGGATTTGCGAATTCCTTCTGCTTATTCCAAAACTTTCCAAGGTCCGCCTCACGGTATCCAAGTTGAAAGAGATAAATTGAACAAATATGGCCGTCCCCTATTGGGATGTACTATTAAACCAAAATTGGGATTATCCGCAAAAAACTACGGTAGAGCTGTTTATGAATGTCTTCGCGGTGGACTTGATTTTACCAAAGATGATGAAAACGTGAACTCACAACCATTTATGCGTTGGAGAGACCGTTTCCTATTTTGTGCGGAAGCCATTTATAAAGCGCAAGCCGAAACAGGGGAAATCAAAGGACATTACCTGAATGCTACTGCAGGTACGTGTGAAGAAATGATCAAAAGGGCCGTATTTGCCAGAGAATTGGGAGTTCCTATCGTAATGCATGACTACTTAACGGGGGGATTCACTGCAAATACTAGCTTGGCTGCGTATTGCCGGGACAACGGTTTACTTCTTCATATTCACCGCGCAATGCATGCAGTT
OK588986.1_L4_donor_900_r1,OK588986.1,Helanthium bolivianum,Monocots,OK588986.1,train,L4_donor_900,900,600,1,2214431966,ATGTCACCGCAAACAGAGACTAAAACAGGTGTCGGATTCAAAGCTGGTGTTAAAGATTACAAATTGACTTATTATACTCCTGAATATCAAACCAAAGATACTGATATCTTGGCAGCATTCCGAGTAACCCCGCAACCTGGAGTTCCACCTGAGGAAGCAGGGGCCGCCGTAGCGGCCGAATCTTCTACTGGTACATGGACAACCGTGTGGACTGATGGACTTACTAGTCTTGATCGTTACAAAGGACGATGCTACCACATTGAACCTGTTATTGGAGAGGAAAATCAATATTTTTGTTATGTAGCTTATCCTTTAGACCTTTTTGAAGAAGGTTCCGTTACCAACATGTTTACTTCCATTGTAGGTAATGTATTTGGGTTTAAAGCTCTACGAGCTCTACGTTTGGAGGATTTGCGAATTCCTTCTTCTTATTCCAAAACTTTCCAAGGTCCCCCTCATGGTATCCAAGTCGAAAGAGATAAATTGAACAAATATGGCCGTCCCCTATTGGGATGTACTATTAAACCAAAATTAGGATTATCCGCGAAAAACTACGGTAGAGCGGTTTATGAATGTCTTCGTGGTGGACTTGATTTTACTAAAGATGATGAAAACGTGAACTCACAACCATTTATGCGTTGGAGAGACCGTTTCCTATTTTGTGCTGAAGCAATTTATAAAGCGCAGGCTGAAACAGGTGAAATCAAAGGACATTACTTGAATGCTACTGCTGGTACGTGTGAAGAAATGATCAAAAGGGCCGTATTTGCTAGAGAATTAGGAGTTCCTATCGTAATGCATGACTACTTAACAGGGGGATTCACTGCAAATACTAGCTTGGCTGCCTATTGCCGGGACAACGGTTTACTTCTTCATATTCACCGTGCTATGCATGCAGTT
OK588987.1_L4_donor_900_r1,OK588987.1,Limnocharis flava,Monocots,OK588987.1,train,L4_donor_900,900,600,1,2835669148,ATGTCACCACAAACAGAGACTAAAACAGGTGTTGGATTCCAAGCAGGTGTAAAAGATTACAAATTAACTTATTATACTCCTGAATATCAAACAAAAGATACTGATATCTTGGCAGCATTCCGAGTAACCCCGCAACCCGGGGTTCCACCTGAGGAAGCTGGGGCCGCAGTAGCCGCCGAATCCTCGACCGGTACATGGACAACTGTGTGGACTGATGGACTTACTAGTCTGGATCGTTACAAAGGACGATGCTACCACATCGAGCCTGTTATTGGAGAGGAAAATCAATATTTTTGTTATGTAGCTTATCCTTTGGACCTTTTTGAAGAAGGTTCCGTTACCAACATGTTTACTTCCATTGTGGGTAATGTATTTGGCTTTAAAGCTCTACGAGCTCTACGTTTAGAGGATTTGCGAATTCCGTCTTCTTATTCCAAAACTTTCCAAGGCCCACCTCATGGTATCCAAGTTGAAAGAGATAAATTGAATAAATACGGACGTCCCCTATTGGGATGTACTATTAAACCGAAATTGGGATTATCCGCGAAAAACTACGGTCGGGCGGTTTATGAATGTCTTCGTGGTGGACTTGATTTTACCAAAGATGATGAAAACGTTAACTCACAACCATTCATGCGTTGGAGAGACCGTTTCCTATTTTGTGCTGAAGCAATTTATAAAGCCCAAGCCGAAACAGGTGAAATCAAAGGACATTACTTGAATGCTACCGCGGGTACGTGTGAAGAAATGATCAAAAGGGCCGTCTTTGCCAGAGAATTAGGGGTTCCTATCGTAATGCATGACTACTTAACAGGGGGGTTCACTGCAAATACTAGCTTGGCTGCCTATTGCCGAGACAATGGGTTACTTCTTCATATTCACCGCGCAATGCATGCTGTT
OL504528.1_L4_donor_900_r1,OL504528.1,Smilax weniae,Monocots,OL504528.1,train,L4_donor_900,900,600,1,1026081743,ATGTCACCACAAACAGAGACTAAAGCAAGTGTTGGATTCAAAGCTGGTGTTAAAGATTACAAATTGACTTATTATACTCCTGACTATGAAACCAAAGATACTGATATCTTGGCAGCATTCCGAGTAACTCCTCAACCCGGAGTTCCGCCTGAAGAGGCAGGGGCAGCGGTAGCCGCAGAATCTTCTACTGGTACATGGACAACTGTGTGGACTGATGGACTTACCAGTCTTGATCGTTACAAAGGACGATGCTACCACATAGAGAGCGTTGTTGGGGAGGAAAATCAATATATTGCTTATGTAGCTTATCCTTTAGACCTTTTTGAAGAAGGCTCGGTTACTAACATGTTTACTTCCATTGTGGGTAATGTATTTGGTTTCAAAGCCCTACGAGCTCTACGTCTAGAGGATTTGCGAATTCCTACTTCTTATTCCAAAACTTTCCAAGGCCCACCCCATGGCATCCAAGTTGAAAGAGATAAATTGAACAAGTATGGTCGTCCCCTATTGGGATGTACCATTAAACCAAAATTGGGATTATCCGCAAAGAACTACGGTAGAGCGGTTTATGAATGTCTGCGCGGTGGACTTGATTTTACCAAAGATGATGAAAACGTGAACTCACAACCATTTATGCGTTGGAGAGACCGTTTCTTATTTTGTGCCGAAGCACTTTTTAAAGCGCAGGCCGAAACGGGTGAAATCAAAGGACATTACTTGAATGCTACTGCGGGTACATGTGAAGAAATGATCAAAAGGGCCGTATTTGCTCGAGAATTGGGAGCTCCTATCGTAATGCATGACTACTTAACGGGGGGATTCACTGCAAATACTAGTTTAGCTCATTATTGCCGAGATAACGGCCTACTTCTTCACATCCATCGCGCAATGCATGCAGTT
ON568338.1_L4_donor_900_r1,ON568338.1,Scytosiphon sp. Atlantic complex sp. 1,Brown algae,ON568338.1,test,L4_donor_900,900,600,1,1392968872,ATGCCTGAAGATGTGCAGAATCGAACTCGAATAAAAAGTGAACGTTACGAATCAGGTGTTATTCCATATGCCAAAATGGGATATTGGGATGCCGATTATAACGTTAAAGAAACTGATATTCTAGCTCTTTTTCGTATCACTCCACAACCAGGTGTAGATCCCGTTGAAGCTGCCGCTGCTGTTGCCGGCGAATCTTCTACTGCAACATGGACGGTAGTTTGGACAGACTTATTAACTGCTTGTGATATCTATAGAGCAAAAGCATATAGAGTAGATCCAGTACCCGGAACAAGTGACCAATTCTTTGCTTACATAGCTTACGAATGTGATTTATTTGAAGAAGGTTCTCTTGCTAACTTAACAGCATCTATTATTGGTAACGTTTTCGGTTTCAAAGCTGTTAAAGCATTACGTTTAGAAGACATGAGAATTCCTTACGCTTACTTAAAAACTTTCCAAGGCCCAGCTACAGGTGTGGTTGTGGAAAGAGAAAGATTAGATAAATTTGGTCGTCCTTTATTAGGGGCTACTGTAAAACCTAAATTAGGTCTTTCTGGTAAAAACTACGGACGTGTTGTTTATGAAGGTTTAACTGGTGGTCTTGACTTCCTTAAGGATGATGAAAATATTAATTCACAACCGTTTATGCGTTGGAAAGAACGTTTCTTATACTGTATGGAAGGTGTTAACCGAGCTGCTGCTGCAACAGGTGAAGTTAAAGGTTCTTATCTTAACATTACCGCTGCCACTATGGAAGAAATGTATGAACGTGCAGAATACGCACATTCAATTGGTTCAGTTATTGTTATGATCGATTTAGTTATTGGTTATACAGCAATCCAAAGTATGGCAATATGGGCACGAAAAGCTGAAATGATTTTACATTTACATCGTGCAGGT
ON684489.1_L4_donor_900_r1,ON684489.1,Juniperus navicularis,Conifers,ON684489.1,train,L4_donor_900,900,600,1,862479943,ATGTCACCAAAAACAGAGACTAAAGCAAGTGTCGGATTCAAAGCGGGTGTTAAAGATTACAGATTAACTTATTATACTCCGGAATATCAGACCAAAGATACTGATATCTTGGCAGCATTCCGAGTCACTCCTCAACCTGGAGTGCCCCCCGAAGAAGCGGGAGCAGCGGTAGCTGCCGAATCTTCCACTGGTACGTGGACCACTGTTTGGACCGATGGCCTTACCAGTCTTGATCGCTACAAGGGGCGATGCTATGATATTGAACCCGTTCCTGGAGAAGAAACTCAATTTATTGCCTATGTAGCTTACCCTTTAGACCTTTTTGAAGAAGGCTCTGTGACTAACCTGTTTACTTCTATTGTAGGTAATGTATTTGGATTCAAAGCTTTACGGGCTCTACGTCTGGAAGATTTACGAATTCCTCCTGCTTATTCAAAAACTTTTCAAGGCCCACCACATGGTATTCAAGTAGAAAGAGATAAATTAAACAAATATGGTCGTCCTTTATTGGGATGTACTATCAAACCAAAATTGGGTCTATCTGCCAAGAATTATGGTAGAGCGGTTTATGAATGTCTCCGTGGTGGACTTGATTTTACCAAGGATGATGAAAACGTGAATTCCCAGCCATTTATGCGCTGGAGAGATCGTTTCTGCTTTTGTGCAGAAGCAATTTATAAAGCTCAGGCTGAGACGGGTGAGATTAAGGGACATTACCTGAATGCGACTGCAGGTACATGTGAAGAAATGATTAAAAGAGCAGTATTCGCCAGAGAATTGGGAGTTCCTATAGTCATGCATGACTATCTGACTGGAGGTTTTACAGCAAATACTTCGTTGGCTCATTATTGCCGAGATAACGGCCTACTTCTTCACATTCACCGCGCAATGCACGCAGTT
ON920851.1_L4_donor_900_r1,ON920851.1,Pseudostaurastrum enorme,SAR/other protist,ON920851.1,train,L4_donor_900,900,600,1,1727006190,ATGTTTCAATCTGTAGAAGAAAGAACACGAATTAAAAATGAACGTTATGAATCAGGTGTAATCCCTTACGCTGAAATGGGATATTGGGATGCTAATTATACAGTTAAAGATACTGATGTATTAGCTTTATTCCGTATTACTCCACAACCTGGTGTTGATCCTATTGAAGCGGCAGCAGCGGTAGCTGGTGAATCTTCAACAGCAACATGGACTGTTGTATGGACTGACTTACTAACTGCTTGTGACGTTTATCGTGCAAAAGCTTACAAAGTAGATACAGTTCCGGGTGCAGCAGACCAATTCTTTGGATTTATCGCTTATGAATGTGATTTATTTGAAGAAGGATCACTTGCAAACTTAACAGCATCAATTATTGGTAACGTGTTCGGTTTCAAAGCTGTAAAAGCTCTTCGTTTAGAAGACATGCGTATTCCTTACGCTTACTTAAAAACGTTCCAAGGACCTGCAACAGGTGTTATTGTTGAACGTGAACGTCTTGACAAATTTGGACGTCCATTACTTGGTGCAACTGTAAAACCAAAACTAGGTCTTTCTGGTAAAAACTACGGACGTGTAGTATTTGAAGGATTAAAAGGTGGTTTAGACTTCTTAAAAGACGACGAAAACATTAACTCACAACCATTTATGCGTTGGAGAGAACGTTTCTCTTACGTAATGGAAGGTGTTAACAGATCTGCTGCAGCTTCTGGAGAAGTTAAAGGTTCTTACCTTAACGTTACAGCTGGTACTATGGAAGATATGTACGAACGTGCTGAATTCGCAAAACTGATTGGTTCTGTGATTATCATGATTGACTTAGTAATTGGTTATACTGCTATTCAATCAATGGCTCTTTGGTCACGTAAAAATGATATGATCCTTCACCTTCACCGTGCAGGA
ON933796.1_L4_donor_900_r1,ON933796.1,Commiphora wightii,Eudicots,ON933796.1,train,L4_donor_900,900,600,1,3378524313,ATGAGTTGTAGGGAGGGACTTATGTCACCACAAACAGAGACTAAAGCAAGTGTTGGATTCAAAGCCGGTGTTAAAGACTATAAATTGAATTATTATACTCCTCAATATCAAACCAAAGATACTGATATCTTGGCAGCATTCCGAGTAACTCCTCAACCCGGAGTTCCACCCGAGGAAGCGGGGGCCGCGGTAGCTGCGGAATCTTCTACTGGTACATGGACAACTGTGTGGACCGATGGGCTTACCAGCCTTGATCGTTACAAAGGACGATGCTACAACATTGAGCCCGTTGCTGGAGAAGAAAATCAATATATATGTTATGTAGCTTACCCTTTAGACCTTTTTGAAGAAGGTTCTGTTACTAACATGTTTACTTCCATTGTGGGTAATGTATTTGGGTTCAAAGCCCTGCGCGCTCTACGTCTAGAGGATCTACGAATCCCTACCGCGTATATTAAAACTTTCCAAGGCCCACCGCATGGGATCCAAGTTGAAAGAGATAAATTGAACAAGTATGGCCGTCCCCTATTGGGATGTACTATTAAACCTAAATTAGGGTTATCCGCTAAGAACTACGGTAGAGCTGTTTATGAATGTCTACGTGGTGGACTTGACTTTACCAAAGATGATGAGAACGTGAACTCCCAACCATTTATGCGTTGGAGAGACCGTTTCTTATTTTGTGCGGAAGCTCTTTTTAAATCGCAGGCTGAAACGGGTGAAATTAAAGGTCATTACTTGAATGCTACTGCAGGTACATGCGAAGAAATGATGAAAAGGGCTGTATTTGCCAGAGAGTTGGGAGCTCCTATCGTAATGCATGACTACTTAACAGGGGGATTCACCGCAAATACTACCTTGGCTCATTATTGCCGAGATAATGGTCTACTTCTTCACATC
OP237580.1_L4_donor_900_r1,OP237580.1,Baolia bracteata,Eudicots,OP237580.1,train,L4_donor_900,900,600,1,1196510356,ATGTCACCACAAACAGAGACTAAAGCAAGTGTTGGATTTAAAGCGGGTGTTAAAGATTACAAATTGACTTATTATACTCCTGAGTATGAAACCCAAGATACTGATATCTTGGCAGCATTCCGAGTAACTCCTCAACCTGGAGTTCCACCCGAAGAAGCAGGGGCTGCAGTAGCTGCCGAATCTTCTACTGGTACATGGACAACTGTATGGACCGACGGACTTACCAGTCTTGATCGTTACAAAGGACGATGCTACCACATCGAGCCCGTTGCTGGAGAAGAAAATCAATATATTTGTTATGTAGCGTATCCTTTAGACCTTTTTGAAGAAGGTTCTGTTACTAACATGTTTACTTCCATTGTGGGTAACGTATTTGGGTTCAAAGCCCTGCGTGCTCTACGTTTGGAGGATTTGCGAATCCCTGTTGCTTATATAAAAACTTTCCAAGGCCCGCCTCACGGTATCCAAGTTGAAAGAGATAAATTGAACAAGTATGGCCGTCCCCTATTGGGATGTACTATTAAACCTAAATTGGGGTTATCCGCTAAAAACTATGGTCGAGCAGTTTATGAATGTCTTCGTGGTGGACTTGATTTTACCAAAGATGATGAAAACGTGAACTCCCAACCGTTTATGCGTTGGAGAGACCGTTTCCTATTTTGTGCCGAAGCTCTTTATAAAGCACAAGCTGAAACAGGTGAAATCAAAGGGCATTACTTGAATGCTACCGCGGGTACATGCGAAGAAATGATAAAAAGAGCTGTATTTGCCAGAGAATTGGGAGTTCCTATCGTAATGCATGACTACTTAACAGGTGGATTCACTGCAAATACTAGCTTGGCTCATTATTGTCGAGATAATGGTCTACTTCTTCACATCCACCGTGCAATGCACGCAGTT
OP330067.1_L4_donor_900_r1,OP330067.1,Asplenium trichomanes,Ferns,OP330067.1,train,L4_donor_900,900,600,1,597622472,ATGTCGCCACAAACGGAGACTAAGGCGGGTGTTGGATTCAAAGCTGGTGTCAAAGATTACCGGCTGACTTATTACACCCCCGAATACAAAGTTAAAGATACTGATATTTTGGCAGCTTTTCGGATGACCCCACAACCCGGAGTACCAGCTGAAGAAGCTGGAGCTGCAGTAGCTGCGGAGTCCTCTACAGGTACGTGGACCACTGTTTGGACAGATGGGTTGACTAGTCTTGACCGTTACAAGGGCCGATGCTACGATATTGAGCCCGTCGCTGGAGAGGAAAATCAGTATATCGCGTATGTAGCTTATCCCTTGGACCTTTTTGAAGAAGGTTCCGTCACCAACCTGTTTACTTCCATTGTAGGTAACGTTTTTGGATTTAAAGCTCTACGTGCCCTACGCTTGGAAGACCTTCGAATCCCTCCCGCTTACTCTAAAACTTTCATCGGACCGCCACATGGTATTCAGGTTGAAAGGGATAAGTTGAACAAATATGGACGTCCCTTATTGGGATGTACGATCAAGCCAAAATTAGGTCTATCTGCCAAAAATTATGGTAGAGCCGTTTATGAATGTCTTCGTGGTGGACTTGATTTTACAAAAGATGATGAAAACGTAAACTCCCAACCATTCATGCGCTGGAGAGATCGCTTTTTATTTGTTGCAGAAGCTCTTTTCAAATCCCAGGCTGAAACAGGCGAGATTAAGGGGCATTACTTAAACGCTACTGCAGGTACATGTGAAGAAATGATGAAGAGAGCTGTTTTTGCTAGAGAATTGGGCGTACCAATTGTCATGCATGACTACCTGACCGGAGGGTTTACTGCAAATACCAGTTTAGCTTACTATTGCAGAGACAATGGGCTGCTTCTTCATATTCATCGCGCGATGCATGCTGTG
OQ863300.1_L4_donor_900_r1,OQ863300.1,Laurencia catarinensis,Red algae,OQ863300.1,train,L4_donor_900,900,600,1,462223584,ATGTCTAACTCTGTAGAAGAACGGACACGGATTAAAAACGAACGTTATGAATCTGGTGTAATTCCATACGCAAAAATGGGATACTGGGACCCTAACTATGTAGTTAAAGATACAGATATATTAGCTCTGTTTAGAGTTAGTCCACAACCAGGAGTAGATCCAGTAGAAGCTTCTGCAGCCGTTGCAGGTGAATCATCTACTGCAACATGGACTGTTGTATGGACAGATTTATTAACAGCTTGCGATTTATATCGTGCAAAAGCATATAAAGTAGATGCTGTACCAAATACTTCTGACCAATATTTCGCATATATAGCTTATGATATTGATTTATTTGAAGAGGGATCTATTGCTAATTTAACTGCTTCTATTATTGGTAATGTATTTGGATTTAAAGCAGTTAAAGCATTAAGGCTTGAAGATATGCGTATTCCTGTAGCATATCTTAAAACTTTCCAAGGTCCAGCGACTGGGTTAGTTGTAGAACGTGAACGTATGGATAAATTTGGACGTCCATTCTTAGGTGCAACAGTAAAACCTAAGCTAGGTTTATCCGGTAAAAACTATGGTAGAGTAGTATACGAAGGTCTAAAAGGTGGTTTAGATTTCCTTAAAGATGATGAAAATATTAATTCTCAACCATTTATGCGTTGGAAAGAGAGATTTTTATACTCTATGGAAGCTGTAAATCGCTCTATTGCTGCTACAGGTGAAGTAAAAGGACATTACATGAATGTTACAGCAGCAACAATGGAAGACATGTACGAAAGAGCTGAATTTGCTAAGCAATTAGGTACAGTTATTATCATGATTGATTTAGTAATTGGATATACTGCTATTCAAACAATGGCGATCTGGGCACGTAAAAATGATATGATCTTACACTTACACCGCGCAGGT
OQ863312.1_L4_donor_900_r1,OQ863312.1,Laurencia sp. A25,Red algae,OQ863312.1,train,L4_donor_900,900,600,1,1263863085,ATGTCTAACTCTGTAGAAGCACGGACACGGATTAAAAACGAACGTTATGAATCTGGTGTAATTCCATACGCAAAAATGGGATACTGGGACCCTAACTACGTAGTTAAAGATACAGATATATTAGCTCTATTTAGAGTTAGTCCACAACCAGGAGTAGATCCAGTAGAGGCTTCTGCAGCAGTTGCAGGTGAATCATCTACTGCAACATGGACTGTTGTATGGACAGATTTATTAACAGCTTGTGATTTATATCGTGCAAAAGCATATAAAGTAGATGCTGTACCAAATACTTCTGATCAATATTTTGCATATATAGCTTATGATATTGACTTATTTGAAGAAGGATCTATTGCCAATTTAACTGCTTCTATTATTGGTAATGTATTTGGATTTAAAGCAGTTAAAGCATTAAGACTTGAAGATATGCGTATTCCTGTAGCATATCTTAAGACTTTCCAAGGTCCAGCTACTGGTATAGTTGTAGAACGTGAACGCATGGATAAATTTGGACGTCCATTCTTAGGTGCAACAGTAAAACCAAAATTAGGTTTATCTGGTAAAAATTATGGTAGAGTAGTATATGAAGGCTTAAGAGGTGGTTTAGATTTCCTTAAAGATGATGAAAATATTAACTCTCAACCATTCATGCGTTGGAAAGAGAGATTTTTATACTCTATGGAAGCTGTCAATCGCTCTATTGCTGCTACAGGTGAAGTGAAAGGCCATTATATGAATGTTACATCAGCAACAATGGAAGAGATGTACGAAAGAGCTGAATTTGCTAAGCAATTGGGTACAGTTATTATCATGATTGACTTAGTAATTGGATATACTGCTATTCAGACAATGGCGATTTGGTCACGTAAAAATGATATGATCTTGCACTTACATCGCGCAGGT
OQ868456.1_L4_donor_900_r1,OQ868456.1,Pteris pseudowulaiensis,Ferns,OQ868456.1,train,L4_donor_900,900,600,1,1013935092,ATGTCGCCACAAACGGAGACTAAAGCAGGTGTTGGATTCAAAGCTGGTGTCAAAGATTATCGATTGACTTATTACACTCCCGAATACAAGACCAAAGATACTGATATATTAGCGGCTTTCCGAATGACCCCACAACCTGGAGTACCAGCTGAGGAGGCCGGAGCTGCAGTAGCTGCGGAATCCTCTACGGGTACCTGGACCACGGTATGGACAGACGGACTTACCAGTCTCGATCGCTACAAGGGCCGGTGTTACGATATTGAGCCTGTTGCTGGGGAGGAAAATCAGTATATTGCGTATGTAGCTTATCCTCTGGATTTATTCGAGGAAGGTTCCGTCACCAATATGCTGACTTCCATTGTAGGTAATGTTTTTGGCTTCAAGGCCCTACGCGCTCTGCGTCTGGAAGACCTACGAATTCCTCCTGCGTATTCCAAAACTTTTATAGGACCCCCCCACGGCATTCAGGTAGAAAGGGATAAACTAAACAAATATGGACGTCCCCTACTGGGATGTACAATCAAGCCAAAATTGGGCTTGTCTGCCAAAAATTATGGTAGAGCAGTTTATGAATGCCTTCGTGGTGGACTTGATTTCACGAAAGATGATGAAAACGTGAATTCCCAACCTTTCATGCGTTGGAGAGACCGCTTCTTATTTGTAGCAGAAGCCCTTTTTAAAGCCCAAGCAGAAACGGGTGAAATCAAGGGACATTATTTAAATGCCACTGCAGGCACCTGTGAAGAGATGATGAAGAGAGCTGTTTTCGCCAGAGAATTGGGTGCACCAATTGTCATGCATGACTACTTGACTGGGGGTTTTACCGCAAATACCAGCTTAGCTTTTTATTGCAGAGACAACGGACTACTTCTTCACATTCACCGGGCGATGCATGCTGTC
OR165438.1_L4_donor_900_r1,OR165438.1,Cyanotis obtusa,Monocots,OR165438.1,test,L4_donor_900,900,600,1,1423634073,ATGTCACCACAAACAGAGACTAAAGCAAGTGTTGGATTTAAAGCGGGTGTTAAAGATTATAAATTGACTTATTATACTCCTGAGTACCAAACCAAAGATACTGATATATTGGCAGCATTCCGAGTAACTCCTCAACCAGGAGTTCCGCCTGAGGAAGCAGGTGCTGCGGTAGCTGCCGAATCTTCTACTGGTACATGGACAACCGTGTGGACTGATGGACTTACCAGTCTTGATCGTTACAAAGGACGATGCTATCACATCGAGCCCGTTCCTGGGGAGGAAAGTCAATTTATTGCTTATGTAGCTTATCCTTTAGACCTTTTTGAAGAAGGTTCTGTTACTAACATGTTTACTTCCATTGTAGGTAATGTATTTGGTTTCAAAGCCCTGCGAGCTCTACGTTTGGAGGATTTGCGAATTCCTACTTCTTATGTCAAAACTTTTCAGGGTCCGCCTCACGGTATCCAAGTTGAAAGAGATAAGTTGAACAAGTATGGTCGTCCCCTATTGGGATGTACTATTAAACCTAAATTGGGATTATCCGCAAAGAACTATGGTAGAGCAGTTTATGAATGTCTACGTGGCGGACTTGATTTTACCAAGGATGATGAGAATGTAAACTCACAACCATTTATGCGTTGGAGAGACCGTTTCTTATTTTGTGCTGAAGCACTTTATAAAGCGCAGGCCGAAACGGGTGAAATCAAAGGACATTACTTGAATGCTACTGCGGGTACGTGTGAAGAAATGATGAAAAGGGCGCAATGTGCTAGAGAATTGGGAGTTCCTATCGTAATGCACGACTACTTAACTGGGGGGTTCACCGCAAATACTACCTTGGCTCAGTATTGCCGCGATAATGGCCTACTTCTTCACATCCACCGCGCAATGCATGCAGTT
OR165493.1_L4_donor_900_r1,OR165493.1,Tradescantia fluminensis,Monocots,OR165493.1,train,L4_donor_900,900,600,1,847090524,ATGTCACCACAAACAGAGACTAAAGCAAGTGTTGGATTTAAAGCGGGTGTTAAAGATTATAAATTGACTTATTATACTCCTGAGTACCAAACTAAAGATACTGATATATTGGCAGCATTCCGAGTAACTCCTCAACCAGGAGTTCCGCCGGAGGAAGCAGGGGCTGCGGTAGCTGCGGAATCTTCTACTGGTACATGGACAACTGTGTGGACTGATGGACTTACCAGTCTTGATCGATACAAAGGACGATGCTACCACATCGAGCCTGTTCCTGGGGAGGAAAGTCAATTTATTGCTTATGTAGCTTATCCTTTAGACCTTTTTGAAGAAGGTTCTGTTACTAACATGTTTACTTCCATTGTAGGTAATGTATTTGGTTTCAAAGCCCTGCGAGCTCTACGTTTGGAGGATTTGCGAATTCCCATTGCTTATGTCAAAACTTTTGAAGGCCCGCCTCACGGTATCCAAGTTGAAAGAGATAAGTTGAACAAGTATGGTCGTCCCCTATTGGGATGTACTATTAAACCTAAATTGGGATTATCCGCAAAGAACTACGGTAGAGCAGTTTATGAATGTCTACGTGGCGGACTTGATTTTACCAAGGATGATGAAAATGTGAACTCACAACCATTTATGCGTTGGAGAGACCGTTTCTTATTTTGTGCTGAAGCAATTTATAAATCGCAGGCCGAAACGGGTGAAATCAAAGGACATTACTTGAATGCTACTGCGGGTACATGTGAAGAAATGCTTAAAAGGGCCCAATGTGCTAGAGAATTGGGAGCTCCTATCGTAATGCACGACTACTTAACCGGGGGATTCACCGCAAATACTACCTTGTCTCATTATTGCCGCGACAACGGCTTACTTCTTCACATCCACCGCGCAATGCATGCAGTT
OR359632.1_L4_donor_900_r1,OR359632.1,Amoenothamnion planktonicum,Red algae,OR359632.1,train,L4_donor_900,900,600,1,452985286,ATGTCTAACTCTGTAGAAGAACGGACAAGAATTAAAAATGAACGTTATGAATCTGGTGTAATCCCTTATGCAAAAATGGGATATTGGGATCCAGAATATGTGGTTAAAGATACAGACGTATTAGCTCTGTTTCGTGTATCTCCACAGCCAGGCGTTGACCCAATTGAAGCTTCTGCTGCAGTTGCTGGTGAATCATCTACTGCTACTTGGACTGTAGTATGGACTGATTTATTAACAGCTTGTGATTTATATAGAGCTAAAGCTTATAAAGTAGATGCTGTTCCAAATACTTCTGATCAATACTTTGCATATATCTCATATGATATTGATCTATTTGAAGAAGGATCAATTGCAAACTTAACAGCTTCAATCATTGGTAACGTATTTGGCTTTAAAGCAGTTAAAGCTTTAAGACTAGAAGATATGCGTATTCCTTATGCTTACTTAAAAACATTCCAAGGACCTGCAACAGGATTGGTTGTAGAACGTGAACGTATGGACAAATTTGGTCGTCCGTTTCTAGGTGCAACTGTAAAACCAAAACTAGGCTTATCAGGTAAAAACTACGGAAGAGTAGTATATGAAGGTCTAAAAGGTGGTCTAGATTTCCTAAAAGATGATGAAAATATTAACTCTCAACCATTCATGCGTTGGAAAGAAAGATTCTTATATTCTATGGAAGCTGTAAACCGTTCAATTGCCGCTAGTGGCGAAGTGAAAGGTCATTACATGAATGTAACAGCTGCTAACATGGAAGATATGTATGAAAGAGCTGAATTTGCTAAACAACTAGGTACAGTTATTATCATGATTGACTTAGTAATTGGATATACAGCTATCCAAAGTATGGGAGTTTGGGCTCGTAAAAATGATATGATTTTACATTTACACCGTGCAGGT
PP263658.1_L4_donor_900_r1,PP263658.1,Daphniphyllum macropodum subsp. humile,Eudicots,PP263658.1,val,L4_donor_900,900,600,1,796559677,ATGAGTTGTAGGGAGGGACTTATGTCACCACAAACAGAGACTAAAGCAAGTGTTGGATTCAAAGCTGGTGTTAAAGATTACAAATTGACTTATTATACTCCTGACTATGACACCAAAGATACTGATATCTTGGCAGCATTCCGAGTAACTCCTCAACCTGGAGTTCCACCTGAGGAAGCAGGGGCCGCGGTAGCTGCGGAATCTTCTACTGGTACATGGACAACTGTGTGGACCGATGGACTTACCAGCCTTGATCGTTACAAAGGACGATGCTACCATATCGAGCCCATCGCTGGAGAAGAAAATCAATTTATTGCTTATGTAGCTTACCCTTTAGACCTTTTTGAAGAAGGGTCTGTTACTAACATGTTTACTTCCATTGTGGGTAATGTATTTGGGTTCAAAGCCCTGCGCGCTCTACGTCTGGAGGATCTGCGAATCCCTCCTGCTTATTCTAAAACTTTCCAAGGCCCGCCTCATGGCATCCAAGTTGAGAGAGATAAATTGAACAAGTATGGTCGTCCCCTATTGGGATGTACTATTAAACCAAAATTGGGGTTATCTGCTAAAAACTACGGTAGAGCAGTTTATGAATGTCTCCGTGGTGGACTTGATTTTACCAAAGATGATGAAAACGTGAACTCCCAACCATTTATGCGTTGGAGAGACCGTTTCTTATTTTGTGCCGAAGCACTTTATAAGGCACAAGCTGAAACAGGTGAAATTAAAGGACATTACTTGAATGCTACTGCAGGTACATGCGAAGACATGATGAAAAGGGCGGTATTTGCCAGAGAATTGGGAGTTCCTATCGTAATGCATGACTACTTAACAGGGGGATTCACTGCAAATACCACTTTGGCTCATTATTGCCGAGATAATGGCCTACTTCTTCACATC
PQ031122.1_L4_donor_900_r1,PQ031122.1,Mallomonas flora,SAR/other protist,PQ031122.1,train,L4_donor_900,900,600,1,3238886508,ATGAGTACAGGAGAAAGAACGCGTATTAAATCAGAACGTTATGAATCTGGAGTAATCCCATACAAAAAAATGGGTTATTGGGATGCAGACTACACAGTTAAAGATACTGATGTTTTATGTCTTTTCCGTATTACACCACAACCAGGAGTTGATCCAGTTGAAGCTGCAGCAGCTGTTGCTGGAGAATCATCAACTGCTACTTGGACTGTTGTATGGACAGATTTATTAACTGCTTGTGATGTATATCGTGCAAAAGCTTATTTCGTTGAAGAAGTTCCTAATGCAGTAGATGAATTCTTTGCATTTATTGCTTACGAATGTGACTTATTTGAAGAAGGTTCAATTTCTAACTTAACAGCTTCTATTATTGGAAACGTTTTTGGATTTAAAGCCGTTAAATGTTTACGTTTAGAAGATATGCGTATTCCTTATGCATACTTAAAAACTTTCCAAGGTCCAGCAACAGGAGTTGTTGTAGAACGTGAAAGAATGGATGTTTTTGGACGTCCAATGTTAGGTGCTACTGTTAAACCTAAATTAGGTCTTTCAGGAAAAAACTATGGTCGTGTAGTTTATGAAGGATTAAAAGGTGGTTTAGACTTCTTAAAAGATGATGAAAATATTAACTCACAACCATTCATGAGATGGCGTGAAAGATTCTCTTATTGTATGGAAGGTATCAACAGAGCCGTTGCAAAATCAGGTCAAGTTAAAGGTTCTTACCTAAACATTACTGCTCCTACAATGGAAGATATGTATGAAAGAGGAGAATATGCAAAAAATGTAGGTTCAGTAATTGTCATGATTGACTTAGTTATTGGATATACAGCAATTCAATCTATGGGACTTTGGGCTCGTAGAAACGATATGATTCTTCATTTACATCGTGCTGGTCACTCT
PQ031123.1_L4_donor_900_r1,PQ031123.1,Mallomonas striata,SAR/other protist,PQ031123.1,train,L4_donor_900,900,600,1,1961922911,ATGAGTGATGCAGTAGAAAGAACACGTATTAAATCAGAACGTTATGAATCTGGAGTAATTCCATATAAAAAAATGGGTTATTGGGATGCAGACTATACAGTGAAAGAAACTGATGTTCTTTGTCTTTTCCGTATTACACCACAACCAGGTGTTGACCCAGTAGAAGCTGCTGCAGCTGTAGCTGGAGAATCATCTACAGCTACATGGACAGTTGTATGGACAGATTTATTAACAGCTTGTGATGTATATCGTGCTAAAGCTTATTTCGTGGAAGAAGTTCCAAATAAACCAGATGAATTCTTTGCATTTATTGCTTACGAATGTGATTTATTTGAAGAAGGTTCAATTGCAAATTTAACAGCTTCTATTATTGGGAACGTTTTCGGATTTAAAGCCGTTAAAGCTTTACGTTTAGAAGATATGCGTATTCCGTATGCTTATTTAAAAACTTTCCAAGGTCCTGCAACAGGAGTTGTTGTAGAACGTGAAAGAATGGATGTTTTTGGACGTCCTTTATTAGGTGCTACTGTTAAACCAAAATTAGGTCTTTCTGGAAAAAACTATGGTCGTGTAGTTTATGAAGGATTAAAAGGTGGTTTAGATTTCTTAAAAGATGATGAAAATATTAACTCACAACCATTCATGAGATGGCGTGAAAGATTCCTTTACTGTATGGAAGGGATTAACAAAGCTGTTGCTAAATCAGGACAAGTTAAAGGTTCATACCTTAATGTAACTGCTTCTACAATGGAAGATATGTACGAAAGAGCAGAATATGCAAAAGCAGTTGGTTCAGTTATTGTTATGATTGATCTTGTTATTGGTTATACAGCAATTCAATCAATGGCATTATGGTCTCGTAAAAATGATATGATTCTTCACTTACACCGTGCAGGTCAT
PQ031125.1_L4_donor_900_r1,PQ031125.1,Mallomonas kalinae,SAR/other protist,PQ031125.1,train,L4_donor_900,900,600,1,4285313352,ATGAGTGATGCATCAGAAAGAACGCGTATTAAATCAGAACGTTATGAATCTGGAGTAATTCCATACAAAAAAATGGGGTATTGGGATGCTGATTATTCAGTAAAAGAAACTGACGTTTTATGTCTTTTCCGTATTACACCACAACCAGGAGTTGATCCTATTGAAGCTGCTGCAGCTGTAGCTGGAGAATCTTCAACAGCAACTTGGACAGTTGTTTGGACTGACTTATTAACAGCTTGTGATGTATATCGTGCAAAAGCATATTTCGTAGAAGAAGTACCAAATAAACCAGAAGAATTCTTCGCTTTTATCGCATACGAATGTGATTTATTTGAAGAAGGTTCTATTGCTAACTTAACAGCATCAATTATCGGAAACGTTTTTGGTTTCAAAGCTGTTAAAGCATTACGTTTAGAAGATATGCGTATTCCTTTTGCTTACCTAAAAACTTTCCAAGGTCCTGCAACAGGAGTTGTTGTAGAACGTGAAAGAATGGATGTTTTTGGACGTCCTTTATTAGGTGCTACTGTTAAACCAAAATTAGGTCTTTCTGGTAAAAACTATGGTCGTGTAGTTTATGAAGGATTAAAAGGTGGTTTAGATTTCTTAAAAGATGATGAAAATATTAATTCACAACCATTCATGAGATGGCGTGAAAGATTCCTTTACTGTATGGAAGGTATCAACAAAGCCGTTGCTAAATCAGGACAAGTTAAAGGTTCTTACCTTAACGTAACTGCCGCTACAATGGAAGAAATGTATGAAAGAGCAGCATATGCAAAATCGGTTGGTTCAGTAATTATCATGATTGATCTTGTTATTGGTTATACAGCAATTCAATCAATGGCACTGTGGGCACGTAAAAATGATTTAATTCTTCACTTACACCGTGCAGGTCAT
PQ031131.1_L4_donor_900_r1,PQ031131.1,Mallomonas annulata,SAR/other protist,PQ031131.1,train,L4_donor_900,900,600,1,911561923,ATGAGTGATGCAGTAGAAAGAACACGTATTAAATCAGAACGTTATGAATCAGGAGTAATTCCATACAAAAAAATGGGTTATTGGGATGCAGACTATACAATTAAAGATAGTGATGTATTATGTCTTTTCCGTTTAACACCACAACCAGGAGTTGACCCAGTTGAAGCTGCTGCAGCTGTTGCTGGAGAATCATCTACTGCTACTTGGACAGTTGTATGGACTGATTTATTAACAGCATGTGATGTATATCGTGCTAAAGCTTACTTCGTTGAAGAAGTTCCAAACAAACCAGACGAATTTTTCGCTTTTATCGCATACGAATGTGATTTATTTGAAGAAGGTTCTATTGCTAACTTAACAGCATCTATCATCGGAAACGTTTTCGGTTTCAAAGCCGTTAAAGCTTTACGTTTAGAAGATATGCGTATTCCTTATGCATACTTAAAAACTTTCCAAGGTCCAGCTACTGGAGTTATTGTTGAACGTGAAAGAATGGATGTATTTGGACGTCCTTTATTAGGAGCTACTGTTAAACCTAAATTAGGTCTTTCTGGTAAAAACTATGGTCGTGTAGTTTATGAAGGATTAAAAGGTGGTTTAGATTTCTTAAAAGATGATGAAAATATTAACTCACAACCATTCATGAGATGGCGTGAAAGATTCCTATACTGTATGGAAGGAATTAACAAAGCCGTTGCTAAATCAGGACAAGTTAAAGGTTCTTACCTTAATGTTACTGCATCTACAATGGAAGATATGTACGAAAGAGCAGAATATGCTAAAGCAGTTGGTTCAGTTATTGTTATGATTGACCTTGTTATCGGTTATACAGCAATTCAATCAATGGCTTTATGGGCTCGTAAAAATGATATGATTCTTCACTTACACCGTGCAGGACAT
PQ031145.1_L4_donor_900_r1,PQ031145.1,Mallomonas splendens,SAR/other protist,PQ031145.1,val,L4_donor_900,900,600,1,330242151,ATGAGTGATGCATCAGAAAGAACGCGTATTAAATCAGAACGTTATGAATCTGGAGTAATTCCATACAAAAAAATGGGTTATTGGGATGCAGATTACACAGTAAAAGATTCTGATGTATTATGTCTTTTCCGTTTAACACCACAACCAGGTGTTGACCCGATTGAAGCAGCAGCTGCTGTTGCTGGAGAATCTTCTACAGCTACTTGGACTGTTGTTTGGACTGATTTATTAACAGCATGTGATGTATATCGTGCTAAAGCTTATTTTGTTGAAGAAGTTCCAAATAAAGTTGATGAATACTTTGCCTTTATTGCTTACGAATGTGATTTATTTGAAGAAGGTTCAATTGCAAACTTAACTGCTTCAATTATTGGAAACGTTTTTGGTTTCAAAGCTGTAAAAGCATTACGTTTAGAAGATATGCGTATTCCTTATGCATATTTAAAAACTTTCTTAGGTCCTGCAACTGGAGTAATTGTAGAACGTGAAAGAATGGATTGTTTTGGACGTCCTTTATTAGGAGCAACAGTTAAACCTAAATTAGGTCTTTCTGGAAAAAACTATGGTCGTGTAGTTTATGAAGGATTAAGAGGTGGATTAGATTTCTTAAAAGATGACGAAAATATTAACTCTCAACCATTCATGCGTTGGCGTGAAAGATTCCTTTATGTTATGGAAGGGATTAATAAAGCCGTTGCTAAAACAGGACAAGTTAAAGGTTCTTACCTTAACGTAACTGCATCTACAATGGAAGATATGTACGAAAGAGCAGAATATGCTAAATCAGTAGGATCAGTAATTGTTATGATTGACCTTGTTATTGGATACACAGCTATTCAATCAATGGGATACTGGGCACGTAAAAATGATATGATTCTTCACTTACACCGTGCAGGTCAT
PQ213023.1_L4_donor_900_r1,PQ213023.1,Vaucheria litorea,SAR/other protist,PQ213023.1,train,L4_donor_900,900,600,1,218333139,ATGTCTAAGTCTGTACAAGAGCGTACTCGAATTAAAAGCCAACGTTATGAATCTGGTGTAATTCCTTATGCGAAAATGGGTTATTGGGATGCATTTTATAATGTAAAACATACGGATGTATTAGCGTTATTTCGTATTACTCCGCAACCTGGTGTAGATCCTGTAGAAGCAGCAGCAGCTGTTGCTGGTGAATCTTCAACTGCGACTTGGACAGTAGTATGGACTGATTTATTAACTGCTTGTGATATTTATCGTGCAAAAGCATATCGTGTAGATCCAGTTCCTGGAACAACTGATCAATATTTTGCATATATTTCATATCAAATTGAATTATTTGAAGAAGGGTCATTAGCAAATTTAACTGCATCAATCATTGGTAATGTTTTTGGATTTAAAGCTGTTAAAGCTTTACGTTTAGAAGATATGCGAATTCCTTTTGCATATTTAAAAACTTTTCAAGGTCCTGCTACAGGTTTAGTTGTAGAAAGAGAAAGAATGGATAAATTTGGACGTCCATTATTAGGAGCTACGGTAAAACCGAAATTAGGTCTTTCAGGTAAAAACTATGGTCGTGTAGTATATGAAGGACTTCGTGGTGGTTTAGATTTCTTAAAAGATGATGAGAATATTAATTCTCAACCATTTATGCGTTGGAGAGAGCGTTTTCTTTACTGTATGGAAGGTGTTAATCGTGCAGTAGCAGCTAGTGGTGAAGTTAAAGGTTCATACCTTAATACAACTGCAGGTACAATGGAAGAGATGTATGAACGTGCAGAATATGCTAAAAGTATAGGCTCAATTATTGTAATGATTGACCTTGTAATTGGTTATACTGCTATTCAATCTATGTCAATTTGGGCTAGAAAAGCTGATATGATTTTACATTTACACCGTGCAGGT
PQ791840.1_L4_donor_900_r1,PQ791840.1,Pelagomonas calceolata,SAR/other protist,PQ791840.1,train,L4_donor_900,900,600,1,2185521738,ATGTCTCAAAATGTATCTGAACGTACAAGAATTAAAAGTGAACGTTACGAATCTGGTGTAATCCCTTACGCTAAAATGGGTTACTGGGATGCTAACTACGCAGTTAAGACAACTGACTTATTAGCATTATTCCGTATCACTCCACAACCAGGTGTTGACCCAGTTGAAGCTGCTGCTGCAGTTGCTGGTGAGTCTTCTACTGCAACATGGACTGTTGTATGGACTGACTTATTAACTGCTTGTGATATCTACCGTGCTAAGGCATTCCGTGTAGATCCAGTTCCAAGTGCTCCTGATCAATTCTTCGCGTACGTAGCATACGAAGGTGACTTATTCGAGGAAGGTTCTTTAGCGAACATGACTGCTTCGATTATTGGTAACGTATTCGGTTTCAAAGCTGTTAAAGCGTTACGTTTAGAAGATATGCGTATCCCACACACTTACTTAAAGACTTTCCAAGGTCCTGCTTCTGGTGTAATTGTAGAGCGTGAGCGTTTAGACACATTCGGACGTCCACTTTTAGGTGCTACAGTAAAGCCTAAGTTAGGTTTATCTGGTAAGAACTACGGTCGTGTAGTATTCGAAGGTTTAAAAGGTGGTTTAGACTTCTTAAAGGATGATGAGAACATTAACTCACAACCATTCATGCGTTGGAGAGAGCGTTTCTTATACTGTATCGAAGGTATCAACCGTGCTGCTGCAGCGACTGGTGAAGTTAAGGGTTCTTACTTAAACATGACTGCTGGTAACAACGACGAGATGATTACTCGTGGTGAATTCGCTAAAGAGTTAGGTTCAGTAATTGTAATGATTGACTTAGTAATCGGTTACACTGCTATCCAAACTGCTGCAATCTGGGCTCGTGCTAACCACATGATCTTACACTTACACCGTGCTGGT
PQ791846.1_L4_donor_900_r1,PQ791846.1,Arachnochrysis pilardiaziae,SAR/other protist,PQ791846.1,train,L4_donor_900,900,600,1,1740633483,ATGTCTCAATCTGTATCAGAACGTACACGAATTAAGAGCGAACGTTATGAATCTGGAGTAATTCCTTATGCTAAAATGGGTTACTGGGATTCTAACTATACCATTAAGACTACTGATGTTCTTGCGCTATTCCGTATTACTCCTCAACCAGGTGTGGACCCGGTTGAAGCGGCTGCAGCTGTAGCAGGGGAGTCTTCAACAGCTACATGGACTGTTGTATGGACAGATTTATTGACTGCATGTGATATTTACCGTGCGAAAGCCTATCGTGTAGACCCAGTTCCCAGTGCAGCGGATCAATTCTTTGCATATATCGCTTATGAAGGTGATTTATTTGAAGAAGGTTCATTAGCAAACATGACTGCATCAATTATCGGGAACGTATTTGGTTTTAAAGCTGTTAAAGCCTTACGTTTAGAAGATATGCGAATTCCGCACTCTTACTTAAAAACTTTCCAAGGACCGGCAACCGGTGTAATTGTAGAACGTGAGCGTTTGGATACATTTGGACGTCCACTTTTAGGTGCAACCGTTAAGCCAAAGCTAGGTCTTTCTGGTCGTAACTATGGGCGTGTAGTTTTTGAAGGTTTAAAAGGTGGATTAGATTTTTTAAAGGATGATGAAAATATTAATTCACAACCCTTTATGCGTTGGAGAGAGCGATTCTTGTATTGTATAGAAGGTATCAATCGTGCGGTTGCAGCAACAGGTGAAGTTAAGGGTTCCTACTTAAACATAACTGCGGCTACAATGGAAGAAATGTATACACGTGCAGAGTATGCGAAAGAATTGGGTTCAATTATTGTTATGATTGACTTGGTAATTGGTTATACTGCAATTCAAAGTATGGCACTTTGGGCACGTGCTAATGATATGATTTTACATTTACATCGTGCTGGT
PV575775.1_L4_donor_900_r1,PV575775.1,Sargassum hemiphyllum var. chinense,Brown algae,PV575775.1,train,L4_donor_900,900,600,1,3285286832,ATGCCTGAGAACGTACAGGAAAGAACTCGAATAAAAAGTGAGCGTTATGAATCTGGTGTAATACCATATGCTAAAATGGGATATTGGGATGCAGATTACAAGGTTAAAGAAACTGATATTCTAGCTCTATTTCGTATAACTCCTCAACCAGGTGTAGATCCTCTAGAAGCTGCGGCTGCTGTTGCCGGTGAATCTTCTACAGCAACATGGACAGTAGTATGGACAGATTTACTGACGGCTTGTGATATCTACCGAGCGAAAGCATATCGTGTCGATCCTGTTCCAGGAACAAACGATCAATATTTCTCATACATTGCATATGAATGTGATTTATTTGAGGAAGGTTCTCTTGCAAACTTAACTGCATCTATTATCGGTAACGTTTTTGGTTTTAAAGCTGTTAAAGCATTACGTTTAGAAGATATGAGAATTCCTTACGCTTACCTTAAAACGTTCCAAGGTCCCGCTACAGGTGTTGTCGTGGAAAGAGAAAGATTAGATAAATTTGGACGTCCTTTATTAGGAGCTACTGTTAAACCTAAATTAGGTCTTTCAGGTAAAAATTATGGTCGTGTTGTTTACGAAGGTTTAACAGGTGGTCTTGATTTCCTTAAAGATGATGAAAACATTAATTCGCAACCATTTATGAGATGGAAAGAGCGTTTCTTGTATTGTATGGAAGGTGTTAACCGTTCGGCTGCTGCTACAGGTGAAGTTAAGGGTTCTTATCTTAATGTTACTGCAGCAACAATCGAAAATATGTATGAACGTGCAGAGTACTCTCATGCTATTGGTAGTGTTATTTGTATGATCGATTTAGTCGTTGGATATACAGCAATCCAAACTATGGCAATTTGGGCTCGAAAAGCTGAGATGATTTTACATTTACATCGTGCGGGT
PV999901.1_L4_donor_900_r1,PV999901.1,Pseudoderbesia sp. HV-2025c,Green algae,PV999901.1,train,L4_donor_900,900,600,1,3326333488,ATGGGTCCAAAAACAGAAACTAAGGCAGGTGCTGGTTTTAAGGCAGGGGTAAAAGATTATCGCCTCACTTATTATACACCAGACTATCAAGTGAAAGACACAGATGTGTTAGCTGCATTTCGTATGACTCCGCAACCTGGGGTACCCGCTGAAGAGTGTGGTGCAGCGGTAGCCGCGGAATCTTCAACAGGGACATGGACAACTGTATGGACAGATGGTTTAACAAGTTTAGATAGCTATAAAGGCCGTTGTTATGATATCGAGCCTGTTGCTGGTGAAGATAACCAGTATATCGCTTATGTTGCTTATCCTTTAGATTTATTTGAAGAAGGGTCTGTAACGAACTTATTCACTTCCATTGTTGGAAACGTCTTTGGTTTTAAAGCTTTACGTGCTCTACGTTTAGAAGATCTTCGAATCCCGGTTTCTTATGTGAAAACATTCCAAGGCCCACCCCACGGTATTCAAGTTGAGCGCGATAAGCTAAACAAATACGGTCGCTCATTATTAGGTTGTACAATTAAACCAAAACTTGGTCTTTCTGCGAAAAACTATGGCCGCGCTTGTTACGAATGTTTACGCGGTGGATTAGATTTCACTAAAGATGATGAAAACGTAAATTCACAACCATTCATGCGTTGGCGTGATCGCTTTTTATTCGTAGCCGAAGCACTTTACAAATCACAAGCAGAAACGGGTGAAATCAAAGGGCACTACTTAAACGCAACCGCGGGAACTTGCGAAGAAATGCTAAAACGCGCGCAAGTGGCTAAAGAGTTAGGTGTTCCTATCATTATGCACGACTACTTAACTGGTGGTTGGACAGCAAACACGACTTTAGCTCGTTACTGCCGTGATCATGGCCTTTTATTACACATCCACCGTGCAATGCACGCTGTA
PV999913.1_L4_donor_900_r1,PV999913.1,Pseudoderbesia epilithica,Green algae,PV999913.1,train,L4_donor_900,900,600,1,862956943,ATGGCTCCAAAAACTGAAACAAAAGCAGGTGCAGGATTTAAAGCAGGGGTAAAAGACTATCGTTTAACTTACTATACACCGGATTATCAAACAAAAGATACAGATATTCTTGCTGCTTTTCGTATGACTCCACAGCCAGGTGTACCACCAGAAGAATGTGGCGCTGCTGTAGCTGCAGAATCCTCAACAGGAACATGGACAACGGTATGGACAGATGGTTTAACAAGTTTAGATCGTTACAAAGGTCGTTGTTATGATTTAGAACCTGTAAAAGGTGAAGAAAATCAATATATTGCATATGTAGCATACCCACTTGATTTATTTGAAGAAGGTTCAGTAACTAATTTATTTACTTCAATTGTAGGTAATGTATTTGGTTTTAAAGCTTTACGTGCCCTTCGTTTAGAAGATTTACGTATTTCTGTAGCATATGCAAAAACTTTCCAAGGACCTCCTCATGGTATTGAGGTAGAACGTGATAAATTAAATAAATATGGACGTCCATTATTAGGTTGTACAATTAAACCGAAATTAGGTTTATCAGCGAAAAACTATGGTCGTGCTGTTTATGAATGTTTACGTGGTGGTCTAGATTTTACAAAAGATGATGAAAATGTAAATTCACAACCATTTATGCGTTGGCGTGATCGTTTCTTATTTGTTGCAGAAGCTATCTATAAATCACAAGCCGAAACAGGTGAAATTAAAGGGCACTATTTAAATGCCACAGCAGGTACTTGTGAGGGGATGCTTAAACGTGCACAATGTGCAAAAGAATTAGGTGTACCTATTATCATGCATGATTATTTAACAGGAGGTTGGACAGCTAATACAAGTTTAGCACATTACTGTCGTGATCATGGATTATTACTACATATTCACCGTGCCATGCATGCTGTA
PX743792.1_L4_donor_900_r1,PX743792.1,Stemona parviflora,Monocots,PX743792.1,val,L4_donor_900,900,600,1,379285394,ATGTCACCACAAACAGAGACTAAAGCAAGTGTTGGATTCAAAGCTGGTGTTAAAGATTACAAATTGACTTATTATACTCCTGATTACGAAACCAAGGATACTGATATCTTGGCAGCATTTCGAGTAACTCCTCAACCCGGAGTTCCGCCTGAAGAAGCAGGGGCTGCGGTAGCTGCTGAATCTTCTACTGGTACATGGACAACTGTGTGGACTGATGGACTTACCAGTCTTGATCGTTACAAAGGACGATGCTACCACATCGAGAGCGTTGTTGGGGAGGAAAATCAATATATTGCTTATGTAGCTTATCCTTTAGACCTTTTTGAAGAAGGTTCTGTTACTAATATGTTTACTTCCATTGTAGGTAATGTATTTGGTTTCAAAGCCCTACGAGCTCTACGTCTGGAGGATCTGCGAATTCCTCCTGCCTATTCCAAGACTTTTCAAGGACCGCCTCATGGTATCCAAGTTGAAAGAGATAAATTGAACAAGTACGGTCGTCCCCTATTGGGATGTACTATTAAACCAAAATTGGGATTATCTGCAAAGAACTACGGTAGAGCCGTTTATGAATGTCTACGGGGGGGACTTGATTTTACCAAGGATGATGAAAACGTGAACTCACAACCATTTATGCGTTGGAGAGACCGTTTCTTATTTTGTGCCGAAGCACTTTATAAAGCGCAAGCCGAAACCGGTGAAATCAAAGGACATTACTTGAATGCTACTGCGGGTACATGTGAAGAAATGAACAAAAGGGCCGTATTTGCCAGAGAATTGGGAGTACCTATCGTAATGCATGACTACTTAACTGGAGGATTCACTGCAAATACCAGCCTGGCTCATTATTGCCGTGACAACGGATTACTTCTTCACATCCATCGCGCAATGCATGCAGTC
PX743818.1_L4_donor_900_r1,PX743818.1,Corydalis caudata,Other angiosperms,PX743818.1,train,L4_donor_900,900,600,1,289752697,ATGAGTTGTAGGGAGGGACTTATGTCACCACAAACAGAGACTAAAGCAAGTGTTGGATTCAAAGCTGGTGTTAAAGATTACAAATTGACTTATTATACTCCTGACTATGAAACAAAAGATACTGATATCTTGGCAGCATTCCGAGTCACTCCTCAACCTGGAGTTCCACCTGAGGAAGCAGGGGCCGCGGTAGCTGCCGAAAGTAACTTGCACACATGGACAACTGTGTGGACCGATGGGCTTACCAGCCTTGATCGTTACAAAGGACGATGCTATCACATCGAGCCAGTTGCTGGAGAAGACAATCAATATATTTGTTATGTAGCTTACCCTTTAGACCTTTTTGAAGAAGGCTCTGTTACTAATATGTTTACTTCCATTGTGGGTAATGTATTTGGGTTCAAAGCACTACGGGCTCTACGTCTGGAGGATCTGCGAATTCCTCCCGCTTATGTTAAAACTTTCCAAGGACCACCTCATGGAATCCAAGTTGAGAGAGATAAATTGAACAAGTATGGTCGTCCCCTATTGGGATGTACGATTAAACCAAAATTGGGGTTATCCGCTAAGAATTACGGTCGCGCGGTTTATGAATGTCTTCGCGGTGGACTTGATTTTACCAAAGATGATGAAAACGTGAATTCTCAACCATTTATGCGTTGGAGAGACCGTTTCCTATTTTGTGCTGAAGCAATTTATAAAGCACAGGCCGAAACAGGTGAAATCAAAGGACATTACTTAAATGCTACTGCAGGGACATGTGAAGAAATGATCAAAAGGGCTGTATTTGCCAGAGAATTGGGAGTTCCTATCGTAATGCATGACTACTTAACCGGGGGATTCACTGCTAATACTAGCTTGTCTCATTATTGCCGAGATAATGGCCTACTTCTTCACATC
PX743828.1_L4_donor_900_r1,PX743828.1,Arcangelisia gusanlung,Other angiosperms,PX743828.1,train,L4_donor_900,900,600,1,1378190090,ATGAGTTGTAGGGAGGGACTTATGTCACCACAAACAGAGACTAAAGCAAGTGTTGGATTCAAAGCTGGTGTTAAAGATTACAAATTGACTTATTATACTCCTGACTATGTAACCAAAGATACTGATACGCTAGCAGCATTCCGAGTAACTCCTCAACCTGGAGTTCCGCCTGAAGAAGCGGGGGCTGCGGTAGCTGCCGAATCTTCTACAGGTACATGGACAACTGTGTGGACCGATGGACTTACCAGTCTTGATCGTTACAAAGGACGATGCTACCACATTGAGCCCGTTGCTGGGGAAGAAAATCAATATATTTGTTATGTAGCTTACCCCTTAGACCTTTTTGAAGAAGGTTCTGTTACTAATATGTTTACTTCCATTGTGGGTAATGTTTTTGGGTTCAAAGCGCTACGCGCTCTACGTCTGGAGGATCTGCGAATTCCTACTGCTTATATTAAAACTTTCCAAGGCCCGCCTCATGGCATCCAAGTTGAGAGAGATAAATTGAACAAGTATGGTCGTCCCCTATTGGGATGTACTATTAAACCAAAATTGGGATTATCCGCTAAGAACTACGGTAGAGCAGTTTATGAATGTCTCCGCGGTGGACTTGATTTTACCAAGGATGATGAAAACGTGAACTCCCAACCATTTATGCGTTGGAGAGACCGTTTCCTATTTTGTGCTGAAGCACTTTATAAAGCACAAGCCGAAACGGGTGAAATCAAAGGACATTACTTGAATGCTACTGCAGGTACATGCGAAGAAATGATCAAAAGGGCTGTATGTGCCAGAGAGTTGGGAGTCCCTATTGTAATGCATGACTACTTAACGGGAGGATTCACTGCGAATACTTCCTTGGCTCATTATTGCCGAGATAATGGTCTACTTCTTCACATC
PX743839.1_L4_donor_900_r1,PX743839.1,Thalictrum fortunei,Other angiosperms,PX743839.1,test,L4_donor_900,900,600,1,2533878546,ATGTCACCACAAACAGAGACTAAAGCAAGTGTTGGCTTCAAAGCGGGTGTTAAAGATTACAAATTGACTTATTATACTCCTGAATATGAACCCAAAGATACTGATACCTTGGCGGCATTCCGAGTAACTCCTCAACCGGGAGTTCCTGCTGAAGAAGCAGGGGCTGCTGTAGCTGCCGAATCTTCTACAGGTACATGGACAACTGTGTGGACCGATGGACTTACCAGCCTTGATCGTTACAAAGGACGATGCTACCACATCGAGCCCGTTGCTGGAGAAGAAAATCAATATATTTGTTATGTAGCCTATCCTTTAGACCTTTTTGAAGAAGGTTCTGTTACTAACATGTTTACTTCCATTGTGGGTAATGTATTTGGGTTCAAAGCGTTGCGCGCTCTACGCCTGGAGGATCTGCGAATTCCTGTTGCTTATGTTAAAACTTTCCAAGGCCCTCCTCATGGGATCCAAGTTGAGAGAGATAAATTGAACAAGTATGGTCGTCCCCTATTGGGATGTACTATTAAACCAAAATTGGGATTATCCGCTAAGAACTACGGTAGAGCGGTTTATGAATGTCTCCGCGGTGGACTTGATTTTACCAAGGATGATGAGAACGTGAACTCCCAGCCCTTTATGCGTTGGAGAGACCGTTTCCTATTTTGTGCTGAAGCACTTTATAAAGCACAAGCCGAAACAGGTGAAATCAAAGGACATTATTTGAATGCTACTGCGGGTACATGCGAAGAAATGATAAAAAGGGCTGTATTTGCCAGAGAATTGGGAGTACCCATCGTAATGCACGACTACTTAACGGGTGGATTCACCGCAAATACTAGCTTGGCTCATTATTGCCGAGATAATGGTCTACTTCTTCACATCCACCGCGCAATGCATGCAGTT
PX743843.1_L4_donor_900_r1,PX743843.1,Sabia discolor,Other angiosperms,PX743843.1,train,L4_donor_900,900,600,1,3976577665,ATGTCACCACAAACAGAGACTAAAGCAAGTGCTGGATTCAAAGCTGGTGTTAAAGATTACAAATTGAATTATTATACTCCTGAATATAACACCCTAGACACTGATATCTTGGCAGCATTCCGAGTAACTCCTCAACCAGGAGTTCCACCTGAGGAAGCAGGCGCCGCGGTAGCTGCCGAATCTTCTACTGGTACATGGACAACTGTGTGGACCGATGGACTTACCAGCCTTGATCGTTACAAAGGGCGATGCTACCACATCGAGCCCGTTGCTGGAGAAGAAAATCAATATATTGCTTATGTAGCTTACCCTTTAGACCTTTTTGAAGAGGGTTCTGTTACTAACATGTTTACTTCCATTGTAGGTAATGTATTTGGGTTCAAAGCCCTACGCGCTCTACGTCTGGAGGATCTGCGAATCCCTCCGGCTTACATTAAAACTTTCCAAGGCCCGCCTCATGGCATCCAAGTTGAGAGAGATAAATTGAACAAGTATGGTCGTCCCCTATTGGGATGTACTATTAAACCAAAATTGGGGTTATCCGCTAAGAACTACGGTAGAGCTGTTTATGAATGTCTCCGCGGTGGACTTGATTTTACCAAAGATGATGAGAACGTGAACTCCCAACCATTTATGCGTTGGAGAGACCGTTTCGTATTTTGTGCCGAAGCTATTTATAAAGCACAGGCTGAAACAGGCGAAATCAAAGGACATTACTTGAATGCTACTGCAGGTACATGCGAAGAAATGATAAAAAGGGCTGTATTTGCCAGAGAATTGGGAGTTCCTATCGTAATGCATGACTACTTAACGGGGGGATTCACTGCAAATACTACCTTAGCTCATTATTGCCGAGATAATGGCCTGCTTCTGCACATCCATCGCGCAATGCATGCAGTT
PX743855.1_L4_donor_900_r1,PX743855.1,Saxifraga unguiculata,Eudicots,PX743855.1,test,L4_donor_900,900,600,1,2853527649,ATGTCACCACAAACAGAGACTAAAGCGAGTGTTGGATTCAAAGCCGGTGTTAAAGATTACAAATTGACTTATTATACCCCTGATTATGAAACCAAAGATACTGATATCTTGGCAGCATTCCGAGTAACTCCTCAACCTGGAGTTCCACCTGAGGAAGCAGGGGCCGCAGTAGCTGCTGAATCTTCTACTGGCACATGGACAACTGTATGGACCGATGGACTTACCAACCTTGATCGTTACAAAGGACGATGCTATCACATAGAGCCCGTTGCTGGAGAAGAAAATCAATTTATTGCTTATGTAGCTTACCCCTTAGACCTTTTTGAAGAAGGTTCTGTTACTAATATGTTTACTTCCATTGTGGGTAATGTATTTGGGTTCAAAGCCCTGCGCGCTCTACGTCTAGAGGATCTGCGAATCCCTGTTGCGTATGTTAAAACTTTTCAAGGCCCCCCTCATGGTATCCAAGTTGAGAGAGATAAATTGAACAAGTATGGTCGCCCCCTATTGGGCTGTACTATTAAACCTAAATTGGGGTTATCTGCTAAGAACTACGGCAGAGCAGTTTATGAATGTCTCCGTGGTGGACTTGACTTTACCAAAGATGATGAAAACGTAAACTCCCAACCATTTATGCGTTGGAGAGACCGTTTCTTATTTTGTGCCGAAGCTCTTTATAAAGCACAAGCTGAAACAGGTGAAATCAAAGGGCATTACTTGAATGCGACTGCAGGGACATGCGAAGAAATGATCAAAAGAGCTGTATTTGCTAGAGAATTGGGAGTTCCTATCGTAATGCACGATTACTTAACAGGGGGATTCACTGCAAATACTAGCTTAGCTCATTATTGCCGAGATAATGGCCTACTTCTTCACATCCATCGTGCAATGCATGCAGTT
PX743950.1_L4_donor_900_r1,PX743950.1,Myrica nana,Eudicots,PX743950.1,train,L4_donor_900,900,600,1,2983214518,ATGTCACCACAAACAGAGACTAAAGCAAGTGTTGGATTCAAAGCTGGTGTTAAAGATTATAAATTGACTTATTATACTCCTGACTATGAAACCAAGGATACTGATATCTTGGCAGCGTTCCGAGTAACTCCTCAACCTGGAGTTCCGCCTGAGGAAGCAGGGGCAGCAGTAGCTGCTGAATCTTCTACTGGTACATGGACAACTGTGTGGACCGATGGGCTTACTAGTCTTGATCGTTACAAAGGACGATGCTACCACATCGAGCCAGTTGCTGGAGAAGAAAGTCAATTTATTGCTTATGTAGCTTACCCCTTAGACCTTTTTGAAGAAGGTTCTGTTACTAACATGTTTACTTCCATTGTGGGTAATGTATTTGGATTCAAGGCCCTGCGCGCTCTACGTCTGGAGGATTTGCGAATCCCTACTTCTTATGTTAAAACTTTCCAAGGCCCGCCGCATGGCATCCAAGTTGAGAGAGATAAATTAAACAAGTATGGCCGTCCCCTATTGGGATGTACTATTAAACCCAAATTGGGATTATCCGCTAAGAATTACGGTAGAGCAGTTTATGAATGTCTCCGCGGTGGACTTGATTTTACCAAAGATGATGAGAACGTGAATTCCCAACCGTTTATGCGTTGGAGAGATCGTTTCCTATTTTGTGCCGAAGCTATTTATAAAGCGCAGGCTGAAACAGGTGAAATCAAAGGACATTACTTGAATGCTACTGCAGGTACATGCGAAGAAATGATTAAAAGGGCTGTATTTGCCAGAGAATTGGGAGTTCCTATCGTAATGCACGACTACTTAACCGGGGGATTCACGGCAAATACTAGCTTGGCTCATTATTGCCGAGATAATGGTCTACTTCTTCACATCCATCGTGCAATGCATGCAGTT
PX743996.1_L4_donor_900_r1,PX743996.1,Acalypha matsudae,Eudicots,PX743996.1,train,L4_donor_900,900,600,1,3484537806,ATGTCACCACAAACAGAGACTAAAGCAAGTGTTGGGTTCAAGGCTGGTGTTAAAGATTATAAATTGACTTATTTTACTCCTGACTATCAAACCAAAGATACTGATATCTTGGCAGCATTCCGAGTAACTCCTCAACCTGGAGTTCCGCCGGAGGAAGCAGGAGCTGCGGTAGCTGCTGAATCTTCTACTGGTACATGGACAACTGTGTGGACCGATGGGCTTACCAGTCTTGATCGTTATAAAGGACGATGCTACGACATCGAGCCCGTTGCTGGAGAGGAAAATCAATATATTGCTTATGTAGCTTACCCATTAGACCTTTTTGAAGAAGGTTCTGTTACTAACATGTTTACTTCCATTGTGGGTAATGTATTTGGGTTCAAAGCCCTACGCGCCCTACGTCTGGAGGATTTGCGAATCCCTACTGCTTATATTAAAACTTTCCAAGGGCCGCCTCACGGTATCCAAGTTGAGAGGGATAAATTGAATAAGTATGGTCGCCCTCTATTGGGTTGTACTATTAAACCTAAATTGGGTCTATCCGCTAAAAATTACGGTAGGGCCGTTTATGAATGTCTACGCGGTGGACTTGATTTTACCAAAGATGATGAGAACGTAAACTCCCAACCATTTATGCGTTGGAGAGACCGTTTCTTATTTTGTGCCGAAGCAATTTTTAAGGCACAGGCTGAAACAGGCGAAATCAAAGGACATTATTTAAATGCTACTGCGGGTACATGTGAAGAAATGATCAAAAGGGCTGTATTTGCCAGAGAATTAGGAGCTCCTATCGTAATGCATGACTACTTAACAGGGGGGTTCACTGCAAATACTAGCTTGGCTCATTATTGCCGAGATAATGGTTTACTTCTTCACATTCACCGCGCAATGCATGCAGTT
PX743998.1_L4_donor_900_r1,PX743998.1,Falconeria insignis,Eudicots,PX743998.1,train,L4_donor_900,900,600,1,1515649998,ATGTCACCACAAACAGAAACTAAAGCAAGTGTTGGATTCAAGGCTGGTGTTAAAGATTATAAATTGACTTATTATACTCCTGAATATGAAACCAAAGATACTGATATCTTGGCAGCATTCCGAGTAACTCCTCAACCTGGAGTTCCGCCTGAGGAAGCAGGAGCTGCGGTAGCTGCTGAATCTTCTACTGGTACATGGACAACTGTGTGGACTGATGGGCTTACCAGTCTTGATCGTTATAAAGGACGATGCTACCACATCGAGCCCGTTGCTGGAGAAGAAAATCAATATATTGCTTATGTAGCTTACCCCTTAGACCTTTTTGAAGAAGGTTCTGTTACTAACATGTTTACTTCCATTGTGGGTAATGTATTTGGGTTCAAAGCTCTACGCGCCCTACGTCTGGAGGATTTGCGAATCCCTACTGCTTATATTAAAACTTTCCAAGGGCCGCCTCATGGCATCCAAGTTGAGAGAGATAAATTGAACAAGTATGGTCGCCCTCTATTGGGTTGTACTATTAAACCTAAATTGGGGCTATCCGCTAAGAATTACGGTAGAGCGGTTTATGAATGTCTTCGCGGCGGACTTGATTTTACCAAAGATGATGAGAACGTGAACTCCCAACCATTTATGCGTTGGAGAGACCGTTTCTTATTTTGTGCCGAAGCACTTTTTAAAGCACAGGCTGAAACAGGTGAAATCAAAGGACATTATTTGAATGCTACTGCAGGTACATGCGAAGAAATGATCAAAAGGGCTGTATTTGCCAGAGAATTAGGAGTTCCTATCATAATGCATGACTACATAACAGGGGGATTCACTGCAAATACTAGCTTGGCTCATTATTGCCGAGATAATGGCTTACTTCTTCACATTCACCGCGCAATGCATGCAGTT
PX744014.1_L4_donor_900_r1,PX744014.1,Fordiophyton faberi,Eudicots,PX744014.1,train,L4_donor_900,900,600,1,3003211728,ATGTCACCACAAACAGAGACTAAAGCAAGTGTTGGATTCAAAGCTGGTGTTAAAGATTATAGACTGACTTATTATACTCCTGACTATCAAGTCAAACCTACTGATACCTTGGCAGCATTCCGAGTAACTCCGCAACCAGGAGTTCCGCCTGAAGAAGCAGGGGCTGCGGTAGCTGCTGAATCTTCTACTGGTACATGGACAACTGTGTGGACCGATGGGCTTACCAGCCTTGATCGTTATAAAGGAAGATGCTACAACATCGAGCCGGTTGCTGGAGAAGAAAATCAATATATATGTTATGTAGCTTACCCTTTAGACCTTTTTGAAGAAGGTTCTGTTACTAATATGTTTACTTCAATTGTAGGGAATGTATTTGGCTTCAAAGCCCTTCGCGCTCTACGTCTGGAGGATTTGCGAATCCCTACTGCCTATATTAAAACTTTCCAAGGACCGCCTCATGGCATCCAAGTTGAGAGAGATAAATTGAACAAGTATGGACGTCCCCTATTGGGATGTACTATTAAACCGAAATTAGGTTTATCCGCTAAGAATTACGGTAGAGCAGTTTATGAATGTCTTCGTGGTGGACTTGATTTTACGAAAGATGATGAGAACGTAAACTCACAACCGTTTATGCGTTGGAGAGACCGTTTCTTATTTTGTGCTGAAGCCCTTTATAAAGCACAAGCTGAAACAGGTGAAATCAAAGGACATTACTTGAATGCTACTGCAGGTACATGCGAAGAAATGATTAAAAGGGCTGTATTTGCCAGAGAATTGGGAGTTCCTATCGTAATGCATGACTACTTAACGGGAGGATTCACTGCAAATACTAGCTTGGCTCATTATTGCCGAGATAATGGTCTACTTCTTCACATCCACCGTGCAATGCATGCAGTT
PX744018.1_L4_donor_900_r1,PX744018.1,Acer albopurpurascens,Eudicots,PX744018.1,test,L4_donor_900,900,600,1,2658155690,ATGTCACCACAAACAAAGACTAAAGCAAGTGTTGGATTCAAAGCCATCGTTAAAGATTATAAATTGACTTATTATACTCTTGACTATGTAACCAAAGATACTTATATCTTGGCAGCATTCCAAGTAACTCCTCAACCCGGGGTTCCGCCCGAGGAAGCCGGGGCCGCGGTAGCTGCGGAATCTTCTACTGGTACATGGACAACTGTGTGGACCGATGGGCTTACCAGCCTTGATCGTTATAAAGGACGATGCTACAACATTGAGCCCGTTGCTGGAGAAGAAAATCAATATATATGTTATGTAGCTTACCCTTTAGACCTTTTTGAAGAGGGTTCTGTTACTAACATGTTTACTTCCATTGTGGGTAATGTATTTGGGTTTAAAGCCCTGCGCGCTCTACGTCTAGAGGATCTACGAATCCCTCCCGCGTATTCAAAAACTTTCCAAGGCCCCCCTCATGGCATCCAAGTTGAGAGAGATAAATTGAACAAGTACGGGCGCCCCCTATTGGGATGTACTATTAAACCTAAATTGGGATTATCCGCTAAGAACTACGGTAGAGCAGTTTATGAATGTCTACGTGGTGGACTTGACTTTACCAAAGATGATGAGAACGTAAACTCCCAACCATTTATGCGTTGGAGAGACCGTTTCTTGTTTTGTGCAGAAGCTATTTATAAATCGCAGGCAGAAACTGGTGAAATCAAAGGTCATTACTTGAATGCTACTGCAGGTACATGGGAAGAGATGCTAAAAAGGGCGGTATTTGCCAGAGAGTTGGGAGTTCCTATCGTAATGCATGACTACTTAACAGGGGGATTCACCGCAAATACTAGCTTGGCTCATTATTGCCGAGATAATGGTCTACTTCTTCACATCCATCGTGCAATGCATGCAGTT
PX744022.1_L4_donor_900_r1,PX744022.1,Lepisanthes hainanensis,Eudicots,PX744022.1,train,L4_donor_900,900,600,1,1968695829,ATGTCACCACAAACAGAGACTAAAGCAAGTGTTGGATTCAAAGCCGGTGTTAAAGATTATAAATTGACTTATTATACTCCTGACTATGTAACCAAAGATACTGATATCTTGGCAGCATTCCGAGTAACTCCTCAACCCGGGGTTCCACCCGAGGAAGCAGGGGCCGCGGTAGCTGCGGAATCTTCTACTGGTACATGGACAACTGTGTGGACCGATGGGCTTACCAGCCTTGATCGTTACAAAGGACGATGCTACAACATTGAGCCTGTTGCTGGAGAAGAAAATCAATATATATGTTATGTAGCTTACCCTTTAGACCTTTTTGAAGAAGGTTCTGTTACTAACATGTTTACTTCCATTGTAGGTAATGTATTTGGGTTTAAAGCCTTGCGCGCTCTACGTCTAGAGGATCTACGAGTCCCTCCTGCGTATTCGAAAACTTTCCAAGGCCCCCCTCACGGCATCCAAGTTGAGAGAGATAAATTGAACAAGTATGGACGTCCCCTATTGGGATGTACTATTAAACCTAAATTGGGATTATCTGCTAAGAACTACGGTAGAGCAGTTTATGAATGTCTACGTGGTGGACTTGACTTTACCAAAGATGATGAGAACGTAAACTCCCAACCATTTATGCGTTGGAGAGACCGTTTCTTGTTTTGTGCGGAAGCGCTTTTTAAAGCGCAGGCGGAAACTGGTGAAATCAAAGGTCATTACTTGAATGCTACTGCAGGTACATGCGAAGAAATGATAAAAAGGGCTGTATTCGCCAGAGAGTTGGGAGCTCCTATCGTAATGCATGACTATTTAACAGGGGGATTCACCGCGAATACTAGCTTGGCTCATTATTGCCGGGATAATGGTCTACTTCTTCACATCCATCGTGCAATGCATGCAGTT
PX744047.1_L4_donor_900_r1,PX744047.1,Buckleya henryi,Eudicots,PX744047.1,val,L4_donor_900,900,600,1,1178920049,ATGTCACCACAAACAGAGACTAAAGCAAGTGTTGGATTCAAAGCGGGTGTTAAGGATTATAAATTGACTTATTATACTCCTGATTACGAAACCAAAGATACTGATATCTTGGCAGCATTCCGAGTAACTCCTCAACCCGGAGTTCCGCCTGAGGAAGCGGGGGCCGCGGTAGCTGCCGAATCTTCTACTGGTACATGGACGACTGTGTGGACCGATGGACTTACCAGCCTTGATCGTTACAAAGGCCGATGCTACCACATTGAGCCCGTTGCTGGAGAAGAAAATCAATATATAGCTTATGTAGCTTACCCCTTAGACCTTTTTGAAGAAGGTTCTGTTACTAACATGTTTACTTCCATTGTGGGTAATGTATTTGGGTTCAAAGCCCTACGTGCTCTACGGCTAGAGGATCTCCGAATCCCTCCTGCTTATTCTAAAACTTTCCAAGGCCCGCCTCATGGCATCCAAGTTGAAAGAGATAAATTGAACAAGTATGGCCGTCCCCTATTGGGATGTACTATTAAACCTAAATTGGGGTTATCCGCTAAGAACTATGGTAGAGCAGTTTATGAATGTCTTCGCGGTGGACTTGATTTTACCAAAGATGATGAGAACGTAAACTCCCAACCATTTATGCGTTGGAGAGACCGTTTCTTATTTTGTGCCGAAGCCATTTATAAAGCACAGGCCGAAACAGGCGAAATCAAAGGGCATTACTTGAATGCTACTGCGGGTACATGCGAAGAAATGATCAAAAGGGCTGTATTTGCCAGAGAATTGGGAGTTCCTATCGTAATGCATGACTACTTAACGGGGGGATTCACTGCAAATACTAGTTTGGCTCATTATTGCCGAGATAATGGCCTACTTCTTCACATCCATCGTGCAATGCATGCGGTT
PX744060.1_L4_donor_900_r1,PX744060.1,Arthrophytum longibracteatum,Eudicots,PX744060.1,train,L4_donor_900,900,600,1,3168521698,ATGTCACCACAAACCGAAACTAAAGCAAGTGTTGGATTTAAAGCTGGTGTTAAAGATTACAAATTGACTTATTATACTCCTGAGTATGAAACCAAAGATACTGATATCTTGGCAGCATTCCGAGTAACTCCTCAACCTGGAGTTCCACCTGAAGAAGCAGGGGCTGCAGTAGCTGCCGAATCTTCTACTGGTACATGGACAACCGTATGGACCGACGGGCTTACTAGTCTTGATCGTTACAAAGGACGATGCTATCACATCGAGCCTGTTGCTGGAGAAGAAAATCAATATATTTGTTATGTAGCGTATCCCTTAGACCTTTTTGAAGAAGGTTCTGTTACTAACATGTTTACTTCTATTGTGGGTAACGTATTTGGGTTCAAAGCCCTACGTGCTCTACGTTTGGAGGATTTGCGAATCCCTGTTGCTTATATAAAAACTTTCCAAGGCCCACCTCACGGTATTCAGGTTGAGAGAGATAAATTAAACAAGTATGGTCGTCCCCTATTGGGATGCACTATTAAACCTAAATTGGGGTTATCCGCTAAAAACTATGGTCGAGCAGTTTATGAATGTCTTCGCGGTGGACTTGATTTTACCAAAGATGATGAAAACGTGAACTCCCAACCGTTTATGCGTTGGAGAGACCGTTTCCTATTTTGTGCCGAAGCTCTTTATAAAGCACAGGCCGAAACCGGCGAAATCAAAGGACATTACTTGAATGCTACTGCGGGTACATGTGAAGACATGATGAAAAGGGCTGTATTTGCGAGAGAATTGGGAGCTCCTATCGTAATGCATGACTACTTAACAGGTGGATTCACTGCAAATACCACCTTGGCTCATTATTGCCGAGATAATGGTCTACTTCTTCACATTCACCGTGCAATGCACGCAGTT
PX744100.1_L4_donor_900_r1,PX744100.1,Ardisia brevicaulis,Eudicots,PX744100.1,train,L4_donor_900,900,600,1,2388930794,ATGTCACCACAAACAGAGACTAAAGCAGGTACTGGATTCAAAGCTGGTGTTAAAGATTACAAATTGACTTATTATACTCCTGAGTATGTAACCAAGGATACTGATATTTTGGCAGCATTCCGAGTAACTCCTCAACCCGGAGTTCCGCCCGAAGAAGCAGGGGCCGCAGTAGCTGCCGAATCTTCTACTGGTACATGGACAACCGTGTGGACCGATGGACTTACTAGCCTTGATCGTTACAAAGGGCGATGCTACCACATCGAGCCTGTTGCTGGAGAAGAAAATCAATATATTGCTTATGTAGCTTATCCTTTAGACCTTTTTGAAGAAGGTTCTGTTACTAACATGTTTACTTCTATCGTGGGTAATGTATTTGGGTTCAAAGCCCTGCGCGCTCTACGTCTGGAAGATCTGCGAATCCCGCCTGCGTATGTTAAAACTTTCCAAGGACCGCCTCATGGTATCCAAGTTGAAAGAGATAAATTGAATAAGTATGGTCGTCCACTGTTGGGATGTACTATTAAACCTAAATTGGGATTATCCGCTAAAAACTACGGTAGAGCTGTTTATGAATGTCTTCGTGGTGGACTTGATTTTACCAAAGATGATGAGAACGTGAACTCCCAACCATTTATGCGTTGGCGAGACCGTTTCGTATTTTGTGCCGAAGCTATTTATAAAGCACAGGCTGAAACTGGTGAAATCAAAGGTCATTACTTGAACGCTACTGCAGGTACATGTGAAGAAATGATAAAGAGGGCTGTATTTGCCAGAGAATTAGGCGTTCCTATCGTAATGCATGACTATTTAACAGGGGGATTCACTGCAAATACTAGCTTGGCTCATTATTGCCGAGATAATGGCTTACTTCTTCACATCCACCGCGCAATGCATGCAGTT
PX744121.1_L4_donor_900_r1,PX744121.1,Rhododendron declivatum,Eudicots,PX744121.1,train,L4_donor_900,900,600,1,2863215983,ATGTCACCACAAACAGAGACTAAAGCAAGTGTTGGATTCAAAGCTGGTGTTAAAGAGTACAAATTGAATTATTATACTCCTCAGTATGAAACCAAAGATACTGATATCTTGGCAGCATTCCGAGTAACTCCTCAACCGGGAGTTCCACCTGAAGAAGCAGGGGCCGCGGTAGCTGCGGAATCTTCTACTGGTACATGGACAACAGTGTGGACTGATGGACTTACTAGCCTTGATCGTTACAAAGGGCGATGCTACCACATCGAGCCTGTTGCTGGAGACGAAAATCAATTTATTGCTTATGTAGCTTATCCTTTAGACCTTTTTGAAGAAGGTTCTGTTACTAACATGTTTACTTCCATTGTGGGTAATGTATTTGGGTTCAAAGCCCTGCGCGCTCTACGTCTGGAAGATCTACGAATCCCTGCAGCGTATGCTAAAACGTTCCAAGGACCGCCTCATGGTATCCAAGTTGAAAGAGATAAATTGAACAAGTACGGTCGTCCCCTGTTGGGATGTACTATTAAACCTAAATTGGGGTTATCTGCTAAAAACTATGGGAGAGCTGTTTATGAATGTCTCCGCGGTGGACTTGATTTTACCAAAGATGATGAGAACGTGAACTCCCAACCATTTATGCGTTGGAGAGACCGTTTCTTATTTTGTGCCGAAGCACTTTATAAAGCACAGGCGGAAACAGGCGAAATCAAAGGGCATTACTTAAATGCTACTGCAGGTACATGCGATGAAATGATGAAAAGAGCTGTATTTGCCAGAGAATTAGGAGTTCCTATCGTAATGCATGACTATTTAACAGGGGGATTCACTGCAAATACTACCTTGGCTGAGTATTGCCGAGATAATGGCCTACTTCTTCACATCCATCGTGCAATGCATGCAGTT
PX744240.1_L4_donor_900_r1,PX744240.1,Pedicularis ikomai,Eudicots,PX744240.1,train,L4_donor_900,900,600,1,2926743206,ATGAGTTGTAGGGAGGGATTTATGTCACCACAAACAGAAACTAAAGCAAGTGTTGGATTCAAAGCGGGTGTTAAAGAGTACAAATTGACTTATTATACTCCTGAATACGAAACCAAAGATACTGATATCTTGGCAGCATTCCGAGTAACTCCTCAACCCGGAGTTCCGCCTGAAGAAGCAGGGGCTGCAGTAGCTGCCGAATCTTCTACTGGTACATGGACAACTGTGTGGACCGATGGACTTACCAGCCTTGATCGTTACAAAGGACGATGCTACCACATCGAGCCCGTTCCTGGAGAAACAGATCAATATATCTGTTATGTAGCTTACCCTTTAGACCTTTTTGAAGAAGGTTCTGTTACGAACATGTTTACTTCCATTGTAGGAAATGTATTTGGATTCAAAGCCTTGCGTGCTCTACGTCTGGAAGATCTGCGAATTCCTCCTGCTTATATTAAAACTTTCCAAGGCCCGCCGCACGGGATCCAAGTTGAAAGAGATAAATTGAACAAGTACGGTCGTCCCCTGTTGGGATGTACTATTAAACCTAAATTGGGGTTATCTGCTAAAAACTACGGTAGAGCAGTTTATGAATGTCTTCGCGGTGGACTTGATTTTACCAAAGATGATGAGAACGTGAACTCCCAGCCATTTATGCGTTGGAGAGATCGTTTCTTATTTTGTGCTGAAGCACTTTATAAAGCACAGGCTGAAACAGGCGAAATCAAAGGGCATTACTTGAATGCTACTGCGGGTACATGTGAAGAAATGATCAAAAGAGCTGTATTTGCTAGAGAATTGGCAGTTCCTATCGTAATGCACGACTACTTAACAGGAGGATTCACTGCAAATACTAGCTTGTCTCATTATTGCCGAGATAATGGCCTACTTCTTCACATT
PX744248.1_L4_donor_900_r1,PX744248.1,Adenophora wulingshanica,Eudicots,PX744248.1,train,L4_donor_900,900,600,1,1194762122,ATGTCACCACAAACAGAGACGAAGGCAAATGTTGGATTTAAGGCTGGGGTTAAAGATTATAAATTAACTTATTATACTCCGGACTATGAAACCAAGGATACCGATATTTTGGCAGCCTTTCGAGTCACTCCTCAACCCGGAGTTCCCCCGGAAGAAGCAGGGGCCGCAGTAGCTGCCGAATCGTCTACTGGTACATGGACAACTGTGTGGACCGATGGGCTTACGAGCCTTGATCGTTACAAAGGGAGATGCTATCACATCGAGCCCGTTGCCGGAGAAGAAACTCAATTTATTGCTTATGTAGCTTACCCATTAGACCTTTTTGAAGAAGGTTCTGTTACTAACATGTTTACTTCCATTGTGGGTAATGTATTTGGATTTAAAGCACTGCGTGCTCTACGTCTAGAAGATTTGCGAATCCCAACTGCGTATATTAAAACATTTCAAGGCCCGCCTCACGGCATCCAAGTTGAGAGAGATAAATTGAATAAGTATGGTCGTCCCCTATTGGGATGTACTATTAAACCAAAATTAGGGTTATCCGCTAAAAACTACGGCAGAGCAGTTTATGAATGTCTTCGTGGTGGACTTGATTTTACTAAAGATGATGAGAACGTCAACTCCCAACCCTTTATGCGGTGGAGAGATCGTTTCTTATTTTGTGCCGAAGCCATTTATAAAGCACAGGCTGAAACAGGTGAAATCAAAGGCCATTACTTGAATGCTACTGCGGGTACATCCGAAGAAATGATGAAAAGGGCTGTCTTTGCCAGAGAGTTGGGAGTTCCTATCGTAATGCATGACTACATAACAGGGGGATTTACTGCAAATACTAGCTTGGCTCATTATTGCCGAGATAATGGTCTACTTCTTCATATCCACCGCGCAATGCATGCAGTT
PX744249.1_L4_donor_900_r1,PX744249.1,Pentaphragma spicatum,Eudicots,PX744249.1,train,L4_donor_900,900,600,1,461152277,ATGTCACCACAAACAGAAACTAAAGCAAGTGTTGGATTCAAAGCTGGTGTTAAAGATTATAAATTGACTTATTATACTCCTGACTATGAAACCAAAGATACTGATATCTTGGCAGCATTCCGAGTAACTCCTCAACCTGGAGTTCCACCTGAAGAAGCAGGGGCCGCAGTAGCTGCCGAATCTTCTACTGGTACATGGACAACTGTGTGGACTGATGGACTTACGAGCCTTGATCGTTACAAAGGGCGATGCTATGGAATCGAGCCCGTTCCTGGAGAAGAAAATCAATTTATTGCTTATGTAGCTTACCCATTAGACCTTTTTGAAGAAGGTTCTGTTACTAACATGTTTACTTCCATTGTGGGTAATGTATTTGGGTTCAAAGCCCTACGTGCTCTACGTCTGGAAGATCTGCGAATCCCTACTGCGTATGTTAAAACTTTCCAAGGTCCGCCTCATGGCATCCAAGTTGAGAGAGATAAATTGAACAAGTATGGTCGTCCCCTGTTGGGATGTACTATTAAACCTAAATTGGGGTTATCTGCTAAAAACTATGGTAGAGCAGTTTATGAATGTCTGCGTGGTGGCCTTGATTTTACCAAAGATGATGAGAACGTGAACTCGCAACCATTTATGCGTTGGAGAGATCGTTTCGTATTTTGTGCCGAAGCACTTTATAAAGCACAGGCTGAAACAGGTGAAATCAAAGGGCATTACTTGAATGCTACTGCGGGTACATGCGAAGAAATGATGAAAAGGGCCATATTTGCCAGAGAATTGGGAGTTCCTATCGTAATGCATGACTACCTAACAGGGGGATTCACTGCAAATACTAGCTTGGCTCATTATTGCCGAGATAATGGCTTACTTCTTCACATCCACCGCGCAATGCATGCAGTT
PX744267.1_L4_donor_900_r1,PX744267.1,Leontopodium smithianum,Eudicots,PX744267.1,train,L4_donor_900,900,600,1,1933051275,ATGTCACCACAAACAGAGACTAAAGCAAGTGTTGGATTCAAAGCAGGTGTTAAAGATTATAAATTGACTTATTATACTCCTGAGTATGAAACCAAGGATACTGATATCTTGGCAGCATTTCGAGTAACTCCTCAACCTGGAGTTCCGCCTGAAGAAGCAGGGGCCGCAGTAGCTGCCGAATCTTCTACTGGTACATGGACAACTGTGTGGACCGATGGACTTACGAGCCTTGATCGTTACAAAGGACGATGCTATGGAATTGAGCCTGTTCCTGGAGAAGAAAATCAATATATTGCTTATGTAGCTTACCCATTAGACCTTTTTGAAGAAGGTTCTGTTACTAACATGTTTACTTCCATTGTAGGTAATGTATTTGGGTTCAAAGCCCTGCGTGCTCTACGTTTGGAAGATTTGCGAATCCCTACTGCGTATGTTAAAACTTTCCAAGGTCCGCCTCACGGCATCCAAGTTGAGAGAGATAAATTGAACAAGTATGGTCGTCCCCTGTTGGGATGTACTATTAAACCTAAATTGGGGTTATCCGCTAAAAACTACGGTAGAGCTGTTTATGAATGTCTTCGTGGTGGCCTTGATTTTACTAAAGATGATGAGAACGTGAACTCCCAACCATTTATGCGTTGGAGAGACCGTTTCGTATTTTGTGCCGAAGCTATTTATAAATCACAAGCTGAAACAGGGGAAATCAAAGGTCATTACTTGAATGCTACTGCGGGTACATGCGAAGAAATGATGAAAAGGGCTGCATTTGCCAGAGAATTGGGAGTTCCTATCGTAATGCATGACTACCTAACAGGTGGATTCACTGCAAATACTACCTTGGCTCATTATTGCCGAGATAATGGTCTACTTCTTCACATCCACCGCGCAATGCATGCAGTT
PX744315.1_L4_donor_900_r1,PX744315.1,Platostoma hispidum,Eudicots,PX744315.1,train,L4_donor_900,900,600,1,3803266387,ATGAGTTGTAGGGAGGGATTTATGTCACCACAAACAGAGACTAAAGCAAGTGTTGGATTCAAAGCGGGTGTTAAAGAGTACAAATTGACTTATTATACTCCTGAATACGAAACCAAAGATACTGATATCTTGGCAGCATTCCGAGTAACTCCTCAACCTGGAGTTCCGCCTGAAGAAGCAGGGGCCGCGGTAGCTGCCGAATCTTCTACTGGTACATGGACAACTGTGTGGACCGATGGACTTACCAGTCTTGATCGTTACAAAGGGCGATGCTACGCCATCGAGCCCGTTCCTGGAGAAAAAGATCAATATATCTGTTATGTAGCTTACCCTTTAGACCTTTTTGAAGAAGGTTCTGTTACTAACATGTTTACTTCCATTGTAGGAAATGTATTTGGATTCAAAGCCCTACGTGCTCTACGTCTGGAAGATCTGCGAATTCCTACTGCTTATATTAAAACTTTCCAAGGCCCGCCTCATGGGATCCAAGTTGAGAGAGATAAATTGAACAAGTACGGTCGTCCTCTGCTGGGATGTACTATTAAACCTAAATTGGGGTTATCTGCTAAAAACTATGGTAGAGCGGTTTATGAATGTCTTCGCGGTGGACTTGATTTTACCAAAGATGATGAGAACGTGAACTCCCAGCCATTTATGCGTTGGAGAGACCGCTTCTTATTTTGTGCCGAAGCAATTTATAAATCCGTGGCTGAAACAGGTGAAATCAAAGGGCATTACTTGAATGCTACTGCGGGTACATGCGAAGAAATGATGAAAAGAGCTGTATTTGCTAGAGAATTGGGAGTTCCTATCATAATGCATGACTACTTAACAGGAGGATTCACCGCAAATACCAGTTTGGCTCATTATTGCCGAGATAATGGGTTACTTCTTCACATT
PX744322.1_L4_donor_900_r1,PX744322.1,Allmania nodiflora,Eudicots,PX744322.1,train,L4_donor_900,900,600,1,1250891143,ATGTCACCACAAACAGAGACTAAAGCAAGTGTTGGATTTAAAGCTGGTGTTAAAGATTACAAATTGACTTATTATACTCCTGAGTATGAAACCCTAGATACTGATATCTTGGCAGCATTCCGAGTAACTCCTCAACCTGGAGTTCCACCTGAAGAAGCAGGGGCTGCAGTAGCTGCCGAATCTTCTACTGGTACATGGACAACTGTATGGACCGACGGACTTACCAGTCTTGATCGTTACAAAGGACGATGCTACCACATCGAGCCCGTTGCTGGAGAAGAAAATCAATATATTTGTTATGTAGCGTATCCTTTAGACCTTTTTGAAGAAGGTTCTGTTACTAACATGTTTACTTCCATTGTGGGTAACGTATTTGGGTTCAAAGCCCTGCGTGCTCTACGTTTGGAGGATTTGCGAATCCCTGTTGCTTATATAAAAACTTTCCAAGGTCCGCCTCACGGTATCCAAGTTGAGAGAGATAAATTGAACAAGTATGGTCGTCCCCTATTGGGATGCACTATTAAACCGAAATTAGGGTTATCCGCTAAAAACTATGGTCGAGCATGTTATGAATGTCTTCGTGGTGGACTTGATTTTACCAAAGATGATGAAAACGTGAACTCCCAACCATTTATGCGTTGGAGAGACCGTTTCCTATTTTGTGCCGAAGCTCTTTATAAAGCACAGGCCGAAACAGGTGAAATCAAAGGGCATTACTTGAATGCTACCGCAGGGAATTGCGAAGAAATGATAAAAAGAGCTGTATTTGCCAGAGAGTTGGGAGTTCCTATCGTAATGCATGACTACTTAACAGGCGGATTCACTGCAAATACTAGCTTGGCTCAGTATTGCCGAGACAATGGTCTACTTCTTCACATCCACCGTGCAATGCACGCAGTT
PX924757.1_L4_donor_900_r1,PX924757.1,Augea capensis,Eudicots,PX924757.1,train,L4_donor_900,900,600,1,1565362618,ATGTCACCACAAACAGAGACTAAAGCAAGTGTTGGATTCAAGGCTGGTGTTAAAGATTATAAATTGACTTATTATACTCCTGAATATGAAACAAAGGATACTGATATTTTGGCAGCCTTCCGAGTAACTCCTCAACCTGGAGTTCCACCTGAGGAAGCAGGGGCTGCAGTAGCTGCTGAATCTTCTACTGGTACATGGACAACCGTGTGGACTGATGGTCTTACCAATCTTGATCGTTACAAAGGACGATGCTATGGCTTGGAGGCTGTTCCTGGAGAAGACAATCAATACATTGCTTATGTAGCTTATCCTTTAGACCTTTTTGAAGAAGGTTCCGTTACTAACATGTTTACTTCCATTGTGGGTAATGTATTTGGTTTCAAAGCTCTACGTGCTCTGCGTTTGGAAGATTTACGAATTCCTACTTCATATACCAAAACTTTCCAAGGGCCTCCTCATGGTATCCAAGTTGAAAGAGATAAATTGAATAAGTACGGTCGTCCATTATTGGGATGTACTATTAAGCCTAAATTGGGTCTATCTGCAAAGAATTATGGTAGAGCAGTTTATGAATGTCTTCGAGGTGGACTTGATTTTACCAAAGATGATGAGAATGTGAACTCCCAGCCATTTATGCGTTGGAGAGACCGCTTCTTATTTTGTGCTGAAGGAATTTATAAAGCACAGGCTGAAACAGGTGAAATTAAAGGGCATTACTTGAATGCAACTGCAGGTACATGCGAAGAAATGATGAAGAGGGCTGCTTGTGCTAGAGAATTAGGAGTTCCTATCGTAATGCATGACTACTTAACAGGTGGATTCACTGCAAATACTAGCTTGGCTCATTATTGTCGAGATAATGGTCTACTTCTTCACATTCACCGTGCAATGCATGCAGTT
PZ584713.1_L4_donor_900_r1,PZ584713.1,Paulinella sp. B8128-1,SAR/other protist,PZ584713.1,train,L4_donor_900,900,600,1,1358502362,ATGAGCAAGAAGTACGACGCCGGGGTTAAGGAGTACAGAGACACTTACTGGACTCCTGACTATATTCCCCTTGACACTGATCTACTAGCCTGTTTTAAATGTACTGGACAAGCGGGTGTTCCTCGTGAAGAAGTTGCAGCAGCTGTAGCTGCTGAATCTTCTACTGGTACTTGGTCTACTGTATGGTCTGAGTTACTTACAGATCTAGACTTCTACAAAGGTCGTTGCTATCGAATTGAAGAAGTACCTAATGATAAAGAGTCTTTTTATGCGTTTATCGCGTATCCACTAGATCTATTTGAAGAAGGTTCTGTTACCAACGTACTAACCTCATTGGTAGGTAACGTATTTGGTTTCAAAGCTCTACGTCATTTACGTCTCGAGGATATTAGATTCCCGCTAGCTTTTATTAAGACTTGTGGTGGTCCGCCTAACGGAATTCAGGTTGAGCGTGACCGGATGAACAAATATGGTCGTCCATTACTCGGATGTACAATCAAGCCTAAGCTAGGTCTATCAGGTAAAAACTATGGACGTGTAGTTTACGAGTGTCTTCGTGGAGGCCTTGACTTCACTAAGGATGACGAGAATATAAACTCTCAGCCTTTCCAAAGATGGCAAAATAGATTTGAATTCGTTGCTGAAGCAGTTAAAGCCGCTGAGCAAGAGACAGGCGAGCGGAAAGGTCATTATCTCAACTGTACAGCAAATACACCTGAAGAGATGTATGAGCGTGCTGAGTTTGCTAAAGAACTAAACCAGCCAATCGTGATGCATGACTTCATCACTGGTGGTTTTACTGCAAATACCGGTCTATCTAAATGGTGTCGTAAAAATGGAATCCTGCTTCATATTCACCGTGCAATGCATGCGGTAATTGACCGTCATCCAAAGCATGGT
AB050950.1_L4_donor_900_r2,AB050950.1,Filibryum ogatae,Mosses,AB050950.1,train,L4_donor_900,900,600,2,3374449954,ATGTCACCACAAACGGAGACTAAAGCAGGTGTTGGATTTAAAGCTGGTGTTAAAGATTACAGATTAACTTATTACACTCCAGATTATCAGACTAAAGAAACTGATATTTTAGCAGCATTTCGAATGACTCCTCAACCAGGAGTACCCGCTGAAGAGGCGGGAGCTGCAGTAGCTGCGGAATCTTCCACTGGTACATGGACCACTGTTTGGACTGATGGACTTACCAGTCTCGATCGCTACAAAGGACGATGCTATGATCTTGAAGCAGTTCCTGGAGAAGAGAATCAATATATTGCTTATGTTGCTTACCCATTAGATTTATTTGAAGAAGGTTCTGTTACCAATTTATTTACTTCTATTGTTGGTAATGTTTTCGGATTTAAAGCCTTACGAGCTTTACGTCTAGAAGATTTACGTATTCCTCCAGCTTATTCCAAAACTTTCCAAGGTCCACCTCATGGTATTCAAGTCGAAAGAGATAAATTAAATAAATATGGTCGTCCATTATTAGGATGTACTATTAAGCCAAAATTAGGTTTATCTGCTAAAAACTATGGTAGAGCCGTATATGAATGTCTTCGTGGTGGGCTTGATTTCACAAAAGATGATGAAAACGTAAATTCTCAACCTTTTATGCGTTGGAGAGATCGTTTCTTATTTGTAGCTGAAGCTATTTACAAATCTCAAGCTGAAACAGGTGAAATTAAAGGACATTATTTAAATGCTACCGCAGGTACATGTGAAGAAATGATGAAAAGAGCTCAATTTGCTAGAGAACTAGGCATGCCTATTGTCATGCACGATTATTTAACAGGTGGTTTTACTGCAAATACCAGTTTGGCTCATTACTGTCGTGATAATGGCTTGCTTCTTCATATCCACCGCGCGATGCATGCAGTT
AB071411.1_L4_donor_900_r2,AB071411.1,Mastopoma subfiliferum,Mosses,AB071411.1,train,L4_donor_900,900,600,2,1182706440,ATGTCACCACAAACGGAGACTAAAGCAGGTGTTGGATTTAAAGCTGGTGTTAAAGATTACAGATTAACCTATTACACTCCAGATTATCAGACTAAAGAAACTGATATTTTAGCAGCATTTCGAATGACTCCTCAACCAGGAGTACCCGCTGAAGAGGCGGGAGCTGCAGTAGCTGCAGAATCTTCCACCGGTACATGGACCACTGTTTGGACCGATGGACTTACTAGTCTTGATCGTTATAAAGGACGATGCTATGATCTTGAAGCAGTTCCTGGAGAAGAAAATCAATATATTGCTTATGTTGCTTACCCATTAGATCTATTTGAAGAAGGTTCAGTTACCAATTTATTTACTTCTATCGTTGGTAATGTTTTTGGATTTAAAGCTTTGCGAGCTTTACGTCTGGAAGATTTACGTATTCCTCCAGCTTATTCCAAAACTTTTCAAGGCCCACCTCATGGTATTCAAGTTGAAAGAGATAAATTAAATAAATATGGTCGTCCATTATTAGGATGTACTATTAAGCCAAAATTGGGTTTATCTGCTAAAAACTATGGTAGAGCTGTATATGAATGTCTTCGTGGTGGACTTGATTTCACAAAAGATGATGAAAACGTAAATTCTCAACCTTTTATGCGTTGGAGAGATCGTTTCTTATTCGTAGCCGAAGCTATTTACAAATCTCAATCTGAAACAGGTGAAATTAAAGGACATTATTTAAATGCTACCGCAGGTACATCTGAAGAAATGTTGAAAAGAGCTCAATTTGCTAGAGAACTAGGCATGCCTATTATCATGCATGATTATTTAACAGGTGGTTTTACCGCAAACACCAGTTTGGCTCATTACGCTCGTGATAATGGCTTGCTCCTTCATATTCACCGCGCAATGCATGCAGTT
AB159651.1_L4_donor_900_r2,AB159651.1,Thorea gaudichaudii,Red algae,AB159651.1,train,L4_donor_900,900,600,2,957326073,ATGTCTCAATCCGTAGAAGAACGGACAAGGATTAAAAACGAACGTTACGAATCTGGAGTAATACCATACGCAAAGATGGGTTACTGGGATCCTGACTACGTAATCAAAGATACCGATGTTCTAGCTTTATTTCGAGTTACTCCTCAACCGGGTGTAGATCCAATTGAAGCTTCTGCAGCTGTTGCAGGTGAATCATCAACAGCAACTTGGACAGTAGTTTGGACAGACCTTCTAACAGCTTGCGACCTTTATAGAGCAAAAGCATACAAAGTAGATGCAGTACCAAATAACTCTGAGCAATACTTCGCATACATTGCTTATGACATAGATTTATTTGAAGAAGGTTCTATAGCAAACTTAACCGCATCAATTATAGGAAATGTATTCGGATTTAAGGCTGTAAAAGCATTGCGTCTTGAAGACATGCGTTTACCTATTGCTTATCTGAAAACTTTTCAAGGTCCTGCTACCGGTACAATAGTAGAACGTGAACGTATGGATAAGTTTGGTCGTCCTTTCTTGGGAGCAACTGTAAAACCAAAACTAGGCCTTTCTGGAAAAAACTATGGAAGAGTAGTGTACGAAGGTTTAAAGGGAGGACTAGACTTTCTAAAAGATGACGAAAATATTAATTCTCAACCATTTATGCGTTGGAGAGAAAGATATCTGTTTTCTATAGAAGGTGTTAACCGTGCACAGGCAGCAACAGGAGAAGTAAAAGGACACTACTTAAACGTAACTGCCGGCACAATGGAAGATATGTATGAAAGAGCTGAGTTTGCTAAAGAACTAGGAAGTGTCATTTGTATGATTGATCTAGTTATTGGATACACAGCTATTCAAACAATGGCAGTATGGGCTCGTAAGGCAGACATGATCTTACACTTACATAGAGCGGGT
AB159659.1_L4_donor_900_r2,AB159659.1,Nemalionopsis tortuosa,Red algae,AB159659.1,train,L4_donor_900,900,600,2,1916235405,ATGTCTCAATCCGTAGAAGAACGGACAAGGATCAAAAATGAACGCTATGAATCTGGCGTAATTCCATACGCAAAAATGGGTTACTGGGATCCTGACTACGTAGTTAAAGATACTGATGTTTTAGCTTTATTTCGAGTTACTCCACAACCGGGAGTAGATCCAATAGAAGCATCTGCAGCTGTTGCCGGTGAGTCATCAACAGCAACTTGGACAGTAGTTTGGACAGATCTTTTAACTGCTTGTGACCTTTACAGAGCAAAAGCCTATAAAGTAGATGCTGTGCCAAATAGTTCCGAGCAATATTTTGCATATATTGCATATGACATTGACTTATTTGAAGAAGGTTCTATTGCAAACTTAACAGCATCTATCATAGGTAATGTATTCGGCTTTAAAGCTGTTAAAGCATTACGTCTTGAAGATATGCGATTACCCGTAGCATATTTAAAAACTTTTCAAGGTCCTGCTACAGGAACTATTGTAGAACGCGAAAGAATGGATAAATTTGGTCGTCCTTTTCTAGGTGCCACAGTAAAACCAAAACTAGGTCTCTCTGGTAAAAATTATGGTCGAGTTGTTTACGAAGGCCTAAAAGGAGGCTTAGACTTCTTAAAAGATGATGAAAATATTAACTCTCAACCATTTATGCGTTGGAGAGAAAGATATTTATTTTCTATGGAAGGAGTGAATCGTGCACAAGCAGCTGCAGGAGAAATTAAAGGACATTATTTAAATGTTACTGCAGGAACAATGGAAGAAATGTATGAAAGAGCTGAATTCGCCAAAGAACTAGGAAGTGTCATATGCATGATTGACTTAGTTATCGGATATACAGCAATTCAAACAATGGCGATATGGGCACGCAAAGCAGATATGATCTTACATTTACATCGCGCTGGC
AB540047.1_L4_donor_900_r2,AB540047.1,Gloiopeltis sp. Nomozaki/2003,Red algae,AB540047.1,train,L4_donor_900,900,600,2,117197326,ATGTCTCAATCTGTAGAAGAACGGACAAGAATCAAAGACGAACGTTACGAATCTGGAGTTATCCCATATGCTAAGATGGGCTATTGGGATCCTGATTATGTTGTTAAAGAGACGGACGTACTAGCTTTATTCCGTGTAAGCCCGCAACCTGGTGTAGATCCTGTAGAAGCTTCTGCGGCAATAGCAGGCGAATCATCGACAGCAACATGGACAGTAGTTTGGACAGACCTTTTAACAGCTTGTGATTTATATAGAGCTAAAGCGTATAAGGTTGATGCAGTACCAAATACATCTGAGCAATACTTTGCATACATAGCCTATGATATTGATCTATTTGAAGAAGGATCTATCGCTAACTTAACAGCTTCAATTATTGGCAACGTCTTTGGATTTAAAGCTGTTAAAGCTCTAAGATTAGAAGATATGCGTTTACCCGTTGCTTATCTAAAGACTTTCCAAGGTCCAGCTACGGGTATTATCGTAGAACGTGAACGTATGGACAAATTTGGTCGTCCTTTCTTAGGAGCAACTGTTAAGCCTAAATTAGGCCTATCTGGAAAAAATTATGGTAGAGTGGTCTATGAAGGGTTGAAAGGTGGCTTGGACTTTTTGAAAGACGATGAAAACATTAACTCTCAACCTTTCATGCGCTGGAAAGAAAGATATCTGTTTTCTATGGAAGGTGTAAACCGAGCGATAGCGGCATCTGGTGAGACAAAAGGCCATTACTTAAATGTAACTGCTGCTACAATGGAAGAAATGTATGAGAGAGCCGAGTTTGCTAAAGAGATTGGTAGTATAATTATCATGATCGATCTAGTAATCGGTTACACTGCAATTCAGACTATGGCTGTATGGGCCCGTAAGAATGATATGATACTGCATTTGCATCGTGCAGGT
AB540051.1_L4_donor_900_r2,AB540051.1,Gloiopeltis complanata,Red algae,AB540051.1,test,L4_donor_900,900,600,2,3776004734,ATGTCTCAATCTGTAGAAGAACGGACAAGAATCAAAGACGAACGTTACGAATCTGGAGTTATCCCGTATGCTAAGATGGGCTATTGGGATCCTGATTATGTTGTTAAAGAAACTGATGTGCTAGCTTTATTTCGTGTAAGTCCACAACCTGGTGTAGATCCTGTAGAAGCTTCTGCAGCAATAGCGGGCGAATCATCAACGGCAACATGGACAGTAGTTTGGACAGACCTTTTAACAGCTTGTGATTTATATAGAGCTAAAGCATATAAGGTTGATGCAGTACCAAATACGTCTGATCAGTACTTTGCATACATAGCTTATGATATTGATTTATTTGAAGAAGGATCTATCGCTAACTTAACAGCTTCAATTATTGGCAACGTCTTTGGATTTAAAGCTGTTAAAGCTCTAAGATTGGAAGATATGCGTTTACCTGTTGCCTATTTAAAGACTTTCCAGGGTCCTGCGACGGGTATTATTGTAGAACGTGAACGTATGGACAAATTTGGTCGTCCTTTCTTAGGAGCAACTGTTAAACCTAAATTAGGCCTATCTGGAAAAAACTATGGTAGGGTAGTCTATGAAGGATTAAAAGGTGGCTTAGACTTCTTGAAAGATGATGAAAACATTAACTCTCAACCTTTTATGCGTTGGAAAGAAAGATATTTATTTTCTATGGAAGGCGTAAACCGAGCAATAGCGGCATCCGGTGAAACGAAAGGCCATTATTTAAATGTAACTGCCGCTACAATGGAAGAAATGTATGAAAGAGCCGAATTTGCTAAAGAGATTGGTAGTATAATTATCATGATCGATCTAGTAATTGGTTACACTGCAATTCAAACCATGGCTGTATGGGCCCGTAAAAATGATATGATACTGCACTTACATCGTGCAGGT
AB540052.1_L4_donor_900_r2,AB540052.1,Gloiopeltis complanata,Red algae,AB540052.1,train,L4_donor_900,900,600,2,3511751734,ATGTCTCAATCTGTAGAAGAACGGACAAGAATCAAAGACGAACGTTACGAATCTGGAGTTATCCCGTACGCTAAAATGGGCTATTGGGATCCTGATTATGTTGTTAAAGAAACTGATGTACTAGCTTTATTTCGTGTAAGCCCACAGCCTGGTGTAGATCCTGTAGAAGCTTCTGCTGCAATAGCAGGCGAATCATCAACGGCAACATGGACAGTAGTTTGGACAGATCTTTTAACAGCATGTGATTTATATAGAGCTAAAGCATACAAAGTTGATGCAGTACCAAACACATCGGATCAATATTTTGCATACATAGCTTATGATATTGATTTATTTGAAGAAGGATCTATCGCTAACTTAACAGCTTCAATTATAGGCAACGTCTTTGGATTTAAAGCTGTTAAAGCTCTAAGATTGGAAGATATGCGTTTACCCGTTGCCTATCTAAAGACTTTTCAGGGTCCTGCTACGGGTATTATTGTAGAACGTGAACGTATGGACAAATTTGGTCGTCCTTTCTTAGGAGCAACTGTTAAACCTAAATTAGGCCTATCTGGAAAAAACTATGGTAGGGTAGTATATGAAGGATTGAAAGGTGGCTTAGACTTCTTGAAAGATGATGAAAACATTAACTCTCAACCTTTTATGCGTTGGAAAGAAAGATATTTATTTTCTATGGAAGGTGTAAACCGAGCGATAGCGGCATCCGGTGAAACAAAAGGCCATTATTTAAATGTCACTGCCGCTACAATGGAAGACATGTATGAGAGAGCCGAATTTGCTAAAGAGATTGGTAGTATAATTATCATGATTGATCTAGTAATTGGTTACACTGCAATTCAAACCATGGCTATATGGGCTCGCAAAAATGATATGATACTACACTTACATCGTGCAGGT
AB853073.1_L4_donor_900_r2,AB853073.1,Hypnodontopsis apiculatus,Mosses,AB853073.1,train,L4_donor_900,900,600,2,4017953052,ATGTCACCACAAACGGAGACTAAAGCAGGTGTTGGATTTAGAGCTGGTGTTAAAGATTACAGATTAACTTATTACACTCCAGAGTATCAAACTTTAGAAACTGATATTTTAGCAGCATTTCGAATGACTCCTCAACCAGGAGTACCACCTGAAGAAGCAGGAGCTGCAGTAGCTGCGGAATCTTCCACCGGTACATGGACCACTGTTTGGACTGATGGACTTACTAGTCTTGATCGTTATAAAGGTCGATGCTATGATATTGAAGCAGTTGCTGGAGAAGAAAATCAATATATCGCTTATGTTGCTTACCCATTAGATTTATTTGAAGAAGGTTCCGTTACTAATTTATTTACTTCTATTGTTGGTAATGTTTTTGGATTTAAAGCTTTACGAGCTTTACGTCTAGAAGATTTGCGTATTCCTCCATCTTATACCAAAACTTTCCAAGGCCCACCTCATGGTATTCAAGTTGAAAGAGATAAATTAAACAAATATGGTCGTCCATTATTAGGATGTACTATTAAGCCAAAATTGGGTTTATCTGCTAAAAACTATGGTCGAGCTGTGTATGAATGTCTTCGTGGTGGACTTGATTTCACAAAAGATGATGAAAATGTAAATTCTCAACCATTTATGCGTTGGAGAGACCGTTTCTTATTTATAGCGGAAGCTATTTACAAATCTCAATCTGAAACAGGTGAAATTAAAGGACATTATTTAAATGCTACCGCAGGCACTTGTGAAGAAATGTTAAAAAGAGCTTACTTTGCTAGAGAATTGGGCGTTCCTATTATTATGCATGACTATTTAACAGGTGGTTTTACTGCAAATACTACTTTAGCTCATTATTGCCGTGATAACGGATTACTTCTTCATATTCACCGTGCAATGCATGCAGTT
AB853079.1_L4_donor_900_r2,AB853079.1,Timmiella anomala,Mosses,AB853079.1,train,L4_donor_900,900,600,2,2003279077,ATGTCACCACAAACGGAGACTAAAGCAGGTGTTGGATTTAAAGCTGGTGTTAAAGATTACAGATTAACTTATTACACTCCAGATTATCAGACTAAAGAAACTGATATTTTAGCAGCATTTCGAATGACTCCTCAACCAGGAGTACCACCTGAAGAAGCAGGAGCTGCTGTAGCTGCTGAATCTTCCACTGGTACATGGACCACTGTTTGGACTGATGGACTTACTAGTCTTGATCGTTATAAAGGTCGATGCTATGATATTGAAGCAGTTCCTGGAGAAGAAAATCAATATATCGCTTATGTTGCTTACCCCTTAGATTTATTTGAAGAAGGTTCTGTTACCAATTTATTTACTTCTATTGTTGGTAATGTTTTTGGATTTAAAGCTTTACGAGCTTTACGTCTAGAAGATTTACGTATTCCTCCAGCTTATTCCAAAACTTTCCAAGGTCCACCTCATGGTATTCAAGTCGAAAGAGATAAATTAAACAAATATGGTCGTCCATTATTAGGATGCACTATTAAACCAAAATTGGGTTTATCTGCTAAAAACTATGGTAGAGCTGTATATGAATGTCTTCGTGGTGGACTTGATTTCACAAAAGATGATGAAAACGTAAATTCTCAACCGTTTATGCGTTGGAGAGACCGTTTCTTATTCGTAGCGGAAGCTATTTACAAATCTCAAGCTGAAACAGGTGAAATTAAAGGACATTATTTAAATGCTACCGCAGGTACTTGTGAAGAAATGTTAAAAAGAGCTCAATTTGGTAGAGAGTTGGGCGTTCCTATTATTATGCATGACTATTTAACAGGTGGTTTTACTGCAAACACTACTTTGGCTCACTATTGTCGTGATAATGGGTTACTTCTTCATATTCACCGTGCAATGCATGCAGTT
AB970712.1_L4_donor_900_r2,AB970712.1,Clastobryellina orientalis,Mosses,AB970712.1,train,L4_donor_900,900,600,2,2424983105,ATGTCACCACAAACGGAGACTAAAGCAGGTGTTGGATTTAAAGCTGGTGTTAAAGATTACAGATTAACTTATTACACCCCAGATTATCAGACTAAAGAAACTGATATTTTAGCAGCATTTCGAATGACGCCTCAACCAGGAGTACCCGCTGAAGAGGCAGGAGCTGCAGTAGCTGCGGAATCTTCCACTGGTACATGGACTACTGTTTGGACTGATGGACTTACCAGTCTTGATCGTTATAAAGGACGATGCTATGATCTTGAAGCTGTTCGTGGAGAAGAAAATCAATTTATTGCTTATGTTGCTTACCCATTAGATCTATTTGAAGAAGGTTCTGTTACCAATTTATTTACTTCTATTGTTGGTAATGTTTTTGGATTTAAAGCCTTACGAGCTTTGCGTCTAGAAGATTTACGTATTCCTCCAGCTTATTCCAAAACTTTCCAAGGCCCACCTCATGGTATTCAAGTTGAAAGAGATAAATTAAATAAATATGGTCGTCCATTATTAGGATGTACTATTAAGCCAAAATTGGGTTTATCTGCTAAAAACTATGGTAGAGCTGTATATGAATGTCTTCGTGGTGGACTTGATTTCACAAAAGACGATGAAAACGTAAATTCTCAGCCTTTTATGCGTTGGAGAGATCGCTTCTTATTTGTAGCTGAAGCTATTTACAAATCTCAAGCTGAAACAGGTGAAATTAAAGGACATTATTTAAATGCTACCGCAGGTACATCTGAAGAAATGTTGAAAAGAGCTCAATTTGCTAGAGAATTAGGCATGCCTATTATCATGCACGACTATTTAACAGGTGGTTTTACTGCAAACACCAGTTTGGCTCATTACGCTCGTGATAATGGCTTGCTTCTTCATATTCACCGCGCAATGCATGCAGTT
AY346095.1_L4_donor_900_r2,AY346095.1,Acanthorrhynchium papillatum,Mosses,AY346095.1,train,L4_donor_900,900,600,2,3216280317,ATGTCACCACAAACGGAGACTAGAGCAAGTGTTGGATTTAAAGCTGGTGTTAAAGATTACAGATTAAATTATTACACTCCAGATTATCAGACTAAAGACACTGATATTTTAGCAGCATTTCGAATGACTCCTCAACCAGGAGTACCCGCTGAAGAGGCAGGAGCTGCAGTAGCTGCGGAATCTTCCACTGGTACATGGACCACTGTTTGGACTGATGGACTTACCAGTCTTGATCGTTATAAAGGACGATGCTATGATCTTGAAGCAGTTCCTGGAGAAGAGAATCAATATATTGCTTATGTTGCTTACCCATTAGATCTATTTGAAGAAGGTTCTGTTACCAATTTATTTACCTCTATTGTTGGTAATGTTTTTGGATTTAAAGCTTTACGAGCTTTACGTCTAGAAGATTTACGTATCCCTCCATCTTATTCCAAAACTTTCCAAGGCCCACCTCATGGTATTCAAGTCGAAAGAGATAAATTAAATAAATATGGTCGTCCATTATTAGGATGTACTATTAAGCCAAAATTGGGTTTATCTGCTAAAAACTATGGTAGAGCTGTATATGAATGTCTTCGTGGTGGACTTGACTTCACAAAAGATGATGAAAACGTAAATTCTCAACCTTTTATGCGTTGGAGAGATCGTTTCTTATTTGTAGCTGAAGCCATTTACAAATCTCAAGGTGAGACAGGTGAAATTAAAGGACATTATTTAAATGCTACCGCAGGTACATCTGAAGAAATGTTGAAAAGAGCTCAATTTGCTAGAGAACTAGGCATGCCTATTATCATGCACGACTACTTGACAGGTGGTTTTACTGCAAACACCACTTTGGCTCATTACGCTCGTGATAATGGTTTGCTCCTTCATATTCATCGCGCAATGCATGCAGTT
AY858644.1_L4_donor_900_r2,AY858644.1,Platanus orientalis,Other angiosperms,AY858644.1,test,L4_donor_900,900,600,2,776725114,ATGTCACCACAAACAGAAACTAAAGCAAGTGTTGGACTCAAAGCTGGTGTTAAAGATTACAAATTGACTTATTATACTCCTGACTATGAAACCAAAGATACTGATATCTTGGCAGCATTCCGAGTAACTCCTCAACCTGGAGTTCCACCTGAGGAAGCAGGAGCCGCGGTAGCTGCCGAATCTTCTACTGGTACATGGACAACTGTGTGGACCGATGGACTTACTAGCCTTGATCGTTACAAAGGACGATGCTACCACATCGAGCCCGTTGCTGGAGAAGAAAATCAATATATTGCTTATGTAGCTTACCCTTTAGACCTTTTTGAAGAAGGTTCTGTTACTAACATGTTTACTTCCATTGTGGGTAATGTATTTGGGTTCAAAGCCCTACGTGCTCTACGTCTGGAGGATCTGCGAATCCCTCCTGCTTATTCTAAAACCTTCCAAGGACCACCTCATGGTATCCAAGTTGAGAGAGATAAATTGAACAAGTATGGTCGTCCTCTATTGGGATGTACTATTAAACCAAAATTGGGGTTATCCGCTAAGAACTACGGTAGAGCGGTTTATGAATGTCTTCGCGGTGGACTTGATTTTACCAAGGATGATGAGAACGTGAACTCCCAACCATTTATGCGTTGGAGAGACCGTTTCTTATTTTGTGCCGAAGCAATTTATAAAGCACAGGCCGAAACAGGTGAAATCAAAGGGCATTACTTGAATGCTACGGCGGGTACATGTGAAGAAATGATTAAAAGGGCTGTATTTGCCAGAGAATTAGGAGTTCCTATCGTAATGCATGACTACTTAACGGGGGGATTCACTGCAAATACTAGCTTGTCTCATTATTGCCGAGATAATGGCCTACTTCTTCACATCCATCGCGCAATGCATGCAGTT
AY996366.1_L4_donor_900_r2,AY996366.1,Spermatochnus paradoxus,Brown algae,AY996366.1,train,L4_donor_900,900,600,2,2829349657,ATGCCTGAAGATGTGCAGAATCGAACTCGAATAAAAAGTGAACGTTATGAATCAGGTGTTATCCCATATGCCAAAATGGGTTACTGGGATGCTGATTATAATGTTAAAGAAACTGATATTCTAGCTCTTTTTCGTATCACTCCACAACCAGGCGTAGATCCCGTTGAGGCTGCTGCTGCTGTTGCCGGTGAATCTTCTACTGCAACATGGACAGTAGTTTGGACAGATTTATTAACTGCTTGTGATATCTATAGAGCGAAAGCATATAGAGTAGATCCAGTACCTGGAACAAGTGATCAATTCTTTGCTTATATAGCTTACGAATGTGATTTATTTGAGGAAGGTTCTCTTGCTAACTTAACAGCATCTATTATTGGGAACGTGTTCGGTTTTAAAGCTGTTAAAGCGTTACGTTTAGAAGATATGAGAATTCCTTACGCTTACTTAAAAACTTTCCAAGGCCCAGCAACAGGTGTTATTGTGGAAAGAGAAAGATTAGATAAATTTGGCCGTCCTTTATTAGGGGCTACTGTAAAACCTAAATTAGGTCTTTCTGGTAAAAACTACGGACGTGTTGTTTATGAAGGTTTAACTGGTGGTCTTGATTTCCTTAAAGATGATGAAAATATTAACTCACAACCATTCATGCGTTGGAAAGAACGTTTCTTATACTGTATGGAAGGTGTTAACCGTGCTGCTGCTGCAACCGGTGAAGTTAAAGGTTCTTATCTAAATATTACTGCTGCAACTATGGAGCAAATGTATGAACGTGCAGAATATGCGTGTGCAATTGGTTCAGTTATTGTGATGATTGATTTAGTTATTGGTTACACAGCAATCCAAAGTATGGCAATATGGGCACGTAAAAATGAAATGATTTTACATTTACATCGTGCAGGA
EF547818.1_L4_donor_900_r2,EF547818.1,Aneura sp. Shaw 702,Liverworts,EF547818.1,train,L4_donor_900,900,600,2,2204129046,ATGTCACCACAAACGGAGACTAAAGCAGGTGTTGGATTCAAAGCCGGTGTTAAAGATTATAGATTGACCTATTATACACCCGAGTACGAGACGAAAGAAACGGATATTTTAGCAGCATTTCGTATGACCCCTCAACCCGGAGTACCACCGGAAGAAGCTGGGGCTGCGGTAGCTGCCGAATCCTCCACCGGTACTTGGACCACAGTTTGGACTGACGGCCTCACGAGTCTTGATCGTTACAAGGGTCGATGTTATGACATCGAACCTGTCGCCGGGGAAGATAATCAATATATCGCCTACGTGGCTTATCCCCTAGATTTGTTCGAAGAGGGTTCTGTTACAAATTTGTTCACCTCCATCGTCGGTAATGTATTCGGATTTAAGGCATTACGAGCCCTACGTCTTGAAGATTTACGAATCCCTCCGTCTTATGTAAAAACTTTTCAAGGTCCACCTCATGGTATTCAGGTTGAAAGGGATAAGTTAAATAAGTATGGTCGTCCTTTGTTGGGATGTACAATAAAACCAAAATTGGGTCTATCTGCTAAGAATTACGGTAGAGCTGTATATGAGTGCCTACGAGGCGGACTTGATTTCACGAAAGATGACGAGAACGTGAATTCTCAACCATTTATGCGTTGGAGAGATCGCTTCCTGTTCGTAGCAGAAGCCATTTTCAAATCTCAGGCAGAAACTGGCGAAATCAAGGGACATTACTCAAATGCCACCGCAGGTACATCGGAAGAAATGTTGAAAAGAGCAGCATGTGCTAGAGAATTAGGTGTCCCTATTATTATGCATGATTACTTAACAGGTGGTTTCACTGCGAATACCAGTTTAGCCCACTACTGTAGGGATAACGGTTTACTTCTCCATATTCACCGTGCAATGCATGCAGTT
EF658643.1_L4_donor_900_r2,EF658643.1,Laurencia intricata,Red algae,EF658643.1,train,L4_donor_900,900,600,2,4271522526,ATGTCTAACTCTGTAGAAGAACGGGCACGGATTAAAAACGAACGTTATGAATCTGGTGTAATTCCATACGCAAAAATGGGATATTTCCACCCTAACTATGTAGTTAAAGATACAGATATATTAGCTCTATTTAGAGTTAGTCCACAACCAGGAGTAGATCCAGTAGAGGCTTCAGCAGCAGTTGCAGGTGAATCATCTACTGCAACATGGACTGTTGTATGGACAGATTTACTAACAGCTTGCGATTTATATCGTGCAAAAGCATATAAAGTAGATGCTGTACCAAATACTTCTGATCAATATTTTGCATACATAGCTTATGATATTGATTTATTTGAAGAAGGATCTATTGCTAATTTAACTGCTTCTATAATTGGTAATGTATTTGGATTTAAAGCAGTTAAAGCATTAAGACTTGAAGATATGCGTATTCCTGTAGCATACTTAAAAACTTTCCAGGGTCCAGCTACTGGTTTAGTTGTAGAACGTTACCGTATGGATAAATATTGTCGTCCATTCCTAGGTGCAACAGTAAAACCAAAATTAGGTTTATCTGGTAAAAACTATGGTAGAGTAGTATACGAAGGTTTAAGAGGTGGTCTAGACTTCCTTAAAGATGATGAAAATATTAACTCTCAACCATTCATGCGTTGGAAAGAGAGATTTTTATACTCTATGGAAGCTGTGAATCGCTCTATTGCTGCTACAGGTGAAGTCAAAGGACATTACATGAATATTACAGCAGCAACAATGGAAGATATGTACGAAAGAGCTGAATTTGCTAAACAATTAGGCACAGTTATTGTCATGATTGATTTAGTAATTGGATATACTGCTATTCAGACAATGGCGATTTGGGCACGTAAAAATGATATGATTTTGCACTTGCACCGCGCAGGT
EU713367.1_L4_donor_900_r2,EU713367.1,Legousia pentagonia,Eudicots,EU713367.1,train,L4_donor_900,900,600,2,782163591,ATGTCACCACAAACAGAGACTAAAGCAAATGTTGGATTTAAAGCTGGTGTTAAAGATTATAAATTAACTTATTATACTCCAGACTATGAAACCAAAAATACCGATATTTTGGCAGCCTTTCGAGTAACTCCTCAACCCGGAGTTCCCCCGGAAGAAGCAGGGGCCGCAGTAGCTGCCGAATCGTCTACTGGGACATGGACAACTGTGTGGACTGATGGGCTTACGAGCCTTGATCGTTACAAAGGGAGATGCTATCACATCGAGCCCGTTGCTGGCGAAGAAAATCAATTTATTGCTTATGTAGCTTACCCATTAGACCTTTTTGAAGAAGGTTCGGTTACTAACATGTTTACTTCCATTGTGGGTAATGTATTTGGATTTAAAGCACTGCGTGCTCTACGTCTAGAAGATTTGCGAATCCCACCCGCCTATATTAAAACATTTCAAGGCCCGCCTCATGGCATCCAAGTTGAGAGAGATAAATTGAACAAGTATGGTCGTCCCCTGTTGGGATGTACTATTAAACCAAAATTAGGGTTATCGGCAAAAAACTACGGTAGAGCAGTTTATGAATGTCTTCGTGGGGGACTTGATTTTACTAAAGATGATGAGAACGTCAACTCGCAACCCTTTATGCGATGGAGAGATCGTTTCTTATTTTGTGCCGAAGCAATTTATAAAGCACAGGCTGAAACAGGGGAAATCAAAGGACATTACTTGAATGCTACTGCAGGTACATCCGAAGAAATGATGAAAAGGGCTGTCTTTGCCAGAGAGTTGGGAGTTCCTATCGTAATGCATGACTACATAACAGGGGGATTCACTGCAAATACTAGCTTGGCTCATTATTGCCGAGATAATGGTCTACTTCTTCACATCCACCGTGCAATGCATGCAGTT
FJ438476.1_L4_donor_900_r2,FJ438476.1,Haematococcus lacustris,Green algae,FJ438476.1,val,L4_donor_900,900,600,2,2710817124,ATGGTTCCACAAACAGAAACAAGAGCAGGTGCTGGGTTTAAAGCTGGTGTAAAAGATTATCGTTTAACGTATTATACACCAGATTACGTTGTTAGAGATACTGATATTTTAGCAGCGTTCCGTATGACACCACAACCAGGTGTACCACCAGAAGAATGTGGTGCAGCAGTAGCAGCTGAATCATCAACAGGTACTTGGACAACAGTATGGACAGATGGCTTAACAAGTTTAGACCGTTACAAAGGTAGATGCTACGACATCGAGCCAGTACCAGGCGAGGAAAACCAATACATCGCTTACGTAGCTTACCCTATCGATTTATTTGAAGAAGGTTCGGTAACTAACATGTTTACTTCAATTGTAGGAAACGTATTTGGGTTTAAAGCATTACGTGCATTACGTTTAGAAGATTTACGTATTCCACCAGCATATGTAAAAACATTCTCAGGACCTCCACACGGTATTCAAGTTGAACGTGACAAAATTAACAAATACGGCCGTGGTTTATTAGGCTGTACTATCAAGCCGAAATTAGGACTTTCAGCAAAAAATTATGGACGTGCCGTATACGAATGTTTACGCGGTGGTCTCGACTTTACAAAAGACGACGAGAACGTAACTTCACAGCCTTTTATGCCCTGGAGAGACCGTTTCTTATTCGTAGCTGAAGCTTTTTACAAAGCACAATCCGAAACAGGCGAAGTTAAGGGCCATTATTTAAACGCAACTGCTGGTACAGCAGAAGAAATGCTTAAACGTGCACAATGTGCTAAGGAGTTGGGTGTACCGATCATCATGCATGACTACCTTACAGGGGGGTTTACATCAAATACTTCATTAGCACATTTCTGTCGTGATAATGGTTTATTATTACACATTCACCGTGCTATGCATGCTGTA
KT693213.1_L4_donor_900_r2,KT693213.1,Hormotilopsis gelatinosa,Green algae,KT693213.1,train,L4_donor_900,900,600,2,887017410,ATGGCTCCACAAACAGAAACAAAAGCCGGGGCGGGATTTAAAGCAGGGGTTAAAGACTATAGATTAACTTACTATACACCTGACTACATCGTTAAGGACACTGACATCCTTGCTGCTTTCCGTATGACTCCGCAACCAGGTGTTCCACCTGAAGAATGTGGTGCAGCTGTTGCTGCTGAGTCTTCAACTGGTACATGGACTACTGTATGGACTGACGGTTTAACTAGCTTAGACCGTTACAAAGGCCGTTGTTATGATATCGAACCGGTTCCTGGTGAAGATAACCAATATATTGCTTATGTTGCTTATCCGATTGACCTTTTTGAAGAAGGTTCTGTTACAAACTTATTCACATCAATTGTAGGGAACGTATTTGGTTTCAAAGCTCTACGTGCTCTAAGACTGGAAGATTTACGTATTTCACCAGCTTACGCTAAGACATTCCAAGGTCCTCCTCACGGGATTCAAGTTGAGCGCGACAAGCTGAACAAGTATGGTCGTGGCCTTTTAGGTTGTACAATCAAACCAAAACTTGGTTTATCAGCTAAAAACTACGGTCGTGCTGTATACGAATGTTTACGTGGTGGTTTAGATTTTACTAAAGATGATGAAAACGTAAACTCTCAACCATTCATGCGTTGGAGAGACCGTTTCCTTTTCGTAGCTGAAGCTATTTACAAAGCTCAAGCTGAAACAGGTGAAATCAAAGGTCACTACTTAAACGCTACTGCTGGTACATGTAACGAAATGCTAAAAAGAGCAGAATGTGCTAAAGAACTAGGTATGCCGATCATCATGCACGACTATATTACTGCTGGTTTCACTGCAAACACGACTCTAGCTCAATACTGCCGTGACCACGGTCTTCTTCTTCACATTCACCGTGCAATGCACGCTGTT
KU645801.1_L4_donor_900_r2,KU645801.1,Passiflora quadrangularis,Eudicots,KU645801.1,train,L4_donor_900,900,600,2,4089529307,ATGTCACCACAAACAGAGACTAAAGCAAGTGTTGGATTCAAGGCTGGTGTTAAAGATTATAAATTGACTTATTATACTCCTGAATATAACCCCAAAGATACTGATATCTTGGCAGCATTCCGAGTAACTCCTCAACCTGGAGTTCCCGCTGAGGAAGCGGGAGCTGCAGTAGCTGCTGAATCTTCTACTGGTACATGGACAACCGTGTGGACCGATGGGCTTACCAGTCTTGATCGTTATAAAGGACGATGCTACGATATTGAACCTGTTGCTGGAGAAGAAAGTCAATTTATTGCTTATGTAGCGTACCCCTTAGACCTTTTTGAAGAAGGTTCCGTTACTAACATGTTTACTTCCATTGTAGGTAATGTATTTGGGTTCAAAGCCCTACGCGCTTTACGTCTGGAAGATTTGCGAATCCCCACTGCTTATACTAAAACGTTTCAGGGCCCACCTCATGGCATCCAAGTTGAGAGAGATAAGTTGAACAAGTATGGTCGCCCTCTATTGGGTTGTACTATCAAACCTAAATTGGGGTTATCCGCTAAGAATTACGGTAGAGCTGTTTATGAGTGTCTCCGCGGTGGACTTGATTTTACCAAAGATGATGAGAACGTGAACTCCCAACCATTTATGCGTTGGAGAGACCGTTTCTTATTTTGTGCCGAAGCAATTTATAAAGCACAGGCGGAAACTGGTGAAATTAAAGGGCATTATTTGAATGCTACTGCGGGTACATGCGAAGAAATGATGAAAAGGGCTATATTTGCTAGAGAATTGGGAGTTCCTATCGTAATGCATGACTACTTAACAGGAGGATTCACTGCAAATACTAGCTTGGCTCGTTATTGCCGAGATAATGGTTTACTTCTGCACATCCACCGCGCAATGCATGCAGTT
KU645803.1_L4_donor_900_r2,KU645803.1,Cananga odorata,Other angiosperms,KU645803.1,train,L4_donor_900,900,600,2,2191003916,ATGTCACCAAAAACAGAGACTAAAGCAAGTGTTGGATTCAAAGCTGGTGTTAAAGAGTACAAATTGACTTATTATACTCCTGAATATGAAACCAAGGATACTGATATCTTGGCAGCATTCCGAGTAACCCCTCAACCCGGAGTTCCGCCTGAGGAAGCAGGGGCTGCGGTAGCTGCCGAATCTTCTACTGGTACATGGACAACTGTGTGGACCGATGGACTTACCAGCCTTGATCGTTACAAAGGACGATGCTACCACATCGAGCCCGTTGCTGGGGAGGAAAATCAATATATTGCTTATGTAGCTTACCCTTTAGACCTTTTTGAAGAGGGTTCTGTTACTAACATGTTTACTTCCATTGTAGGTAATGTATTTGGATTTAAAGCTCTACGAGCTCTACGTCTGGAAGACTTGCGAATTCCTACTTCTTATGTCAAGACTTTCCAGGGCCCACCTCACGGCATCCAAGTTGAGAGAGATAAATTGAACAAGTATGGCCGTCCCCTATTGGGATGTACTATTAAACCAAAATTGGGATTATCCGCCAAGAACTACGGTAGGGCGGTTTATGAATGTCTCCGCGGTGGACTTGATTTTACCAAGGATGATGAGAACGTGAACTCCCAACCATTTATGCGCTGGAGAGACCGTTTCTTATTTTGTGCCGAAGCAATTTATAAAGCGCAGGCCGAAACAGGTGAAATCAAAGGACATTACCTGAATGCTACTGCAGGTACATGCGAAGAAATGATCAAAAGGGCCGTATTTGCCAGGGAATTGGGAGCTCCCATCGTAATGCATGACTACTTAACAGGGGGATTCACTGCAAATACTAGCTTGGCTCATTATTGCCGAGACAACGGCCTACTTCTTCACATCCATCGCGCAATGCATGCAGTT
KU645804.1_L4_donor_900_r2,KU645804.1,Asimina incana,Other angiosperms,KU645804.1,val,L4_donor_900,900,600,2,1388680703,ATGTCACCAAAAACAGAGACTAAAGCAAGTGTTGGGTTCAAAGCGGGTGTTAAAGAGTACAAATTGACTTATTATACTCCTGAATATGAAACCAAAGATACTGATATCTTGGCAGCATTCCGAGTAACCCCTCAACCCGGAGTTCCGCCCGAGGAAGCAGGGGCTGCGGTAGCTGCCGAATCCTCTACTGGTACATGGACAACTGTGTGGACCGATGGACTTACCAGCCTTGATCGTTACAAAGGACGATGCTACCACATCGAGCCTGTTGTTGGAGAGGAAAATCAATTTATTGCTTATGTAGCTTACCCTTTAGATCTTTTTGAGGAGGGTTCTGTTACTAACATGTTTACTTCCATTGTAGGTAATGTGTTTGGGTTCAAAGCTCTACGAGCTCTACGCCTAGAGGACTTGCGAATTCCTACTTCTTATATCAAGACTTTCCAGGGCCCGCCCCACGGCATCCAAGTTGAGAGAGATAAATTGAACAAGTATGGCCGTCCCCTATTGGGATGTACTATTAAACCAAAATTGGGGTTATCCGCCAAGAACTACGGTAGGGCGGTTTATGAATGTCTCCGTGGTGGACTTGATTTTACCAAGGATGATGAGAACGTGAACTCCCAACCATTTATGCGCTGGAGAGACCGTTTCTTATTTTGTGCTGAAGCCATTTATAAAGCGCAGGCCGAAACGGGTGAAATCAAAGGACATTACTTGAATGCTACTGCAGGTACATGCGAAGAAATGATCAAAAGGGCCGTGTTTGCCAGGGAATTGGGGGTTCCCATCGTAATGCATGACTACTTAACGGGGGGATTCACTGCAAATACTAGCTTGGCTCATTATTGCCGAGACAACGGCCTACTTCTTCACATCCATCGCGCAATGCATGCAGTT
LC060504.1_L4_donor_900_r2,LC060504.1,Acinetospora filamentosa,Brown algae,LC060504.1,train,L4_donor_900,900,600,2,2414486976,ATGCCTGAAGATGTGCAGAATCGAACTCGAATAAAAAGTGAACGTTATGAATCAGGTGTTATTCCATATGCAAAAATGGGATATTGGGATGCTGATTATAACGTTAAAGAAACTGATATTCTAGCTCTTTTTCGTATCACACCACAACCAGGCGTAGATCCCGTTGAAGCTGCTGCTGCTGTTGCCGGTGAATCTTCTACTGCAACATGGACTGTAGTTTGGACAGATTTATTAACTGCTTGTGATATCTATAGAGCGAAAGCATATAGAGTAGACCCAGTACCTGGAACAAGTGATCAATTTTTTGCTTATATAGCATATGAATGTGATTTATTTGAAGAAGGCTCTCTTGCTAATTTAACAGCCTCTATTATTGGTAACGTTTTCGGTTTTAAAGCCGTTAAAGCTTTACGTTTAGAAGATATGAGAATCCCTTACGCTTACTTAAAGACTTTCCAAGGTCCAGCAACAGGTGTAATTGTAGAGAGAGAAAGATTAGATAAATTTGGTCGTCCTTTATTAGGGGCTACTGTAAAACCTAAATTAGGTCTTTCTGGTAAAAACTATGGTCGTGTTGTTTATGAGGGTTTAACTGGTGGTCTTGATTTCCTTAAGGATGATGAAAATATTAACTCGCAACCATTTATGCGTTGGAAAGAACGTTTCCTATACTGTATGGAAGGTGTTAATAGAGCTGCTGCTGCAACTGGTGAAGTTAAAGGTTCTTACCTAAACATTACAGCTGCAACTATGGAACAAATGTATGAACGTGCAGAATACGCTCATGCAATTGGATCAGTTATTGTGATGATCGATTTAGTTATTGGTTACACAGCAATCCAAAGTATGGCAATTTGGGCAAGAAAGTACGAAATGATTCTACATTTACACCGTGCTGGA
LC060517.1_L4_donor_900_r2,LC060517.1,Acinetospora asiatica,Brown algae,LC060517.1,train,L4_donor_900,900,600,2,3070658676,ATGCCTGAAGATGTGCAGAATCGAACTCGAATAAAAAGTGAACGTTATGAATCAGGTGTTATTCCATATGCAAAAATGGGATATTGGGATGCTGATTATAACGTTAAAGAAACTGATATTCTAGCTCTTTTTCGTATCACACCACAACCAGGCGTAGATCCCGTTGAAGCTGCTGCTGCTGTTGCCGGTGAATCTTCTACTGCGACATGGACTGTAGTTTGGACAGATTTATTAACTGCTTGTGACATCTATAGAGCGAAAGCATATAGAGTAGATCCAGTACCTGGAACAAGTGATCAATTTTTTGCTTACATAGCATATGAATGTGATTTATTTGAAGAAGGTTCTCTTGCTAACTTAACAGCATCGATTATCGGTAACGTTTTCGGTTTTAAAGCCGTTAAAGCATTACGTTTAGAAGATATGAGAATCCCTTACGCATACTTAAAGACTTTCCAAGGTCCAGCGACAGGTGTAATTGTAGAGAGAGAAAGATTAGATAAGTTTGGTCGTCCTTTATTAGGAGCGACTGTAAAACCTAAATTAGGTCTTTCTGGTAAGAACTATGGTCGTGTTGTATATGAAGGTTTAACTGGTGGTCTTGATTTCCTTAAAGATGATGAAAACATTAACTCACAACCATTTATGCGTTGGAAAGAACGTTTCTTATACTGTATGGAAGGGGTAAACCGAGCTGCTGCTGCAACTGGTGAAGTTAAAGGTTCTTACCTGAACATTACAGCTGCAACTATGGAAGAAATGTACCAACGTGCAGAATACGCTCATGCGATTGGTTCAGTTATTGTGATGATCGATTTAGTTATCGGTTACACAGCAATTCAAAGTATGGCAATCTGGGCAAGAAAGTACGAAATGATTTTACATTTACACCGTGCTGGA
LC145073.1_L4_donor_900_r2,LC145073.1,Haplomitrium hookeri,Liverworts,LC145073.1,val,L4_donor_900,900,600,2,1678381182,ATGTCACCACAGACAGAAACTAGAGCAGGTGTTGGATTCAAAGCCGGTGTGAAAGATTACAGATTGACTTATTATACTCCCAATTACGAGACCAAAGACACCGACATCTTGGCAGCATTCCGAATGACTCCTCAACCTGGAGTGCCACCCGAAGAAGCTGGAGCGGCAGTAGCTGCCGAATCTTCCACAGGTACATGGACCACCGTTTGGACTGATGGGCTTACGAGCCTTGATCGTTACAAGGGTCGCTGCTATGGTATTGAACCTGTCGCGGGGGAGGAAAATCAATATATTGCTTATGTCGCTTATCCACTAGATTTGTTCGAGGAAGGTTCCGTCACCAATTTATTCACTTCCATAGTAGGTAACGTATTTGGCTTTAAAGCGTTGCGAGCTCTACGTCTCGAAGATTTGAGAATTCCCCCAGCTTATTCCAAAACTTTTCAAGGTCCACCGCACGGTATTCAAGTTGAAAGAGATAAATTAAACAAATATGGTCGTCCATTACTGGGATGTACTATCAAACCCAAACTAGGTTTATCGGCTAAAAACTATGGTAGAGCTGTTTACGAGTGTCTTCGTGGCGGGCTTGACTTTACAAAAGACGACGAAAACGTAAATTCCCAGCCATTTATGCGTTGGAGGGATCGTTTCGTATTCGTAGCAGAAGCTCTTTTTAAGTCTCAAGCGGAAACCGGCGAAATCAAAGGACATTACTTAAATGCCACTGCCGGTACGTGCGAGGAAATGATGAAAAGGGCAGAATTTGCTAGAGAATTGGGCGTACCTATTGTCATGCACGATTATTTGACGGGGGGGTTTACCGCGAACACGAGTTTAGCTCATTACTGCCGGGACAATGGTTTACTTCTTCATATCCACCGTGCAATGCATGCTGTT
LC176260.1_L4_donor_900_r2,LC176260.1,Weisiopsis anomala,Mosses,LC176260.1,val,L4_donor_900,900,600,2,3420777566,ATGTCACCACAAACGGAGACTAAAGCAGGTGTTGGATTTAAAGCTGGTGTTAAAGATTACAGATTAACTTATTACACTCCAGACTATCAGACTAAAGAAACTGATATTTTAGCAGCATTTCGAATGACTCCTCAACCAGGAGTACCAGCTGAAGAAGCAGGAGCTGCAGTAGCTGCGGAATCATCTACTGGTACATGGACTACTGTTTGGACTGATGGACTTACTAGTCTTGATCGTTATAAAGGTCGATGCTATGATATTGAAGCAGTTCCTGGAGAAGAAAATCAATATATCGCTTATGTTGCTTACCCATTAGATTTATTTGAAGAAGGTTCTGTTACTAACTTATTTACTTCTATTGTTGGTAATGTTTTTGGATTCAAAGCTTTACGAGCTTTGCGTCTAGAAGATTTGCGTATTCCTCCAGCTTATTCCAAAACTTTCCAAGGCCCACCTCATGGTATTCAAGTTGAGAGAGACAAATTAAACAAATATGGTCGTCCATTATTAGGATGCACTATTAAACCAAAATTAGGTTTATCTGCTAAAAACTACGGTAGAGCTGTTTATGAATGTCTTCGTGGTGGACTTGATTTTACAAAAGATGATGAAAACGTAAATTCTCAACCGTTCATGCGTTGGAGAGATCGTTTTTTATTTGTAGCGGAAGCTCTTTACAAATCTCAAGCTGAAACAGGGGAAATTAAAGGACATTATCTAAATGCTACCGCAGGTACCTGTGAAGAAATGTTAAAAAGAGCTCAATTTGCTAGAGAATTGGGTGTTCCTATTATTATGCACGACTATTTAACTGGTGGTTTTACTGCAAATACTAGTTTAGCTCATTATTGCCGTGACAACGGATTACTTCTTCATATTCACCGTGCAATGCATGCAGTT
LC200423.1_L4_donor_900_r2,LC200423.1,Selenastrum capricornutum,Green algae,LC200423.1,val,L4_donor_900,900,600,2,2535670148,ATGGTTCCTCAAACAGAAACTAAAGCAGGCGCTGGATTTAAAGCTGGTGTAAAAGACTACCGTTTAACATACTACACTCCTGATTACGTTGTTAAAGAAACTGACGTATTAGCTGCATTCCGTATGACTCCACAACCAGGTGTTCCACCTGAAGAGTGTGGTGCTGCCGTAGCTGCAGAATCATCAACAGGTACTTGGACAACAGTATGGACAGACGGTTTAACTACATTAGATCGTTACAAAGGACGTTGTTACGATCTTGAACCTGTTCCAGGTGAAGATAACCAATACATTGCGTATGTTGCTTACCCAGTAGATTTATTTGAAGAAGGTTCAGTAACAAACTTATTTACTTCAATCGTAGGTAACGTATTTGGTTTCAAAGCTTTACGTGCTCTTCGTTTAGAAGATCTTCGTATTCCTCCAGCTTACGTTAAAACATTCGAAGGACCTCCACACGGTATCCAAGTTGAGCGTGACAAATTAAACAAATATGGTCGTGGTCTTTTAGGTTGTACAATTAAACCAAAATTAGGTTTATCAGCTAAAAACTACGGACGTGCTGTTTACGAATGTTTACGTGGTGGTTTAGACTTCACAAAAGATGACGAAAACGTTAACTCACAACCATTCATGCGTTGGAGAGACCGTTTCTTATTCGTTGCTGAAGCTATCTACAAAGCACAAGCAGAAACTGGTGAAATTAAAGGTCACTACTTAAACGCAACTGCAGGTACATGTGAAGAAATGTTAAAACGTGCACAATGTGCTAAAGATATCGGTGTACCGATTGTTATGCACGACTACTTAACAGGTGGTTTCACTGCAAACACTTCTTTATCTCACTTCTGTCGTGATAATGGTTTATTATTACACATTCACCGTGCTATGCACGCGGTT
LC270392.1_L4_donor_900_r2,LC270392.1,Pohlia annotina,Mosses,LC270392.1,test,L4_donor_900,900,600,2,3981159417,ATGTCACCACAAACGGAGACTAAAGCAGGTGTTGGATTTAAAGCTGGTGTTAAAGATTACAGATTAACTTATTACACTCCAGATTATCAGACTAAAGAAACTGATATTTTAGCAGCATTTCGAATGACTCCTCAACCAGGAGTACCAGCTGAAGAGGCAGGAGCGGCAGTAGCTGCGGAATCTTCCACTGGTACATGGACTACTGTTTGGACTGATGGACTTACTAGTCTTGATCGTTACAAAGGACGATGCTATGATATTGAAGCAGTTCCTGGAGAAGAGAATCAATATATTGCTTATGTTGCTTACCCATTAGATTTATTTGAAGAAGGTTCTGTTACCAATTTATTTACTTCTATTGTTGGTAATGTTTTTGGGTTTAAAGCTTTACGAGCTTTACGTCTAGAAGATTTACGTATTCCTCCAGCTTATTCCAAAACTTTCCAAGGCCCACCTCATGGTATTCAAGTTGAAAGAGATAAATTAAACAAATATGGTCGTCCATTATTAGGATGCACTATTAAGCCAAAATTGGGTTTATCTGCTAAAAACTATGGTAGAGCTGTATATGAATGTCTTCGTGGTGGACTTGATTTCACAAAAGATGATGAAAACGTAAATTCTCAGCCTTTTATGCGTTGGAGAGATCGTTTCTTATTTGTAGCTGAAGCTCTTTACAAATCTCAAGCTGAAACAGGTGAAATTAAAGGACATTATTTAAATGCTACCGCAGGTACATGTGAAGAAATGATGAAAAGAGCTTACTTTGCTAGAGAACTAGGCGCTCCTATTGTTATGCATGACTATCTAACAGGTGGTTTTACTGCAAATACTAGTTTGGCTCATTATTGCCGTGATAACGGCTTACTTCTTCACATTCACCGTGCAATGCATGCAGTT
LC272005.1_L4_donor_900_r2,LC272005.1,Fissidens subangustus,Mosses,LC272005.1,train,L4_donor_900,900,600,2,3875293679,ATGTCACCACAAACGGAGACTAAAGCAGGTGTTGGATTTAAAGCTGGTGTTAAAGATTACAGATTAACTTATTACACTCCAGATTATCAGACTAAAGAAACTGATATTTTAGCAGCATTTCGAATGACTCCTCAACCAGGGGTCCCATCTGAAGAAGCAGGAGCTGCAGTAGCTGCGGAATCTTCTACTGGTACATGGACCACTGTTTGGACTGATGGACTTACTAGTCTTGATCGTTATAAAGGTCGATGCTATGATATTGAACCAGTTGCTGGAGAAGAGAATCAATATATCGCTTATGTTGCTTACCCATTAGATTTATTTGAAGAAGGTTCTGTTACCAATTTATTTACTTCTATTGTTGGTAATGTTTTTGGATTTAAAGCTTTACGAGCTTTGCGTCTAGAAGATTTGCGTATTCCTCCATCTTATTCCAAAACTTTCCAGGGCCCACCTCATGGTATTCAAGTTGAAAGAGATAAATTGAACAAGTATGGTCGTCCATTATTAGGATGTACAATTAAACCAAAATTGGGTTTATCTGCTAAAAATTACGGTAGAGCTGTGTATGAATGTCTTCGTGGTGGACTTGATTTTACAAAAGATGATGAAAACGTGAATTCTCAACCATTTATGCGCTGGAGAGACCGTTTCGTATTTGTAGCAGAAGCTCTTTACAAATCTCAAGCTGAAACAAATGAAATTAAAGGACATTATCTAAATGCTACCGCAGGTACTTGTGAAGAAATGTTAAAAAGAGCTGAATTTGCTAGAGAATTGGGAGTTCCTATTGTTATGCATGACTATTTAACAGGTGGTTTTACTGCAAATACTACTTTAGCTCATTATTGCCGCGATAACGGTTTACTTCTTCATATTCACCGTGCAATGCATGCAGTT
LC376047.1_L4_donor_900_r2,LC376047.1,Hattoria yakushimensis,Liverworts,LC376047.1,train,L4_donor_900,900,600,2,2472182978,ATGTCACCACAAACGGAGACTAAAGCAGGTGTTGGATTCAAAGCTGGTGTTAAAGATTATAGATTAACTTACTATACGCCTGATTATGAGACGAAAGAAACAGATATTTTGGCAGCATTTCGTATGACTCCTCAGCCTGGAGTACCACCTGAAGAAGCAGGAGCAGCAGTAGCTGCCGAATCTTCAACTGGGACATGGACTACTGTTTGGACCGACGGACTTACAAGTCTTGATCGTTACAAAGGCCGATGTTATGATATTGAACCCGTTGCTGGCGAAGAAAATCAATATATTGCTTATGTGGCCTACCCATCAGATTCATTTGAAGAAGGTTCTGTTACCAATCTTTTCACCTCTATTGTAGGAAATGTGTTCGGATTCAAAGCTTTACGAGCTTTACGTCTTGAAGATTTACGAATTCCTCCAGCTTATGTAAAAACTTTTCAAGGTCCGCCTCATGGCATCCAAGTTGAAAGAGACAAATTAAATAAATATGGTCGTCCTTTATTGGGTTGTACCATTAAACCAAAATTAGGTTTATCTGCTAAAAATTATGGTAGAGCTGTTTATGAATGTCTTCGTGGTGGACTTGATTTCACAAAAGATGATGAAAATGTAAATTCTCAACCATTTATGCGTTGGAGAGATCGTTTCTTATTCGTAGCAGAAGCTCTTTTCAAATCTCAGGCTGAAACTGGTGAAATTAAAGGACATTACTTAAATGCTACTGCAGGTACATCTGAAGAAATGATGAAAAGAGCTGCATGTGCTAGAGAATTGGGTGTACCAATCGTTATGCATGATTATCTCACAGGTGGTTTCACTGCAAACACTAGTCTAGCTCACTATTGTCGGGATAACGGTTTACTTCTTCATATTCACCGTGCGATGCATGCTGTT
LC493039.1_L4_donor_900_r2,LC493039.1,Colpomenia borea,Brown algae,LC493039.1,train,L4_donor_900,900,600,2,3336028980,ATGCCTGAAGATGTGCAGAATCGAACTCGAATAAAAAGTGAACGTTACGAATCAGGTGTTATTCCATATGCCAAAATGGGATATTGGGATGCTGATTATAACGTTAAAGAAACTGATATTCTAGCTCTTTTTCGTATCACTCCACAACCAGGTGTAGATCCCGTTGAAGCTGCCGCTGCTGTTGCCGGCGAATCTTCTACTGCAACATGGACGGTAGTTTGGACAGACTTACTAACTGCTTGTGATATCTATAGAGCAAAAGCATATAGAGTAGATCCAGTACCCGGAACAAGTGACCAATTCTTTGCTTATATAGCTTACGAATGTGATTTATTTGAAGAAGGTTCTCTTGCCAATTTAACGGCATCTATTATTGGTAACGTTTTCGGTTTCAAAGCTGTTAAAGCATTACGTTTAGAAGATATGAGAATTCCTTACGCTTACTTAAAAACTTTCCAAGGACCAGCAACAGGTGTGGTTGTGGAAAGAGAAAGATTAGATAAATTTGGTCGTCCTTTATTAGGGGCTACTGTAAAACCTAAATTAGGTCTTTCTGGTAAAAACTACGGGCGTGTTGTTTATGAAGGTTTAACTGGTGGTCTTGACTTCCTTAAGGATGATGAGAATATTAATTCACAACCATTTATGCGTTGGAAGGAACGTTTCTTATATTGTATGGAAGGTGTTAACCGAGCTGCTGCTGCAACAGGTGAAGTTAAAGGTTCTTATCTGAATATTACCGCTGCAACTATGGAACAAATGTATGAACGTGCAGAATATGCTCATTCAATCGGTTCTGTTATTGTTATGATCGATTTAGTTATCGGTTATACAGCAATCCAAAGTATGGCAATCTGGGCACGAAAAGCTGAAATGATCTTACATTTACATCGTGCAGGT
LC723702.1_L4_donor_900_r2,LC723702.1,Schistochila sciurea,Liverworts,LC723702.1,train,L4_donor_900,900,600,2,1884336178,ATGTCACCACAAACGGAGACTAAAGCAGGTGTTGGATTCAAAGCTGGTGTTAAAGATTATAGATTAACTTATTATACTCCGGATTATGAAACGAAAGATACGGATATTTTGGCAGCGTTTCGTATGACCCCTCAACCTGGAGTTCCAGCCGAAGAAGCAGGTGCAGCGGTTGCTGCCGAATCTTCCACAGGTACTTGGACTACAGTTTGGACTGATGGACTTACAAGTCTTGATCGTTACAAAGGTCGATGCTATGATATCGAACCTGTCGCTGGAGAAGAAAATCAATACATAGCTTATGTTGCTTATCCTTTAGATCCATTTGAAGAAGGTTCCGTTACGAACTTATTCACTTCCATTGTAGGTAATGTTTTCGGATTTAAAGCTTTGCGAGCTATACGTCTTGAAGATTTGCGAATTCCTCCGTCATATGTAAAAACTTTTCAAGGTCCGCCTCACGGTATTCAAGTTGAGAGAGATAAATTGAATAAATATGGTCGTCCTTTATTGGGATGTACAATTAAACCAAAATTAGGCTTATCTGCCAAAAATTATGGTAGAGCTGTATATGAATGTCTTCGTGGTGGGCTTGATTTCACGAAAGATGATGAAAATGTAAATTCTCAACCATTTATGCGCTGGAGAGATCGTTTCTTGTTTGTAGCAGAAGCTCTTTTTAAATCTCAATCTGAAACTGGTGAAATCAAAGGACATTATTTAAATGCTACTGCAGGTACCTGTGAAGAAATGATGAAAAGAGCTGCATGTGCTAGAGAGTTGGGTGTACCCATTGTTATGCATGATTATCTTACAGGTGGCTTTACCGCAAATACTAGTTTAGCTCATTATTGTCGCGATAATGGTTTACTTCTTCACATTCATCGTGCAATGCATGCAGTT
LC735540.1_L4_donor_900_r2,LC735540.1,Centella asiatica,Eudicots,LC735540.1,train,L4_donor_900,900,600,2,3692550113,ATGTCACCACAAACAGAGACTAAAGCAGGTGTTGGATTCAAAGCTGGGGTTAAAGATTACAAATTGACTTATTATACTCCTGACTATGAAACCAAAGATACTGATATCTTGGCAGCATTCCGAGTAACTCCTCAACCTGGAGTTCCACCTGAAGAAGCAGGGGCCGCGGTAGCTGCCGAATCTTCTACTGGTACATGGACAACTGTGTGGACCGACGGACTTACCAGCCTTGATCGTTACAAAGGGCGATGCTACGGAATCGAGCCCGTTCCTGGAGAAGAAAATCAATTTATTGCTTATGTAGCTTACCCATTAGACCTTTTTGAAGAAGGTTCTGTTACTAACATGTTTACTTCCATTGTTGGTAATGTATTTGGGTTCAAAGCCCTGCGTGCCCTACGTCTGGAAGATCTGCGAATCCCTGTTGCTTATGTGAAAACTTTCCAAGGCCCGCCTCATGGTATCCAAGTTGAAAGAGATAAATTGAACAAGTATGGTCGTCCCCTGTTGGGATGTACTATTAAACCTAAATTGGGGTTATCCGCTAAAAACTACGGTAGAGCGGTTTATGAATGTCTCCGCGGTGGACTTGATTTTACCAAAGACGATGAGAACGTGAACTCCCAACCATTTATGCGTTGGAGAGATCGTTTCTTATTTTGTGCCGAAGCGCTTTTTAAAGCACAGGTTGAAACAGGTGAAATCAAAGGGCATTACTTGAATGCTACTGCGGGTACTGTCGAAGAAATGATGAAAAGGGCTATATTTGCTAGAGAATTGGGAGTTCCTATCATAATGCACGATTACTTAACAGGGGGATTCACTGCAAATACTAGCTTGGCTCATTATTGCCGAGATAATGGCCTACTTCTTCACATCCACCGTGCAATGCATGCAGTT
LC791202.1_L4_donor_900_r2,LC791202.1,Pleurozia subinflata,Liverworts,LC791202.1,val,L4_donor_900,900,600,2,2140641699,ATGTCACCACAAACGGAGACTAAAACAGGTGTTGGATTCAAAGCTGGTGTTAAAGATTATCGCTTAACTTATTATACTCCTGATTATCAGACGAAGGAGACAGATATTTTAGCAGCATTTCGTATGACTCCGCAACCTGGAGTACCGGCACAAGAAGCAGGAGCTGCAGTAGCCGCTGAGTCTTCTACTGGTACTTGGACTACAGTTTGGACTGATGGACTTACAAGTCTTGATCGTTACAAAGGTCGATGCTATGATATTGAACCTGTTGCTGGAGAAGAAAATCAATATATTGCTTATGTAGCTTATCCCCTAGATTTATTTGAAGAAGGTTCTGTTACAAACCTTTTTACTTCTATTGTAGGTAATGTATTTGGATTCAAAGCTTTACGAGCTTTGCGTCTTGAAGATTTACGAATTCCTCCAGCTTATACAAAAACTTTCCAAGGTCCACCTCATGGTATACAAGTTGAGAGAGATAAATTGAATAAATATGGTCGTCCTTTATTGGGATGTACTATTAAACCAAAACTAGGTTTATCTGCTAAAAATTATGGTAGAGCTGTGTATGAATGTCTTCGTGGTGGACTCGATTTTACAAAAGATGATGAGAATGTAAATTCTCAACCATTTATGCGTTGGAGAGATCGTTTTTTGTTTGTAGCAGAAGCTCTTTTTAAATCTCAAGCAGAAACTGGTGAAATTAAAGGACATTATTTAAATGCTACTGCAGGAACATCCGAAGAAATGTTAAAAAGAGCACAATGTGCTAGAGAGTTAGGCGTACCTATTGTTATGCATGACTATCTTACAGGTGGTTTTACCGCAAATACCACTTTAGCTCATTATTGTAGAGATAATGGTCTACTTCTTCATATTCACCGTGCGATGCATGCAGTT
LC858738.1_L4_donor_900_r2,LC858738.1,Cyathodium tuberosum,Liverworts,LC858738.1,train,L4_donor_900,900,600,2,1940336450,ATGTCACCACAAACGGAGACTAAAGCAGGTGCTGGATTCAAAGCTGGTGTTAAAGATTATCGATTAAATTATTACACTCCTGATTATGAGACCAAAGATACAGATATTTTGGCAGCATCTAGAATGACTCCTCAACCTGGTGTACCACCGGAAGAAGCAGGAGCAGCTGTTGCTGCTGAATCTTCTACTGGTACATGGACTACAGTCTGGACTGATGGTCTTACTAACCTTGATCGTTATAAAGGTCGATGCTATGATATTGACCCTGTTCCTGGGGAACAAAATCAATATATTGCTTATGTAGCTTATCCTTTAGATCCATCCGAGGAAGGATCTGTTACAAATATGTTTACTTCGATTGTAGGTAATGTATTTGGTTTTAAAGCTTTGAGAGCATTGCGACTTGAAGATTTGAGAATTCCTCCGGCTTACACAAAAACTCTCCAAGGTCCTCCTCATGGTATACAGGTTGAAAGAGATAAATTAAATAAATATGGTCGTCCTTTATTAGGATGTACTATTAAACCAAAATTAGGTTTATCTGCTAAAAATTATGGTAGAGCTGTATATGAATGTCTTCGTGGTGGACTTGACTTTACTAAAGATGATGAAAACGTAAATTCTCAGCCGTTTATGCGTTGGAGAGATCGTTTCTTATTCGTGGCAGAGGCTCCTTATAAAGCTCAATCAGAAACTGGGGAAATCAAAGGACATTACTTGAATGCTACTGCAGGTACTTCTGAAGAAATGATAAAAAGAGCTGTGTGTGCTAGAGAATTGGGTGTACCAATTGTTATGCATGATCATCCAACTGGTGGTTTTACCGCAAATACTAGTTTGGCTTCTTATTGTCGTGATAACGGTTTACTCCTTCACATTCACCGCGCAATGCATGCGGTT
LC858740.1_L4_donor_900_r2,LC858740.1,Cyathodium cavernarum,Liverworts,LC858740.1,train,L4_donor_900,900,600,2,3386864524,ATGTCACCACAAACGGAGACTAAAGCAGGTGCTGGATTCAAAGCTGGTGTTAAAGATTATCGATTAACTTATTACACTCCTGATTATGAGACCAAAGATACAGATATTTTGGCAGCATTCAGAATGACTCCTCAACCTGGCGTACCAGCGGAAGAAGCGGGAGCAGCTGTTGCTGCTGAATCTTCCACCGGTACATGGACTACAGTCTGGACTGATGGTCTTACTAACCTTGATCGTTATAAAGGTCGATGCTACGATATCGACCCTGTTCCCGGGGAACAAAATCAATATATTGCTTATGTAGCTTATCCTTTAGATCTATTTGAGGAAGGTTCTGTTACAAACATGTTTACTTCGATTGTAGGTAATGTATTCGGTTTTAAAGCTTTGAGAGCATTGCGACTTGAAGATTTAAGAATTCCTCCGGCTTATACAAAAACTTTTCAAGGTCCTCCTCACGGTATCCAAGTTGAAAGGGATAAATTGAATAAATATGGTCGTCCTTTATTAGGATGTACTATCAAACCAAAATTAGGTTTATCTGCTAAAAATTATGGTAGAGCTGTATATGAATGTCTTCGTGGTGGGCTGGACTTTACCAAAGATGATGAAAACGTAAATTCTCAGCCATTTATGCGTTGGAGAGATCGTTTCTTATTCGTGGCAGAAGCTCTTTACAAAGCTCAATCAGAAACTGGGGAAATTAAAGGACATTACTTGAATGCTACTGCAGGTACTTCTGAAGAAATGATGAAGAGAGCTGTGTGTGCTAGAGAATTAGGTGTACCAATTGTTATGCATGATTATTTGACCGGTGGTTTTACTGCAAATACTAGTTTGGCCTTCTATTGTCGTGACAATGGTTTACTTCTTCACATTCACCGCGCAATGCATGCGGTT
LC859596.1_L4_donor_900_r2,LC859596.1,Trichocolea japonica,Liverworts,LC859596.1,train,L4_donor_900,900,600,2,2611991157,ATGTCACCACAAACGGAGACTAAAACAGGTGTTGGATTCAAAGCTGGTGTGAAAGATTATAGATTAACTTATTACACACCTGATTATGAGACGAAAGAGACAGATATTTTGGCAGCATTTCGTATGACTCCTCAACCAGGAGTACCACCTGAAGAAGCAGGAGCAGCAGTAGCTGCTGAATCTTCGACTGGTACGTGGACCACGGTTTGGACTGACGGACTTACAACTCTTGATCGTTACAAAGGTCGATGCTATGATATTGAACCTGTCGCTGGCGAAGAAAATCAATATATTGCTTATGTAGCTTATCCATTAGATTTATTCGAAGAAGGTTCTGTCACAAATCTTTTCACTTCTATTGTAGGTAATGTATTCGGATTCAAAGCTCTACGAGCTTTACGTCTTGAAGATTTACGTATTCCTCCAGCTTATGTTAAAACTTTTCAAGGTCCACCTCACGGTATTCAAGTTGAAAGAGATAAATTAAATAAATATGGTCGTCCTTTATTGGGCTGTACCATTAAACCAAAATTAGGTTTATCTGCTAAAAATTATGGTAGAGCTGTATACGAATGTCTTCGTGGTGGACTTGATTTTACAAAAGATGATGAAAATGTAAACTCTCAACCATTTATGCGTTGGAGAGATCGTTTCTTGTTTGTAGCAGAAGCTATTTTCAAATCTCAAGCTGAAACTGGTGAAATTAAAGGACACTATTTAAATGCTACTGCAGGTACATCTGAAGAAATGATGAAAAGAGCTGCATGTGCTAGAGAATTGGGTGTCCCAATTATTATGCATGATTATCTTACAGGTGGATTCACTGCAAATACTAGTTTAGCTCATTATTGCAGAGATAACGGGTTACTTCTTCACATCCATCGTGCGATGCACGCCGTT
LC884819.1_L4_donor_900_r2,LC884819.1,Cyanidium caldarium,Red algae,LC884819.1,train,L4_donor_900,900,600,2,3942353734,ATGGCTCAGTCTGTGCAAGAACGAACACGTCTGAAAAATAAAAGGTATGAATCTGGCGTAATACCATATGCGAAAATGGGATATTGGGATCCGAACTATGTTGTAAAAGACACTGATATCTTAGCACTATTTAGAGTTACTCCTCAACCTGGGGTTGACCCTATTGAAGCTTCTGCCGCGGTAGCAGGAGAATCTTCAACAGCTACATGGACCGTGATTTGGTGCGATTTACTTACAGCCTGTGATGTTTACAGAGCAAAAGCTTACAGAGTTGATCAAGTGCCTAATTCTCCAGATCAATATTTCGCCTACATTGCCTACGACCTGGATTTATTCGAAGAAGGATCTATAGCAAATTTAACAGCATCGATAATCGGAAACGTTTTCGGGTTTAAAGCTTTAGCAGCATTGAGGCTGGAAGACATGAGAATACCTATAGGATACTTGAAAACTTTCCAAGGACCTGCGACTGGCGTAGTCGTTGAAAGAGAACGTTTGAATATGTTTGGCAAGCCTTTTCTAGGTGCTACTGTAAAACCTAAACTAGGGCTTTCTAGTAAAAACTATGGACGGGTTGTTTACGAAGGCTTAAAAGGAGGCTTGAATTTCCTTAAAGATGATGAAAACATAAATTCTCAACCATTCATGAGATGGAGAGAAAGGTTCTTGTACGTGATGGAAGGAGTTAACCGTGCATCTGCAGCAACTGGAGAAATAAAAGGTTCTTATCTAAATGTGACTGCAGCAACAATGGAAGAGATGTATAACAGAGCTGCATGTGCAAAAGAAGTGGGCTCAATCATCATAATGATAGATTTAGTAATAGGATACACAGCTATTCAATCTATGGCTATTTGGGCACGCGAAAATAATATGATTTTACATTTACACAGAGCAGGA
LC899187.1_L4_donor_900_r2,LC899187.1,Pyropia akasakae,Red algae,LC899187.1,train,L4_donor_900,900,600,2,3394889342,ATGTCTCAATCCGTAGAATCACGGACTAGGATTAAAAGCGAACGTTACGAATCTGGAGTAATCCCTTACGCTAAAATGGGCTACTGGGATGCTGACTATGTAATTAAAGAAACAGATATTTTAGCTCTTTTCAGAATCACTCCTCAACCAGGTGTTGACCCGATTGAAGCATCTGCTGCAATTGCAGGTGAATCTTCAACAGCTACTTGGACAGTTGTATGGACTGATTTATTAACAGCTTGTGACTTATACAGAGCAAAAGCATATCGAGTAGATCCAGTTCCAAACGTGGCAGATCAATATTTTGCTTATATAGCTTATGATATTGATTTATTTGAAGAAGGTTCCATTGCGAACTTAACTGCTTCAATTATTGGTAACGTTTTTGGGTTTAAAGCTGTTAAAGCTCTTCGTTTGGAAGACATGCGTATGCCAGTAGCTTATCTAAAAACGTTCCAAGGTCCTGCAACTGGATTGATTGTAGAACGTGAGCGTATGGATAAGTTCGGTAGACCTTTCTTAGGTGCTACAGTTAAACCTAAACTAGGTTTATCTGGCAAAAACTACGGAAGAGTTGTATACGAAGGCTTAAAAGGCGGTCTTGATTTCCTTAAAGATGATGAGAATATTAACTCACAACCATTTATGCGTTGGAGAGAAAGATTTTTATATTCTATGGAAGGTGTAAATAAAGCATCTGCTTCTGCTGGCGAAATTAAAGGTCATTACCTTAACGTAACAGCTGCGACAATGGAAGATATGTATGAGAGAGCCGAATTCTCTAAAGAGGTTGGTAGTATCATTTGTATGATTGACCTTGTGATTGGTTATACCGCGATTCAAAGTATGGCAATTTGGGCTCGTAAACATGACATGATTTTACATCTACATAGAGCTGGT
LC924737.1_L4_donor_900_r2,LC924737.1,Conocephalum orientale,Liverworts,LC924737.1,train,L4_donor_900,900,600,2,413576586,ATGTCACCACAAACGGAGACTAAAGCAGGTACTGGATTCAAAGCTGGTGTTAAAGATTATCGATTAACTTATTATACTCCGGATTATGAAACTAAAGATACGGATATTTTAGCAGCATTTAGAATGACTCCTCAGCCTGGGGTACCAGCAGAAGAAGCAGGAGCAGCAGTTGCTGCTGAATCTTCTACTGGTACATGGACTACAGTTTGGACTGATGGTCTTACTAACCTTGATCGTTATAAAGGTCGATGCTATGGTATTGACCCTGTTCCTGGAGAAGAAAATCAATATATTGCTTATGTAGCTTATCCTTTAGATTTATTTGAAGAAGGATCTGTTACAAATATGTTTACTTCTATTGTAGGTAATGTATTTGGATTTAAAGCTTTAAGAGCGTTACGTCTTGAAGATTTACGAATTCCTGTAGCTTATACAAAAACTTTCCAAGGTCCTCCTCATGGTATTCAAGTTGAAAGAGATAAATTAAACAAATATGGTCGTCCTTTATTAGGATGTACTATTAAACCAAAATTAGGTTTATCTGCTAAAAATTATGGTAGAGCTGTATATGAATGTCTTCGTGGTGGACTTGACTTTACTAAAGATGATGAAAATGTAAATTCTCAACCATTTATGCGTTGGAGAGATCGTTTCTTATTTGTAGCAGAAGCTCTTTATAAATCTCAAGCAGAAACTGGAGAAATCAAAGGACATTACTTAAATGCTACTGCAGGTACATCTGAAGAAATGCTAAAAAGAGCAGCATGTGCTAGAGAATTAGGTGCACCAATTGTTATGCATGACTATTTAACTGGTGGTTTTACTGCAAATACTAGTTTAGCTCATTATTGCCGTGATAATGGTTTACTTCTTCATATTCACCGTGCAATGCATGCAGTT
LC924765.1_L4_donor_900_r2,LC924765.1,Porella ulophylla,Liverworts,LC924765.1,train,L4_donor_900,900,600,2,1250440849,ATGTCACCACAAACGGAAACTAAAACAGGTGCTGGATTTAAAGCTGGTGTTAAAGATTATAGATCAACTTATTATACTCCCGACTATGATACAAAGGAGACAGATATTTTAGCAGCATTTCGTATGACTCCTCAACCTGGAGTACCAGAACAAGAAGCAGGAGCAGCAGTAGCTGCTGAATCTTCCACCGGTACATGGACTACGGTTTGGACTGATGGACTTACAAGTCTTGATCGTTACAAAGGTCGATGCTATGATATTGAACCCGTTGCTGGAGAGGATAATCAATTTATTGCTTATGTGGCTTATCCATTAGATCTATTTGAGGAAGGCTCCGTTACAAACCTGTTTACTTCTATTGTAGGTAATGTATTCGGATTCAAAGCTTTACGAGCGTTACGTCTCGAAGATTTACGAATTCCTCCAGCTTATGTAAAAACTTTTCAAGGCCCACCTCATGGTATCCAAGTTGAAAGGGATAAATTGAATAAATATGGTCGTCCTCTATTGGGATGTACTATAAAACCTAAATTAGGTTTATCCGCTAAAAATTATGGTAGAGCTGTATATGAATGTCTTCGTGGTGGACTTGACTTTACAAAAGATGATGAAAATGTAAACTCTCAACCATTTATGCGTTGGAGAGATCGTTTTTTGTTTGTAGCGGAAGCTCTTTTCAAATCTCAAGCCGAAACTGGCGAAATCAAAGGACATTATTTAAATGCTACTGCAGGTACATCTGAAGAAATGTTGAAAAGAGCAGAATGTGCTAGAGAATTGGGTGTACCAATTGTTATGCATGATTATCTTACAGGAGGCTTTACCGCAAATACCAGTTTAGCTCATTATTGTCGAGATAATGGTTTACTTCTTCATATTCATCGTGCAATGCATGCAGTT
LC924778.1_L4_donor_900_r2,LC924778.1,Acrolejeunea pusilla,Liverworts,LC924778.1,train,L4_donor_900,900,600,2,492603979,ATGTCACCACAAACGGAGACTAAAGCAGGTGTTGGATTTAAAGCGGGCGTTAAGGATTATAGATTAACTTATTATACTCCTGAGTACCAGGTAAAGGCGACAGATATTTTGGCAGCATTTCGTATGACTCCTCAAGCCGGAGTACCAGCAGAAGAGGCAGGAGCAGCTGTAGCTGCTGAATCTTCAACTGGTACATGGACTACGGTTTGGACTGATGGACTTACAAGTCTTGATCGATATAAAGGTCGATGCTATGATATTGAACCTGTTCGTGGAGAAGAGAATCAATATATTGCTTATGTTGCTTATCCATTAGATTTATTCGAAGAAGGTTCTGTTACTAACCTTTTTACTTCTATTGTAGGTAACGTATTTGGATTTAAAGCTTTACGAGCTTTGCGTCTTGAAGATTTGCGAATTCCTCCATCTTATACCAAAACTTTCCAAGGTCCGCCTCATGGTATCCAAGTTGAAAGAGATAAATTGAACAAGTATGGTCGTCCTTTATTAGGATGTACTATTAAACCAAAATTAGGTTTATCGGCAAAAAATTATGGTAGAGCTGTATATGAATGTCTTCGTGGTGGACTTGATTTCACAAAAGATGATGAAAATGTAAATTCTCAACCATTTATGCGTTGGAGAGATCGCTTTTTGTTTGTAGCTGAAGCTCTTTTCAAATCTCAATCCGAAACGGGTGAAATTAAAGGACATTATTTAAATGCTACAGCAGGTACATCTGAAGAAATGTTAAAACGAGCACAATGTGCTAGAGAATTAGGTGTACCAATTGTTATGCATGACTATCTTACAGGTGGTTTTACTGCAAATACTAGTTTAGCTCATTATTGTAGAGATAATGGTTTACTTCTTCATATTCACCGTGCAATGCATGCAGTT
LC924831.1_L4_donor_900_r2,LC924831.1,Ceratodon purpureus,Mosses,LC924831.1,train,L4_donor_900,900,600,2,4041139074,ATGTCACCACAAACGGAGACTAAAGCAGGTGTTGGATTTAAAGCTGGTGTTAAAGATTACAGATTAAATTATTACACTCCAGATTATCAGACTAAAGATACTGATATTTTAGCAGCATTTCGAATGACTCCTCAACCAGGAGTACCACCTGAAGAAGCAGGAGCTGCAGTAGCTGCGGAATCTTCCACTGGTACATGGACCACTGTTTGGACTGATGGACTTACTAGTCTTGATCGTTATAAAGGTCGATGCTATGATATTGAAGCAGTTCCTGGAGAAGAAAATCAATATATCGCTTATGTTGCTTACCCATTAGATTTATTTGAAGAAGGTTCTGTTACCAATTTATTTACTTCTATTGTTGGTAATGTTTTTGGATTTAAAGCTTTACGAGCTTTGCGTCTAGAAGATTTACGTATTCCTCCAGCTTATTCCAAAACTTTCCAAGGACCACCTCATGGTATTCAAGTTGAAAGAGATAAATTAAACAAATATGGTCGTCCATTATTAGGATGTACTATTAAACCAAAATTGGGTTTATCTGCTAAAAACTATGGTAGAGCTGTTTATGAATGTCTTCGTGGTGGACTTGATTTCACAAAAGATGATGAAAACGTAAACTCTCAACCGTTTATGCGTTGGAGAGACCGTTTCTTATTTGTAGCAGAAGCTATTTACAAATCTCAAGGCGAAACAGGTGAAATTAAAGGACATTATCTAAATGCTACCGCAGGTACCTGTGAAGAAATGTTCAAAAGAGCTGCATTTGCTAGAGAATTGGGCATGCCTATTGTTATGCATGACTATTTAACAGGTGGTTTTACTGCAAATACTAGTTTAGCTCATTATTGCCGTGATAACGGATTACTTCTTCATATTCACCGTGCAATGCATGCAGTT
LC924878.1_L4_donor_900_r2,LC924878.1,Orthotrichum consobrinum,Mosses,LC924878.1,val,L4_donor_900,900,600,2,892032359,ATGTCACCACAAACGGAGACTAAAGCAGGTGTTGGATTTAAAGCTGGTGTTAAAGATTACAGATTAACTTATTACACTCCAGATTATCAAACTAAAGAAACTGATATTTTAGCAGCATTTCGAATGACTCCTCAACCAGGAGTGCCAGCTGAAGAAGCAGGAGCTGCAGTAGCTGCAGAATCTTCTACTGGTACATGGACTACTGTTTGGACTGATGGCCTTACTAGTCTTGATCGTTATAAAGGACGATGCTATGATCTTGAAGCAGTTCCTGGAGAAGATAATCAATATATTGCTTATGTTGCTTACCCATTAGATTTATTTGAAGAAGGTTCTGTTACCAATTTATTTACTTCTATTGTTGGTAATGTTTTTGGATTTAAAGCTTTACGAGCTTTACGTCTAGAAGATTTACGTATTCCTCCAGCTTATTCCAAAACTTTCCAAGGTCCACCTCATGGTATTCAAGTTGAACGCGATAAATTAAACAAATATGGTCGTCCATTATTAGGGTGTACTATTAAACCAAAATTAGGTTTATCTGCTAAAAATTATGGTAGAGCTGTATATGAATGTCTTCGTGGTGGACTTGATTTCACAAAAGATGATGAAAACGTAAATTCTCAACCTTTTATGCGTTGGAGAGACCGTTTCTTATTTTGCGCTGAAGCTATCTATAAATCTCAAGCTGAAACAGGTGAGATTAAAGGACATTATTTAAATGCTACCGCAGGTACATGTGAAGAAATGATGAAAAGAGCAGAATTTGCTAGAGAACTAGGAATGCCTATTGTAATGCATGACTATTTAACAGGTGGTTTTACTGCAAATACTAGTTTGGCTCATTATTGCCGTGATAATGGTTTACTTCTTCATATTCACCGTGCAATGCATGCAGTT
LC924944.1_L4_donor_900_r2,LC924944.1,Pylaisiadelpha yokohamae,Mosses,LC924944.1,train,L4_donor_900,900,600,2,4022491524,ATGTCACCACAAACGGAGACCAAAGCAGGTGTTGGATTTAAAGCTGGTGTTAAAGATTACAGATTAACTTATTACACCCCAGATTATCAAACTAAAGACACTGATATTTTGGCAGCATTTCGGATGACGCCTCAACCAGGAGTACCCGCTGAAGAGGCAGGAGCTGCAGTAGCTGCGGAATCCTCCACCGGTACATGGACCACTGTTTGGACCGATGGTCTTACCAGTCTTGATCGTTATAAAGGACGATGCTATGATCTTGAAGCAGTTCCTGGAGAAGAAAATCAATATATTGCTTATGTTGCTTACCCATTAGATCTATTTGAAGAAGGTTCTGTTACCAATTTATTCACCTCTATTGTTGGTAATGTTTTTGGATTCAAAGCTTTACGAGCTTTACGTCTAGAAGATTTACGTATTCCTCCAGCTTATTCCAAAACTTTCCAAGGCCCACCTCATGGTATTCAAGTTGAAAGAGATAAATTAAATAAATATGGTCGTCCATTATTAGGATGTACTATTAAGCCAAAATTGGGTTTATCCGCTAAAAATTATGGTAGAGCTGTATATGAATGTCTTCGTGGTGGACTTGATTTCACAAAGGATGATGAAAACGTAAATTCTCAACCTTTTATGCGTTGGAGAGATCGTTTCTTATTTGTAGCTGAAGCTATTTACAAATCTCAAGCTGAAACAGGTGAAATTAAAGGACATTATTTAAATGCTACTGCAGGTACATCTGAAGAAATGTTGAAAAGAGCTCAATTTGCTAGAGAACTAGGCATGCCTATTATCATGCACGACTATTTAACAGGTGGTTTTACTGCAAACACTAGTTTGGCTCATTATGCTCGTGATAATGGCTTGCTTCTTCATATTCACCGCGCAATGCATGCAGTT
LC924950.1_L4_donor_900_r2,LC924950.1,Calohypnum plumiforme,Mosses,LC924950.1,val,L4_donor_900,900,600,2,2944222285,ATGTCACCACAAACGGAGACTAAAGCAGGTGTTGGATTTAAAGCTGGTGTTAAAGATTACAGATTAACTTATTACACTCCAGATTATCAGACTACAGCAACTGATATTTTAGCAGCATTTCGAATGACTCCTCAACCAGGAGTACCCGCTGAAGAGGCGGGAGCTGCAGTAGCTGCGGAATCCTCCACTGGTACATGGACCACTGTTTGGACTGATGGACTTACCAGTCTTGATCGTTATAAAGGACGATGCTATGATCTCGAAGCAGTTCCTGGAGAAGAAAATCAATATATTGCTTATGTTGCTTACCCATTAGATTTATTTGAAGAAGGTTCTGTTACCAATTTATTTACTTCTATTGTTGGTAATGTTTTTGGATTTAAAGCTTTACGAGCTTTACGTCTAGAAGATTTACGTATTCCTCCAGCTTATTCCAAAACTTTCCAGGGTCCACCTCATGGTATTCAAGTTGAAAGAGATAAATTAAATAAATATGGTCGTCCATTATTAGGATGTACTATTAAGCCAAAATTAGGTTTATCTGCTAAAAACTATGGTAGAGCTGTATATGAATGTCTTCGTGGTGGACTTGATTTCACAAAAGATGATGAAAACGTAAATTCTCAACCTTTTATGCGTTGGAGAGATCGTTTCTTATTCGTAGCTGAAGCTATTTATAAATCTCAATCTGAAACAGGTGAAATTAAGGGACATTATTTAAATGCTACCGCAGGTACATGTGAAGAAATGATGAAAAGAGCTCAGTTTGCTAGAGAATTAGGCATGCCTATTGTCATGCACGACTATTTGACAGGTGGTTTTACTGCAAATACTAGTTTGGCTCATTACTGTCGTGATAATGGCTTGCTCCTTCATATTCACCGTGCAATGCATGCAGTT
LC924964.1_L4_donor_900_r2,LC924964.1,Myuroclada maximowiczii,Mosses,LC924964.1,train,L4_donor_900,900,600,2,3409832918,ATGTCACCACAAACGGAGACTAAAGCAGGTGTTGGATTTAAAGCTGGTGTTAAAGATTACAGATTAACTTATTACACTCCAGATTATCAGACTAAAGAAACTGATATTTTAGCAGCATTTCGAATGACTCCTCAACCAGGAGTACCCGCTGAAGAGGCAGGAGCTGCAGTAGCTGCGGAATCTTCCACTGGTACATGGACCACCGTTTGGACCGATGGACTTACCAGTCTTGATCGTTATAAAGGACGATGCTATGATCTTGAAGCAGTTCCTGGAGAAGAGAATCAATATATTGCTCATGTTGCTTACCCATTAGATCTATTTGAAGAAGGTTCTGTTACCAATTTATTTACTTCTATTGTTGGTAATGTTTTCGGATTTAAAGCTTTACGAGCTTTACGTCTAGAAGATTTACGTATTCCTCCAGCTTATTCCAAAACTTTCCAAGGTCCACCTCATGGTATTCAAGTCGAAAGAGATAAATTAAACAAATATGGTCGTCCATTATTAGGATGTACCATTAAGCCAAAATTGGGTTTATCTGCTAAAAACTATGGTAGAGCTGTATATGAATGTCTTCGTGGTGGACTTGATTTCACAAAAGATGATGAAAACGTAAATTCTCAACCTTTTATGCGTTGGAGAGATCGTTTCTTATTTGTAGCTGAAGCTATTTACAAATCTCAAGCTGAAACAGGTGAAATTAAAGGACATTATTTAAATGCTACCGCAGGTACATGTGAAGAAATGATGAAAAGAGCTCAATTTGCTAGAGAACTAGGCATGCCTATTGTCATGCACGACTATTTAACAGGTGGTTTTACTGCAAACACCAGTTTGGCCCATTACTGTCGTGATAATGGCTTGCTTCTTCATATTCACCGCGCAATGCATGCAGTT
MG251837.1_L4_donor_900_r2,MG251837.1,Hydroclathrus rapanuii,Brown algae,MG251837.1,train,L4_donor_900,900,600,2,2039339170,ATGCTTGAAGATGTGCAGAATCGAACTCGAATAAAAAGTGAACGTTACGAATCAGGTGTAATTCCATATGCCAAAATGGGGTATTGGGATGCTGATTATAACGTTAAAGATACTGATATTCTAGCTCTTTTTCGTATCACTCCACAGCCAGGTGTAGATCCCGTTGAAGCTGCCGCTGCTGTTGCCGGCGAATCTTCTACTGCAACATGGACGGTAGTTTGGACAGACTTATTAACTGCTTGTGATATTTATCGAGCAAAAGCATATAGAGTAGATCCAGTACCCGGAACAAGTGACCAATTCTTTGCTTATATAGCTTACGAATGTGATTTATTTGAAGAAGGTTCTCTTGCTAACTTAACGGCATCTATTATTGGTAACGTTTTTGGTTTTAAAGCTGTTAAAGCGTTACGTTTAGAAGATATGAGAATTCCTTACGCTTATTTAAAAACTTTCCAAGGACCAGCAACAGGTGTGGTTGTGGAAAGAGAAAGACTAGATAAATTTGGTCGTCCTTTATTAGGGGCTACTGTGAAACCTAAATTAGGTCTTTCTGGTAAAAACTACGGACGTGTTGTTTATGAAGGTTTAACTGGTGGTCTTGACTTCCTTAAGGATGATGAGAATATTAATTCACAACCATTTATGCGTTGGAAAGAACGTTTCTTATACTGTATGGAAGGTGTTAACCGAGCTGCTGCTGCAACAGGTGAAGTTAAAGGTTCATATCTTAACATTACTGCTGCGACTATGGAACAAATGTATGAACGTGCAGAATATGCTCATTCAATTGGTTCTGTTATTATTATGATCGATTTAGTTATTGGTTATACAGCAATCCAAAGTATGGCAATATGGGCACGAAAAGCTGAAATGATCTTACATTTACATCGTGCTGGA
MH172437.1_L4_donor_900_r2,MH172437.1,Pectinopitys harmsiana,Conifers,MH172437.1,train,L4_donor_900,900,600,2,3922229304,ATGTCACCAAAAACAGAGACTAAAGTAAGTGCTGGGTTCAAAGCTGGTGTTAAAGATTACAGATTAACTTATTATACTCCGGACTATCAGACCCAAGAGACTGATATCTTGGCAGCATTCCGAGTCACTCCTCAACCCGGAGTGCCCCCCGAGGAAGCAGGAGCGGCAGTAGCTGCCGAATCTTCCACTGGTACATGGACTACTGTTTGGACCGATGGACTCACCAGCCTTGATCGTTACAAGGGGCGATGCTATGACATCGAGCCTGTTCCTGGAGAGGAAAGTCAATTTATTGCCTATGTAGCTTACCCCTTGGACCTTTTTGAAGAAGGTTCTGTTACTAACCTGTTCACTTCCATTGTAGGTAATGTATTTGGATTCAAAGCCCTACGGGCTCTACGTTTGGAAGATCTGCGAATTCCTCCTGCTTATTCCAAAACCTTCCAAGGTCCACCCCATGGTATCCAAGTAGAAAGAGATAAATTAAATAAATATGGCCGTCCTTTGTTGGGATGTACTATCAAACCAAAACTGGGTCTGTCCGCCAAGAATTATGGTAGAGCAGTTTACGAATGTCTTCGTGGTGGACTTGATTTCACAAAGGATGATGAGAACGTAAATTCCCAACCATTTATGCGCTGGAGAGATCGTTTTTGCTTTTGCGCAGAAGCACTTTTTAAAGCTCAGGCTGAAACGGGTGAAATTAAGGGGCATTACCTGAATGCTACCGCAGGTACATGCGAAGAAATGATAAAAAGAGCGGTATTCGCTAGAGAATTGGGAGTTCCTATCGTTATGCATGACTATCTGACGGGGGGTTTTACTGCAAATACTTCGTTGGCTCATTATTGTCGAGACAACGGCCTACTTCTTCACATTCACCGCGCAATGCATGCAGTT
MH270460.1_L4_donor_900_r2,MH270460.1,Macleaya microcarpa,Other angiosperms,MH270460.1,train,L4_donor_900,900,600,2,1949293402,ATGTCACCACAAACAGAGACTAAAGCAAGTGTTGGATTCAAAGCTGGTGTTAAAGATTACAAATTGACTTATTATACTCCTGACTATGAAACCAAAGATACTGATATCTTGGCAGCATTCCGAGTAACTCCTCAACCTGGAGTTCCGCCTGAGGAAGCAGGGGCCGCGGTAGCTGCCGAATCTTCTACTGGTACATGGACAACTGTGTGGACCGATGGACTTACCAGCCTTGATCGTTACAAAGGAAGATGCTACCATATCGAGCCCGTAGCTGGAGAAGACAATCAATATATTTGTTATGTAGCTTACCCTTTAGACCTTTTTGAAGAAGGTTCTGTTACTAACATGTTTACTTCCATTGTGGGTAATGTATTTGGGTTCAAAGCGCTGCGCGCTCTACGTCTGGAGGATCTGCGAATTCCTCCTGCTTATGTTAAAACTTTCCAAGGCCCACCTCATGGTATCCAAGTTGAGAGAGATAAATTGAACAAGTATGGTCGTCCCCTATTGGGATGTACTATTAAACCAAAATTGGGGTTATCCGCTAAGAACTACGGTAGAGCGGTTTATGAATGTCTCCGCGGTGGACTTGATTTTACCAAGGATGATGAAAACGTGAACTCCCAACCCTTTATGCGTTGGAGAGACCGTTTCTTATTTTGTGCCGAAGCAATTTATAAAGCACAGGCCGAAACAGGTGAAATCAAAGGGCATTACTTGAATGCTACTGCAGGTACATGCGAAGAAATGATCAAAAGGGCTGTATTTGCCAGAGAATTGGGAGTTCCTATCGTAATGCATGACTATTTAACGGGGGGATTCACTGCAAATACTAGCTTGGCTCATTATTGCCGAGATAATGGCCTACTTCTTCACATCCACCGCGCAATGCATGCAGTT
MH390671.1_L4_donor_900_r2,MH390671.1,Quinchamalium chilense,Eudicots,MH390671.1,train,L4_donor_900,900,600,2,423374501,ATGTCACCACAAACAGAGACTAAAGCGAGTGTTGGATTCAAAGCTGGTGTTAAAGAGTACAAATTGACTTATTATACTCCTGATTATGAAACCAAAGATACTGATATCTTGGCAGCATTCCGAGTAACTCCGCAACCTGGAGTTCCACCCGAAGAAGCGGGGGCTGCCGTAGCTGCTGAATCTTCTACTGGTACATGGACAACTGTATGGACCGACGGACTTACCAGCCTTGATCGTTATAAAGGAAGATGTTACCACATCGAGCCCGTTGCTGGCGAAGAAAATCAATATATTGCTTATGTTGCTTATCCCTTAGACCTTTTTGAAGAAGGCTCTGTTACTAATATGTTTACTTCCATTGTAGGTAATGTATTTGGGTTTAAAGCCTTGCGTGCCCTACGTTTAGAGGATCTGAGAATCCCCCCTGCTTATTCTAAAACGTTCCAAGGTCCGCCACACGGTATCCAAGTTGAGAGAGATAAATTGAACAAGTATGGTCGTCCCCTACTGGGATGTACTATAAAACCTAAATTAGGGTTATCCGCTAAGAACTACGGCAGAGCAGTTTATGAATGCCTTCGTGGTGGACTTGATTTTACTAAAGATGATGAAAATGTAAACTCTCAACCATTTATGCGTTGGAGAGACCGTTTCTTATTTTGTGCCGAAGCCATTTATAAAGCACAAGCCGAAACAGGTGAAATCAAAGGGCATTACTTGAATGCAACTGCAGGTACATGCGAAGAAATGATCAAAAGGGCTGTATTTGCCAGAGAATTGGGAGTCCCTATTGTAATGCACGACTACTTAACAGGAGGATTCACTGCAAATACTAGCTTGGCTCATTATTGCCGAGATAATGGATTACTTCTGCACATCCATCGTGCAATGCATGCGGTT
MH390672.1_L4_donor_900_r2,MH390672.1,Schoepfia schreberi,Eudicots,MH390672.1,train,L4_donor_900,900,600,2,2246165578,ATGTCACCACAAACAGAGACTAAAGCAAGTGTTGGATTCAAAGCTGGTGTTAAAGAGTACAAATTGACTTATTATACTCCTGATTATGAAACCAAAGATACTGATATCTTGGCAGCATTCCGAGTAACTCCTCAACCCGGAGTTCCACCCGAGGAAGCGGGGGCCGCGGTAGCTGCCGAATCCTCTACTGGTACATGGACAACTGTGTGGACCGATGGACTTACCAGCCTTGATCGTTATAAAGGAAGATGCTACCACATTGAGCCCGTTGCTGGCGAAGAAAATCAATATATTGCTTATGTCGCTTATCCCTTAGACCTTTTTGAAGAAGGCTCTGTTACTAACATGTTGACTTCCATTGTCGGTAATGTATTTGGGTTTAAAGCCTTGCGTGCCCTGCGTTTAGAGGATCTGAGAATCCCCCCTGCTTATTCTAAAACGTTCCAAGGCCCACCTCATGGTATCCAAGTTGAGAGAGATAAATTGAACAAGTATGGCCGTCCCCTATTGGGATGTACTATTAAACCAAAATTGGGGTTATCCGCTAAAAACTATGGCCGAGCGGTTTATGAATGCCTTCGCGGTGGACTTGATTTTACCAAAGATGATGAGAACGTAAACTCTCAACCATTTATGCGTTGGAGAGACCGTTTCTTATTTTGTGCCGAAGCCATTTTTAAAGCACAGGCCGAAACAGGTGAAATCAAAGGGCATTACTTGAATGCTACGGCAGGTACATGGGAAGAAATGCTCAAAAGGGCTGTATGTGCCAGAGAGTTGGGAGTCCCTATCATAATGCATGACTACTTAACAGGAGGATTCACTGCAAATACTAGCTTGGCTCATTATTGCCGAGATAATGGCTTACTTCTGCACATCCATCGTGCAATGCATGCGGTT
MH545292.1_L4_donor_900_r2,MH545292.1,Batophora occidentalis,Green algae,MH545292.1,train,L4_donor_900,900,600,2,1073303444,ATGGCTCCACAAACTGAGACTAAAGCAAGTGCTGGATTTAAAGCGGGTGTAAAAGATTATCGTTTAACATATTACACTCCTGATTATCAAGTACAAGACACTGATATTTTAGCTGCGTTTCGAATGACTCCACAACCTGGAGTACCAGCAGAAGAATGTGCTGCTGCAGTTGCCGCTGAATCTTCAACAGGTACTTGGACAACAGTATGGACAGACGGTTTAACAAGTCTTGATCGTTATAAAGGTCGTTGTTATGATGTTGAACCAGTTCCTGGAGAAGATAACCAATATATTGCATATGTAGCGTACCCTCTAAATCTATTTGAAGAAGGATCTGTAACAAACTTATTCACTTCAGTTGTTGGGAACGTTTTTGGATTTAAAGCTCTTCGTGCTCTTCGTTTAGAAGATCTTCGTATTCCACAAGCATACGTTAAAACATTCTTTGGACCTCCTCATGGGATTCAAGTTGAACGTGATAAATTAAACAAGTATGGGCGCGGATTCCTAGGGTGTACGATTAAGCCAAAATTAGGACTTTCAGCTAAAAACTACGGACGTGCTTGTTACGAATGTTTACGTGGGGGTCTAGATTTTACGAAAGATGATGAAAACGTAAATTCACAACCATTTATGCGTTGGCGTGACCGTTTCTTATTCGTTGCTGAAGCCATCTATAAATCACAAGCAGAAACAGGAGAAATTAAAGGGCATTATTTAAATGCAACAGCTCCTACGAGCGAAGAAATGCTAAAACGTGCAGAATTAGCAAAACACCTTGGTGTACCTATCGTTATGCATGACTATTTAACTGCCGGATTTACATCAAATACTTCATTAGCTAATTATTGTCGTGACAACGGTTTATTATTACATATTCACCGTGCAATGCACGCTGTA
MH545335.1_L4_donor_900_r2,MH545335.1,Halicoryne sp. HV04044,Green algae,MH545335.1,train,L4_donor_900,900,600,2,239313731,ATGGGAACAACTGAAACGAAAGCAGGTGCTGGATTTAAAGCGGGTGTAAAAGATTATCGTCTAACGTACTATACACCTGATTATCAAGTACAAGATACAGATATTTTAGCAGCATTTCGAATGACGCCTCAGCCAGGAGTTCCAGCGGAAGAATGTGCCGCTGCTGTAGCTGCTGAATCTTCAACAGGTACTTGGACTACTGTTTGGACAGATGGATTAACTTCGCTAGACCGTTACAAAGGTCGATGCTATGATGTTGAACCTGTTCCTGGAGAAGATAATCAATACATTGCATATGTGGCTTATCCTTTAAACTTATTTGAAGAAGGGTCTGTAACAAATTTATTTACGTCAATTGTTGGTAACGTTTTTGGATTCAAAGCTCTTCGTGCTCTTCGTTTAGAAGATCTTCGTATTCCTCAAGCATTTGTCAAAACATTCTTGGGACCACCACATGGTATTCAAGTAGAACGTGATAAATTAAACAAATATGGTCGTAGTTTATTAGGTTGTACGATTAAGCCAAAACTTGGTCTTTCAGCTAAAAACTACGGTCGTGCATGTTATGAATGTTTACGTGGAGGACTTGATTTCACTAAGGATGATGAAAATGTAAACTCACAACCATTTATGCGTTGGCGTGATCGATTCTTATTTGTTGCAGAAGCTATTTACAAATCACAAGCGGAAACAGGAGAAATTAAAGGACATTATTTAAATGCAACTGCGCCAACTAGTGAAACAATGCTTCAACGTGCAGAAGTAGCTAAACATTTAGGTGTACCTATTATTATGCACGATTATCTAACGGCAGGTTTTACAGCCAATACGTCATTAGCTAATTATTGTCGTGACCACGGGTTATTACTACATATTCACCGTGCTATGCACGCAGTTATT
MH616272.1_L4_donor_900_r2,MH616272.1,Borya sphaerocephala,Monocots,MH616272.1,train,L4_donor_900,900,600,2,967781219,ATGTCACCACAAACAGAGACTAAAGCAAATGTTGGATTTAAAGCTGGTGTTAAAGATTACAAATTGACTTATTATACTCCTGACTACGACACCAAAGATACTGATATTTTGGCAGCATTTCGAGTAACTCCTCAACCAGGAGTTCCGCCTGAAGAAGCAGGGGCCGCGGTAGCTGCCGAATCTTCTACTGGTACATGGACAACTGTGTGGACTGATGGACTTACCAGTCTTGATCGTTACAAAGGACGATGCTACCACATCGAGGCTGTTGTTGGGGAAGAAAATCAATATATTGCTTATGTAGCTTATCCTTTAGACCTTTTTGAAGAAGGTTCTGTTACTAACATGTTTACTTCCATTGTTGGTAATGTATTTGGTTTCAAAGCCCTACGAGCTCTACGTCTGGAGGATCTGCGAATTCCCCCTGCTTATTCAAAAACTTTCCAAGGCCCGCCCCATGGTATCCAAGTTGAAAGAGATAAATTGAACAAGTATGGTCGTCCCCTATTGGGATGTACTATTAAACCAAAATTGGGATTATCCGCAAAAAACTACGGTAGAGCGGTTTATGAATGTCTACGTGGTGGACTTGATTTTACTAAAGATGATGAAAACGTGAACTCACAACCATTTATGCGTTGGAGAGACCGTTTCGTATTTTGTGCTGAAGCAATTTATAAAGCGCAAGCCGAAACGGGTGAAATCAAAGGACATTACTTGAATGCAACTGCGGGTACATGTGAAGAAATGATCAAAAGGGCCGTATTTGCTAGAGAATTGGGAGTTCCTATCGTAATGCATGACTATTTAACTGGAGGATTCACTGCAAATACTAGCTTGGCTCATTATTGCCGCGACAACGGCCTACTTCTTCACATCCATCGTGCAATGCACGCAGTT
MH661965.1_L4_donor_900_r2,MH661965.1,Epiblema grandiflorum,Monocots,MH661965.1,train,L4_donor_900,900,600,2,3754520449,ATGAGTTGTAGGGAGGGACTTATGTCACCACAAACAGAGACTAAAGCAAGCGTTGGATTTAAAGCTGGTGTTAAAGATTACAAATTGACTTATTATACTCCTGACTACGAAACAAAAGATACTGATATCTTGGCAGCATTCCGAGTAACTCCTCAACCGGGAGTTCCGCCTGAAGAAGCGGGAGCTGCGGTAGCAGCCGAATCTTCTACTGGTACATGGACAACTGTGTGGACTGATGGACTTACCAGTCTTGATCGTTACAAAGGACGGTGCTACCACATTGAGGCCGTTGTTGGGGAGGAAAATCAATATATTGCTTATGTAGCTTATCCTTTAGACCTTTTTGAAGAAGGTTCTGTTACTAACATGTTTACTTCCATTGTGGGTAATGTTTTTGGTTTCAAAGCCCTGCGAGCTCTACGTCTGGAAGATTTGCGAATTCCCCCTTCTTATTCCAAAACTTTCCAAGGTCCGCCTCATGGCATCCAAGTTGAAAGAGATAAATTGAACAAGTACGGTCGTCCCCTATTGGGATGTACTATTAAACCAAAATTGGGATTATCCGCAAAAAACTACGGTAGAGCGGTTTATGAATGTCTACGGGGTGGACTTGATTTTACTAAGGATGATGAAAACGTGAACTCACAACCATTTATGCGTTGGAGAGATCGTTTCTTATTTTGTGCCGAATCTCTTTATAAGGCACAAGCCGAAACGGGGGAAATCAAAGGACATTACTTGAATGCAACTGCGGGTACATCTGAAGAAATGATCAAAAGAGCGATCTTTGCCAGAGAATTGGGAGTTCCTATCGTAATGCACGACTATTTAACTGGAGGATTCACCGCAAATACTAGCTTAGCTCATTATTGCCGCGATAACGGTCTACTTCTTCACATC
MK295219.1_L4_donor_900_r2,MK295219.1,Chlorella sp. 64.01,Green algae,MK295219.1,train,L4_donor_900,900,600,2,1593696298,ATGGCTCCACAAACTGAAACTAGAGCAGGTGCTGGATTTAAAGCAGGTGTTAAAGATTATCGTTTAACATACTATACTCCTGACTATCAACCAAAAGAAACTGATATTCTTGCAGCATTCCGTATGACACCACAACCAGGTGTACCACCGGAAGAAGCTGGTGCAGCGGTAGCAGCAGAATCTTCAACAGGTACTTGGACGACTGTATGGACAGACGGTTTAACTAGTTTAGATCGTTATAAAGGTCGTTGTTATGATATTGAACCAGTTCCAGGTGAAGAAAATCAATATATTGCATATATTGCTTACCCTTTAGATCTTTTTGAAGAAGGTTCTGTAACGAATTTATTTACTTCAATTGTAGGTAACGTTTTTGGTTTCAAAGCTCTTCGTGCATTACGTCTAGAAGATCTTCGTATTCCACCAGCGTATGTAAAAACTTTCCAAGGACCTCCACACGGTATTCAAGTTGAACGTGATAAACTAAACAAATACGGTCGTGCGCTTTTAGGTTGTACTATTAAACCAAAATTAGGTCTTTCTGCGAAAAACTATGGTCGTGCAGTTTATGAGTGTTTACGTGGTGGTCTTGATTTTACAAAAGATGATGAAAACGTAAACTCTCAACCATTTATGCGCTGGAGAGATCGTTTCTTATTCGTAGCAGAAGCAATTTATAAATCTCAAGCAGAAACTGGTGAGATTAAAGGTCACTATTTAAATGCAACAGCAGCTACAGCAGAAGAAATGCTTAAACGTGCTCAGTGTGCAAAAGATTTAGGTGTACCTATTGTTATGCACGATTATTTAACAGGTGGTTTTACAGCAAATACTAGTTTAGCTACTTATTGTCGTGATCATGGTCTTCTTTTACACATTCACCGTGCAATGCACGCTGTA
MK295220.1_L4_donor_900_r2,MK295220.1,Pseudochlorella pringsheimii,Green algae,MK295220.1,train,L4_donor_900,900,600,2,2592793783,ATGTCTCCACAAACTGAAACTAAAGCAAGGGTGGGTTTCAAAGCAGGTGTTAAAGACTACCGTTTAACTTACTATACTCCTGATTACCAACCAAAAGATACTGATATTCTTGCAGCGTTCCGTATGACTCCTCAACCAGGTGTTCCACCAGAAGAAGCTGGTGCAGCGGTAGCAGCAGAATCATCAACTGGTACTTGGACGACTGTATGGACTGACGGTTTAACTAGTTTAGATCGTTACAAAGGTCGTTGTTATGATATCGAGCCAGTTCCAGGTGAAGAAAACCAATACATTGCATATATTGCATATCCTTTAGATCTTTTTGAAGAAGGTTCTGTAACAAACTTATTTACTTCAATTGTAGGTAACGTTTTTGGTTTCAAAGCTCTTCGTGCTTTACGTTTAGAAGATCTTCGTATTCCACCAGCATACGTAAAAACTTTCCAAGGTCCTCCTCACGGTATTCAAGTAGAACGTGATAAACTTAACAAATACGGTCGTGGTTTATTAGGTTGTACAATTAAACCAAAATTAGGTCTTTCAGCTAAAAACTACGGTCGTGCTGTATATGAATGTTTACGTGGTGGTCTTGATTTCACAAAAGATGATGAAAACGTAAACTCTCAACCATTTATGCGTTGGAGAGATCGTTTCTTATTTGTTGCTGAAGCTATTTACAAATCTCAAGCTGAAACTGGTGAAATTAAAGGTCACTATTTAAACGCAACGGCAGCTACAGCAGAAGCAATGATGCAACGTGCTGAATGTGCGAAAGATTTAGGTGTACCTATTATTATGCACGATTACTTAACTGGTGGTTTTACAGCAAACACAAGTTTATCTCATTATTGTCGTGATAATGGTCTTCTTTTACACATTCACCGTGCAATGCACGCTGTA
MK806439.1_L4_donor_900_r2,MK806439.1,Lepisorus jakonensis,Ferns,MK806439.1,train,L4_donor_900,900,600,2,4036167004,ATGTCACCACAAACGGAGACTAAAGCGGGTGTTGGATTCAAAGCTGGTGTCAAAGATTATCGATTGACTTATTACACCCCCGAATACAAAACCAAAGATACCGATATCTTAGCAGCATTTCGAATGACCCCACAACCTGGAGTACCGGCTGAGGAAGCTGGAGCTGCGGTAGCTGCAGAATCCTCCACAGGTACGTGGACCACTGTATGGACAGATGGGTTGACTAGTCTTGACCGTTACAAGGGCCGATGCTATGACATCGAACCCGTCGCTGGGGAAGAGAATCAGTATATCGCGTATGTAGCTTATCCTTTGGATCTATTTGAAGAAGGTTCCGTTACTAATTTATTCACCTCCATAGTCGGTAATGTCTTCGGATTTAAGGCTCTGCGCGCTCTACGCTTGGAAGACCTTCGAATTCCTCCCGCTTATTCTAAAACTTTCATAGGACCGCCTCATGGTATTCAGGTTGAAAGGGATAAATTGAACAAATATGGACGTCCCCTATTGGGATGTACAATCAAGCCAAAATTGGGTCTGTCTGCTAAAAATTATGGTAGAGCCGTCTACGAATGCCTTCGCGGTGGACTTGATTTCACAAAAGATGATGAAAATGTGAATTCCCAGCCATTCATGCGTTGGAGAGATCGTTTCCTATTTGTGGCAGAAGCTCTTTTCAAATCCCAGGCTGAAACGGGAGAAATCAAAGGGCATTACTTAAATGCTACTGCAGGTACATGTGAAGAAATGTTGAAAAGAGCTGTTTTTGCTAGGGAGTTGGGTGTACCAATTATCATGCATGACTACCTAACCGGAGGGTTTACTGCAAATACCAGCTTAGCTTTTTATTGCAGAGATAATGGACTACTTCTTCATATTCACCGCGCGATGCATGCTGTG
MN030175.1_L4_donor_900_r2,MN030175.1,Botrypus virginianus,Ferns,MN030175.1,train,L4_donor_900,900,600,2,2603747735,ATGTCACCACAAACGGAGACTAAAGCAGGTGTTGGATTCAAAGCTGGTGTTAAAGATTATCGATTGACCTATTACACTCCCGATTACAAAACCAAGGATACTGATATCCTAGCAGCTTTTCGAATGACTCCCCAACCTGGAGTGCCAGCTGAGGAAGCGGGAGCCGCGGTAGCTGCTGAATCTTCCACCGGTACGTGGACCACCGTATGGACCGATGGACTTACCAGCCTTGATCGTTACAAGGGTCGATGCTATGAAATCGAACCTGTTCCCGGGGAGGAGAATCAATTCATTGCTTATGTGGCGTATCCTCTAGATCTTTTTGAGGAAGGTTCTGTCACCAACATGTTCACTTCCATTGTAGGTAACGTATTCGGATTCAAGGCATTGAGAGCTTTACGGTTGGAAGATTCAAGAATCCCCCCTGCTTATTCTAAGACTTTCACGGGTCCGCCTCACGGTATTCAAGTCGAGAGGGATAAATTAAACAAATACGGTCGCCCCTTACTAGGATGTACCATCAAACCCAAATTGGGATTATCTGCCAAAAATTATGGCAGAGCTGTTTATGAATGTTTACGTGGTGGGCTCGATTTCACCAAGGATGATGAAAACGTAAATTCCCAACCGTTTATGCGTTGGAGAGATCGTTTCTTATTCGTGGCAGAAGCTCTTTTCAAATCTCAAGCTGAAACGGGTGAGATTAAGGGGCATTACTTAAACGCTACCGCGGGTACTTGTGAGGAAATGCTAAAAAGAGCAGTATTTGCTCGAGAATTGGGAGTACCCATTGTCATGCACGATTATTTGACAGGAGGATTCACTGCAAATACTAGCTCAGCTTTCTACTGCCGGGATAATGGTCTACTCCTTCACATTCATCGTGCAATGCATGCTGTT
MN601490.1_L4_donor_900_r2,MN601490.1,Clematis sp. DPP-2019a,Other angiosperms,MN601490.1,train,L4_donor_900,900,600,2,2232197678,ATGTCACCACAAACAGAGACTAAAGCGAGTGTTGGCTTCAAAGCAGGTGTTAAAGAGTACAAATTGAATTATTATACTCCTGAATATGAACCCAAAGAAACTGATACCTTGGCGGCATTCCGAGTAAGTCCTCAACCTGGAGTTCCACCTGAAGAAGCAGGGGCTGCTGTAGCTGCCGAATCTTCTACGGGTACATGGACAACTGTGTGGACCGATGGACTTACCAGCCTTGATCGTTACAAAGGACGATGCTACGATATCGAGCCCGTTGCTGGAGAAGAAAATCAATATATTTGTTATGTAGCCTACCCTTTAGACCTTTTTGAAGAAGGTTCTGTTACTAACATGTTTACTTCTATTGTGGGTAATGTATTTGGGTTCAAAGCGTTACGCGCTCTACGTCTGGAAGATCTGCGAGTTCCTGTTGCTTATATTAAAACTTTCCAAGGCCCGCCTCATGGCATCCAAGTTGAGAGAGATAAATTGAACAAGTATGGTCGTCCCCTATTGGGATGTACTATTAAACCAAAATTGGGCTTATCTGCTAAGAACTATGGTAGAGCAGTTTATGAATGTCTCCGTGGTGGACTTGATTTTACCAAGGATGATGAGAACGTGAACTCCCAACCCTTTATGCGTTGGAGAGACCGTTTCCTATTTTGTGCTGAAGCAATTTATAAAGCACAAGCCGAAACAGGTGAAATCAAAGGGCATTACTTGAATGCTACTGCGGGTACATGCGAAGAAATGATAAAAAGAGCTGTATTTGCCAGAGAATTGGGAGTACCCATCGTAATGCACGACTACCTAACGGGGGGATTCACCGCAAATACCAGCTTGGCTCATTATTGCCGGGATAATGGGTTACTTCTTCACATCCACCGCGCAATGCATGCAGTT
MN793055.1_L4_donor_900_r2,MN793055.1,Chara vulgaris,Other green,MN793055.1,train,L4_donor_900,900,600,2,3107691651,ATGTCACCACAGACAGAAACTAAAACAAGTGCTGGATTTAAAGCAGGGGTAAAAGATTACAGATTAACTTACTATACTCCTGAGTATAAAACTAAAGATACTGACATTTTAGCTGCATTTCGTGTAACTCCACAACCTGGCGTTCCACCTGAAGAAGCAGGTGCTGCAGTAGCTGCAGAATCTTCCACTGGTACATGGACTACTGTTTGGACTGACGGATTAACTAGTTTAGACCGATACAAAGGAAGATGCTACGATATTGAACCTGTTGCTGGTGAAGAGAATCAGTTTATTGCATATGTTGCTTATCCTCTTGATTTATTTGAAGAAGGATCAGTAACAAATTTATTCACATCGATTGTAGGTAATGTATTTGGATTTAAAGCATTAAGGGCTTTACGTTTGGAAGATTTACGTATTCCTCCTGCTTATACAAAGACTTTTCAAGGGCCACCTCATGGTATTCAAGTTGAAAGAGATAAACTAAATAAATATGGACGACCATTATTGGGATGTACTATTAAACCCAAATTAGGTTTATCTGCTAAAAATTATGGTAGAGCTGTATATGAATGTCTTCGCGGTGGACTTGACTTTACAAAAGATGACGAAAACGTGAATTCTCAGCCTTTTATGCGATGGAGAGATAGATTCTTATTTGTAGCAGAAGCAATTTATAAATCTCAAGCAGAAACTGGAGAAATTAAAGGTCACTATTTAAATGCTACTGCAGGAACTTGTGAAGAAATGCTTAAGAGAGCACAATGTGCAAGAGAATTAGGTATGCCTATTGTTATGCATGATTATCTTACAGGTGGATTTACAGCTAATACTACTCTAGCTCATTATTGTCGAGATAATGGTTTATTGCTTCATATCCACCGTGCTATGCACGCTGTA
MT439865.1_L4_donor_900_r2,MT439865.1,Glomerochrysis psammophila,SAR/other protist,MT439865.1,val,L4_donor_900,900,600,2,3000006362,ATGTCTCAATCTGTATCAGAACGTACACGTATTAAGAGCGAACGTTATGAATCTGGTGTAATCCCTTACGCTAAAATGGGTTACTGGGATTCTAGTTACACAATCAAGAGTACGGATGTTCTTGCATTATTCCGTATTACACCTCAACCGGGCGTAGATCCAGTTGAAGCTGCTGCTGCCGTAGCGGGTGAATCTTCAACAGCTACATGGACTGTTGTATGGACAGATTTATTAACAGCATGTGATGTATACCGTGCAAAAGCATATCGTGTAGATCCGGTTCCAAGTGCTGCTGATCAATTCTTTGCATATATCGCATATGAAGGTGATTTATTTGAGGAAGGTTCATTAGCGAATATGACAGCTTCTATCATCGGTAACGTATTTGGTTTCAAAGCCGTTAAAGCGTTACGTTTAGAAGATATGCGTATTCCACACTCTTACTTAAAGACTTTCCAAGGTCCTGCAACAGGTGTAATTGTAGAGCGTGAGCGTTTAGATACTTATGGCCGTCCTCTTTTAGGTGCTACAGTTAAGCCTAAGTTAGGTCTTTCTGGTCGTAACTACGGTCGTGTAGTATTTGAAGGTTTAAAGGGTGGTTTAGACTTCTTAAAGGATGATGAGAACATTAACTCTCAACCTTTCATGCGTTGGCGTGAGCGTTTCATCTACTGTATTGAAGGTATCAACCGTGCGGTTGCTGCAACAGGTGAAGTTAAGGGTTCTTACCTAAACATTACAGCGGCTACGATGGAAGAAATGTACGTTCGTGCAGAGTACGCTAAAGAGCTTGGTTCAGTTATTGTAATGATTGATTTAGTTATTGGTTACACAGCGATCCAAAGTATGGCTATTTGGGCGCGTGAGAATGATATGCTTTTACATTTACACCGTGCCGGT
MW267923.1_L4_donor_900_r2,MW267923.1,Zygnema circumcarinatum,Other green,MW267923.1,train,L4_donor_900,900,600,2,750135490,ATGTCACCACAAACAGAAACCAAAGCAGGTGCTGGATTTAAAGCAGGGGTAAAAGATTACCGACTTACCTATTACACTCCTGACTATGAAACTAAGGAAACCGATATCCTTGCTGCATTCCGTATGACTCCTCAACCTGGAGTTCCACCGGAAGAAGCAGGTGCTGCTGTAGCAGCAGAGTCCTCTACTGGTACATGGACTACTGTTTGGACCGATGGTCTTACTAGTCTAGATCGCTACAAAGGTAGATGCTATGATCTTGAACCAGTTCCTGGAGAAGAGAATCAATACATTGCATATATCGCATATCCTCTTGACCTATTCGAAGAAGGTTCTGTAACCAACTTGTTCACCTCTATTGTAGGAAACGTATTTGGATTTAAAGCACTTCGAGCTCTACGTTTAGAAGATTTACGTATTCCTCCAGCTTACTCTAAAACCTTCCAAGGCCCTCCTCATGGTATTCAGGTAGAAAGAGACAAACTAAACAAATATGGACGTCCTTTGCTAGGTTGTACTATTAAACCTAAATTGGGTCTATCTGCAAAAAACTACGGTAGAGCAGTATATGAAGTTCTTCGTGGTGGTTTGGATTTCACTAAAGATGACGAAAACGTAAACTCTCAACCATTTATGCGTTGGAGAGACCGCTTCTTGTTCTGCGCTGAAGCAATCTACAAAGCTCAAGCTGAAACCGGTGAAATTAAAGGACATTACCTAAATGCTACCGCAGGTACTTGTGAAGAGATGATGAAGAGAGCAGAATATGCTAAAGAGCTTGGAGTACCGATTATTATGCACGACTATTTGACAGGTGGTTTTACTGCAAATACCAGTTTGTCTCATTACTGCCGTGACAATGGTCTACTTCTACACATCCACCGTGCTATGCACGCTGTT
MW524049.1_L4_donor_900_r2,MW524049.1,Dryopteris fragrans,Ferns,MW524049.1,train,L4_donor_900,900,600,2,1414830090,ATGTCACCACAAACGGAGACTAAAGCAGGTGTTGGATTCAAAGCTGGTGTCAAAGATTATCGATTGACCTATTACACCCCCGAATACAAGACCAAAGATACCGATATCTTAGCAGCCTTTAGAATGACCCCACAACCCGGAGTACCGGCTGAGGAAGCCGGAGCTGCGGTAGCTGCGGAATCCTCCACGGGTACGTGGACCACTGTATGGACAGATGGGTTGACCAGTCTTGACCGTTACAAGGGCCGATGCTACGACATCGAACCCGTTGCTGGAGAGGAAAACCAGTATATCGCGTATGTAGCTTATCCTTTGGATCTATTCGAAGAAGGTTCTGTCACCAATCTGTTCACCTCCATTGTAGGTAATGTTTTCGGATTTAAGGCTCTACGCGCTTTACGCTTGGAAGACCTTCGAATCCCCCCCGCTTATTCTAAAACTTTCCTTGGACCGCCTCATGGTATTCAGGTCGAAAGGGATAAACTAAACAAATATGGACGTCCCTTATTGGGATGTACAATCAAGCCAAAATTAGGTCTGTCTGCTAAGAATTATGGTAGAGCCGTCTACGAATGCCTCCGCGGCGGACTTGACTTCACGAAAGATGATGAAAATGTGAATTCCCAGCCATTCATGCGTTGGAGAGATCGCTTCCTATTCGTGGCAGAAGCTCTTTTCAAATCCCAGGCTGAAACAGGGGAAATCAAGGGGCATTACTTAAATGCCACTGCAGGTACGTGTGAAGAAATGTTGAAGAGAGCTATTTTTGCTAGAGAGTTGGGTGTACCAATTGTCATGCATGACTACCTGACCGGGGGGTTTACCGCAAATACCAGCTTAGCTTTTTACTGCAGAGACAATGGGCTGCTTCTTCATATTCACCGTGCGATGCATGCCGTG
MZ133428.1_L4_donor_900_r2,MZ133428.1,Corbierea radiosa,Green algae,MZ133428.1,train,L4_donor_900,900,600,2,31492386,ATGGTTCCACAAACAGAAACAAGAGCTGGTGCTGGGTTTAAAGCTGGTGTTAAAGATTATCGATTAACGTATTATACACCAGATTACGTAGTGAAAGACACTGATATTTTAGCTGCTTTCCGTATGACTCCACAACCAGGTGTTCCACCAGAAGAATGTGGTGCAGCTGTTGCAGCTGAATCATCAACAGGTACTTGGACAACTGTATGGACTGACGGTTTAACATCTTTAGATCGTTATAAAGGTCGTTGTTACGATATCGAACCTGTACCAGGGGAAGATAACCAATATATTGCTTATGTAGCATACCCAATTGACCTTTTTGAAGAAGGTTCTGTAACAAACTTATTAACTTCAATTGTAGGTAACGTTTTTGGTTTCAAAGCATTACGTGCATTACGTTTAGAAGATCTTCGTATTTCTTCTGCTTATGCTAAAACATTCCAAGGACCTCCACATGGTATTCAAGTAGAACGTGATAAACTAAACAAATATGGTCGTGGTTTATTAGGTTGTACTATTAAACCAAAACTAGGTCTTTCTGCTAAAAACTATGGTCGTGCTGTTTACGAATGTTTACGTGGTGGTTTAGACTTTACAAAAGATGACGAAAACGTAAACTCACAACCATTCATGCGTTGGCGTGACCGTTTCCTTTTCGTAGCTGAAGCTACTTATAAAGCACAAACAGAAACAGGTGAAATTAAAGGACACTACCTTAACGCTACAGCAGCAACTTGTGAAGAAATGTTAAAACGTGCACAATGTGCTAAAGAATTAGGTGTACCTATTATTATGCACGACTATATCACAGGTGGTTTCACAGCTAACACATCATTAGCTCACTACTGTAGAGATCATGGTCTTTTACTACACATCCACCGTGCTATGCACGCTGTT
MZ714562.1_L4_donor_900_r2,MZ714562.1,Scutellaria indica var. tsusimensis,Eudicots,MZ714562.1,train,L4_donor_900,900,600,2,2808038143,ATGTCACCACAAACTGAAACCAGAACAGGTACTGGCTTTAAAGCAGGCGTTAAGGACTATCGCCTAACTTACTACACTCCTGATTATGAGACCAAAGAGACTGATATCCTAGCTGCATTTCGGATGACTCCTCAACCTGGAGTTCCTCCTGAAGAAGCAGGTGCTGCGGTTGCAGCTGAATCTTCAACCGGTACCTGGACCACTGTATGGACCGATGGACTAACCAACCTTGATCGTTATAAGGGTCGCTGTTACGATATTGAACCTGTTGCTGGTGAGGAAAACCAATATATTGCATATGTGGCATATCCTTTGGACCTTTTTGAAGAGGGTTCAGTCACCAACCTGTTTACTTCTATTGTAGGAAACGTATTCGGCTTTAAGGCACTTCGTGCTCTTCGATTGGAAGATCTTCGCATTCCTCCAGCCTATGTGAAAACTTTCCAAGGTCCTCCTCATGGTATCCAGGTTGAGCGAGATAAACTAAACAAATACGGTCGACCTTTGCTTGGTTGTACTATTAAGCCTAAACTTGGTCTTTCTGCTAAAAACTATGGCCGGGCAGTGTACGAATGCCTACGTGGTGGTTTGGACTTTACAAAAGATGATGAAAACGTAAACTCTCAGCCTTTCATGCGCTGGAGAGATAGATTCCTTTTTGTAGCAGAGGCTACCTTTAAAGCTCAGGCTGAAACTGGTGAAATCAAAGGACATTACCTGAATGCTACGGCTGGTACTTCCGAAGAGATGCTAAAAAGAGCTCAATTTGCAAGAGAGCTAGGAGCACCAATCGTAATGCACGATTACCTAACTGGTGGCTTTACTGCAAACACAAGTCTTGCACACTACTGCCGTGATAACGGTTTGCTTCTTCACATTCACCGTGCTATGCACGCGGTA
OK588964.1_L4_donor_900_r2,OK588964.1,Hydrocleys nymphoides,Monocots,OK588964.1,train,L4_donor_900,900,600,2,1542068757,ATGTCACCACAAACGGAGACTAAAACAGGTGTTGGATTCAAAGCTGGTGTTAAAGATTACAAATTGACTTATTATACTCCTGAATATCAAACAAAAGATACTGATATCTTGGCAGCATTCCGAGTAACCCCGCAACCCGGAGTTCCACCTGAGGAAGCAGGGGCCGCAGTAGCTGCCGAATCTTCTACTGGTACATGGACAACCGTGTGGACTGATGGACTTACTAGTCTAGATCGTTACAAAGGACGATGCTACCACATCGAGCCTGTTATTGGGGAGGAAAATCAATATTTTTGTTATGTAGCTTATCCTTTGGACCTTTTTGAAGAAGGTTCCGTTACCAACATGTTTACTTCCATTGTAGGTAATGTATTTGGGTTTAAAGCTCTACGAGCTCTACGTTTGGAGGATTTGCGAATTCCTCCTGCTTATTCCAAAACTTTCCAAGGTCCACCTCACGGTATCCAGGTTGAAAGAGATAAATTGAACAAATACGGCCGTCCTCTATTGGGATGTACTATTAAACCAAAATTGGGATTATCCGCGAAAAACTACGGTAGAGCAGTTTATGAATGTCTTCGTGGTGGACTTGATTTTACCAAAGATGATGAAAACGTGAACTCACAACCATTTATGCGTTGGAGAGACCGTTTCCTATTTTGTGCTGAAGCAATTTATAAAGCGCAAGCCGAAACAGGTGAAATCAAAGGACATTACTTGAATGCTACTGCGGGTACGTGTGAAGAAATGATCAAAAGGGCTGTATTTGCCAGAGAATTGGGAGTTCCCATCGTAATGCATGACTACTTAACAGGTGGATTCACTGCAAATACTAGCTTGGCTGCGTATTGCCGAGACAATGGTTTACTTCTTCATATTCACCGCGCAATGCATGCAGTT
OK588972.1_L4_donor_900_r2,OK588972.1,Baldellia ranunculoides,Monocots,OK588972.1,train,L4_donor_900,900,600,2,977545552,ATGTCACCACAAACAGAGACTAAAACAGGTGTTGGATTCAAAGCCGGTGTTAAAGATTACAAATTGACTTATTATACTCCTGAATATCAAACCAAAGATACTGATATCTTGGCAGCATTCCGAGTAACTCCGCAACCGGGAGTTCCACCTGAGGAAGCAGGTGCCGCGGTAGCTGCCGAATCTTCTACTGGTACATGGACAACTGTGTGGACTGATGGACTTACTAGTTTGGATCGTTACAAAGGACGATGCTACCACATCGAACCTGTTATTGGAGAGGAAAATCAATATTTTTGTTATGTAGCTTATCCTTTAGACCTTTTTGAAGAAGGTTCTGTTACCAACATGTTTACTTCCATTGTAGGTAATGTATTTGGGTTTAAAGCTCTACGAGCTCTACGTTTGGAGGATTTGCGAATCCCTCCTGCTTATTCCAAAACTTTCCAAGGTCCACCTCACGGTATCCAAGTTGAAAGAGATAAATTGAACAAATATGGTCGTCCCCTATTGGGATGTACTATTAAACCAAAATTGGGATTATCTGCGAAAAACTACGGTAGAGCGGTTTATGAATGTCTTCGTGGTGGACTTGATTTTACCAAAGATGATGAAAACGTGAACTCACAACCATTTATGCGTTGGAGAGACCGTTTCCTATTTTGTGCTGAAGCAATTTATAAATCACAAGCCGAAACAGGTGAAATCAAAGGACATTACTTGAATGCTACTGCAGGTACGTGTGAAGAAATGATCAAAAGAGCCGTATTTGCTAGAGAATTGGGAGTTCCTATTGTAATGCATGACTACTTAACAGGGGGATTCACTGCAAATACTACCTTGGCAGCGTATTGCCGTGACAACGGTTTACTTCTTCATATTCACCGCGCAATGCATGCAGTT
OK588984.1_L4_donor_900_r2,OK588984.1,Echinodorus paniculatus,Monocots,OK588984.1,train,L4_donor_900,900,600,2,1377503142,ATGTCACCACAAACAGAGACTAAAACAGGTGTTGGATTCAAAGCAGGTGTTAAAGATTACAAATTGACCTATTATACTCCTGAATATCAAACCAAAGATACTGATATCTTGGCAGCATTCCGAGTAACCCCGCAACCCGGAGTTCCACCTGAAGAAGCAGGGGCCGCAGTAGCTGCCGAATCTTCTACTGGTACATGGACAACTGTGTGGACTGATGGACTTACTAGTCTTGATCGTTACAAAGGACGATGCTACCACATCGAACCTGTTATTGGAGAAGAAAATCAATATTTTTGTTATGTAGCTTATCCCTTAGACCTTTTTGAAGAAGGTTCTGTTACCAACATGTTTACTTCCATTGTAGGTAATGTATTTGGGTTTAAAGCTCTACGAGCTCTACGCTTGGAGGATTTGCGAATTCCTTCTGCTTATTCCAAAACTTTCCAAGGTCCGCCTCACGGTATCCAAGTTGAAAGAGATAAATTGAACAAATATGGCCGTCCCCTATTGGGATGTACTATTAAACCAAAATTGGGATTATCCGCAAAAAACTACGGTAGAGCTGTTTATGAATGTCTTCGCGGTGGACTTGATTTTACCAAAGATGATGAAAACGTGAACTCACAACCATTTATGCGTTGGAGAGACCGTTTCCTATTTTGTGCGGAAGCCATTTATAAAGCGCAAGCCGAAACAGGGGAAATCAAAGGACATTACCTGAATGCTACTGCAGGTACGTGTGAAGAAATGATCAAAAGGGCCGTATTTGCCAGAGAATTGGGAGTTCCTATCGTAATGCATGACTACTTAACGGGGGGATTCACTGCAAATACTAGCTTGGCTGCGTATTGCCGGGACAACGGTTTACTTCTTCATATTCACCGCGCAATGCATGCAGTT
OK588986.1_L4_donor_900_r2,OK588986.1,Helanthium bolivianum,Monocots,OK588986.1,train,L4_donor_900,900,600,2,1259681962,ATGTCACCGCAAACAGAGACTAAAACAGGTGTCGGATTCAAAGCTGGTGTTAAAGATTACAAATTGACTTATTATACTCCTGAATATCAAACCAAAGATACTGATATCTTGGCAGCATTCCGAGTAACCCCGCAACCTGGAGTTCCACCTGAGGAAGCAGGGGCCGCCGTAGCGGCCGAATCTTCTACTGGTACATGGACAACCGTGTGGACTGATGGACTTACTAGTCTTGATCGTTACAAAGGACGATGCTACCACATTGAACCTGTTATTGGAGAGGAAAATCAATATTTTTGTTATGTAGCTTATCCTTTAGACCTTTTTGAAGAAGGTTCCGTTACCAACATGTTTACTTCCATTGTAGGTAATGTATTTGGGTTTAAAGCTCTACGAGCTCTACGTTTGGAGGATTTGCGAATTCCTTCTTCTTATTCCAAAACTTTCCAAGGTCCCCCTCATGGTATCCAAGTCGAAAGAGATAAATTGAACAAATATGGCCGTCCCCTATTGGGATGTACTATTAAACCAAAATTAGGATTATCCGCGAAAAACTACGGTAGAGCGGTTTATGAATGTCTTCGTGGTGGACTTGATTTTACTAAAGATGATGAAAACGTGAACTCACAACCATTTATGCGTTGGAGAGACCGTTTCCTATTTTGTGCTGAAGCAATTTATAAAGCGCAGGCTGAAACAGGTGAAATCAAAGGACATTACTTGAATGCTACTGCTGGTACGTGTGAAGAAATGATCAAAAGGGCCGTATTTGCTAGAGAATTAGGAGTTCCTATCGTAATGCATGACTACTTAACAGGGGGATTCACTGCAAATACTAGCTTGGCTGCCTATTGCCGGGACAACGGTTTACTTCTTCATATTCACCGTGCTATGCATGCAGTT
OK588987.1_L4_donor_900_r2,OK588987.1,Limnocharis flava,Monocots,OK588987.1,train,L4_donor_900,900,600,2,240777447,ATGTCACCACAAACAGAGACTAAAACAGGTGTTGGATTCCAAGCAGGTGTAAAAGATTACAAATTAACTTATTATACTCCTGAATATCAAACAAAAGATACTGATATCTTGGCAGCATTCCGAGTAACCCCGCAACCCGGGGTTCCACCTGAGGAAGCTGGGGCCGCAGTAGCCGCCGAATCCTCGACCGGTACATGGACAACTGTGTGGACTGATGGACTTACTAGTCTGGATCGTTACAAAGGACGATGCTACCACATCGAGCCTGTTATTGGAGAGGAAAATCAATATTTTTGTTATGTAGCTTATCCTTTGGACCTTTTTGAAGAAGGTTCCGTTACCAACATGTTTACTTCCATTGTGGGTAATGTATTTGGCTTTAAAGCTCTACGAGCTCTACGTTTAGAGGATTTGCGAATTCCGTCTTCTTATTCCAAAACTTTCCAAGGCCCACCTCATGGTATCCAAGTTGAAAGAGATAAATTGAATAAATACGGACGTCCCCTATTGGGATGTACTATTAAACCGAAATTGGGATTATCCGCGAAAAACTACGGTCGGGCGGTTTATGAATGTCTTCGTGGTGGACTTGATTTTACCAAAGATGATGAAAACGTTAACTCACAACCATTCATGCGTTGGAGAGACCGTTTCCTATTTTGTGCTGAAGCAATTTATAAAGCCCAAGCCGAAACAGGTGAAATCAAAGGACATTACTTGAATGCTACCGCGGGTACGTGTGAAGAAATGATCAAAAGGGCCGTCTTTGCCAGAGAATTAGGGGTTCCTATCGTAATGCATGACTACTTAACAGGGGGGTTCACTGCAAATACTAGCTTGGCTGCCTATTGCCGAGACAATGGGTTACTTCTTCATATTCACCGCGCAATGCATGCTGTT
OL504528.1_L4_donor_900_r2,OL504528.1,Smilax weniae,Monocots,OL504528.1,train,L4_donor_900,900,600,2,928052970,ATGTCACCACAAACAGAGACTAAAGCAAGTGTTGGATTCAAAGCTGGTGTTAAAGATTACAAATTGACTTATTATACTCCTGACTATGAAACCAAAGATACTGATATCTTGGCAGCATTCCGAGTAACTCCTCAACCCGGAGTTCCGCCTGAAGAGGCAGGGGCAGCGGTAGCCGCAGAATCTTCTACTGGTACATGGACAACTGTGTGGACTGATGGACTTACCAGTCTTGATCGTTACAAAGGACGATGCTACCACATAGAGAGCGTTGTTGGGGAGGAAAATCAATATATTGCTTATGTAGCTTATCCTTTAGACCTTTTTGAAGAAGGCTCGGTTACTAACATGTTTACTTCCATTGTGGGTAATGTATTTGGTTTCAAAGCCCTACGAGCTCTACGTCTAGAGGATTTGCGAATTCCTACTTCTTATTCCAAAACTTTCCAAGGCCCACCCCATGGCATCCAAGTTGAAAGAGATAAATTGAACAAGTATGGTCGTCCCCTATTGGGATGTACCATTAAACCAAAATTGGGATTATCCGCAAAGAACTACGGTAGAGCGGTTTATGAATGTCTGCGCGGTGGACTTGATTTTACCAAAGATGATGAAAACGTGAACTCACAACCATTTATGCGTTGGAGAGACCGTTTCTTATTTTGTGCCGAAGCACTTTTTAAAGCGCAGGCCGAAACGGGTGAAATCAAAGGACATTACTTGAATGCTACTGCGGGTACATGTGAAGAAATGATCAAAAGGGCCGTATTTGCTCGAGAATTGGGAGCTCCTATCGTAATGCATGACTACTTAACGGGGGGATTCACTGCAAATACTAGTTTAGCTCATTATTGCCGAGATAACGGCCTACTTCTTCACATCCATCGCGCAATGCATGCAGTT
ON568338.1_L4_donor_900_r2,ON568338.1,Scytosiphon sp. Atlantic complex sp. 1,Brown algae,ON568338.1,test,L4_donor_900,900,600,2,2067231319,ATGCCTGAAGATGTGCAGAATCGAACTCGAATAAAAAGTGAACGTTACGAATCAGGTGTTATTCCATATGCCAAAATGGGATATTGGGATGCCGATTATAACGTTAAAGAAACTGATATTCTAGCTCTTTTTCGTATCACTCCACAACCAGGTGTAGATCCCGTTGAAGCTGCCGCTGCTGTTGCCGGCGAATCTTCTACTGCAACATGGACGGTAGTTTGGACAGACTTATTAACTGCTTGTGATATCTATAGAGCAAAAGCATATAGAGTAGATCCAGTACCCGGAACAAGTGACCAATTCTTTGCTTACATAGCTTACGAATGTGATTTATTTGAAGAAGGTTCTCTTGCTAACTTAACAGCATCTATTATTGGTAACGTTTTCGGTTTCAAAGCTGTTAAAGCATTACGTTTAGAAGACATGAGAATTCCTTACGCTTACTTAAAAACTTTCCAAGGCCCAGCTACAGGTGTGGTTGTGGAAAGAGAAAGATTAGATAAATTTGGTCGTCCTTTATTAGGGGCTACTGTAAAACCTAAATTAGGTCTTTCTGGTAAAAACTACGGACGTGTTGTTTATGAAGGTTTAACTGGTGGTCTTGACTTCCTTAAGGATGATGAAAATATTAATTCACAACCGTTTATGCGTTGGAAAGAACGTTTCTTATACTGTATGGAAGGTGTTAACCGAGCTGCTGCTGCAACAGGTGAAGTTAAAGGTTCTTATCTTAACATTACCGCTGCCACTATGGAAGAAATGTATGAACGTGCAGAATACGCACATTCAATTGGTTCAGTTATTGTTATGATCGATTTAGTTATTGGTTATACAGCAATCCAAAGTATGGCAATATGGGCACGAAAAGCTGAAATGATTTTACATTTACATCGTGCAGGT
ON684489.1_L4_donor_900_r2,ON684489.1,Juniperus navicularis,Conifers,ON684489.1,train,L4_donor_900,900,600,2,990521894,ATGTCACCAAAAACAGAGACTAAAGCAAGTGTCGGATTCAAAGCGGGTGTTAAAGATTACAGATTAACTTATTATACTCCGGAATATCAGACCAAAGATACTGATATCTTGGCAGCATTCCGAGTCACTCCTCAACCTGGAGTGCCCCCCGAAGAAGCGGGAGCAGCGGTAGCTGCCGAATCTTCCACTGGTACGTGGACCACTGTTTGGACCGATGGCCTTACCAGTCTTGATCGCTACAAGGGGCGATGCTATGATATTGAACCCGTTCCTGGAGAAGAAACTCAATTTATTGCCTATGTAGCTTACCCTTTAGACCTTTTTGAAGAAGGCTCTGTGACTAACCTGTTTACTTCTATTGTAGGTAATGTATTTGGATTCAAAGCTTTACGGGCTCTACGTCTGGAAGATTTACGAATTCCTCCTGCTTATTCAAAAACTTTTCAAGGCCCACCACATGGTATTCAAGTAGAAAGAGATAAATTAAACAAATATGGTCGTCCTTTATTGGGATGTACTATCAAACCAAAATTGGGTCTATCTGCCAAGAATTATGGTAGAGCGGTTTATGAATGTCTCCGTGGTGGACTTGATTTTACCAAGGATGATGAAAACGTGAATTCCCAGCCATTTATGCGCTGGAGAGATCGTTTCTGCTTTTGTGCAGAAGCAATTTATAAAGCTCAGGCTGAGACGGGTGAGATTAAGGGACATTACCTGAATGCGACTGCAGGTACATGTGAAGAAATGATTAAAAGAGCAGTATTCGCCAGAGAATTGGGAGTTCCTATAGTCATGCATGACTATCTGACTGGAGGTTTTACAGCAAATACTTCGTTGGCTCATTATTGCCGAGATAACGGCCTACTTCTTCACATTCACCGCGCAATGCACGCAGTT
ON920851.1_L4_donor_900_r2,ON920851.1,Pseudostaurastrum enorme,SAR/other protist,ON920851.1,train,L4_donor_900,900,600,2,1452020064,ATGTTTCAATCTGTAGAAGAAAGAACACGAATTAAAAATGAACGTTATGAATCAGGTGTAATCCCTTACGCTGAAATGGGATATTGGGATGCTAATTATACAGTTAAAGATACTGATGTATTAGCTTTATTCCGTATTACTCCACAACCTGGTGTTGATCCTATTGAAGCGGCAGCAGCGGTAGCTGGTGAATCTTCAACAGCAACATGGACTGTTGTATGGACTGACTTACTAACTGCTTGTGACGTTTATCGTGCAAAAGCTTACAAAGTAGATACAGTTCCGGGTGCAGCAGACCAATTCTTTGGATTTATCGCTTATGAATGTGATTTATTTGAAGAAGGATCACTTGCAAACTTAACAGCATCAATTATTGGTAACGTGTTCGGTTTCAAAGCTGTAAAAGCTCTTCGTTTAGAAGACATGCGTATTCCTTACGCTTACTTAAAAACGTTCCAAGGACCTGCAACAGGTGTTATTGTTGAACGTGAACGTCTTGACAAATTTGGACGTCCATTACTTGGTGCAACTGTAAAACCAAAACTAGGTCTTTCTGGTAAAAACTACGGACGTGTAGTATTTGAAGGATTAAAAGGTGGTTTAGACTTCTTAAAAGACGACGAAAACATTAACTCACAACCATTTATGCGTTGGAGAGAACGTTTCTCTTACGTAATGGAAGGTGTTAACAGATCTGCTGCAGCTTCTGGAGAAGTTAAAGGTTCTTACCTTAACGTTACAGCTGGTACTATGGAAGATATGTACGAACGTGCTGAATTCGCAAAACTGATTGGTTCTGTGATTATCATGATTGACTTAGTAATTGGTTATACTGCTATTCAATCAATGGCTCTTTGGTCACGTAAAAATGATATGATCCTTCACCTTCACCGTGCAGGA
ON933796.1_L4_donor_900_r2,ON933796.1,Commiphora wightii,Eudicots,ON933796.1,train,L4_donor_900,900,600,2,3163993382,ATGAGTTGTAGGGAGGGACTTATGTCACCACAAACAGAGACTAAAGCAAGTGTTGGATTCAAAGCCGGTGTTAAAGACTATAAATTGAATTATTATACTCCTCAATATCAAACCAAAGATACTGATATCTTGGCAGCATTCCGAGTAACTCCTCAACCCGGAGTTCCACCCGAGGAAGCGGGGGCCGCGGTAGCTGCGGAATCTTCTACTGGTACATGGACAACTGTGTGGACCGATGGGCTTACCAGCCTTGATCGTTACAAAGGACGATGCTACAACATTGAGCCCGTTGCTGGAGAAGAAAATCAATATATATGTTATGTAGCTTACCCTTTAGACCTTTTTGAAGAAGGTTCTGTTACTAACATGTTTACTTCCATTGTGGGTAATGTATTTGGGTTCAAAGCCCTGCGCGCTCTACGTCTAGAGGATCTACGAATCCCTACCGCGTATATTAAAACTTTCCAAGGCCCACCGCATGGGATCCAAGTTGAAAGAGATAAATTGAACAAGTATGGCCGTCCCCTATTGGGATGTACTATTAAACCTAAATTAGGGTTATCCGCTAAGAACTACGGTAGAGCTGTTTATGAATGTCTACGTGGTGGACTTGACTTTACCAAAGATGATGAGAACGTGAACTCCCAACCATTTATGCGTTGGAGAGACCGTTTCTTATTTTGTGCGGAAGCTCTTTTTAAATCGCAGGCTGAAACGGGTGAAATTAAAGGTCATTACTTGAATGCTACTGCAGGTACATGCGAAGAAATGATGAAAAGGGCTGTATTTGCCAGAGAGTTGGGAGCTCCTATCGTAATGCATGACTACTTAACAGGGGGATTCACCGCAAATACTACCTTGGCTCATTATTGCCGAGATAATGGTCTACTTCTTCACATC
OP237580.1_L4_donor_900_r2,OP237580.1,Baolia bracteata,Eudicots,OP237580.1,train,L4_donor_900,900,600,2,3321667161,ATGTCACCACAAACAGAGACTAAAGCAAGTGTTGGATTTAAAGCGGGTGTTAAAGATTACAAATTGACTTATTATACTCCTGAGTATGAAACCCAAGATACTGATATCTTGGCAGCATTCCGAGTAACTCCTCAACCTGGAGTTCCACCCGAAGAAGCAGGGGCTGCAGTAGCTGCCGAATCTTCTACTGGTACATGGACAACTGTATGGACCGACGGACTTACCAGTCTTGATCGTTACAAAGGACGATGCTACCACATCGAGCCCGTTGCTGGAGAAGAAAATCAATATATTTGTTATGTAGCGTATCCTTTAGACCTTTTTGAAGAAGGTTCTGTTACTAACATGTTTACTTCCATTGTGGGTAACGTATTTGGGTTCAAAGCCCTGCGTGCTCTACGTTTGGAGGATTTGCGAATCCCTGTTGCTTATATAAAAACTTTCCAAGGCCCGCCTCACGGTATCCAAGTTGAAAGAGATAAATTGAACAAGTATGGCCGTCCCCTATTGGGATGTACTATTAAACCTAAATTGGGGTTATCCGCTAAAAACTATGGTCGAGCAGTTTATGAATGTCTTCGTGGTGGACTTGATTTTACCAAAGATGATGAAAACGTGAACTCCCAACCGTTTATGCGTTGGAGAGACCGTTTCCTATTTTGTGCCGAAGCTCTTTATAAAGCACAAGCTGAAACAGGTGAAATCAAAGGGCATTACTTGAATGCTACCGCGGGTACATGCGAAGAAATGATAAAAAGAGCTGTATTTGCCAGAGAATTGGGAGTTCCTATCGTAATGCATGACTACTTAACAGGTGGATTCACTGCAAATACTAGCTTGGCTCATTATTGTCGAGATAATGGTCTACTTCTTCACATCCACCGTGCAATGCACGCAGTT
OP330067.1_L4_donor_900_r2,OP330067.1,Asplenium trichomanes,Ferns,OP330067.1,train,L4_donor_900,900,600,2,1931219878,ATGTCGCCACAAACGGAGACTAAGGCGGGTGTTGGATTCAAAGCTGGTGTCAAAGATTACCGGCTGACTTATTACACCCCCGAATACAAAGTTAAAGATACTGATATTTTGGCAGCTTTTCGGATGACCCCACAACCCGGAGTACCAGCTGAAGAAGCTGGAGCTGCAGTAGCTGCGGAGTCCTCTACAGGTACGTGGACCACTGTTTGGACAGATGGGTTGACTAGTCTTGACCGTTACAAGGGCCGATGCTACGATATTGAGCCCGTCGCTGGAGAGGAAAATCAGTATATCGCGTATGTAGCTTATCCCTTGGACCTTTTTGAAGAAGGTTCCGTCACCAACCTGTTTACTTCCATTGTAGGTAACGTTTTTGGATTTAAAGCTCTACGTGCCCTACGCTTGGAAGACCTTCGAATCCCTCCCGCTTACTCTAAAACTTTCATCGGACCGCCACATGGTATTCAGGTTGAAAGGGATAAGTTGAACAAATATGGACGTCCCTTATTGGGATGTACGATCAAGCCAAAATTAGGTCTATCTGCCAAAAATTATGGTAGAGCCGTTTATGAATGTCTTCGTGGTGGACTTGATTTTACAAAAGATGATGAAAACGTAAACTCCCAACCATTCATGCGCTGGAGAGATCGCTTTTTATTTGTTGCAGAAGCTCTTTTCAAATCCCAGGCTGAAACAGGCGAGATTAAGGGGCATTACTTAAACGCTACTGCAGGTACATGTGAAGAAATGATGAAGAGAGCTGTTTTTGCTAGAGAATTGGGCGTACCAATTGTCATGCATGACTACCTGACCGGAGGGTTTACTGCAAATACCAGTTTAGCTTACTATTGCAGAGACAATGGGCTGCTTCTTCATATTCATCGCGCGATGCATGCTGTG
OQ863300.1_L4_donor_900_r2,OQ863300.1,Laurencia catarinensis,Red algae,OQ863300.1,train,L4_donor_900,900,600,2,545736158,ATGTCTAACTCTGTAGAAGAACGGACACGGATTAAAAACGAACGTTATGAATCTGGTGTAATTCCATACGCAAAAATGGGATACTGGGACCCTAACTATGTAGTTAAAGATACAGATATATTAGCTCTGTTTAGAGTTAGTCCACAACCAGGAGTAGATCCAGTAGAAGCTTCTGCAGCCGTTGCAGGTGAATCATCTACTGCAACATGGACTGTTGTATGGACAGATTTATTAACAGCTTGCGATTTATATCGTGCAAAAGCATATAAAGTAGATGCTGTACCAAATACTTCTGACCAATATTTCGCATATATAGCTTATGATATTGATTTATTTGAAGAGGGATCTATTGCTAATTTAACTGCTTCTATTATTGGTAATGTATTTGGATTTAAAGCAGTTAAAGCATTAAGGCTTGAAGATATGCGTATTCCTGTAGCATATCTTAAAACTTTCCAAGGTCCAGCGACTGGGTTAGTTGTAGAACGTGAACGTATGGATAAATTTGGACGTCCATTCTTAGGTGCAACAGTAAAACCTAAGCTAGGTTTATCCGGTAAAAACTATGGTAGAGTAGTATACGAAGGTCTAAAAGGTGGTTTAGATTTCCTTAAAGATGATGAAAATATTAATTCTCAACCATTTATGCGTTGGAAAGAGAGATTTTTATACTCTATGGAAGCTGTAAATCGCTCTATTGCTGCTACAGGTGAAGTAAAAGGACATTACATGAATGTTACAGCAGCAACAATGGAAGACATGTACGAAAGAGCTGAATTTGCTAAGCAATTAGGTACAGTTATTATCATGATTGATTTAGTAATTGGATATACTGCTATTCAAACAATGGCGATCTGGGCACGTAAAAATGATATGATCTTACACTTACACCGCGCAGGT
OQ863312.1_L4_donor_900_r2,OQ863312.1,Laurencia sp. A25,Red algae,OQ863312.1,train,L4_donor_900,900,600,2,3656397048,ATGTCTAACTCTGTAGAAGCACGGACACGGATTAAAAACGAACGTTATGAATCTGGTGTAATTCCATACGCAAAAATGGGATACTGGGACCCTAACTACGTAGTTAAAGATACAGATATATTAGCTCTATTTAGAGTTAGTCCACAACCAGGAGTAGATCCAGTAGAGGCTTCTGCAGCAGTTGCAGGTGAATCATCTACTGCAACATGGACTGTTGTATGGACAGATTTATTAACAGCTTGTGATTTATATCGTGCAAAAGCATATAAAGTAGATGCTGTACCAAATACTTCTGATCAATATTTTGCATATATAGCTTATGATATTGACTTATTTGAAGAAGGATCTATTGCCAATTTAACTGCTTCTATTATTGGTAATGTATTTGGATTTAAAGCAGTTAAAGCATTAAGACTTGAAGATATGCGTATTCCTGTAGCATATCTTAAGACTTTCCAAGGTCCAGCTACTGGTATAGTTGTAGAACGTGAACGCATGGATAAATTTGGACGTCCATTCTTAGGTGCAACAGTAAAACCAAAATTAGGTTTATCTGGTAAAAATTATGGTAGAGTAGTATATGAAGGCTTAAGAGGTGGTTTAGATTTCCTTAAAGATGATGAAAATATTAACTCTCAACCATTCATGCGTTGGAAAGAGAGATTTTTATACTCTATGGAAGCTGTCAATCGCTCTATTGCTGCTACAGGTGAAGTGAAAGGCCATTATATGAATGTTACATCAGCAACAATGGAAGAGATGTACGAAAGAGCTGAATTTGCTAAGCAATTGGGTACAGTTATTATCATGATTGACTTAGTAATTGGATATACTGCTATTCAGACAATGGCGATTTGGTCACGTAAAAATGATATGATCTTGCACTTACATCGCGCAGGT
OQ868456.1_L4_donor_900_r2,OQ868456.1,Pteris pseudowulaiensis,Ferns,OQ868456.1,train,L4_donor_900,900,600,2,3861898862,ATGTCGCCACAAACGGAGACTAAAGCAGGTGTTGGATTCAAAGCTGGTGTCAAAGATTATCGATTGACTTATTACACTCCCGAATACAAGACCAAAGATACTGATATATTAGCGGCTTTCCGAATGACCCCACAACCTGGAGTACCAGCTGAGGAGGCCGGAGCTGCAGTAGCTGCGGAATCCTCTACGGGTACCTGGACCACGGTATGGACAGACGGACTTACCAGTCTCGATCGCTACAAGGGCCGGTGTTACGATATTGAGCCTGTTGCTGGGGAGGAAAATCAGTATATTGCGTATGTAGCTTATCCTCTGGATTTATTCGAGGAAGGTTCCGTCACCAATATGCTGACTTCCATTGTAGGTAATGTTTTTGGCTTCAAGGCCCTACGCGCTCTGCGTCTGGAAGACCTACGAATTCCTCCTGCGTATTCCAAAACTTTTATAGGACCCCCCCACGGCATTCAGGTAGAAAGGGATAAACTAAACAAATATGGACGTCCCCTACTGGGATGTACAATCAAGCCAAAATTGGGCTTGTCTGCCAAAAATTATGGTAGAGCAGTTTATGAATGCCTTCGTGGTGGACTTGATTTCACGAAAGATGATGAAAACGTGAATTCCCAACCTTTCATGCGTTGGAGAGACCGCTTCTTATTTGTAGCAGAAGCCCTTTTTAAAGCCCAAGCAGAAACGGGTGAAATCAAGGGACATTATTTAAATGCCACTGCAGGCACCTGTGAAGAGATGATGAAGAGAGCTGTTTTCGCCAGAGAATTGGGTGCACCAATTGTCATGCATGACTACTTGACTGGGGGTTTTACCGCAAATACCAGCTTAGCTTTTTATTGCAGAGACAACGGACTACTTCTTCACATTCACCGGGCGATGCATGCTGTC
OR165438.1_L4_donor_900_r2,OR165438.1,Cyanotis obtusa,Monocots,OR165438.1,test,L4_donor_900,900,600,2,2717359153,ATGTCACCACAAACAGAGACTAAAGCAAGTGTTGGATTTAAAGCGGGTGTTAAAGATTATAAATTGACTTATTATACTCCTGAGTACCAAACCAAAGATACTGATATATTGGCAGCATTCCGAGTAACTCCTCAACCAGGAGTTCCGCCTGAGGAAGCAGGTGCTGCGGTAGCTGCCGAATCTTCTACTGGTACATGGACAACCGTGTGGACTGATGGACTTACCAGTCTTGATCGTTACAAAGGACGATGCTATCACATCGAGCCCGTTCCTGGGGAGGAAAGTCAATTTATTGCTTATGTAGCTTATCCTTTAGACCTTTTTGAAGAAGGTTCTGTTACTAACATGTTTACTTCCATTGTAGGTAATGTATTTGGTTTCAAAGCCCTGCGAGCTCTACGTTTGGAGGATTTGCGAATTCCTACTTCTTATGTCAAAACTTTTCAGGGTCCGCCTCACGGTATCCAAGTTGAAAGAGATAAGTTGAACAAGTATGGTCGTCCCCTATTGGGATGTACTATTAAACCTAAATTGGGATTATCCGCAAAGAACTATGGTAGAGCAGTTTATGAATGTCTACGTGGCGGACTTGATTTTACCAAGGATGATGAGAATGTAAACTCACAACCATTTATGCGTTGGAGAGACCGTTTCTTATTTTGTGCTGAAGCACTTTATAAAGCGCAGGCCGAAACGGGTGAAATCAAAGGACATTACTTGAATGCTACTGCGGGTACGTGTGAAGAAATGATGAAAAGGGCGCAATGTGCTAGAGAATTGGGAGTTCCTATCGTAATGCACGACTACTTAACTGGGGGGTTCACCGCAAATACTACCTTGGCTCAGTATTGCCGCGATAATGGCCTACTTCTTCACATCCACCGCGCAATGCATGCAGTT
OR165493.1_L4_donor_900_r2,OR165493.1,Tradescantia fluminensis,Monocots,OR165493.1,train,L4_donor_900,900,600,2,952110716,ATGTCACCACAAACAGAGACTAAAGCAAGTGTTGGATTTAAAGCGGGTGTTAAAGATTATAAATTGACTTATTATACTCCTGAGTACCAAACTAAAGATACTGATATATTGGCAGCATTCCGAGTAACTCCTCAACCAGGAGTTCCGCCGGAGGAAGCAGGGGCTGCGGTAGCTGCGGAATCTTCTACTGGTACATGGACAACTGTGTGGACTGATGGACTTACCAGTCTTGATCGATACAAAGGACGATGCTACCACATCGAGCCTGTTCCTGGGGAGGAAAGTCAATTTATTGCTTATGTAGCTTATCCTTTAGACCTTTTTGAAGAAGGTTCTGTTACTAACATGTTTACTTCCATTGTAGGTAATGTATTTGGTTTCAAAGCCCTGCGAGCTCTACGTTTGGAGGATTTGCGAATTCCCATTGCTTATGTCAAAACTTTTGAAGGCCCGCCTCACGGTATCCAAGTTGAAAGAGATAAGTTGAACAAGTATGGTCGTCCCCTATTGGGATGTACTATTAAACCTAAATTGGGATTATCCGCAAAGAACTACGGTAGAGCAGTTTATGAATGTCTACGTGGCGGACTTGATTTTACCAAGGATGATGAAAATGTGAACTCACAACCATTTATGCGTTGGAGAGACCGTTTCTTATTTTGTGCTGAAGCAATTTATAAATCGCAGGCCGAAACGGGTGAAATCAAAGGACATTACTTGAATGCTACTGCGGGTACATGTGAAGAAATGCTTAAAAGGGCCCAATGTGCTAGAGAATTGGGAGCTCCTATCGTAATGCACGACTACTTAACCGGGGGATTCACCGCAAATACTACCTTGTCTCATTATTGCCGCGACAACGGCTTACTTCTTCACATCCACCGCGCAATGCATGCAGTT
OR359632.1_L4_donor_900_r2,OR359632.1,Amoenothamnion planktonicum,Red algae,OR359632.1,train,L4_donor_900,900,600,2,3418406564,ATGTCTAACTCTGTAGAAGAACGGACAAGAATTAAAAATGAACGTTATGAATCTGGTGTAATCCCTTATGCAAAAATGGGATATTGGGATCCAGAATATGTGGTTAAAGATACAGACGTATTAGCTCTGTTTCGTGTATCTCCACAGCCAGGCGTTGACCCAATTGAAGCTTCTGCTGCAGTTGCTGGTGAATCATCTACTGCTACTTGGACTGTAGTATGGACTGATTTATTAACAGCTTGTGATTTATATAGAGCTAAAGCTTATAAAGTAGATGCTGTTCCAAATACTTCTGATCAATACTTTGCATATATCTCATATGATATTGATCTATTTGAAGAAGGATCAATTGCAAACTTAACAGCTTCAATCATTGGTAACGTATTTGGCTTTAAAGCAGTTAAAGCTTTAAGACTAGAAGATATGCGTATTCCTTATGCTTACTTAAAAACATTCCAAGGACCTGCAACAGGATTGGTTGTAGAACGTGAACGTATGGACAAATTTGGTCGTCCGTTTCTAGGTGCAACTGTAAAACCAAAACTAGGCTTATCAGGTAAAAACTACGGAAGAGTAGTATATGAAGGTCTAAAAGGTGGTCTAGATTTCCTAAAAGATGATGAAAATATTAACTCTCAACCATTCATGCGTTGGAAAGAAAGATTCTTATATTCTATGGAAGCTGTAAACCGTTCAATTGCCGCTAGTGGCGAAGTGAAAGGTCATTACATGAATGTAACAGCTGCTAACATGGAAGATATGTATGAAAGAGCTGAATTTGCTAAACAACTAGGTACAGTTATTATCATGATTGACTTAGTAATTGGATATACAGCTATCCAAAGTATGGGAGTTTGGGCTCGTAAAAATGATATGATTTTACATTTACACCGTGCAGGT
PP263658.1_L4_donor_900_r2,PP263658.1,Daphniphyllum macropodum subsp. humile,Eudicots,PP263658.1,val,L4_donor_900,900,600,2,3064107638,ATGAGTTGTAGGGAGGGACTTATGTCACCACAAACAGAGACTAAAGCAAGTGTTGGATTCAAAGCTGGTGTTAAAGATTACAAATTGACTTATTATACTCCTGACTATGACACCAAAGATACTGATATCTTGGCAGCATTCCGAGTAACTCCTCAACCTGGAGTTCCACCTGAGGAAGCAGGGGCCGCGGTAGCTGCGGAATCTTCTACTGGTACATGGACAACTGTGTGGACCGATGGACTTACCAGCCTTGATCGTTACAAAGGACGATGCTACCATATCGAGCCCATCGCTGGAGAAGAAAATCAATTTATTGCTTATGTAGCTTACCCTTTAGACCTTTTTGAAGAAGGGTCTGTTACTAACATGTTTACTTCCATTGTGGGTAATGTATTTGGGTTCAAAGCCCTGCGCGCTCTACGTCTGGAGGATCTGCGAATCCCTCCTGCTTATTCTAAAACTTTCCAAGGCCCGCCTCATGGCATCCAAGTTGAGAGAGATAAATTGAACAAGTATGGTCGTCCCCTATTGGGATGTACTATTAAACCAAAATTGGGGTTATCTGCTAAAAACTACGGTAGAGCAGTTTATGAATGTCTCCGTGGTGGACTTGATTTTACCAAAGATGATGAAAACGTGAACTCCCAACCATTTATGCGTTGGAGAGACCGTTTCTTATTTTGTGCCGAAGCACTTTATAAGGCACAAGCTGAAACAGGTGAAATTAAAGGACATTACTTGAATGCTACTGCAGGTACATGCGAAGACATGATGAAAAGGGCGGTATTTGCCAGAGAATTGGGAGTTCCTATCGTAATGCATGACTACTTAACAGGGGGATTCACTGCAAATACCACTTTGGCTCATTATTGCCGAGATAATGGCCTACTTCTTCACATC
PQ031122.1_L4_donor_900_r2,PQ031122.1,Mallomonas flora,SAR/other protist,PQ031122.1,train,L4_donor_900,900,600,2,632481350,ATGAGTACAGGAGAAAGAACGCGTATTAAATCAGAACGTTATGAATCTGGAGTAATCCCATACAAAAAAATGGGTTATTGGGATGCAGACTACACAGTTAAAGATACTGATGTTTTATGTCTTTTCCGTATTACACCACAACCAGGAGTTGATCCAGTTGAAGCTGCAGCAGCTGTTGCTGGAGAATCATCAACTGCTACTTGGACTGTTGTATGGACAGATTTATTAACTGCTTGTGATGTATATCGTGCAAAAGCTTATTTCGTTGAAGAAGTTCCTAATGCAGTAGATGAATTCTTTGCATTTATTGCTTACGAATGTGACTTATTTGAAGAAGGTTCAATTTCTAACTTAACAGCTTCTATTATTGGAAACGTTTTTGGATTTAAAGCCGTTAAATGTTTACGTTTAGAAGATATGCGTATTCCTTATGCATACTTAAAAACTTTCCAAGGTCCAGCAACAGGAGTTGTTGTAGAACGTGAAAGAATGGATGTTTTTGGACGTCCAATGTTAGGTGCTACTGTTAAACCTAAATTAGGTCTTTCAGGAAAAAACTATGGTCGTGTAGTTTATGAAGGATTAAAAGGTGGTTTAGACTTCTTAAAAGATGATGAAAATATTAACTCACAACCATTCATGAGATGGCGTGAAAGATTCTCTTATTGTATGGAAGGTATCAACAGAGCCGTTGCAAAATCAGGTCAAGTTAAAGGTTCTTACCTAAACATTACTGCTCCTACAATGGAAGATATGTATGAAAGAGGAGAATATGCAAAAAATGTAGGTTCAGTAATTGTCATGATTGACTTAGTTATTGGATATACAGCAATTCAATCTATGGGACTTTGGGCTCGTAGAAACGATATGATTCTTCATTTACATCGTGCTGGTCACTCT
PQ031123.1_L4_donor_900_r2,PQ031123.1,Mallomonas striata,SAR/other protist,PQ031123.1,train,L4_donor_900,900,600,2,778384202,ATGAGTGATGCAGTAGAAAGAACACGTATTAAATCAGAACGTTATGAATCTGGAGTAATTCCATATAAAAAAATGGGTTATTGGGATGCAGACTATACAGTGAAAGAAACTGATGTTCTTTGTCTTTTCCGTATTACACCACAACCAGGTGTTGACCCAGTAGAAGCTGCTGCAGCTGTAGCTGGAGAATCATCTACAGCTACATGGACAGTTGTATGGACAGATTTATTAACAGCTTGTGATGTATATCGTGCTAAAGCTTATTTCGTGGAAGAAGTTCCAAATAAACCAGATGAATTCTTTGCATTTATTGCTTACGAATGTGATTTATTTGAAGAAGGTTCAATTGCAAATTTAACAGCTTCTATTATTGGGAACGTTTTCGGATTTAAAGCCGTTAAAGCTTTACGTTTAGAAGATATGCGTATTCCGTATGCTTATTTAAAAACTTTCCAAGGTCCTGCAACAGGAGTTGTTGTAGAACGTGAAAGAATGGATGTTTTTGGACGTCCTTTATTAGGTGCTACTGTTAAACCAAAATTAGGTCTTTCTGGAAAAAACTATGGTCGTGTAGTTTATGAAGGATTAAAAGGTGGTTTAGATTTCTTAAAAGATGATGAAAATATTAACTCACAACCATTCATGAGATGGCGTGAAAGATTCCTTTACTGTATGGAAGGGATTAACAAAGCTGTTGCTAAATCAGGACAAGTTAAAGGTTCATACCTTAATGTAACTGCTTCTACAATGGAAGATATGTACGAAAGAGCAGAATATGCAAAAGCAGTTGGTTCAGTTATTGTTATGATTGATCTTGTTATTGGTTATACAGCAATTCAATCAATGGCATTATGGTCTCGTAAAAATGATATGATTCTTCACTTACACCGTGCAGGTCAT
PQ031125.1_L4_donor_900_r2,PQ031125.1,Mallomonas kalinae,SAR/other protist,PQ031125.1,train,L4_donor_900,900,600,2,474659942,ATGAGTGATGCATCAGAAAGAACGCGTATTAAATCAGAACGTTATGAATCTGGAGTAATTCCATACAAAAAAATGGGGTATTGGGATGCTGATTATTCAGTAAAAGAAACTGACGTTTTATGTCTTTTCCGTATTACACCACAACCAGGAGTTGATCCTATTGAAGCTGCTGCAGCTGTAGCTGGAGAATCTTCAACAGCAACTTGGACAGTTGTTTGGACTGACTTATTAACAGCTTGTGATGTATATCGTGCAAAAGCATATTTCGTAGAAGAAGTACCAAATAAACCAGAAGAATTCTTCGCTTTTATCGCATACGAATGTGATTTATTTGAAGAAGGTTCTATTGCTAACTTAACAGCATCAATTATCGGAAACGTTTTTGGTTTCAAAGCTGTTAAAGCATTACGTTTAGAAGATATGCGTATTCCTTTTGCTTACCTAAAAACTTTCCAAGGTCCTGCAACAGGAGTTGTTGTAGAACGTGAAAGAATGGATGTTTTTGGACGTCCTTTATTAGGTGCTACTGTTAAACCAAAATTAGGTCTTTCTGGTAAAAACTATGGTCGTGTAGTTTATGAAGGATTAAAAGGTGGTTTAGATTTCTTAAAAGATGATGAAAATATTAATTCACAACCATTCATGAGATGGCGTGAAAGATTCCTTTACTGTATGGAAGGTATCAACAAAGCCGTTGCTAAATCAGGACAAGTTAAAGGTTCTTACCTTAACGTAACTGCCGCTACAATGGAAGAAATGTATGAAAGAGCAGCATATGCAAAATCGGTTGGTTCAGTAATTATCATGATTGATCTTGTTATTGGTTATACAGCAATTCAATCAATGGCACTGTGGGCACGTAAAAATGATTTAATTCTTCACTTACACCGTGCAGGTCAT
PQ031131.1_L4_donor_900_r2,PQ031131.1,Mallomonas annulata,SAR/other protist,PQ031131.1,train,L4_donor_900,900,600,2,3754699794,ATGAGTGATGCAGTAGAAAGAACACGTATTAAATCAGAACGTTATGAATCAGGAGTAATTCCATACAAAAAAATGGGTTATTGGGATGCAGACTATACAATTAAAGATAGTGATGTATTATGTCTTTTCCGTTTAACACCACAACCAGGAGTTGACCCAGTTGAAGCTGCTGCAGCTGTTGCTGGAGAATCATCTACTGCTACTTGGACAGTTGTATGGACTGATTTATTAACAGCATGTGATGTATATCGTGCTAAAGCTTACTTCGTTGAAGAAGTTCCAAACAAACCAGACGAATTTTTCGCTTTTATCGCATACGAATGTGATTTATTTGAAGAAGGTTCTATTGCTAACTTAACAGCATCTATCATCGGAAACGTTTTCGGTTTCAAAGCCGTTAAAGCTTTACGTTTAGAAGATATGCGTATTCCTTATGCATACTTAAAAACTTTCCAAGGTCCAGCTACTGGAGTTATTGTTGAACGTGAAAGAATGGATGTATTTGGACGTCCTTTATTAGGAGCTACTGTTAAACCTAAATTAGGTCTTTCTGGTAAAAACTATGGTCGTGTAGTTTATGAAGGATTAAAAGGTGGTTTAGATTTCTTAAAAGATGATGAAAATATTAACTCACAACCATTCATGAGATGGCGTGAAAGATTCCTATACTGTATGGAAGGAATTAACAAAGCCGTTGCTAAATCAGGACAAGTTAAAGGTTCTTACCTTAATGTTACTGCATCTACAATGGAAGATATGTACGAAAGAGCAGAATATGCTAAAGCAGTTGGTTCAGTTATTGTTATGATTGACCTTGTTATCGGTTATACAGCAATTCAATCAATGGCTTTATGGGCTCGTAAAAATGATATGATTCTTCACTTACACCGTGCAGGACAT
PQ031145.1_L4_donor_900_r2,PQ031145.1,Mallomonas splendens,SAR/other protist,PQ031145.1,val,L4_donor_900,900,600,2,2555383552,ATGAGTGATGCATCAGAAAGAACGCGTATTAAATCAGAACGTTATGAATCTGGAGTAATTCCATACAAAAAAATGGGTTATTGGGATGCAGATTACACAGTAAAAGATTCTGATGTATTATGTCTTTTCCGTTTAACACCACAACCAGGTGTTGACCCGATTGAAGCAGCAGCTGCTGTTGCTGGAGAATCTTCTACAGCTACTTGGACTGTTGTTTGGACTGATTTATTAACAGCATGTGATGTATATCGTGCTAAAGCTTATTTTGTTGAAGAAGTTCCAAATAAAGTTGATGAATACTTTGCCTTTATTGCTTACGAATGTGATTTATTTGAAGAAGGTTCAATTGCAAACTTAACTGCTTCAATTATTGGAAACGTTTTTGGTTTCAAAGCTGTAAAAGCATTACGTTTAGAAGATATGCGTATTCCTTATGCATATTTAAAAACTTTCTTAGGTCCTGCAACTGGAGTAATTGTAGAACGTGAAAGAATGGATTGTTTTGGACGTCCTTTATTAGGAGCAACAGTTAAACCTAAATTAGGTCTTTCTGGAAAAAACTATGGTCGTGTAGTTTATGAAGGATTAAGAGGTGGATTAGATTTCTTAAAAGATGACGAAAATATTAACTCTCAACCATTCATGCGTTGGCGTGAAAGATTCCTTTATGTTATGGAAGGGATTAATAAAGCCGTTGCTAAAACAGGACAAGTTAAAGGTTCTTACCTTAACGTAACTGCATCTACAATGGAAGATATGTACGAAAGAGCAGAATATGCTAAATCAGTAGGATCAGTAATTGTTATGATTGACCTTGTTATTGGATACACAGCTATTCAATCAATGGGATACTGGGCACGTAAAAATGATATGATTCTTCACTTACACCGTGCAGGTCAT
PQ213023.1_L4_donor_900_r2,PQ213023.1,Vaucheria litorea,SAR/other protist,PQ213023.1,train,L4_donor_900,900,600,2,1093270354,ATGTCTAAGTCTGTACAAGAGCGTACTCGAATTAAAAGCCAACGTTATGAATCTGGTGTAATTCCTTATGCGAAAATGGGTTATTGGGATGCATTTTATAATGTAAAACATACGGATGTATTAGCGTTATTTCGTATTACTCCGCAACCTGGTGTAGATCCTGTAGAAGCAGCAGCAGCTGTTGCTGGTGAATCTTCAACTGCGACTTGGACAGTAGTATGGACTGATTTATTAACTGCTTGTGATATTTATCGTGCAAAAGCATATCGTGTAGATCCAGTTCCTGGAACAACTGATCAATATTTTGCATATATTTCATATCAAATTGAATTATTTGAAGAAGGGTCATTAGCAAATTTAACTGCATCAATCATTGGTAATGTTTTTGGATTTAAAGCTGTTAAAGCTTTACGTTTAGAAGATATGCGAATTCCTTTTGCATATTTAAAAACTTTTCAAGGTCCTGCTACAGGTTTAGTTGTAGAAAGAGAAAGAATGGATAAATTTGGACGTCCATTATTAGGAGCTACGGTAAAACCGAAATTAGGTCTTTCAGGTAAAAACTATGGTCGTGTAGTATATGAAGGACTTCGTGGTGGTTTAGATTTCTTAAAAGATGATGAGAATATTAATTCTCAACCATTTATGCGTTGGAGAGAGCGTTTTCTTTACTGTATGGAAGGTGTTAATCGTGCAGTAGCAGCTAGTGGTGAAGTTAAAGGTTCATACCTTAATACAACTGCAGGTACAATGGAAGAGATGTATGAACGTGCAGAATATGCTAAAAGTATAGGCTCAATTATTGTAATGATTGACCTTGTAATTGGTTATACTGCTATTCAATCTATGTCAATTTGGGCTAGAAAAGCTGATATGATTTTACATTTACACCGTGCAGGT
PQ791840.1_L4_donor_900_r2,PQ791840.1,Pelagomonas calceolata,SAR/other protist,PQ791840.1,train,L4_donor_900,900,600,2,1567240532,ATGTCTCAAAATGTATCTGAACGTACAAGAATTAAAAGTGAACGTTACGAATCTGGTGTAATCCCTTACGCTAAAATGGGTTACTGGGATGCTAACTACGCAGTTAAGACAACTGACTTATTAGCATTATTCCGTATCACTCCACAACCAGGTGTTGACCCAGTTGAAGCTGCTGCTGCAGTTGCTGGTGAGTCTTCTACTGCAACATGGACTGTTGTATGGACTGACTTATTAACTGCTTGTGATATCTACCGTGCTAAGGCATTCCGTGTAGATCCAGTTCCAAGTGCTCCTGATCAATTCTTCGCGTACGTAGCATACGAAGGTGACTTATTCGAGGAAGGTTCTTTAGCGAACATGACTGCTTCGATTATTGGTAACGTATTCGGTTTCAAAGCTGTTAAAGCGTTACGTTTAGAAGATATGCGTATCCCACACACTTACTTAAAGACTTTCCAAGGTCCTGCTTCTGGTGTAATTGTAGAGCGTGAGCGTTTAGACACATTCGGACGTCCACTTTTAGGTGCTACAGTAAAGCCTAAGTTAGGTTTATCTGGTAAGAACTACGGTCGTGTAGTATTCGAAGGTTTAAAAGGTGGTTTAGACTTCTTAAAGGATGATGAGAACATTAACTCACAACCATTCATGCGTTGGAGAGAGCGTTTCTTATACTGTATCGAAGGTATCAACCGTGCTGCTGCAGCGACTGGTGAAGTTAAGGGTTCTTACTTAAACATGACTGCTGGTAACAACGACGAGATGATTACTCGTGGTGAATTCGCTAAAGAGTTAGGTTCAGTAATTGTAATGATTGACTTAGTAATCGGTTACACTGCTATCCAAACTGCTGCAATCTGGGCTCGTGCTAACCACATGATCTTACACTTACACCGTGCTGGT
PQ791846.1_L4_donor_900_r2,PQ791846.1,Arachnochrysis pilardiaziae,SAR/other protist,PQ791846.1,train,L4_donor_900,900,600,2,3893760121,ATGTCTCAATCTGTATCAGAACGTACACGAATTAAGAGCGAACGTTATGAATCTGGAGTAATTCCTTATGCTAAAATGGGTTACTGGGATTCTAACTATACCATTAAGACTACTGATGTTCTTGCGCTATTCCGTATTACTCCTCAACCAGGTGTGGACCCGGTTGAAGCGGCTGCAGCTGTAGCAGGGGAGTCTTCAACAGCTACATGGACTGTTGTATGGACAGATTTATTGACTGCATGTGATATTTACCGTGCGAAAGCCTATCGTGTAGACCCAGTTCCCAGTGCAGCGGATCAATTCTTTGCATATATCGCTTATGAAGGTGATTTATTTGAAGAAGGTTCATTAGCAAACATGACTGCATCAATTATCGGGAACGTATTTGGTTTTAAAGCTGTTAAAGCCTTACGTTTAGAAGATATGCGAATTCCGCACTCTTACTTAAAAACTTTCCAAGGACCGGCAACCGGTGTAATTGTAGAACGTGAGCGTTTGGATACATTTGGACGTCCACTTTTAGGTGCAACCGTTAAGCCAAAGCTAGGTCTTTCTGGTCGTAACTATGGGCGTGTAGTTTTTGAAGGTTTAAAAGGTGGATTAGATTTTTTAAAGGATGATGAAAATATTAATTCACAACCCTTTATGCGTTGGAGAGAGCGATTCTTGTATTGTATAGAAGGTATCAATCGTGCGGTTGCAGCAACAGGTGAAGTTAAGGGTTCCTACTTAAACATAACTGCGGCTACAATGGAAGAAATGTATACACGTGCAGAGTATGCGAAAGAATTGGGTTCAATTATTGTTATGATTGACTTGGTAATTGGTTATACTGCAATTCAAAGTATGGCACTTTGGGCACGTGCTAATGATATGATTTTACATTTACATCGTGCTGGT
PV575775.1_L4_donor_900_r2,PV575775.1,Sargassum hemiphyllum var. chinense,Brown algae,PV575775.1,train,L4_donor_900,900,600,2,1812311441,ATGCCTGAGAACGTACAGGAAAGAACTCGAATAAAAAGTGAGCGTTATGAATCTGGTGTAATACCATATGCTAAAATGGGATATTGGGATGCAGATTACAAGGTTAAAGAAACTGATATTCTAGCTCTATTTCGTATAACTCCTCAACCAGGTGTAGATCCTCTAGAAGCTGCGGCTGCTGTTGCCGGTGAATCTTCTACAGCAACATGGACAGTAGTATGGACAGATTTACTGACGGCTTGTGATATCTACCGAGCGAAAGCATATCGTGTCGATCCTGTTCCAGGAACAAACGATCAATATTTCTCATACATTGCATATGAATGTGATTTATTTGAGGAAGGTTCTCTTGCAAACTTAACTGCATCTATTATCGGTAACGTTTTTGGTTTTAAAGCTGTTAAAGCATTACGTTTAGAAGATATGAGAATTCCTTACGCTTACCTTAAAACGTTCCAAGGTCCCGCTACAGGTGTTGTCGTGGAAAGAGAAAGATTAGATAAATTTGGACGTCCTTTATTAGGAGCTACTGTTAAACCTAAATTAGGTCTTTCAGGTAAAAATTATGGTCGTGTTGTTTACGAAGGTTTAACAGGTGGTCTTGATTTCCTTAAAGATGATGAAAACATTAATTCGCAACCATTTATGAGATGGAAAGAGCGTTTCTTGTATTGTATGGAAGGTGTTAACCGTTCGGCTGCTGCTACAGGTGAAGTTAAGGGTTCTTATCTTAATGTTACTGCAGCAACAATCGAAAATATGTATGAACGTGCAGAGTACTCTCATGCTATTGGTAGTGTTATTTGTATGATCGATTTAGTCGTTGGATATACAGCAATCCAAACTATGGCAATTTGGGCTCGAAAAGCTGAGATGATTTTACATTTACATCGTGCGGGT
PV999901.1_L4_donor_900_r2,PV999901.1,Pseudoderbesia sp. HV-2025c,Green algae,PV999901.1,train,L4_donor_900,900,600,2,4001895639,ATGGGTCCAAAAACAGAAACTAAGGCAGGTGCTGGTTTTAAGGCAGGGGTAAAAGATTATCGCCTCACTTATTATACACCAGACTATCAAGTGAAAGACACAGATGTGTTAGCTGCATTTCGTATGACTCCGCAACCTGGGGTACCCGCTGAAGAGTGTGGTGCAGCGGTAGCCGCGGAATCTTCAACAGGGACATGGACAACTGTATGGACAGATGGTTTAACAAGTTTAGATAGCTATAAAGGCCGTTGTTATGATATCGAGCCTGTTGCTGGTGAAGATAACCAGTATATCGCTTATGTTGCTTATCCTTTAGATTTATTTGAAGAAGGGTCTGTAACGAACTTATTCACTTCCATTGTTGGAAACGTCTTTGGTTTTAAAGCTTTACGTGCTCTACGTTTAGAAGATCTTCGAATCCCGGTTTCTTATGTGAAAACATTCCAAGGCCCACCCCACGGTATTCAAGTTGAGCGCGATAAGCTAAACAAATACGGTCGCTCATTATTAGGTTGTACAATTAAACCAAAACTTGGTCTTTCTGCGAAAAACTATGGCCGCGCTTGTTACGAATGTTTACGCGGTGGATTAGATTTCACTAAAGATGATGAAAACGTAAATTCACAACCATTCATGCGTTGGCGTGATCGCTTTTTATTCGTAGCCGAAGCACTTTACAAATCACAAGCAGAAACGGGTGAAATCAAAGGGCACTACTTAAACGCAACCGCGGGAACTTGCGAAGAAATGCTAAAACGCGCGCAAGTGGCTAAAGAGTTAGGTGTTCCTATCATTATGCACGACTACTTAACTGGTGGTTGGACAGCAAACACGACTTTAGCTCGTTACTGCCGTGATCATGGCCTTTTATTACACATCCACCGTGCAATGCACGCTGTA
PV999913.1_L4_donor_900_r2,PV999913.1,Pseudoderbesia epilithica,Green algae,PV999913.1,train,L4_donor_900,900,600,2,3479314543,ATGGCTCCAAAAACTGAAACAAAAGCAGGTGCAGGATTTAAAGCAGGGGTAAAAGACTATCGTTTAACTTACTATACACCGGATTATCAAACAAAAGATACAGATATTCTTGCTGCTTTTCGTATGACTCCACAGCCAGGTGTACCACCAGAAGAATGTGGCGCTGCTGTAGCTGCAGAATCCTCAACAGGAACATGGACAACGGTATGGACAGATGGTTTAACAAGTTTAGATCGTTACAAAGGTCGTTGTTATGATTTAGAACCTGTAAAAGGTGAAGAAAATCAATATATTGCATATGTAGCATACCCACTTGATTTATTTGAAGAAGGTTCAGTAACTAATTTATTTACTTCAATTGTAGGTAATGTATTTGGTTTTAAAGCTTTACGTGCCCTTCGTTTAGAAGATTTACGTATTTCTGTAGCATATGCAAAAACTTTCCAAGGACCTCCTCATGGTATTGAGGTAGAACGTGATAAATTAAATAAATATGGACGTCCATTATTAGGTTGTACAATTAAACCGAAATTAGGTTTATCAGCGAAAAACTATGGTCGTGCTGTTTATGAATGTTTACGTGGTGGTCTAGATTTTACAAAAGATGATGAAAATGTAAATTCACAACCATTTATGCGTTGGCGTGATCGTTTCTTATTTGTTGCAGAAGCTATCTATAAATCACAAGCCGAAACAGGTGAAATTAAAGGGCACTATTTAAATGCCACAGCAGGTACTTGTGAGGGGATGCTTAAACGTGCACAATGTGCAAAAGAATTAGGTGTACCTATTATCATGCATGATTATTTAACAGGAGGTTGGACAGCTAATACAAGTTTAGCACATTACTGTCGTGATCATGGATTATTACTACATATTCACCGTGCCATGCATGCTGTA
PX743792.1_L4_donor_900_r2,PX743792.1,Stemona parviflora,Monocots,PX743792.1,val,L4_donor_900,900,600,2,847598319,ATGTCACCACAAACAGAGACTAAAGCAAGTGTTGGATTCAAAGCTGGTGTTAAAGATTACAAATTGACTTATTATACTCCTGATTACGAAACCAAGGATACTGATATCTTGGCAGCATTTCGAGTAACTCCTCAACCCGGAGTTCCGCCTGAAGAAGCAGGGGCTGCGGTAGCTGCTGAATCTTCTACTGGTACATGGACAACTGTGTGGACTGATGGACTTACCAGTCTTGATCGTTACAAAGGACGATGCTACCACATCGAGAGCGTTGTTGGGGAGGAAAATCAATATATTGCTTATGTAGCTTATCCTTTAGACCTTTTTGAAGAAGGTTCTGTTACTAATATGTTTACTTCCATTGTAGGTAATGTATTTGGTTTCAAAGCCCTACGAGCTCTACGTCTGGAGGATCTGCGAATTCCTCCTGCCTATTCCAAGACTTTTCAAGGACCGCCTCATGGTATCCAAGTTGAAAGAGATAAATTGAACAAGTACGGTCGTCCCCTATTGGGATGTACTATTAAACCAAAATTGGGATTATCTGCAAAGAACTACGGTAGAGCCGTTTATGAATGTCTACGGGGGGGACTTGATTTTACCAAGGATGATGAAAACGTGAACTCACAACCATTTATGCGTTGGAGAGACCGTTTCTTATTTTGTGCCGAAGCACTTTATAAAGCGCAAGCCGAAACCGGTGAAATCAAAGGACATTACTTGAATGCTACTGCGGGTACATGTGAAGAAATGAACAAAAGGGCCGTATTTGCCAGAGAATTGGGAGTACCTATCGTAATGCATGACTACTTAACTGGAGGATTCACTGCAAATACCAGCCTGGCTCATTATTGCCGTGACAACGGATTACTTCTTCACATCCATCGCGCAATGCATGCAGTC
PX743818.1_L4_donor_900_r2,PX743818.1,Corydalis caudata,Other angiosperms,PX743818.1,train,L4_donor_900,900,600,2,2208942354,ATGAGTTGTAGGGAGGGACTTATGTCACCACAAACAGAGACTAAAGCAAGTGTTGGATTCAAAGCTGGTGTTAAAGATTACAAATTGACTTATTATACTCCTGACTATGAAACAAAAGATACTGATATCTTGGCAGCATTCCGAGTCACTCCTCAACCTGGAGTTCCACCTGAGGAAGCAGGGGCCGCGGTAGCTGCCGAAAGTAACTTGCACACATGGACAACTGTGTGGACCGATGGGCTTACCAGCCTTGATCGTTACAAAGGACGATGCTATCACATCGAGCCAGTTGCTGGAGAAGACAATCAATATATTTGTTATGTAGCTTACCCTTTAGACCTTTTTGAAGAAGGCTCTGTTACTAATATGTTTACTTCCATTGTGGGTAATGTATTTGGGTTCAAAGCACTACGGGCTCTACGTCTGGAGGATCTGCGAATTCCTCCCGCTTATGTTAAAACTTTCCAAGGACCACCTCATGGAATCCAAGTTGAGAGAGATAAATTGAACAAGTATGGTCGTCCCCTATTGGGATGTACGATTAAACCAAAATTGGGGTTATCCGCTAAGAATTACGGTCGCGCGGTTTATGAATGTCTTCGCGGTGGACTTGATTTTACCAAAGATGATGAAAACGTGAATTCTCAACCATTTATGCGTTGGAGAGACCGTTTCCTATTTTGTGCTGAAGCAATTTATAAAGCACAGGCCGAAACAGGTGAAATCAAAGGACATTACTTAAATGCTACTGCAGGGACATGTGAAGAAATGATCAAAAGGGCTGTATTTGCCAGAGAATTGGGAGTTCCTATCGTAATGCATGACTACTTAACCGGGGGATTCACTGCTAATACTAGCTTGTCTCATTATTGCCGAGATAATGGCCTACTTCTTCACATC
PX743828.1_L4_donor_900_r2,PX743828.1,Arcangelisia gusanlung,Other angiosperms,PX743828.1,train,L4_donor_900,900,600,2,736810314,ATGAGTTGTAGGGAGGGACTTATGTCACCACAAACAGAGACTAAAGCAAGTGTTGGATTCAAAGCTGGTGTTAAAGATTACAAATTGACTTATTATACTCCTGACTATGTAACCAAAGATACTGATACGCTAGCAGCATTCCGAGTAACTCCTCAACCTGGAGTTCCGCCTGAAGAAGCGGGGGCTGCGGTAGCTGCCGAATCTTCTACAGGTACATGGACAACTGTGTGGACCGATGGACTTACCAGTCTTGATCGTTACAAAGGACGATGCTACCACATTGAGCCCGTTGCTGGGGAAGAAAATCAATATATTTGTTATGTAGCTTACCCCTTAGACCTTTTTGAAGAAGGTTCTGTTACTAATATGTTTACTTCCATTGTGGGTAATGTTTTTGGGTTCAAAGCGCTACGCGCTCTACGTCTGGAGGATCTGCGAATTCCTACTGCTTATATTAAAACTTTCCAAGGCCCGCCTCATGGCATCCAAGTTGAGAGAGATAAATTGAACAAGTATGGTCGTCCCCTATTGGGATGTACTATTAAACCAAAATTGGGATTATCCGCTAAGAACTACGGTAGAGCAGTTTATGAATGTCTCCGCGGTGGACTTGATTTTACCAAGGATGATGAAAACGTGAACTCCCAACCATTTATGCGTTGGAGAGACCGTTTCCTATTTTGTGCTGAAGCACTTTATAAAGCACAAGCCGAAACGGGTGAAATCAAAGGACATTACTTGAATGCTACTGCAGGTACATGCGAAGAAATGATCAAAAGGGCTGTATGTGCCAGAGAGTTGGGAGTCCCTATTGTAATGCATGACTACTTAACGGGAGGATTCACTGCGAATACTTCCTTGGCTCATTATTGCCGAGATAATGGTCTACTTCTTCACATC
PX743839.1_L4_donor_900_r2,PX743839.1,Thalictrum fortunei,Other angiosperms,PX743839.1,test,L4_donor_900,900,600,2,1458909443,ATGTCACCACAAACAGAGACTAAAGCAAGTGTTGGCTTCAAAGCGGGTGTTAAAGATTACAAATTGACTTATTATACTCCTGAATATGAACCCAAAGATACTGATACCTTGGCGGCATTCCGAGTAACTCCTCAACCGGGAGTTCCTGCTGAAGAAGCAGGGGCTGCTGTAGCTGCCGAATCTTCTACAGGTACATGGACAACTGTGTGGACCGATGGACTTACCAGCCTTGATCGTTACAAAGGACGATGCTACCACATCGAGCCCGTTGCTGGAGAAGAAAATCAATATATTTGTTATGTAGCCTATCCTTTAGACCTTTTTGAAGAAGGTTCTGTTACTAACATGTTTACTTCCATTGTGGGTAATGTATTTGGGTTCAAAGCGTTGCGCGCTCTACGCCTGGAGGATCTGCGAATTCCTGTTGCTTATGTTAAAACTTTCCAAGGCCCTCCTCATGGGATCCAAGTTGAGAGAGATAAATTGAACAAGTATGGTCGTCCCCTATTGGGATGTACTATTAAACCAAAATTGGGATTATCCGCTAAGAACTACGGTAGAGCGGTTTATGAATGTCTCCGCGGTGGACTTGATTTTACCAAGGATGATGAGAACGTGAACTCCCAGCCCTTTATGCGTTGGAGAGACCGTTTCCTATTTTGTGCTGAAGCACTTTATAAAGCACAAGCCGAAACAGGTGAAATCAAAGGACATTATTTGAATGCTACTGCGGGTACATGCGAAGAAATGATAAAAAGGGCTGTATTTGCCAGAGAATTGGGAGTACCCATCGTAATGCACGACTACTTAACGGGTGGATTCACCGCAAATACTAGCTTGGCTCATTATTGCCGAGATAATGGTCTACTTCTTCACATCCACCGCGCAATGCATGCAGTT
PX743843.1_L4_donor_900_r2,PX743843.1,Sabia discolor,Other angiosperms,PX743843.1,train,L4_donor_900,900,600,2,2767841336,ATGTCACCACAAACAGAGACTAAAGCAAGTGCTGGATTCAAAGCTGGTGTTAAAGATTACAAATTGAATTATTATACTCCTGAATATAACACCCTAGACACTGATATCTTGGCAGCATTCCGAGTAACTCCTCAACCAGGAGTTCCACCTGAGGAAGCAGGCGCCGCGGTAGCTGCCGAATCTTCTACTGGTACATGGACAACTGTGTGGACCGATGGACTTACCAGCCTTGATCGTTACAAAGGGCGATGCTACCACATCGAGCCCGTTGCTGGAGAAGAAAATCAATATATTGCTTATGTAGCTTACCCTTTAGACCTTTTTGAAGAGGGTTCTGTTACTAACATGTTTACTTCCATTGTAGGTAATGTATTTGGGTTCAAAGCCCTACGCGCTCTACGTCTGGAGGATCTGCGAATCCCTCCGGCTTACATTAAAACTTTCCAAGGCCCGCCTCATGGCATCCAAGTTGAGAGAGATAAATTGAACAAGTATGGTCGTCCCCTATTGGGATGTACTATTAAACCAAAATTGGGGTTATCCGCTAAGAACTACGGTAGAGCTGTTTATGAATGTCTCCGCGGTGGACTTGATTTTACCAAAGATGATGAGAACGTGAACTCCCAACCATTTATGCGTTGGAGAGACCGTTTCGTATTTTGTGCCGAAGCTATTTATAAAGCACAGGCTGAAACAGGCGAAATCAAAGGACATTACTTGAATGCTACTGCAGGTACATGCGAAGAAATGATAAAAAGGGCTGTATTTGCCAGAGAATTGGGAGTTCCTATCGTAATGCATGACTACTTAACGGGGGGATTCACTGCAAATACTACCTTAGCTCATTATTGCCGAGATAATGGCCTGCTTCTGCACATCCATCGCGCAATGCATGCAGTT
PX743855.1_L4_donor_900_r2,PX743855.1,Saxifraga unguiculata,Eudicots,PX743855.1,test,L4_donor_900,900,600,2,981969785,ATGTCACCACAAACAGAGACTAAAGCGAGTGTTGGATTCAAAGCCGGTGTTAAAGATTACAAATTGACTTATTATACCCCTGATTATGAAACCAAAGATACTGATATCTTGGCAGCATTCCGAGTAACTCCTCAACCTGGAGTTCCACCTGAGGAAGCAGGGGCCGCAGTAGCTGCTGAATCTTCTACTGGCACATGGACAACTGTATGGACCGATGGACTTACCAACCTTGATCGTTACAAAGGACGATGCTATCACATAGAGCCCGTTGCTGGAGAAGAAAATCAATTTATTGCTTATGTAGCTTACCCCTTAGACCTTTTTGAAGAAGGTTCTGTTACTAATATGTTTACTTCCATTGTGGGTAATGTATTTGGGTTCAAAGCCCTGCGCGCTCTACGTCTAGAGGATCTGCGAATCCCTGTTGCGTATGTTAAAACTTTTCAAGGCCCCCCTCATGGTATCCAAGTTGAGAGAGATAAATTGAACAAGTATGGTCGCCCCCTATTGGGCTGTACTATTAAACCTAAATTGGGGTTATCTGCTAAGAACTACGGCAGAGCAGTTTATGAATGTCTCCGTGGTGGACTTGACTTTACCAAAGATGATGAAAACGTAAACTCCCAACCATTTATGCGTTGGAGAGACCGTTTCTTATTTTGTGCCGAAGCTCTTTATAAAGCACAAGCTGAAACAGGTGAAATCAAAGGGCATTACTTGAATGCGACTGCAGGGACATGCGAAGAAATGATCAAAAGAGCTGTATTTGCTAGAGAATTGGGAGTTCCTATCGTAATGCACGATTACTTAACAGGGGGATTCACTGCAAATACTAGCTTAGCTCATTATTGCCGAGATAATGGCCTACTTCTTCACATCCATCGTGCAATGCATGCAGTT
PX743950.1_L4_donor_900_r2,PX743950.1,Myrica nana,Eudicots,PX743950.1,train,L4_donor_900,900,600,2,2656384487,ATGTCACCACAAACAGAGACTAAAGCAAGTGTTGGATTCAAAGCTGGTGTTAAAGATTATAAATTGACTTATTATACTCCTGACTATGAAACCAAGGATACTGATATCTTGGCAGCGTTCCGAGTAACTCCTCAACCTGGAGTTCCGCCTGAGGAAGCAGGGGCAGCAGTAGCTGCTGAATCTTCTACTGGTACATGGACAACTGTGTGGACCGATGGGCTTACTAGTCTTGATCGTTACAAAGGACGATGCTACCACATCGAGCCAGTTGCTGGAGAAGAAAGTCAATTTATTGCTTATGTAGCTTACCCCTTAGACCTTTTTGAAGAAGGTTCTGTTACTAACATGTTTACTTCCATTGTGGGTAATGTATTTGGATTCAAGGCCCTGCGCGCTCTACGTCTGGAGGATTTGCGAATCCCTACTTCTTATGTTAAAACTTTCCAAGGCCCGCCGCATGGCATCCAAGTTGAGAGAGATAAATTAAACAAGTATGGCCGTCCCCTATTGGGATGTACTATTAAACCCAAATTGGGATTATCCGCTAAGAATTACGGTAGAGCAGTTTATGAATGTCTCCGCGGTGGACTTGATTTTACCAAAGATGATGAGAACGTGAATTCCCAACCGTTTATGCGTTGGAGAGATCGTTTCCTATTTTGTGCCGAAGCTATTTATAAAGCGCAGGCTGAAACAGGTGAAATCAAAGGACATTACTTGAATGCTACTGCAGGTACATGCGAAGAAATGATTAAAAGGGCTGTATTTGCCAGAGAATTGGGAGTTCCTATCGTAATGCACGACTACTTAACCGGGGGATTCACGGCAAATACTAGCTTGGCTCATTATTGCCGAGATAATGGTCTACTTCTTCACATCCATCGTGCAATGCATGCAGTT
PX743996.1_L4_donor_900_r2,PX743996.1,Acalypha matsudae,Eudicots,PX743996.1,train,L4_donor_900,900,600,2,4171692102,ATGTCACCACAAACAGAGACTAAAGCAAGTGTTGGGTTCAAGGCTGGTGTTAAAGATTATAAATTGACTTATTTTACTCCTGACTATCAAACCAAAGATACTGATATCTTGGCAGCATTCCGAGTAACTCCTCAACCTGGAGTTCCGCCGGAGGAAGCAGGAGCTGCGGTAGCTGCTGAATCTTCTACTGGTACATGGACAACTGTGTGGACCGATGGGCTTACCAGTCTTGATCGTTATAAAGGACGATGCTACGACATCGAGCCCGTTGCTGGAGAGGAAAATCAATATATTGCTTATGTAGCTTACCCATTAGACCTTTTTGAAGAAGGTTCTGTTACTAACATGTTTACTTCCATTGTGGGTAATGTATTTGGGTTCAAAGCCCTACGCGCCCTACGTCTGGAGGATTTGCGAATCCCTACTGCTTATATTAAAACTTTCCAAGGGCCGCCTCACGGTATCCAAGTTGAGAGGGATAAATTGAATAAGTATGGTCGCCCTCTATTGGGTTGTACTATTAAACCTAAATTGGGTCTATCCGCTAAAAATTACGGTAGGGCCGTTTATGAATGTCTACGCGGTGGACTTGATTTTACCAAAGATGATGAGAACGTAAACTCCCAACCATTTATGCGTTGGAGAGACCGTTTCTTATTTTGTGCCGAAGCAATTTTTAAGGCACAGGCTGAAACAGGCGAAATCAAAGGACATTATTTAAATGCTACTGCGGGTACATGTGAAGAAATGATCAAAAGGGCTGTATTTGCCAGAGAATTAGGAGCTCCTATCGTAATGCATGACTACTTAACAGGGGGGTTCACTGCAAATACTAGCTTGGCTCATTATTGCCGAGATAATGGTTTACTTCTTCACATTCACCGCGCAATGCATGCAGTT
PX743998.1_L4_donor_900_r2,PX743998.1,Falconeria insignis,Eudicots,PX743998.1,train,L4_donor_900,900,600,2,1567272240,ATGTCACCACAAACAGAAACTAAAGCAAGTGTTGGATTCAAGGCTGGTGTTAAAGATTATAAATTGACTTATTATACTCCTGAATATGAAACCAAAGATACTGATATCTTGGCAGCATTCCGAGTAACTCCTCAACCTGGAGTTCCGCCTGAGGAAGCAGGAGCTGCGGTAGCTGCTGAATCTTCTACTGGTACATGGACAACTGTGTGGACTGATGGGCTTACCAGTCTTGATCGTTATAAAGGACGATGCTACCACATCGAGCCCGTTGCTGGAGAAGAAAATCAATATATTGCTTATGTAGCTTACCCCTTAGACCTTTTTGAAGAAGGTTCTGTTACTAACATGTTTACTTCCATTGTGGGTAATGTATTTGGGTTCAAAGCTCTACGCGCCCTACGTCTGGAGGATTTGCGAATCCCTACTGCTTATATTAAAACTTTCCAAGGGCCGCCTCATGGCATCCAAGTTGAGAGAGATAAATTGAACAAGTATGGTCGCCCTCTATTGGGTTGTACTATTAAACCTAAATTGGGGCTATCCGCTAAGAATTACGGTAGAGCGGTTTATGAATGTCTTCGCGGCGGACTTGATTTTACCAAAGATGATGAGAACGTGAACTCCCAACCATTTATGCGTTGGAGAGACCGTTTCTTATTTTGTGCCGAAGCACTTTTTAAAGCACAGGCTGAAACAGGTGAAATCAAAGGACATTATTTGAATGCTACTGCAGGTACATGCGAAGAAATGATCAAAAGGGCTGTATTTGCCAGAGAATTAGGAGTTCCTATCATAATGCATGACTACATAACAGGGGGATTCACTGCAAATACTAGCTTGGCTCATTATTGCCGAGATAATGGCTTACTTCTTCACATTCACCGCGCAATGCATGCAGTT
PX744014.1_L4_donor_900_r2,PX744014.1,Fordiophyton faberi,Eudicots,PX744014.1,train,L4_donor_900,900,600,2,1506750603,ATGTCACCACAAACAGAGACTAAAGCAAGTGTTGGATTCAAAGCTGGTGTTAAAGATTATAGACTGACTTATTATACTCCTGACTATCAAGTCAAACCTACTGATACCTTGGCAGCATTCCGAGTAACTCCGCAACCAGGAGTTCCGCCTGAAGAAGCAGGGGCTGCGGTAGCTGCTGAATCTTCTACTGGTACATGGACAACTGTGTGGACCGATGGGCTTACCAGCCTTGATCGTTATAAAGGAAGATGCTACAACATCGAGCCGGTTGCTGGAGAAGAAAATCAATATATATGTTATGTAGCTTACCCTTTAGACCTTTTTGAAGAAGGTTCTGTTACTAATATGTTTACTTCAATTGTAGGGAATGTATTTGGCTTCAAAGCCCTTCGCGCTCTACGTCTGGAGGATTTGCGAATCCCTACTGCCTATATTAAAACTTTCCAAGGACCGCCTCATGGCATCCAAGTTGAGAGAGATAAATTGAACAAGTATGGACGTCCCCTATTGGGATGTACTATTAAACCGAAATTAGGTTTATCCGCTAAGAATTACGGTAGAGCAGTTTATGAATGTCTTCGTGGTGGACTTGATTTTACGAAAGATGATGAGAACGTAAACTCACAACCGTTTATGCGTTGGAGAGACCGTTTCTTATTTTGTGCTGAAGCCCTTTATAAAGCACAAGCTGAAACAGGTGAAATCAAAGGACATTACTTGAATGCTACTGCAGGTACATGCGAAGAAATGATTAAAAGGGCTGTATTTGCCAGAGAATTGGGAGTTCCTATCGTAATGCATGACTACTTAACGGGAGGATTCACTGCAAATACTAGCTTGGCTCATTATTGCCGAGATAATGGTCTACTTCTTCACATCCACCGTGCAATGCATGCAGTT
PX744018.1_L4_donor_900_r2,PX744018.1,Acer albopurpurascens,Eudicots,PX744018.1,test,L4_donor_900,900,600,2,876166936,ATGTCACCACAAACAAAGACTAAAGCAAGTGTTGGATTCAAAGCCATCGTTAAAGATTATAAATTGACTTATTATACTCTTGACTATGTAACCAAAGATACTTATATCTTGGCAGCATTCCAAGTAACTCCTCAACCCGGGGTTCCGCCCGAGGAAGCCGGGGCCGCGGTAGCTGCGGAATCTTCTACTGGTACATGGACAACTGTGTGGACCGATGGGCTTACCAGCCTTGATCGTTATAAAGGACGATGCTACAACATTGAGCCCGTTGCTGGAGAAGAAAATCAATATATATGTTATGTAGCTTACCCTTTAGACCTTTTTGAAGAGGGTTCTGTTACTAACATGTTTACTTCCATTGTGGGTAATGTATTTGGGTTTAAAGCCCTGCGCGCTCTACGTCTAGAGGATCTACGAATCCCTCCCGCGTATTCAAAAACTTTCCAAGGCCCCCCTCATGGCATCCAAGTTGAGAGAGATAAATTGAACAAGTACGGGCGCCCCCTATTGGGATGTACTATTAAACCTAAATTGGGATTATCCGCTAAGAACTACGGTAGAGCAGTTTATGAATGTCTACGTGGTGGACTTGACTTTACCAAAGATGATGAGAACGTAAACTCCCAACCATTTATGCGTTGGAGAGACCGTTTCTTGTTTTGTGCAGAAGCTATTTATAAATCGCAGGCAGAAACTGGTGAAATCAAAGGTCATTACTTGAATGCTACTGCAGGTACATGGGAAGAGATGCTAAAAAGGGCGGTATTTGCCAGAGAGTTGGGAGTTCCTATCGTAATGCATGACTACTTAACAGGGGGATTCACCGCAAATACTAGCTTGGCTCATTATTGCCGAGATAATGGTCTACTTCTTCACATCCATCGTGCAATGCATGCAGTT
PX744022.1_L4_donor_900_r2,PX744022.1,Lepisanthes hainanensis,Eudicots,PX744022.1,train,L4_donor_900,900,600,2,910526827,ATGTCACCACAAACAGAGACTAAAGCAAGTGTTGGATTCAAAGCCGGTGTTAAAGATTATAAATTGACTTATTATACTCCTGACTATGTAACCAAAGATACTGATATCTTGGCAGCATTCCGAGTAACTCCTCAACCCGGGGTTCCACCCGAGGAAGCAGGGGCCGCGGTAGCTGCGGAATCTTCTACTGGTACATGGACAACTGTGTGGACCGATGGGCTTACCAGCCTTGATCGTTACAAAGGACGATGCTACAACATTGAGCCTGTTGCTGGAGAAGAAAATCAATATATATGTTATGTAGCTTACCCTTTAGACCTTTTTGAAGAAGGTTCTGTTACTAACATGTTTACTTCCATTGTAGGTAATGTATTTGGGTTTAAAGCCTTGCGCGCTCTACGTCTAGAGGATCTACGAGTCCCTCCTGCGTATTCGAAAACTTTCCAAGGCCCCCCTCACGGCATCCAAGTTGAGAGAGATAAATTGAACAAGTATGGACGTCCCCTATTGGGATGTACTATTAAACCTAAATTGGGATTATCTGCTAAGAACTACGGTAGAGCAGTTTATGAATGTCTACGTGGTGGACTTGACTTTACCAAAGATGATGAGAACGTAAACTCCCAACCATTTATGCGTTGGAGAGACCGTTTCTTGTTTTGTGCGGAAGCGCTTTTTAAAGCGCAGGCGGAAACTGGTGAAATCAAAGGTCATTACTTGAATGCTACTGCAGGTACATGCGAAGAAATGATAAAAAGGGCTGTATTCGCCAGAGAGTTGGGAGCTCCTATCGTAATGCATGACTATTTAACAGGGGGATTCACCGCGAATACTAGCTTGGCTCATTATTGCCGGGATAATGGTCTACTTCTTCACATCCATCGTGCAATGCATGCAGTT
PX744047.1_L4_donor_900_r2,PX744047.1,Buckleya henryi,Eudicots,PX744047.1,val,L4_donor_900,900,600,2,987226755,ATGTCACCACAAACAGAGACTAAAGCAAGTGTTGGATTCAAAGCGGGTGTTAAGGATTATAAATTGACTTATTATACTCCTGATTACGAAACCAAAGATACTGATATCTTGGCAGCATTCCGAGTAACTCCTCAACCCGGAGTTCCGCCTGAGGAAGCGGGGGCCGCGGTAGCTGCCGAATCTTCTACTGGTACATGGACGACTGTGTGGACCGATGGACTTACCAGCCTTGATCGTTACAAAGGCCGATGCTACCACATTGAGCCCGTTGCTGGAGAAGAAAATCAATATATAGCTTATGTAGCTTACCCCTTAGACCTTTTTGAAGAAGGTTCTGTTACTAACATGTTTACTTCCATTGTGGGTAATGTATTTGGGTTCAAAGCCCTACGTGCTCTACGGCTAGAGGATCTCCGAATCCCTCCTGCTTATTCTAAAACTTTCCAAGGCCCGCCTCATGGCATCCAAGTTGAAAGAGATAAATTGAACAAGTATGGCCGTCCCCTATTGGGATGTACTATTAAACCTAAATTGGGGTTATCCGCTAAGAACTATGGTAGAGCAGTTTATGAATGTCTTCGCGGTGGACTTGATTTTACCAAAGATGATGAGAACGTAAACTCCCAACCATTTATGCGTTGGAGAGACCGTTTCTTATTTTGTGCCGAAGCCATTTATAAAGCACAGGCCGAAACAGGCGAAATCAAAGGGCATTACTTGAATGCTACTGCGGGTACATGCGAAGAAATGATCAAAAGGGCTGTATTTGCCAGAGAATTGGGAGTTCCTATCGTAATGCATGACTACTTAACGGGGGGATTCACTGCAAATACTAGTTTGGCTCATTATTGCCGAGATAATGGCCTACTTCTTCACATCCATCGTGCAATGCATGCGGTT
PX744060.1_L4_donor_900_r2,PX744060.1,Arthrophytum longibracteatum,Eudicots,PX744060.1,train,L4_donor_900,900,600,2,1468981450,ATGTCACCACAAACCGAAACTAAAGCAAGTGTTGGATTTAAAGCTGGTGTTAAAGATTACAAATTGACTTATTATACTCCTGAGTATGAAACCAAAGATACTGATATCTTGGCAGCATTCCGAGTAACTCCTCAACCTGGAGTTCCACCTGAAGAAGCAGGGGCTGCAGTAGCTGCCGAATCTTCTACTGGTACATGGACAACCGTATGGACCGACGGGCTTACTAGTCTTGATCGTTACAAAGGACGATGCTATCACATCGAGCCTGTTGCTGGAGAAGAAAATCAATATATTTGTTATGTAGCGTATCCCTTAGACCTTTTTGAAGAAGGTTCTGTTACTAACATGTTTACTTCTATTGTGGGTAACGTATTTGGGTTCAAAGCCCTACGTGCTCTACGTTTGGAGGATTTGCGAATCCCTGTTGCTTATATAAAAACTTTCCAAGGCCCACCTCACGGTATTCAGGTTGAGAGAGATAAATTAAACAAGTATGGTCGTCCCCTATTGGGATGCACTATTAAACCTAAATTGGGGTTATCCGCTAAAAACTATGGTCGAGCAGTTTATGAATGTCTTCGCGGTGGACTTGATTTTACCAAAGATGATGAAAACGTGAACTCCCAACCGTTTATGCGTTGGAGAGACCGTTTCCTATTTTGTGCCGAAGCTCTTTATAAAGCACAGGCCGAAACCGGCGAAATCAAAGGACATTACTTGAATGCTACTGCGGGTACATGTGAAGACATGATGAAAAGGGCTGTATTTGCGAGAGAATTGGGAGCTCCTATCGTAATGCATGACTACTTAACAGGTGGATTCACTGCAAATACCACCTTGGCTCATTATTGCCGAGATAATGGTCTACTTCTTCACATTCACCGTGCAATGCACGCAGTT
PX744100.1_L4_donor_900_r2,PX744100.1,Ardisia brevicaulis,Eudicots,PX744100.1,train,L4_donor_900,900,600,2,1073602565,ATGTCACCACAAACAGAGACTAAAGCAGGTACTGGATTCAAAGCTGGTGTTAAAGATTACAAATTGACTTATTATACTCCTGAGTATGTAACCAAGGATACTGATATTTTGGCAGCATTCCGAGTAACTCCTCAACCCGGAGTTCCGCCCGAAGAAGCAGGGGCCGCAGTAGCTGCCGAATCTTCTACTGGTACATGGACAACCGTGTGGACCGATGGACTTACTAGCCTTGATCGTTACAAAGGGCGATGCTACCACATCGAGCCTGTTGCTGGAGAAGAAAATCAATATATTGCTTATGTAGCTTATCCTTTAGACCTTTTTGAAGAAGGTTCTGTTACTAACATGTTTACTTCTATCGTGGGTAATGTATTTGGGTTCAAAGCCCTGCGCGCTCTACGTCTGGAAGATCTGCGAATCCCGCCTGCGTATGTTAAAACTTTCCAAGGACCGCCTCATGGTATCCAAGTTGAAAGAGATAAATTGAATAAGTATGGTCGTCCACTGTTGGGATGTACTATTAAACCTAAATTGGGATTATCCGCTAAAAACTACGGTAGAGCTGTTTATGAATGTCTTCGTGGTGGACTTGATTTTACCAAAGATGATGAGAACGTGAACTCCCAACCATTTATGCGTTGGCGAGACCGTTTCGTATTTTGTGCCGAAGCTATTTATAAAGCACAGGCTGAAACTGGTGAAATCAAAGGTCATTACTTGAACGCTACTGCAGGTACATGTGAAGAAATGATAAAGAGGGCTGTATTTGCCAGAGAATTAGGCGTTCCTATCGTAATGCATGACTATTTAACAGGGGGATTCACTGCAAATACTAGCTTGGCTCATTATTGCCGAGATAATGGCTTACTTCTTCACATCCACCGCGCAATGCATGCAGTT
PX744121.1_L4_donor_900_r2,PX744121.1,Rhododendron declivatum,Eudicots,PX744121.1,train,L4_donor_900,900,600,2,1291252119,ATGTCACCACAAACAGAGACTAAAGCAAGTGTTGGATTCAAAGCTGGTGTTAAAGAGTACAAATTGAATTATTATACTCCTCAGTATGAAACCAAAGATACTGATATCTTGGCAGCATTCCGAGTAACTCCTCAACCGGGAGTTCCACCTGAAGAAGCAGGGGCCGCGGTAGCTGCGGAATCTTCTACTGGTACATGGACAACAGTGTGGACTGATGGACTTACTAGCCTTGATCGTTACAAAGGGCGATGCTACCACATCGAGCCTGTTGCTGGAGACGAAAATCAATTTATTGCTTATGTAGCTTATCCTTTAGACCTTTTTGAAGAAGGTTCTGTTACTAACATGTTTACTTCCATTGTGGGTAATGTATTTGGGTTCAAAGCCCTGCGCGCTCTACGTCTGGAAGATCTACGAATCCCTGCAGCGTATGCTAAAACGTTCCAAGGACCGCCTCATGGTATCCAAGTTGAAAGAGATAAATTGAACAAGTACGGTCGTCCCCTGTTGGGATGTACTATTAAACCTAAATTGGGGTTATCTGCTAAAAACTATGGGAGAGCTGTTTATGAATGTCTCCGCGGTGGACTTGATTTTACCAAAGATGATGAGAACGTGAACTCCCAACCATTTATGCGTTGGAGAGACCGTTTCTTATTTTGTGCCGAAGCACTTTATAAAGCACAGGCGGAAACAGGCGAAATCAAAGGGCATTACTTAAATGCTACTGCAGGTACATGCGATGAAATGATGAAAAGAGCTGTATTTGCCAGAGAATTAGGAGTTCCTATCGTAATGCATGACTATTTAACAGGGGGATTCACTGCAAATACTACCTTGGCTGAGTATTGCCGAGATAATGGCCTACTTCTTCACATCCATCGTGCAATGCATGCAGTT
PX744240.1_L4_donor_900_r2,PX744240.1,Pedicularis ikomai,Eudicots,PX744240.1,train,L4_donor_900,900,600,2,2250566695,ATGAGTTGTAGGGAGGGATTTATGTCACCACAAACAGAAACTAAAGCAAGTGTTGGATTCAAAGCGGGTGTTAAAGAGTACAAATTGACTTATTATACTCCTGAATACGAAACCAAAGATACTGATATCTTGGCAGCATTCCGAGTAACTCCTCAACCCGGAGTTCCGCCTGAAGAAGCAGGGGCTGCAGTAGCTGCCGAATCTTCTACTGGTACATGGACAACTGTGTGGACCGATGGACTTACCAGCCTTGATCGTTACAAAGGACGATGCTACCACATCGAGCCCGTTCCTGGAGAAACAGATCAATATATCTGTTATGTAGCTTACCCTTTAGACCTTTTTGAAGAAGGTTCTGTTACGAACATGTTTACTTCCATTGTAGGAAATGTATTTGGATTCAAAGCCTTGCGTGCTCTACGTCTGGAAGATCTGCGAATTCCTCCTGCTTATATTAAAACTTTCCAAGGCCCGCCGCACGGGATCCAAGTTGAAAGAGATAAATTGAACAAGTACGGTCGTCCCCTGTTGGGATGTACTATTAAACCTAAATTGGGGTTATCTGCTAAAAACTACGGTAGAGCAGTTTATGAATGTCTTCGCGGTGGACTTGATTTTACCAAAGATGATGAGAACGTGAACTCCCAGCCATTTATGCGTTGGAGAGATCGTTTCTTATTTTGTGCTGAAGCACTTTATAAAGCACAGGCTGAAACAGGCGAAATCAAAGGGCATTACTTGAATGCTACTGCGGGTACATGTGAAGAAATGATCAAAAGAGCTGTATTTGCTAGAGAATTGGCAGTTCCTATCGTAATGCACGACTACTTAACAGGAGGATTCACTGCAAATACTAGCTTGTCTCATTATTGCCGAGATAATGGCCTACTTCTTCACATT
PX744248.1_L4_donor_900_r2,PX744248.1,Adenophora wulingshanica,Eudicots,PX744248.1,train,L4_donor_900,900,600,2,162770621,ATGTCACCACAAACAGAGACGAAGGCAAATGTTGGATTTAAGGCTGGGGTTAAAGATTATAAATTAACTTATTATACTCCGGACTATGAAACCAAGGATACCGATATTTTGGCAGCCTTTCGAGTCACTCCTCAACCCGGAGTTCCCCCGGAAGAAGCAGGGGCCGCAGTAGCTGCCGAATCGTCTACTGGTACATGGACAACTGTGTGGACCGATGGGCTTACGAGCCTTGATCGTTACAAAGGGAGATGCTATCACATCGAGCCCGTTGCCGGAGAAGAAACTCAATTTATTGCTTATGTAGCTTACCCATTAGACCTTTTTGAAGAAGGTTCTGTTACTAACATGTTTACTTCCATTGTGGGTAATGTATTTGGATTTAAAGCACTGCGTGCTCTACGTCTAGAAGATTTGCGAATCCCAACTGCGTATATTAAAACATTTCAAGGCCCGCCTCACGGCATCCAAGTTGAGAGAGATAAATTGAATAAGTATGGTCGTCCCCTATTGGGATGTACTATTAAACCAAAATTAGGGTTATCCGCTAAAAACTACGGCAGAGCAGTTTATGAATGTCTTCGTGGTGGACTTGATTTTACTAAAGATGATGAGAACGTCAACTCCCAACCCTTTATGCGGTGGAGAGATCGTTTCTTATTTTGTGCCGAAGCCATTTATAAAGCACAGGCTGAAACAGGTGAAATCAAAGGCCATTACTTGAATGCTACTGCGGGTACATCCGAAGAAATGATGAAAAGGGCTGTCTTTGCCAGAGAGTTGGGAGTTCCTATCGTAATGCATGACTACATAACAGGGGGATTTACTGCAAATACTAGCTTGGCTCATTATTGCCGAGATAATGGTCTACTTCTTCATATCCACCGCGCAATGCATGCAGTT
PX744249.1_L4_donor_900_r2,PX744249.1,Pentaphragma spicatum,Eudicots,PX744249.1,train,L4_donor_900,900,600,2,1516258610,ATGTCACCACAAACAGAAACTAAAGCAAGTGTTGGATTCAAAGCTGGTGTTAAAGATTATAAATTGACTTATTATACTCCTGACTATGAAACCAAAGATACTGATATCTTGGCAGCATTCCGAGTAACTCCTCAACCTGGAGTTCCACCTGAAGAAGCAGGGGCCGCAGTAGCTGCCGAATCTTCTACTGGTACATGGACAACTGTGTGGACTGATGGACTTACGAGCCTTGATCGTTACAAAGGGCGATGCTATGGAATCGAGCCCGTTCCTGGAGAAGAAAATCAATTTATTGCTTATGTAGCTTACCCATTAGACCTTTTTGAAGAAGGTTCTGTTACTAACATGTTTACTTCCATTGTGGGTAATGTATTTGGGTTCAAAGCCCTACGTGCTCTACGTCTGGAAGATCTGCGAATCCCTACTGCGTATGTTAAAACTTTCCAAGGTCCGCCTCATGGCATCCAAGTTGAGAGAGATAAATTGAACAAGTATGGTCGTCCCCTGTTGGGATGTACTATTAAACCTAAATTGGGGTTATCTGCTAAAAACTATGGTAGAGCAGTTTATGAATGTCTGCGTGGTGGCCTTGATTTTACCAAAGATGATGAGAACGTGAACTCGCAACCATTTATGCGTTGGAGAGATCGTTTCGTATTTTGTGCCGAAGCACTTTATAAAGCACAGGCTGAAACAGGTGAAATCAAAGGGCATTACTTGAATGCTACTGCGGGTACATGCGAAGAAATGATGAAAAGGGCCATATTTGCCAGAGAATTGGGAGTTCCTATCGTAATGCATGACTACCTAACAGGGGGATTCACTGCAAATACTAGCTTGGCTCATTATTGCCGAGATAATGGCTTACTTCTTCACATCCACCGCGCAATGCATGCAGTT
PX744267.1_L4_donor_900_r2,PX744267.1,Leontopodium smithianum,Eudicots,PX744267.1,train,L4_donor_900,900,600,2,3391085408,ATGTCACCACAAACAGAGACTAAAGCAAGTGTTGGATTCAAAGCAGGTGTTAAAGATTATAAATTGACTTATTATACTCCTGAGTATGAAACCAAGGATACTGATATCTTGGCAGCATTTCGAGTAACTCCTCAACCTGGAGTTCCGCCTGAAGAAGCAGGGGCCGCAGTAGCTGCCGAATCTTCTACTGGTACATGGACAACTGTGTGGACCGATGGACTTACGAGCCTTGATCGTTACAAAGGACGATGCTATGGAATTGAGCCTGTTCCTGGAGAAGAAAATCAATATATTGCTTATGTAGCTTACCCATTAGACCTTTTTGAAGAAGGTTCTGTTACTAACATGTTTACTTCCATTGTAGGTAATGTATTTGGGTTCAAAGCCCTGCGTGCTCTACGTTTGGAAGATTTGCGAATCCCTACTGCGTATGTTAAAACTTTCCAAGGTCCGCCTCACGGCATCCAAGTTGAGAGAGATAAATTGAACAAGTATGGTCGTCCCCTGTTGGGATGTACTATTAAACCTAAATTGGGGTTATCCGCTAAAAACTACGGTAGAGCTGTTTATGAATGTCTTCGTGGTGGCCTTGATTTTACTAAAGATGATGAGAACGTGAACTCCCAACCATTTATGCGTTGGAGAGACCGTTTCGTATTTTGTGCCGAAGCTATTTATAAATCACAAGCTGAAACAGGGGAAATCAAAGGTCATTACTTGAATGCTACTGCGGGTACATGCGAAGAAATGATGAAAAGGGCTGCATTTGCCAGAGAATTGGGAGTTCCTATCGTAATGCATGACTACCTAACAGGTGGATTCACTGCAAATACTACCTTGGCTCATTATTGCCGAGATAATGGTCTACTTCTTCACATCCACCGCGCAATGCATGCAGTT
PX744315.1_L4_donor_900_r2,PX744315.1,Platostoma hispidum,Eudicots,PX744315.1,train,L4_donor_900,900,600,2,274444943,ATGAGTTGTAGGGAGGGATTTATGTCACCACAAACAGAGACTAAAGCAAGTGTTGGATTCAAAGCGGGTGTTAAAGAGTACAAATTGACTTATTATACTCCTGAATACGAAACCAAAGATACTGATATCTTGGCAGCATTCCGAGTAACTCCTCAACCTGGAGTTCCGCCTGAAGAAGCAGGGGCCGCGGTAGCTGCCGAATCTTCTACTGGTACATGGACAACTGTGTGGACCGATGGACTTACCAGTCTTGATCGTTACAAAGGGCGATGCTACGCCATCGAGCCCGTTCCTGGAGAAAAAGATCAATATATCTGTTATGTAGCTTACCCTTTAGACCTTTTTGAAGAAGGTTCTGTTACTAACATGTTTACTTCCATTGTAGGAAATGTATTTGGATTCAAAGCCCTACGTGCTCTACGTCTGGAAGATCTGCGAATTCCTACTGCTTATATTAAAACTTTCCAAGGCCCGCCTCATGGGATCCAAGTTGAGAGAGATAAATTGAACAAGTACGGTCGTCCTCTGCTGGGATGTACTATTAAACCTAAATTGGGGTTATCTGCTAAAAACTATGGTAGAGCGGTTTATGAATGTCTTCGCGGTGGACTTGATTTTACCAAAGATGATGAGAACGTGAACTCCCAGCCATTTATGCGTTGGAGAGACCGCTTCTTATTTTGTGCCGAAGCAATTTATAAATCCGTGGCTGAAACAGGTGAAATCAAAGGGCATTACTTGAATGCTACTGCGGGTACATGCGAAGAAATGATGAAAAGAGCTGTATTTGCTAGAGAATTGGGAGTTCCTATCATAATGCATGACTACTTAACAGGAGGATTCACCGCAAATACCAGTTTGGCTCATTATTGCCGAGATAATGGGTTACTTCTTCACATT
PX744322.1_L4_donor_900_r2,PX744322.1,Allmania nodiflora,Eudicots,PX744322.1,train,L4_donor_900,900,600,2,1217589052,ATGTCACCACAAACAGAGACTAAAGCAAGTGTTGGATTTAAAGCTGGTGTTAAAGATTACAAATTGACTTATTATACTCCTGAGTATGAAACCCTAGATACTGATATCTTGGCAGCATTCCGAGTAACTCCTCAACCTGGAGTTCCACCTGAAGAAGCAGGGGCTGCAGTAGCTGCCGAATCTTCTACTGGTACATGGACAACTGTATGGACCGACGGACTTACCAGTCTTGATCGTTACAAAGGACGATGCTACCACATCGAGCCCGTTGCTGGAGAAGAAAATCAATATATTTGTTATGTAGCGTATCCTTTAGACCTTTTTGAAGAAGGTTCTGTTACTAACATGTTTACTTCCATTGTGGGTAACGTATTTGGGTTCAAAGCCCTGCGTGCTCTACGTTTGGAGGATTTGCGAATCCCTGTTGCTTATATAAAAACTTTCCAAGGTCCGCCTCACGGTATCCAAGTTGAGAGAGATAAATTGAACAAGTATGGTCGTCCCCTATTGGGATGCACTATTAAACCGAAATTAGGGTTATCCGCTAAAAACTATGGTCGAGCATGTTATGAATGTCTTCGTGGTGGACTTGATTTTACCAAAGATGATGAAAACGTGAACTCCCAACCATTTATGCGTTGGAGAGACCGTTTCCTATTTTGTGCCGAAGCTCTTTATAAAGCACAGGCCGAAACAGGTGAAATCAAAGGGCATTACTTGAATGCTACCGCAGGGAATTGCGAAGAAATGATAAAAAGAGCTGTATTTGCCAGAGAGTTGGGAGTTCCTATCGTAATGCATGACTACTTAACAGGCGGATTCACTGCAAATACTAGCTTGGCTCAGTATTGCCGAGACAATGGTCTACTTCTTCACATCCACCGTGCAATGCACGCAGTT
PX924757.1_L4_donor_900_r2,PX924757.1,Augea capensis,Eudicots,PX924757.1,train,L4_donor_900,900,600,2,1381189669,ATGTCACCACAAACAGAGACTAAAGCAAGTGTTGGATTCAAGGCTGGTGTTAAAGATTATAAATTGACTTATTATACTCCTGAATATGAAACAAAGGATACTGATATTTTGGCAGCCTTCCGAGTAACTCCTCAACCTGGAGTTCCACCTGAGGAAGCAGGGGCTGCAGTAGCTGCTGAATCTTCTACTGGTACATGGACAACCGTGTGGACTGATGGTCTTACCAATCTTGATCGTTACAAAGGACGATGCTATGGCTTGGAGGCTGTTCCTGGAGAAGACAATCAATACATTGCTTATGTAGCTTATCCTTTAGACCTTTTTGAAGAAGGTTCCGTTACTAACATGTTTACTTCCATTGTGGGTAATGTATTTGGTTTCAAAGCTCTACGTGCTCTGCGTTTGGAAGATTTACGAATTCCTACTTCATATACCAAAACTTTCCAAGGGCCTCCTCATGGTATCCAAGTTGAAAGAGATAAATTGAATAAGTACGGTCGTCCATTATTGGGATGTACTATTAAGCCTAAATTGGGTCTATCTGCAAAGAATTATGGTAGAGCAGTTTATGAATGTCTTCGAGGTGGACTTGATTTTACCAAAGATGATGAGAATGTGAACTCCCAGCCATTTATGCGTTGGAGAGACCGCTTCTTATTTTGTGCTGAAGGAATTTATAAAGCACAGGCTGAAACAGGTGAAATTAAAGGGCATTACTTGAATGCAACTGCAGGTACATGCGAAGAAATGATGAAGAGGGCTGCTTGTGCTAGAGAATTAGGAGTTCCTATCGTAATGCATGACTACTTAACAGGTGGATTCACTGCAAATACTAGCTTGGCTCATTATTGTCGAGATAATGGTCTACTTCTTCACATTCACCGTGCAATGCATGCAGTT
PZ584713.1_L4_donor_900_r2,PZ584713.1,Paulinella sp. B8128-1,SAR/other protist,PZ584713.1,train,L4_donor_900,900,600,2,217574212,ATGAGCAAGAAGTACGACGCCGGGGTTAAGGAGTACAGAGACACTTACTGGACTCCTGACTATATTCCCCTTGACACTGATCTACTAGCCTGTTTTAAATGTACTGGACAAGCGGGTGTTCCTCGTGAAGAAGTTGCAGCAGCTGTAGCTGCTGAATCTTCTACTGGTACTTGGTCTACTGTATGGTCTGAGTTACTTACAGATCTAGACTTCTACAAAGGTCGTTGCTATCGAATTGAAGAAGTACCTAATGATAAAGAGTCTTTTTATGCGTTTATCGCGTATCCACTAGATCTATTTGAAGAAGGTTCTGTTACCAACGTACTAACCTCATTGGTAGGTAACGTATTTGGTTTCAAAGCTCTACGTCATTTACGTCTCGAGGATATTAGATTCCCGCTAGCTTTTATTAAGACTTGTGGTGGTCCGCCTAACGGAATTCAGGTTGAGCGTGACCGGATGAACAAATATGGTCGTCCATTACTCGGATGTACAATCAAGCCTAAGCTAGGTCTATCAGGTAAAAACTATGGACGTGTAGTTTACGAGTGTCTTCGTGGAGGCCTTGACTTCACTAAGGATGACGAGAATATAAACTCTCAGCCTTTCCAAAGATGGCAAAATAGATTTGAATTCGTTGCTGAAGCAGTTAAAGCCGCTGAGCAAGAGACAGGCGAGCGGAAAGGTCATTATCTCAACTGTACAGCAAATACACCTGAAGAGATGTATGAGCGTGCTGAGTTTGCTAAAGAACTAAACCAGCCAATCGTGATGCATGACTTCATCACTGGTGGTTTTACTGCAAATACCGGTCTATCTAAATGGTGTCGTAAAAATGGAATCCTGCTTCATATTCACCGTGCAATGCATGCGGTAATTGACCGTCATCCAAAGCATGGT
